store_id,category,brand,gender,month,historical_year_count,monthly_units_sold,avg_price_lkr,avg_promotion_percent,total_revenue,total_customer_count,unique_products_sold,holiday_days,festival_days,school_days,weekend_days,promotion_days,max_promotion_percent,avg_campaign_discount,previous_month_sales,previous_2_month_avg,previous_3_month_avg,previous_6_month_avg,same_month_last_year,sales_growth_1m,sales_growth_3m
CP001,Accessories,Emerald,Men,1,5,38.4,3185.53,0.0,121049.0,30.4,5,0,0,10,9,1,7.0,7.0,24.6,23.2,24.33,23.0,25.6,1.4,1.33
CP001,Accessories,Emerald,Men,2,5,32.4,2489.11,0.0,75078.29,28.0,4,1,0,0,8,0,0.0,0.0,38.4,28.9,26.53,25.7,21.0,9.5,0.83
CP001,Accessories,Emerald,Men,3,5,28.0,3025.56,0.0,77894.31,24.2,4,0,0,0,9,0,0.0,0.0,32.4,35.4,29.33,25.83,26.2,-3.0,3.5
CP001,Accessories,Emerald,Men,4,5,30.4,2303.07,0.0,63750.74,24.6,4,2,9,0,9,1,12.0,10.75,28.0,30.2,32.93,26.77,24.0,-2.2,6.17
CP001,Accessories,Emerald,Men,5,5,29.2,3035.45,0.0,86121.42,23.6,4,2,1,0,9,1,3.0,2.33,30.4,29.2,30.27,25.53,22.0,1.2,4.73
CP001,Accessories,Emerald,Men,6,5,31.0,2571.82,0.0,72319.89,25.8,4,1,0,0,9,0,0.0,0.0,29.2,29.8,29.2,26.4,23.0,-0.6,2.8
CP001,Accessories,Emerald,Men,7,5,25.8,2520.19,0.0,60658.58,21.2,4,0,0,0,9,0,7.0,7.0,31.0,30.1,30.2,31.57,17.0,0.9,-1.37
CP001,Accessories,Emerald,Men,8,5,34.8,2497.55,0.0,91052.71,29.8,4,0,0,21,9,1,14.0,13.0,25.8,28.4,28.67,29.47,29.4,-2.6,-0.8
CP001,Accessories,Emerald,Men,9,5,29.0,2671.07,0.0,66970.7,24.0,3,0,0,5,8,0,0.0,0.0,34.8,30.3,30.53,29.87,18.6,4.5,0.67
CP001,Accessories,Emerald,Men,10,5,30.8,3267.03,0.0,101793.63,25.2,4,1,0,0,9,0,0.0,0.0,29.0,31.9,29.87,30.03,26.6,-2.9,-0.17
CP001,Accessories,Emerald,Men,11,5,32.2,2765.77,0.0,93555.3,26.8,4,0,0,0,9,1,21.0,20.33,30.8,29.9,31.53,30.1,21.8,0.9,1.43
CP001,Accessories,Emerald,Men,12,5,28.6,2787.22,1.0,63436.57,23.6,3,1,6,0,9,3,19.0,16.0,32.2,31.5,30.67,30.6,24.6,0.7,0.07
CP001,Accessories,Emerald,Unisex,1,5,63.8,2015.38,0.17,135373.37,52.0,10,0,0,10,9,1,14.0,13.33,39.4,37.2,38.13,42.13,50.6,2.2,-4.0
CP001,Accessories,Emerald,Unisex,2,5,42.2,2231.99,0.0,94668.95,34.0,9,1,0,0,8,0,0.0,0.0,63.8,43.7,40.8,42.1,30.8,20.1,-1.3
CP001,Accessories,Emerald,Unisex,3,5,51.8,2358.0,0.0,117898.89,40.6,9,0,0,0,9,0,0.0,0.0,42.2,53.0,39.73,40.53,38.8,-10.8,-0.8
CP001,Accessories,Emerald,Unisex,4,5,69.4,2592.21,0.0,169461.81,55.6,9,2,9,0,9,5,24.0,19.36,51.8,47.0,52.6,39.2,53.6,4.8,13.4
CP001,Accessories,Emerald,Unisex,5,5,51.6,2141.62,0.0,104673.1,39.6,9,2,1,0,9,2,13.0,11.7,69.4,60.6,54.47,42.33,41.6,8.8,12.13
CP001,Accessories,Emerald,Unisex,6,5,54.6,2269.73,0.0,123341.99,43.0,10,1,0,0,9,0,0.0,0.0,51.6,60.5,57.6,43.73,45.0,-8.9,13.87
CP001,Accessories,Emerald,Unisex,7,5,59.2,2141.07,0.16,123230.7,47.0,10,0,0,0,9,2,16.0,14.97,54.6,53.1,58.53,55.57,48.2,1.5,2.97
CP001,Accessories,Emerald,Unisex,8,5,58.8,2424.55,0.22,148331.96,46.8,9,0,0,21,9,2,13.0,11.33,59.2,56.9,55.13,54.8,41.2,2.3,0.33
CP001,Accessories,Emerald,Unisex,9,5,59.6,2248.86,0.0,130404.61,47.0,10,0,0,5,8,0,0.0,0.0,58.8,59.0,57.53,57.57,49.0,-0.2,-0.03
CP001,Accessories,Emerald,Unisex,10,5,47.8,2226.01,0.0,101811.83,39.2,9,1,0,0,9,0,0.0,0.0,59.6,59.2,59.2,58.87,40.0,0.4,0.33
CP001,Accessories,Emerald,Unisex,11,5,46.0,2200.07,0.0,96800.47,37.2,8,0,0,0,9,2,27.0,24.4,47.8,53.7,55.4,55.27,35.0,-5.9,0.13
CP001,Accessories,Emerald,Unisex,12,5,50.4,2205.74,0.0,106233.01,42.0,9,1,6,0,9,2,23.0,20.25,46.0,46.9,51.13,54.33,39.4,-0.9,-3.2
CP001,Accessories,Emerald,Women,1,5,22.0,3511.23,0.0,82294.83,17.4,3,0,0,10,9,1,9.0,9.0,11.0,11.7,12.13,12.07,15.4,-0.7,0.07
CP001,Accessories,Emerald,Women,2,5,13.4,2901.96,0.0,42978.5,11.0,2,1,0,0,8,0,0.0,0.0,22.0,13.9,13.4,13.17,8.8,8.1,0.23
CP001,Accessories,Emerald,Women,3,5,19.8,2915.28,0.0,60378.13,15.4,3,0,0,0,9,0,0.0,0.0,13.4,17.7,13.6,14.0,13.8,-4.3,-0.4
CP001,Accessories,Emerald,Women,4,5,15.6,2857.94,0.0,48635.99,12.2,2,2,9,0,9,0,3.0,3.0,19.8,16.6,18.4,13.83,13.0,3.2,4.57
CP001,Accessories,Emerald,Women,5,5,15.8,2666.12,0.0,44603.54,12.4,3,2,1,0,9,0,3.0,3.0,15.6,17.7,16.27,13.8,16.2,-2.1,2.47
CP001,Accessories,Emerald,Women,6,3,12.67,3250.64,0.0,43498.58,10.0,2,1,0,0,8,0,0.0,0.0,15.33,12.67,14.67,10.22,11.0,2.67,4.44
CP001,Accessories,Emerald,Women,7,5,10.8,2952.42,0.0,36362.4,8.6,2,0,0,0,9,1,7.0,7.0,14.2,16.5,15.87,16.53,11.0,-2.3,-0.67
CP001,Accessories,Emerald,Women,8,5,12.2,2984.7,1.5,39877.99,10.0,2,0,0,21,9,1,11.0,10.0,10.8,12.5,14.6,15.0,7.0,-1.7,-0.4
CP001,Accessories,Emerald,Women,9,5,19.6,2638.92,0.0,57053.81,15.8,3,0,0,5,8,0,0.0,0.0,12.2,11.5,12.4,14.93,16.2,0.7,-2.53
CP001,Accessories,Emerald,Women,10,5,15.8,2930.79,0.0,46583.16,12.6,2,1,0,0,9,0,0.0,0.0,19.6,15.9,14.2,15.03,14.0,3.7,-0.83
CP001,Accessories,Emerald,Women,11,5,15.6,2325.29,0.0,41939.63,11.6,3,0,0,0,9,0,4.0,4.0,15.8,17.7,15.87,15.23,10.6,-1.9,0.63
CP001,Accessories,Emerald,Women,12,5,14.2,2417.28,0.0,39134.36,11.2,2,1,6,0,9,2,21.0,19.2,15.6,15.7,17.0,14.7,13.8,-0.1,2.3
CP001,Accessories,Hustle,Men,1,5,35.8,2387.28,0.0,80527.37,30.0,6,0,0,10,9,1,9.0,8.5,21.6,21.4,21.33,21.8,25.4,0.2,-0.47
CP001,Accessories,Hustle,Men,2,5,29.2,2501.61,0.0,69309.91,25.0,6,1,0,0,8,0,0.0,0.0,35.8,26.2,24.53,23.07,23.0,9.6,1.47
CP001,Accessories,Hustle,Men,3,5,32.2,2367.74,0.0,69723.54,24.6,6,0,0,0,9,0,0.0,0.0,29.2,32.5,25.33,23.77,23.8,-3.3,1.57
CP001,Accessories,Hustle,Men,4,5,34.0,2733.51,0.24,83035.05,27.4,6,2,9,0,9,2,16.0,13.0,32.2,30.7,32.4,24.23,24.8,1.5,8.17
CP001,Accessories,Hustle,Men,5,5,26.0,2906.65,0.0,71905.03,20.2,7,2,1,0,9,1,9.0,8.0,34.0,33.1,31.8,25.03,21.8,0.9,6.77
CP001,Accessories,Hustle,Men,6,5,31.8,2565.45,0.0,73160.27,25.6,6,1,0,0,9,0,0.0,0.0,26.0,30.0,30.73,25.43,24.0,-4.0,5.3
CP001,Accessories,Hustle,Men,7,5,28.2,3037.89,0.0,74164.83,22.6,6,0,0,0,9,2,14.0,11.17,31.8,28.9,30.6,31.5,23.2,2.9,-0.9
CP001,Accessories,Hustle,Men,8,5,21.2,2550.37,0.29,50697.3,16.8,5,0,0,21,9,2,14.0,13.0,28.2,30.0,28.67,30.23,19.4,-1.8,-1.57
CP001,Accessories,Hustle,Men,9,5,29.4,2856.69,0.0,74485.3,24.6,6,0,0,5,8,0,0.0,0.0,21.2,24.7,27.07,28.9,24.2,-3.5,-1.83
CP001,Accessories,Hustle,Men,10,5,28.8,2775.85,0.0,69983.91,22.8,7,1,0,0,9,0,0.0,0.0,29.4,25.3,26.27,28.43,21.2,4.1,-2.17
CP001,Accessories,Hustle,Men,11,5,28.8,3010.32,0.0,71878.55,23.8,5,0,0,0,9,1,22.0,21.0,28.8,29.1,26.47,27.57,21.2,-0.3,-1.1
CP001,Accessories,Hustle,Men,12,5,25.2,2327.52,0.0,48645.06,20.6,5,1,6,0,9,3,25.0,22.17,28.8,28.8,29.0,28.03,21.6,0.0,0.97
CP001,Accessories,Hustle,Unisex,1,5,18.8,2686.78,0.0,47352.49,14.0,4,0,0,10,9,1,11.0,11.0,18.8,18.8,19.0,22.9,14.8,0.0,-3.9
CP001,Accessories,Hustle,Unisex,2,5,25.8,2544.74,0.0,66776.78,19.4,4,1,0,0,8,0,0.0,0.0,18.8,15.7,16.73,20.8,22.2,3.1,-4.07
CP001,Accessories,Hustle,Unisex,3,5,19.0,2165.33,0.0,41516.44,14.6,4,0,0,0,9,0,0.0,0.0,25.8,22.3,17.13,20.23,17.0,3.5,-3.1
CP001,Accessories,Hustle,Unisex,4,5,32.8,2626.79,0.0,82276.1,25.4,5,2,9,0,9,1,12.0,11.5,19.0,22.4,21.2,17.93,27.6,-3.4,3.27
CP001,Accessories,Hustle,Unisex,5,5,24.6,2654.41,0.54,62039.3,19.4,4,2,1,0,9,1,6.0,6.0,32.8,25.9,25.87,19.57,20.2,6.9,6.3
CP001,Accessories,Hustle,Unisex,6,5,29.8,2966.54,0.0,80215.99,24.4,5,1,0,0,9,0,0.0,0.0,24.6,28.7,25.47,20.03,24.6,-4.1,5.43
CP001,Accessories,Hustle,Unisex,7,5,33.2,2492.14,0.0,82240.48,25.8,5,0,0,0,9,0,3.0,3.0,29.8,27.2,29.07,25.13,25.2,2.6,3.93
CP001,Accessories,Hustle,Unisex,8,5,26.2,2657.56,0.0,65613.59,20.8,5,0,0,21,9,0,6.0,6.0,33.2,31.5,29.2,27.53,23.4,1.7,1.67
CP001,Accessories,Hustle,Unisex,9,5,38.8,2582.72,0.0,96679.13,30.2,5,0,0,5,8,0,0.0,0.0,26.2,29.7,29.73,27.6,31.8,-3.5,2.13
CP001,Accessories,Hustle,Unisex,10,5,25.0,2517.68,0.0,60011.39,20.6,4,1,0,0,9,0,0.0,0.0,38.8,32.5,32.73,30.9,19.4,6.3,1.83
CP001,Accessories,Hustle,Unisex,11,5,28.2,2616.91,0.0,73061.79,21.6,5,0,0,0,9,0,0.0,0.0,25.0,31.9,30.0,29.6,18.8,-6.9,0.4
CP001,Accessories,Hustle,Unisex,12,5,27.2,2793.68,0.0,73284.98,22.4,4,1,6,0,9,1,22.0,20.83,28.2,26.6,30.67,30.2,18.8,1.6,0.47
CP001,Accessories,Hustle,Women,1,5,43.8,2532.15,0.0,129689.68,34.4,8,0,0,10,9,2,13.0,12.5,41.6,35.3,34.4,32.03,33.6,6.3,2.37
CP001,Accessories,Hustle,Women,2,5,37.8,2874.34,0.0,120251.65,28.2,7,1,0,0,8,0,0.0,0.0,43.8,40.0,36.33,31.8,29.6,3.8,4.53
CP001,Accessories,Hustle,Women,3,5,37.8,2877.33,0.0,121615.97,29.4,7,0,0,0,9,0,0.0,0.0,37.8,40.8,37.27,33.33,32.8,-3.0,3.93
CP001,Accessories,Hustle,Women,4,5,58.0,2926.17,0.0,191793.37,46.4,9,2,9,0,9,2,20.0,17.17,37.8,37.8,39.8,34.0,46.0,0.0,5.8
CP001,Accessories,Hustle,Women,5,5,36.2,2681.4,0.0,115330.36,28.4,7,2,1,0,9,1,8.0,8.0,58.0,47.9,44.53,36.73,26.6,10.1,7.8
CP001,Accessories,Hustle,Women,6,5,43.4,2801.48,0.0,137595.45,35.0,8,1,0,0,9,0,0.0,0.0,36.2,47.1,44.0,37.07,33.6,-10.9,6.93
CP001,Accessories,Hustle,Women,7,5,49.4,2934.78,0.0,162375.55,40.4,8,0,0,0,9,2,14.0,13.0,43.4,39.8,45.87,42.83,39.8,3.6,3.03
CP001,Accessories,Hustle,Women,8,5,23.8,3105.78,0.18,78170.08,18.2,5,0,0,21,9,2,19.0,16.5,49.4,46.4,43.0,43.77,22.6,3.0,-0.77
CP001,Accessories,Hustle,Women,9,5,35.2,2817.32,0.0,106967.83,27.0,7,0,0,5,8,0,0.0,0.0,23.8,36.6,38.87,41.43,26.6,-12.8,-2.57
CP001,Accessories,Hustle,Women,10,5,38.4,2818.54,0.0,116169.66,30.6,8,1,0,0,9,0,0.0,0.0,35.2,29.5,36.13,41.0,32.6,5.7,-4.87
CP001,Accessories,Hustle,Women,11,5,34.6,2559.53,0.0,96326.82,26.6,7,0,0,0,9,1,23.0,21.75,38.4,36.8,32.47,37.73,29.0,1.6,-5.27
CP001,Accessories,Hustle,Women,12,5,53.6,2587.5,0.0,164722.69,41.6,9,1,6,0,9,3,24.0,19.6,34.6,36.5,36.07,37.47,41.6,-1.9,-1.4
CP001,Accessories,King Street,Men,1,5,32.4,3146.28,0.0,106584.26,25.6,6,0,0,10,9,1,11.0,10.0,36.6,34.1,29.07,29.47,24.8,2.5,-0.4
CP001,Accessories,King Street,Men,2,5,35.6,3005.49,0.0,110136.76,29.2,6,1,0,0,8,0,0.0,0.0,32.4,31.4,31.47,28.73,27.6,1.0,2.73
CP001,Accessories,King Street,Men,3,5,37.4,2783.66,0.0,111010.82,29.4,7,0,0,0,9,0,0.0,0.0,35.6,34.0,30.93,28.37,27.6,1.6,2.57
CP001,Accessories,King Street,Men,4,5,52.4,2735.36,0.0,141227.43,41.4,7,2,9,0,9,1,10.0,9.33,37.4,36.5,35.13,28.87,41.6,0.9,6.27
CP001,Accessories,King Street,Men,5,5,31.8,2803.22,0.0,88505.68,24.2,5,2,1,0,9,1,12.0,11.5,52.4,44.9,41.8,32.13,27.6,7.5,9.67
CP001,Accessories,King Street,Men,6,5,39.8,3215.97,0.0,132449.31,31.2,7,1,0,0,9,0,0.0,0.0,31.8,42.1,40.53,30.8,31.8,-10.3,9.73
CP001,Accessories,King Street,Men,7,5,33.8,2942.51,0.0,104982.4,26.2,7,0,0,0,9,2,14.0,12.17,39.8,35.8,41.33,38.23,30.6,4.0,3.1
CP001,Accessories,King Street,Men,8,5,42.0,2766.11,0.0,117885.26,32.4,6,0,0,21,9,2,13.0,10.67,33.8,36.8,35.13,38.47,32.2,-3.0,-3.33
CP001,Accessories,King Street,Men,9,5,34.6,2640.92,0.0,98025.62,26.4,6,0,0,5,8,0,0.0,0.0,42.0,37.9,38.53,39.53,26.8,4.1,-1.0
CP001,Accessories,King Street,Men,10,5,27.0,3166.37,0.0,91585.42,20.4,6,1,0,0,9,0,0.0,0.0,34.6,38.3,36.8,39.07,19.0,-3.7,-2.27
CP001,Accessories,King Street,Men,11,5,36.8,3027.42,0.0,111463.36,30.4,5,0,0,0,9,1,12.0,10.5,27.0,30.8,34.53,34.83,31.6,-3.8,-0.3
CP001,Accessories,King Street,Men,12,5,44.0,3226.35,0.0,148780.98,35.6,7,1,6,0,9,2,23.0,19.5,36.8,31.9,32.8,35.67,36.6,4.9,-2.87
CP001,Accessories,King Street,Unisex,1,5,12.4,2653.16,0.0,33800.05,9.8,3,0,0,10,9,0,3.0,2.5,17.6,14.9,14.73,12.43,11.2,2.7,2.3
CP001,Accessories,King Street,Unisex,2,5,12.8,2845.06,0.0,37627.16,9.4,3,1,0,0,8,0,0.0,0.0,12.4,13.0,12.73,12.43,12.0,-0.6,0.3
CP001,Accessories,King Street,Unisex,3,4,16.75,2718.32,0.0,46210.86,12.5,3,0,0,0,9,0,0.0,0.0,14.75,13.75,12.5,12.0,13.5,1.0,0.5
CP001,Accessories,King Street,Unisex,4,5,14.4,2797.05,0.0,42044.52,11.6,2,2,9,0,9,1,11.0,11.0,14.4,14.2,13.87,12.27,9.0,0.2,1.6
CP001,Accessories,King Street,Unisex,5,5,17.4,2698.71,0.0,49075.39,13.8,3,2,1,0,9,1,5.0,4.5,14.4,14.4,14.27,12.03,12.4,0.0,2.23
CP001,Accessories,King Street,Unisex,6,5,19.4,3049.17,0.0,58526.34,13.8,3,1,0,0,9,0,0.0,0.0,17.4,15.9,15.4,12.73,13.6,1.5,2.67
CP001,Accessories,King Street,Unisex,7,5,12.0,2677.61,0.0,34075.87,8.4,3,0,0,0,9,1,9.0,8.33,19.4,18.4,17.07,15.47,11.0,1.0,1.6
CP001,Accessories,King Street,Unisex,8,5,12.8,2586.29,0.0,35508.81,10.0,3,0,0,21,9,0,4.0,4.0,12.0,15.7,16.27,15.27,10.0,-3.7,1.0
CP001,Accessories,King Street,Unisex,9,5,13.8,2774.95,0.0,40270.71,10.2,3,0,0,5,8,0,0.0,0.0,12.8,12.4,14.73,15.07,11.6,0.4,-0.33
CP001,Accessories,King Street,Unisex,10,5,17.8,2524.64,0.0,46605.76,14.4,3,1,0,0,9,0,0.0,0.0,13.8,13.3,12.87,14.97,14.6,0.5,-2.1
CP001,Accessories,King Street,Unisex,11,5,15.2,2766.44,0.0,42494.65,11.4,3,0,0,0,9,1,16.0,15.0,17.8,15.8,14.8,15.53,9.2,2.0,-0.73
CP001,Accessories,King Street,Unisex,12,5,19.4,2837.19,0.0,55250.83,15.4,3,1,6,0,9,2,21.0,20.5,15.2,16.5,15.6,15.17,19.8,-1.3,0.43
CP001,Accessories,King Street,Women,1,5,21.6,3358.86,0.0,76888.03,17.6,5,0,0,10,9,1,11.0,10.67,18.4,16.6,15.8,18.33,14.4,1.8,-2.53
CP001,Accessories,King Street,Women,2,5,26.6,3313.97,0.0,95631.27,21.8,4,1,0,0,8,0,0.0,0.0,21.6,18.3,17.13,17.93,21.0,3.3,-0.8
CP001,Accessories,King Street,Women,3,5,24.2,3284.27,0.0,89245.05,20.8,5,0,0,0,9,0,0.0,0.0,26.6,24.1,19.2,18.57,16.0,2.5,0.63
CP001,Accessories,King Street,Women,4,5,19.8,3328.78,0.0,74046.7,16.4,4,2,9,0,9,1,10.0,8.5,24.2,25.4,24.13,18.23,15.4,-1.2,5.9
CP001,Accessories,King Street,Women,5,5,27.8,3311.74,0.0,97643.57,22.8,5,2,1,0,9,1,7.0,7.0,19.8,22.0,23.53,18.67,21.8,-2.2,4.87
CP001,Accessories,King Street,Women,6,5,19.6,3200.98,0.0,67948.64,16.6,5,1,0,0,9,0,0.0,0.0,27.8,23.8,23.93,20.13,12.0,4.0,3.8
CP001,Accessories,King Street,Women,7,5,25.4,3101.26,0.0,82179.9,20.0,5,0,0,0,9,1,14.0,13.17,19.6,23.7,22.4,23.27,20.6,-4.1,-0.87
CP001,Accessories,King Street,Women,8,5,20.0,3229.12,0.0,68752.67,15.2,5,0,0,21,9,1,14.0,13.5,25.4,22.5,24.27,23.9,17.2,2.9,0.37
CP001,Accessories,King Street,Women,9,5,27.6,3424.05,0.0,107366.6,22.4,5,0,0,5,8,0,0.0,0.0,20.0,22.7,21.67,22.8,24.8,-2.7,-1.13
CP001,Accessories,King Street,Women,10,5,14.8,3073.77,0.0,50791.71,12.0,4,1,0,0,9,0,0.0,0.0,27.6,23.8,24.33,23.37,14.2,3.8,0.97
CP001,Accessories,King Street,Women,11,5,20.6,3138.97,0.0,71860.1,17.2,5,0,0,0,9,1,18.0,16.67,14.8,21.2,20.8,22.53,14.8,-6.4,-1.73
CP001,Accessories,King Street,Women,12,5,29.2,3188.58,0.0,99429.01,23.2,4,1,6,0,9,2,16.0,11.73,20.6,17.7,21.0,21.33,18.4,2.9,-0.33
CP001,Accessories,Libera,Men,1,2,2.5,306.58,0.0,766.45,2.0,1,0,0,10,9,0,0.0,0.0,1.0,1.0,0.83,1.0,1.0,0.0,-0.17
CP001,Accessories,Libera,Men,2,5,3.0,306.58,0.0,919.74,2.2,1,1,0,0,8,0,0.0,0.0,3.8,2.9,2.47,2.07,1.0,0.9,0.4
CP001,Accessories,Libera,Men,3,3,3.0,306.58,0.0,919.74,2.0,1,0,0,0,9,0,0.0,0.0,3.0,2.33,2.44,2.17,2.0,0.67,0.28
CP001,Accessories,Libera,Men,4,1,3.0,306.58,0.0,919.74,2.0,1,2,9,0,8,0,0.0,0.0,3.0,2.0,2.33,1.83,1.0,1.0,0.5
CP001,Accessories,Libera,Men,5,4,1.0,306.58,0.0,306.58,1.0,1,2,1,0,9,0,0.0,0.0,3.25,3.5,1.92,1.79,1.5,-0.25,0.13
CP001,Accessories,Libera,Men,6,3,2.0,306.58,0.0,613.16,1.67,1,1,0,0,9,0,0.0,0.0,1.0,2.33,2.78,1.44,2.33,-1.33,1.33
CP001,Accessories,Libera,Men,7,2,1.0,306.58,0.0,306.58,1.0,1,0,0,0,9,0,0.0,0.0,1.0,1.25,2.0,2.25,1.5,-0.25,-0.25
CP001,Accessories,Libera,Men,8,3,2.0,306.58,0.0,613.16,1.33,1,0,0,21,9,0,0.0,0.0,2.0,3.0,3.22,1.94,1.33,-1.0,1.28
CP001,Accessories,Libera,Men,9,1,2.0,306.58,0.0,613.16,1.0,1,0,0,5,8,0,0.0,0.0,2.0,2.0,4.67,4.0,0.0,0.0,0.67
CP001,Accessories,Libera,Men,10,4,1.75,306.58,0.0,536.52,1.25,1,1,0,0,9,0,0.0,0.0,1.75,1.75,1.92,2.17,1.75,0.0,-0.25
CP001,Accessories,Libera,Men,11,3,4.33,306.58,0.0,1328.51,3.0,1,0,0,0,8,0,0.0,0.0,2.0,1.83,1.89,2.83,4.67,0.17,-0.94
CP001,Accessories,Libera,Men,12,4,4.5,306.58,0.0,1379.61,3.5,1,1,6,0,8,0,0.0,0.0,3.5,2.62,2.25,2.71,3.0,0.88,-0.46
CP001,Accessories,Libera,Unisex,1,5,14.0,2749.73,0.0,39742.33,8.6,4,0,0,10,9,1,10.0,9.0,10.6,12.7,10.8,10.6,12.0,-2.1,0.2
CP001,Accessories,Libera,Unisex,2,5,12.4,2216.53,0.0,31485.79,9.4,3,1,0,0,8,0,0.0,0.0,14.0,10.3,11.8,10.6,8.8,3.7,1.2
CP001,Accessories,Libera,Unisex,3,5,11.6,2427.76,0.0,28670.31,7.6,4,0,0,0,9,0,0.0,0.0,12.4,13.2,9.53,9.87,10.0,-0.8,-0.33
CP001,Accessories,Libera,Unisex,4,5,17.8,2302.79,0.0,41722.2,12.8,4,2,9,0,9,1,14.0,13.0,11.6,12.0,12.67,9.87,15.0,-0.4,2.8
CP001,Accessories,Libera,Unisex,5,5,15.8,2488.1,0.0,41107.95,11.4,5,2,1,0,9,1,8.0,8.0,17.8,14.7,13.93,11.13,13.0,3.1,2.8
CP001,Accessories,Libera,Unisex,6,5,13.6,3037.15,0.0,39078.38,9.2,4,1,0,0,9,0,0.0,0.0,15.8,16.8,15.07,10.77,9.8,-1.0,4.3
CP001,Accessories,Libera,Unisex,7,5,15.2,2596.34,0.0,40886.95,9.8,4,0,0,0,9,1,6.0,5.25,13.6,14.7,15.73,14.2,10.0,-1.1,1.53
CP001,Accessories,Libera,Unisex,8,5,14.8,1933.75,0.3,31328.4,11.2,5,0,0,21,9,1,16.0,15.5,15.2,14.4,14.87,14.4,12.4,0.8,0.47
CP001,Accessories,Libera,Unisex,9,5,10.6,2291.6,0.0,24098.77,7.2,4,0,0,5,8,0,0.0,0.0,14.8,15.0,14.53,14.8,8.8,-0.2,-0.27
CP001,Accessories,Libera,Unisex,10,5,8.8,2852.5,0.0,24640.92,5.6,4,1,0,0,9,0,0.0,0.0,10.6,12.7,13.53,14.63,7.0,-2.1,-1.1
CP001,Accessories,Libera,Unisex,11,5,16.6,2790.15,0.0,44212.13,10.0,4,0,0,0,9,0,4.0,4.0,8.8,9.7,11.4,13.13,14.8,-0.9,-1.73
CP001,Accessories,Libera,Unisex,12,5,13.6,2464.93,0.0,34307.18,9.4,4,1,6,0,9,2,27.0,24.9,16.6,12.7,12.0,13.27,10.6,3.9,-1.27
CP001,Accessories,Libera,Women,1,5,18.2,2710.75,0.0,52852.98,15.0,3,0,0,10,9,1,5.0,5.0,16.4,15.3,15.47,13.4,13.0,1.1,2.07
CP001,Accessories,Libera,Women,2,5,17.6,2676.49,0.0,47793.3,14.4,3,1,0,0,8,0,0.0,0.0,18.2,16.3,15.6,14.47,15.2,1.9,1.13
CP001,Accessories,Libera,Women,3,5,14.8,2734.28,0.0,43717.91,11.8,3,0,0,0,9,0,0.0,0.0,17.6,17.9,14.07,14.07,13.8,-0.3,0.0
CP001,Accessories,Libera,Women,4,5,22.6,2769.88,0.0,69048.61,17.4,4,2,9,0,9,1,16.0,13.83,14.8,16.2,16.87,14.23,18.4,-1.4,2.63
CP001,Accessories,Libera,Women,5,5,19.6,2765.1,0.0,60620.46,15.2,4,2,1,0,9,1,6.0,5.67,22.6,18.7,18.33,14.93,14.8,3.9,3.4
CP001,Accessories,Libera,Women,6,5,21.2,2804.58,0.0,63163.59,17.2,4,1,0,0,9,0,0.0,0.0,19.6,21.1,19.0,14.93,17.2,-1.5,4.07
CP001,Accessories,Libera,Women,7,5,13.6,2699.46,0.67,38784.54,9.6,3,0,0,0,9,2,18.0,16.25,21.2,20.4,21.13,19.0,9.8,0.8,2.13
CP001,Accessories,Libera,Women,8,5,18.4,2655.68,0.0,53642.92,14.6,4,0,0,21,9,1,11.0,11.0,13.6,17.4,18.13,18.23,12.0,-3.8,-0.1
CP001,Accessories,Libera,Women,9,5,15.8,3060.15,0.0,53169.1,13.8,3,0,0,5,8,0,0.0,0.0,18.4,16.0,17.73,18.37,12.2,2.4,-0.63
CP001,Accessories,Libera,Women,10,5,18.2,2885.01,0.0,54488.96,14.4,4,1,0,0,9,0,0.0,0.0,15.8,17.1,15.93,18.53,15.8,-1.3,-2.6
CP001,Accessories,Libera,Women,11,5,19.8,2708.03,0.0,54274.31,15.2,4,0,0,0,9,1,6.0,4.67,18.2,17.0,17.47,17.8,14.2,1.2,-0.33
CP001,Accessories,Libera,Women,12,5,21.6,2941.91,1.33,70417.11,16.8,3,1,6,0,9,2,22.0,21.08,19.8,19.0,17.93,17.83,16.4,0.8,0.1
CP001,Accessories,Miss Modano,Men,1,5,53.0,2395.86,0.2,116596.38,44.0,6,0,0,10,9,2,11.0,10.5,54.4,44.0,44.27,44.37,42.2,10.4,-0.1
CP001,Accessories,Miss Modano,Men,2,5,49.2,2166.39,0.0,110108.86,40.2,6,1,0,0,8,0,0.0,0.0,53.0,47.3,42.73,45.13,33.0,5.7,-2.4
CP001,Accessories,Miss Modano,Men,3,5,43.8,2167.18,0.0,91379.01,35.4,5,0,0,0,9,0,0.0,0.0,49.2,51.1,42.53,43.77,27.2,-1.9,-1.23
CP001,Accessories,Miss Modano,Men,4,5,65.0,2377.41,0.25,144643.99,52.6,7,2,9,0,9,2,18.0,13.0,43.8,46.5,48.67,39.97,54.8,-2.7,8.7
CP001,Accessories,Miss Modano,Men,5,5,55.6,2237.15,0.0,122548.56,43.0,7,2,1,0,9,1,8.0,7.67,65.0,54.4,52.67,42.2,42.4,10.6,10.47
CP001,Accessories,Miss Modano,Men,6,5,45.6,2395.64,0.0,103065.83,37.0,6,1,0,0,9,0,0.0,0.0,55.6,60.3,54.8,43.8,40.4,-4.7,11.0
CP001,Accessories,Miss Modano,Men,7,5,40.6,2190.27,0.31,80987.11,31.8,6,0,0,0,9,2,17.0,15.67,45.6,50.6,55.4,52.03,35.6,-5.0,3.37
CP001,Accessories,Miss Modano,Men,8,5,50.8,2229.53,0.0,115630.66,39.6,7,0,0,21,9,2,14.0,11.67,40.6,43.1,47.27,49.97,41.2,-2.5,-2.7
CP001,Accessories,Miss Modano,Men,9,5,66.0,2294.56,0.0,145816.02,50.4,8,0,0,5,8,0,0.0,0.0,50.8,45.7,45.67,50.23,56.6,5.1,-4.57
CP001,Accessories,Miss Modano,Men,10,5,60.2,2477.05,0.0,135050.87,49.2,8,1,0,0,9,0,0.0,0.0,66.0,58.4,52.47,53.93,44.8,7.6,-1.47
CP001,Accessories,Miss Modano,Men,11,5,50.0,2481.19,0.0,114099.6,40.6,7,0,0,0,9,1,10.0,10.0,60.2,63.1,59.0,53.13,33.6,-2.9,5.87
CP001,Accessories,Miss Modano,Men,12,5,66.0,2465.84,0.46,141816.09,53.4,7,1,6,0,9,4,27.0,21.55,50.0,55.1,58.73,52.2,54.4,-5.1,6.53
CP001,Accessories,Miss Modano,Unisex,1,5,26.2,2613.01,0.22,66046.32,20.8,7,0,0,10,9,2,13.0,11.83,30.6,26.8,25.6,22.27,22.6,3.8,3.33
CP001,Accessories,Miss Modano,Unisex,2,5,29.6,2719.57,0.0,75299.1,23.6,7,1,0,0,8,0,0.0,0.0,26.2,25.1,24.4,22.77,23.0,1.1,1.63
CP001,Accessories,Miss Modano,Unisex,3,5,32.2,2493.54,0.0,75426.09,25.6,7,0,0,0,9,0,0.0,0.0,29.6,27.9,25.13,24.07,27.8,1.7,1.07
CP001,Accessories,Miss Modano,Unisex,4,5,27.8,2759.5,0.36,73651.03,22.6,8,2,9,0,9,2,20.0,17.1,32.2,30.9,29.33,24.67,22.4,1.3,4.67
CP001,Accessories,Miss Modano,Unisex,5,5,28.2,2849.9,0.35,77398.12,22.2,8,2,1,0,9,1,9.0,9.0,27.8,30.0,29.87,24.3,22.2,-2.2,5.57
CP001,Accessories,Miss Modano,Unisex,6,5,29.0,2649.83,0.0,63001.97,22.6,7,1,0,0,9,0,0.0,0.0,28.2,28.0,29.4,24.4,26.8,0.2,5.0
CP001,Accessories,Miss Modano,Unisex,7,5,19.4,3029.27,0.0,57988.34,15.0,6,0,0,0,9,2,10.0,7.33,29.0,28.6,28.33,28.83,16.6,0.4,-0.5
CP001,Accessories,Miss Modano,Unisex,8,5,24.0,2802.29,0.0,62878.95,18.6,6,0,0,21,9,1,7.0,7.0,19.4,24.2,25.53,27.7,17.4,-4.8,-2.17
CP001,Accessories,Miss Modano,Unisex,9,5,30.6,2581.42,0.0,75840.39,23.8,8,0,0,5,8,0,0.0,0.0,24.0,21.7,24.13,26.77,22.8,2.3,-2.63
CP001,Accessories,Miss Modano,Unisex,10,5,28.0,2588.86,0.0,70577.83,21.6,7,1,0,0,9,0,0.0,0.0,30.6,27.3,24.67,26.5,23.2,3.3,-1.83
CP001,Accessories,Miss Modano,Unisex,11,5,28.0,2580.02,0.0,66851.87,21.4,6,0,0,0,9,0,12.0,12.0,28.0,29.3,27.53,26.53,23.0,-1.3,1.0
CP001,Accessories,Miss Modano,Unisex,12,5,37.8,2821.05,0.0,101843.69,29.8,8,1,6,0,9,3,25.0,20.78,28.0,28.0,28.87,26.5,30.6,0.0,2.37
CP001,Accessories,Miss Modano,Women,1,5,28.0,2885.4,0.0,77835.44,20.0,5,0,0,10,9,2,10.0,9.75,36.0,30.5,29.93,26.87,21.2,5.5,3.07
CP001,Accessories,Miss Modano,Women,2,5,16.8,1993.34,0.0,23504.14,13.6,3,1,0,0,8,0,0.0,0.0,28.0,29.0,27.67,25.97,11.8,-1.0,1.7
CP001,Accessories,Miss Modano,Women,3,5,31.2,2051.77,0.0,47869.16,23.8,4,0,0,0,9,0,0.0,0.0,16.8,22.4,23.8,24.87,22.4,-5.6,-1.07
CP001,Accessories,Miss Modano,Women,4,5,32.6,1826.76,0.0,46313.36,25.6,5,2,9,0,9,2,14.0,11.7,31.2,24.0,25.33,25.67,21.6,7.2,-0.33
CP001,Accessories,Miss Modano,Women,5,5,39.8,2350.64,0.0,80777.9,31.6,6,2,1,0,9,1,11.0,10.67,32.6,31.9,26.87,25.03,30.4,0.7,1.83
CP001,Accessories,Miss Modano,Women,6,5,29.0,2118.07,0.0,53400.81,23.4,4,1,0,0,9,0,0.0,0.0,39.8,36.2,34.53,26.9,21.6,3.6,7.63
CP001,Accessories,Miss Modano,Women,7,5,33.6,2149.48,0.0,58474.92,26.8,5,0,0,0,9,1,8.0,7.0,29.0,34.4,33.8,29.57,27.4,-5.4,4.23
CP001,Accessories,Miss Modano,Women,8,5,26.2,2500.82,0.0,54917.12,21.2,5,0,0,21,9,1,16.0,15.5,33.6,31.3,34.13,30.5,20.0,2.3,3.63
CP001,Accessories,Miss Modano,Women,9,5,30.0,1828.42,0.0,44926.31,24.4,5,0,0,5,8,0,0.0,0.0,26.2,29.9,29.6,32.07,24.0,-3.7,-2.47
CP001,Accessories,Miss Modano,Women,10,5,36.4,1491.24,0.0,44298.61,30.4,5,1,0,0,9,0,0.0,0.0,30.0,28.1,29.93,31.87,28.8,1.9,-1.93
CP001,Accessories,Miss Modano,Women,11,5,32.8,1894.78,0.75,49738.9,25.8,5,0,0,0,9,1,22.0,20.5,36.4,33.2,30.87,32.5,25.0,3.2,-1.63
CP001,Accessories,Miss Modano,Women,12,5,47.8,1970.5,0.0,79156.38,38.2,6,1,6,0,9,3,23.0,18.7,32.8,34.6,33.07,31.33,36.0,-1.8,1.73
CP001,Accessories,Modano,Men,1,5,11.8,3436.03,0.0,40765.52,9.0,3,0,0,10,9,1,8.0,8.0,16.6,16.8,15.2,11.1,5.4,-0.2,4.1
CP001,Accessories,Modano,Men,2,4,14.25,3138.3,0.0,43711.88,10.5,4,1,0,0,8,0,0.0,0.0,10.5,15.62,17.5,14.17,14.25,-5.12,3.33
CP001,Accessories,Modano,Men,3,5,16.4,3338.31,0.0,60314.52,13.6,3,0,0,0,9,0,0.0,0.0,14.8,9.9,12.13,12.0,15.2,4.9,0.13
CP001,Accessories,Modano,Men,4,5,14.4,3355.37,0.0,47998.42,12.4,3,2,9,0,9,0,8.0,8.0,16.4,15.6,11.07,13.13,11.0,0.8,-2.07
CP001,Accessories,Modano,Men,5,5,13.0,3573.79,0.0,48266.32,10.8,3,2,1,0,9,1,11.0,11.0,14.4,15.4,15.2,12.73,9.8,-1.0,2.47
CP001,Accessories,Modano,Men,6,5,13.4,3364.27,0.0,48147.54,11.0,3,1,0,0,9,0,0.0,0.0,13.0,13.7,14.6,11.47,12.2,-0.7,3.13
CP001,Accessories,Modano,Men,7,5,10.8,3349.92,0.0,39155.16,8.4,3,0,0,0,9,1,9.0,9.0,13.4,13.2,13.6,10.17,7.0,0.2,3.43
CP001,Accessories,Modano,Men,8,5,9.4,3033.74,0.0,28704.3,7.8,3,0,0,21,9,1,16.0,15.33,10.8,12.1,12.4,13.8,7.4,-1.3,-1.4
CP001,Accessories,Modano,Men,9,5,8.8,3542.72,0.0,31867.71,7.4,3,0,0,5,8,0,0.0,0.0,9.4,10.1,11.2,12.9,6.6,-0.7,-1.7
CP001,Accessories,Modano,Men,10,5,15.2,3575.22,0.0,55841.36,13.4,4,1,0,0,9,0,0.0,0.0,8.8,9.1,9.67,11.63,12.0,-0.3,-1.97
CP001,Accessories,Modano,Men,11,5,18.0,3402.72,0.45,63718.33,14.6,4,0,0,0,9,1,22.0,22.0,15.2,12.0,11.13,11.77,17.0,3.2,-0.63
CP001,Accessories,Modano,Men,12,5,19.4,3293.69,0.31,64385.66,15.6,4,1,6,0,9,3,26.0,23.83,18.0,16.6,14.0,12.6,16.6,1.4,1.4
CP001,Accessories,Modano,Unisex,1,5,12.0,2437.02,0.5,37463.54,8.6,3,0,0,10,9,2,9.0,8.67,14.6,13.6,13.0,10.83,14.2,1.0,2.17
CP001,Accessories,Modano,Unisex,2,5,13.0,2239.51,0.0,39635.08,9.8,3,1,0,0,8,0,0.0,0.0,12.0,12.1,12.27,10.9,9.4,-0.1,1.37
CP001,Accessories,Modano,Unisex,3,5,14.2,2799.25,0.0,47918.02,10.6,4,0,0,0,9,0,0.0,0.0,13.0,12.5,11.07,10.8,12.0,0.5,0.27
CP001,Accessories,Modano,Unisex,4,5,8.8,2617.71,0.0,27694.31,8.0,2,2,9,0,9,0,7.0,7.0,14.2,13.6,13.07,11.2,9.0,0.6,1.87
CP001,Accessories,Modano,Unisex,5,5,8.4,2550.67,0.0,26033.65,6.4,2,2,1,0,9,0,6.0,6.0,8.8,11.5,12.0,10.33,6.4,-2.7,1.67
CP001,Accessories,Modano,Unisex,6,4,8.75,2746.48,0.0,27058.24,7.0,3,1,0,0,8,0,0.0,0.0,8.75,8.5,10.33,8.46,5.5,0.25,1.88
CP001,Accessories,Modano,Unisex,7,5,11.4,2877.93,0.0,38002.8,8.6,3,0,0,0,9,1,8.0,8.0,8.4,8.8,9.07,11.37,7.6,-0.4,-2.3
CP001,Accessories,Modano,Unisex,8,5,12.8,2517.17,0.0,40695.76,10.8,3,0,0,21,9,0,3.0,3.0,11.4,9.9,9.67,10.8,10.0,1.5,-1.13
CP001,Accessories,Modano,Unisex,9,5,9.0,2758.5,0.0,30229.86,7.2,3,0,0,5,8,0,0.0,0.0,12.8,12.1,10.87,10.9,7.8,0.7,-0.03
CP001,Accessories,Modano,Unisex,10,5,14.8,2921.52,0.0,45701.3,11.4,3,1,0,0,9,0,0.0,0.0,9.0,10.9,11.07,10.07,10.0,-1.9,1.0
CP001,Accessories,Modano,Unisex,11,5,16.0,2695.6,0.0,53205.87,12.4,3,0,0,0,9,1,14.0,13.0,14.8,11.9,12.2,10.93,15.0,2.9,1.27
CP001,Accessories,Modano,Unisex,12,5,17.2,2771.58,0.0,52448.77,13.8,4,1,6,0,9,2,16.0,14.25,16.0,15.4,13.27,12.07,11.4,0.6,1.2
CP001,Accessories,Modano,Women,1,5,16.6,2012.81,0.0,34028.97,12.0,4,0,0,10,9,1,11.0,10.5,16.2,15.3,14.8,15.53,13.6,0.9,-0.73
CP001,Accessories,Modano,Women,2,5,21.2,2103.35,0.0,46590.23,15.2,5,1,0,0,8,0,0.0,0.0,16.6,14.5,14.47,14.1,17.0,2.1,0.37
CP001,Accessories,Modano,Women,3,5,15.6,2173.73,0.0,34041.23,12.0,4,0,0,0,9,0,0.0,0.0,21.2,18.9,15.87,15.33,14.4,2.3,0.53
CP001,Accessories,Modano,Women,4,5,16.2,2387.89,0.29,39875.05,12.8,4,2,9,0,9,1,12.0,12.0,15.6,18.4,17.8,14.83,12.2,-2.8,2.97
CP001,Accessories,Modano,Women,5,5,18.8,2267.42,0.0,45295.37,14.8,4,2,1,0,9,1,8.0,7.5,16.2,15.9,17.67,14.77,13.4,0.3,2.9
CP001,Accessories,Modano,Women,6,5,18.4,2254.96,0.0,42327.02,13.2,5,1,0,0,9,0,0.0,0.0,18.8,17.5,16.87,15.1,15.2,1.3,1.77
CP001,Accessories,Modano,Women,7,5,28.0,2669.0,0.0,74669.0,21.4,5,0,0,0,9,1,11.0,9.0,18.4,18.6,17.8,17.8,21.4,-0.2,0.0
CP001,Accessories,Modano,Women,8,5,13.8,2340.26,0.29,31224.26,10.0,4,0,0,21,9,2,12.0,10.67,28.0,23.2,21.73,19.7,11.2,4.8,2.03
CP001,Accessories,Modano,Women,9,5,19.8,2106.71,0.0,43522.37,14.6,5,0,0,5,8,0,0.0,0.0,13.8,20.9,20.07,18.47,16.2,-7.1,1.6
CP001,Accessories,Modano,Women,10,5,20.4,2097.89,0.0,43537.21,14.8,5,1,0,0,9,0,0.0,0.0,19.8,16.8,20.53,19.17,13.8,3.0,1.37
CP001,Accessories,Modano,Women,11,5,17.8,2492.01,0.0,43853.07,13.8,4,0,0,0,9,1,23.0,21.0,20.4,20.1,18.0,19.87,14.4,0.3,-1.87
CP001,Accessories,Modano,Women,12,5,24.2,2160.73,0.0,56308.56,18.4,4,1,6,0,9,2,24.0,19.5,17.8,19.1,19.33,19.7,16.2,-1.3,-0.37
CP001,Footwear,Emerald,Kids,1,5,129.0,7377.42,0.0,1006927.8,104.8,14,0,0,10,9,3,14.0,12.87,102.8,98.3,87.4,86.37,105.6,4.5,1.03
CP001,Footwear,Emerald,Kids,2,5,98.4,7658.71,0.0,834721.06,80.6,13,1,0,0,8,0,0.0,0.0,129.0,102.2,99.4,90.33,72.6,26.8,9.07
CP001,Footwear,Emerald,Kids,3,5,128.8,7834.28,0.0,1064422.83,106.0,13,0,0,0,9,0,0.0,0.0,98.4,113.7,93.8,88.63,103.2,-15.3,5.17
CP001,Footwear,Emerald,Kids,4,5,129.6,7715.86,0.0,1110241.33,107.6,14,2,9,0,9,3,24.0,19.58,128.8,113.6,118.73,89.63,102.0,15.2,29.1
CP001,Footwear,Emerald,Kids,5,5,116.6,7982.44,0.14,997935.33,95.0,15,2,1,0,9,2,10.0,9.5,129.6,129.2,118.93,97.27,87.2,0.4,21.67
CP001,Footwear,Emerald,Kids,6,5,128.6,7632.43,0.0,1013957.35,101.8,14,1,0,0,9,0,0.0,0.0,116.6,123.1,125.0,96.3,104.0,-6.5,28.7
CP001,Footwear,Emerald,Kids,7,5,106.8,7847.16,0.25,897757.86,89.4,14,0,0,0,9,3,18.0,14.7,128.6,122.6,124.93,121.83,77.8,6.0,3.1
CP001,Footwear,Emerald,Kids,8,5,96.8,8204.76,0.0,865313.46,78.0,12,0,0,21,9,2,16.0,14.0,106.8,117.7,117.33,118.13,87.2,-10.9,-0.8
CP001,Footwear,Emerald,Kids,9,5,115.8,7111.69,0.0,888526.95,92.6,15,0,0,5,8,0,0.0,0.0,96.8,101.8,110.73,117.87,91.0,-5.0,-7.13
CP001,Footwear,Emerald,Kids,10,5,85.6,7311.62,0.0,648133.63,68.0,13,1,0,0,9,0,0.0,0.0,115.8,106.3,106.47,115.7,65.6,9.5,-9.23
CP001,Footwear,Emerald,Kids,11,5,109.8,8348.79,0.0,1003476.39,89.8,13,0,0,0,9,2,19.0,18.75,85.6,100.7,99.4,108.37,93.8,-15.1,-8.97
CP001,Footwear,Emerald,Kids,12,5,134.8,7249.92,0.12,1069459.73,111.8,14,1,6,0,9,9,29.0,23.36,109.8,97.7,103.73,107.23,102.8,12.1,-3.5
CP001,Footwear,Emerald,Men,1,5,25.0,6052.98,0.0,106738.19,19.8,5,0,0,10,9,2,9.0,8.5,51.8,39.8,34.47,28.0,18.0,12.0,6.47
CP001,Footwear,Emerald,Men,2,5,17.2,5056.72,0.0,68952.32,14.4,3,1,0,0,8,0,0.0,0.0,25.0,35.5,32.93,27.3,12.0,-10.5,5.63
CP001,Footwear,Emerald,Men,3,5,21.6,6417.7,0.0,110224.7,17.0,4,0,0,0,9,0,0.0,0.0,17.2,21.1,28.33,25.3,17.6,-3.9,3.03
CP001,Footwear,Emerald,Men,4,5,41.0,5096.33,0.3,124190.74,31.8,5,2,9,0,9,1,8.0,6.25,21.6,19.4,21.27,25.93,30.2,2.2,-4.67
CP001,Footwear,Emerald,Men,5,5,27.4,6040.31,0.0,105428.63,21.4,5,2,1,0,9,0,3.0,3.0,41.0,31.3,26.6,27.7,23.6,9.7,-1.1
CP001,Footwear,Emerald,Men,6,5,28.2,6145.34,0.0,116440.09,22.4,5,1,0,0,9,0,0.0,0.0,27.4,34.2,30.0,26.8,23.6,-6.8,3.2
CP001,Footwear,Emerald,Men,7,5,33.6,4664.93,0.0,103162.84,27.0,4,0,0,0,9,2,14.0,11.92,28.2,27.8,32.2,26.73,23.4,0.4,5.47
CP001,Footwear,Emerald,Men,8,5,30.4,5095.36,0.0,112199.37,24.6,5,0,0,21,9,1,11.0,10.0,33.6,30.9,29.73,28.17,26.0,2.7,1.57
CP001,Footwear,Emerald,Men,9,5,22.6,5091.58,0.0,83943.88,18.6,4,0,0,5,8,0,0.0,0.0,30.4,32.0,30.73,30.37,15.2,-1.6,0.37
CP001,Footwear,Emerald,Men,10,5,32.4,5224.42,0.0,116955.68,25.4,5,1,0,0,9,0,0.0,0.0,22.6,26.5,28.87,30.53,23.8,-3.9,-1.67
CP001,Footwear,Emerald,Men,11,5,36.4,5545.52,0.0,141713.35,27.8,5,0,0,0,9,0,6.0,5.5,32.4,27.5,28.47,29.1,27.8,4.9,-0.63
CP001,Footwear,Emerald,Men,12,5,63.2,4724.31,0.5,206678.72,56.0,6,1,6,0,9,2,17.0,14.0,36.4,34.4,30.47,30.6,51.8,2.0,-0.13
CP001,Footwear,Emerald,Unisex,1,5,22.8,7833.91,0.0,175484.19,18.8,3,0,0,10,9,1,11.0,10.17,37.8,32.3,29.93,30.87,19.2,5.5,-0.93
CP001,Footwear,Emerald,Unisex,2,5,31.4,6592.03,0.0,207193.81,25.6,3,1,0,0,8,0,0.0,0.0,22.8,27.7,27.4,27.73,25.8,-4.9,-0.33
CP001,Footwear,Emerald,Unisex,3,5,31.4,7676.17,0.0,242136.33,24.8,3,0,0,0,9,0,0.0,0.0,31.4,27.1,27.73,27.37,29.6,4.3,0.37
CP001,Footwear,Emerald,Unisex,4,5,43.6,6908.38,0.43,315570.13,34.8,5,2,9,0,9,1,15.0,15.0,31.4,31.4,28.53,26.3,34.8,0.0,2.23
CP001,Footwear,Emerald,Unisex,5,5,36.0,6154.24,0.0,246427.75,30.2,4,2,1,0,9,1,10.0,9.17,43.6,37.5,35.47,28.47,30.0,6.1,7.0
CP001,Footwear,Emerald,Unisex,6,5,31.0,6480.63,0.0,215014.34,26.2,4,1,0,0,9,0,0.0,0.0,36.0,39.8,37.0,29.33,21.4,-3.8,7.67
CP001,Footwear,Emerald,Unisex,7,5,45.6,6688.7,0.0,322693.36,37.2,5,0,0,0,9,1,8.0,7.5,31.0,33.5,36.87,32.7,36.4,-2.5,4.17
CP001,Footwear,Emerald,Unisex,8,5,42.6,7247.0,0.0,302669.58,34.4,5,0,0,21,9,1,5.0,4.67,45.6,38.3,37.53,36.5,30.0,7.3,1.03
CP001,Footwear,Emerald,Unisex,9,5,33.6,6203.77,0.0,215163.4,27.2,4,0,0,5,8,0,0.0,0.0,42.6,44.1,39.73,38.37,29.0,-1.5,1.37
CP001,Footwear,Emerald,Unisex,10,5,40.0,7636.63,0.0,312958.13,33.6,5,1,0,0,9,0,0.0,0.0,33.6,38.1,40.6,38.73,25.2,-4.5,1.87
CP001,Footwear,Emerald,Unisex,11,5,34.4,5410.25,0.0,201476.15,27.6,4,0,0,0,9,0,9.0,9.0,40.0,36.8,38.73,38.13,26.8,3.2,0.6
CP001,Footwear,Emerald,Unisex,12,5,50.6,6777.22,0.0,346406.15,42.0,4,1,6,0,9,2,21.0,18.0,34.4,37.2,36.0,37.87,37.8,-2.8,-1.87
CP001,Footwear,Emerald,Women,1,5,56.0,7343.23,0.0,402910.34,49.4,7,0,0,10,9,1,9.0,8.33,68.4,65.7,68.73,64.37,40.6,2.7,4.37
CP001,Footwear,Emerald,Women,2,5,81.6,6958.05,0.0,555889.51,69.8,8,1,0,0,8,0,0.0,0.0,56.0,59.7,60.8,64.5,65.8,-3.7,-3.7
CP001,Footwear,Emerald,Women,3,5,100.8,7662.25,0.0,763176.71,82.4,7,0,0,0,9,0,0.0,0.0,81.6,68.8,59.8,63.37,74.2,12.8,-3.57
CP001,Footwear,Emerald,Women,4,5,99.6,7236.19,0.0,716117.43,84.4,7,2,9,0,9,3,20.0,16.92,100.8,91.2,79.47,67.23,70.4,9.6,12.23
CP001,Footwear,Emerald,Women,5,5,88.2,7394.41,0.0,687220.41,76.0,7,2,1,0,9,1,12.0,11.17,99.6,100.2,94.0,68.8,56.0,-0.6,25.2
CP001,Footwear,Emerald,Women,6,5,81.4,7188.85,0.0,598344.43,68.4,8,1,0,0,9,0,0.0,0.0,88.2,93.9,96.2,71.5,67.6,-5.7,24.7
CP001,Footwear,Emerald,Women,7,5,63.4,6672.65,0.0,478386.64,53.2,6,0,0,0,9,2,10.0,8.83,81.4,84.8,89.73,84.6,50.2,-3.4,5.13
CP001,Footwear,Emerald,Women,8,5,91.4,7849.55,0.49,739674.49,76.2,7,0,0,21,9,1,12.0,11.0,63.4,72.4,77.67,85.83,66.8,-9.0,-8.17
CP001,Footwear,Emerald,Women,9,5,82.8,7490.97,0.0,630512.78,68.4,7,0,0,5,8,0,0.0,0.0,91.4,77.4,78.73,87.47,63.0,14.0,-8.73
CP001,Footwear,Emerald,Women,10,5,108.0,7586.39,0.0,809125.15,91.0,8,1,0,0,9,0,0.0,0.0,82.8,87.1,79.2,84.47,74.8,-4.3,-5.27
CP001,Footwear,Emerald,Women,11,5,82.2,7702.87,0.0,614377.49,69.6,7,0,0,0,9,3,24.0,19.67,108.0,95.4,94.07,85.87,63.0,12.6,8.2
CP001,Footwear,Emerald,Women,12,5,89.2,6823.19,0.23,608763.26,76.6,8,1,6,0,9,4,27.0,22.8,82.2,95.1,91.0,84.87,68.4,-12.9,6.13
CP001,Footwear,Hustle,Kids,1,5,54.6,6532.77,0.0,297953.45,46.2,7,0,0,10,9,1,10.0,9.33,48.8,47.0,45.13,44.4,36.6,1.8,0.73
CP001,Footwear,Hustle,Kids,2,5,47.2,6380.04,0.0,258092.33,37.4,7,1,0,0,8,0,0.0,0.0,54.6,47.3,46.6,46.73,38.2,7.3,-0.13
CP001,Footwear,Hustle,Kids,3,5,54.0,6496.39,0.0,315047.73,41.2,7,0,0,0,9,0,0.0,0.0,47.2,50.9,43.47,44.1,40.0,-3.7,-0.63
CP001,Footwear,Hustle,Kids,4,5,51.6,7141.32,0.0,272311.17,45.4,8,2,9,0,9,2,15.0,13.25,54.0,50.6,51.93,43.13,39.2,3.4,8.8
CP001,Footwear,Hustle,Kids,5,5,52.4,6575.44,0.0,276355.58,42.6,8,2,1,0,9,0,2.0,2.0,51.6,52.8,50.93,43.4,43.2,-1.2,7.53
CP001,Footwear,Hustle,Kids,6,5,51.4,7614.49,0.0,334030.64,40.8,7,1,0,0,9,0,0.0,0.0,52.4,52.0,52.67,43.23,38.8,0.4,9.43
CP001,Footwear,Hustle,Kids,7,5,43.4,6306.44,0.0,235970.75,37.6,7,0,0,0,9,1,4.0,3.25,51.4,51.9,51.8,51.87,31.8,-0.5,-0.07
CP001,Footwear,Hustle,Kids,8,5,61.2,5673.37,0.23,308110.38,51.2,8,0,0,21,9,1,11.0,9.5,43.4,47.4,49.07,50.0,51.6,-4.0,-0.93
CP001,Footwear,Hustle,Kids,9,5,60.2,6569.01,0.0,318145.29,49.2,8,0,0,5,8,0,0.0,0.0,61.2,52.3,52.0,52.33,47.6,8.9,-0.33
CP001,Footwear,Hustle,Kids,10,5,48.0,7376.27,0.0,269700.34,39.6,6,1,0,0,9,0,0.0,0.0,60.2,60.7,54.93,53.37,41.4,-0.5,1.57
CP001,Footwear,Hustle,Kids,11,5,50.6,6581.32,0.0,267943.86,41.8,7,0,0,0,9,1,10.0,10.0,48.0,54.1,56.47,52.77,45.2,-6.1,3.7
CP001,Footwear,Hustle,Kids,12,5,64.4,6882.69,0.0,374761.85,54.6,7,1,6,0,9,2,28.0,26.0,50.6,49.3,52.93,52.47,48.8,1.3,0.47
CP001,Footwear,Hustle,Men,1,5,41.0,5564.62,0.0,200662.8,33.8,8,0,0,10,9,1,4.0,4.0,41.2,38.2,38.4,37.87,30.0,3.0,0.53
CP001,Footwear,Hustle,Men,2,5,50.2,6052.62,0.0,264392.37,40.4,7,1,0,0,8,0,0.0,0.0,41.0,38.4,37.33,38.27,43.4,2.6,-0.93
CP001,Footwear,Hustle,Men,3,5,48.2,4522.71,0.0,209382.68,38.6,8,0,0,0,9,0,0.0,0.0,50.2,45.6,38.53,39.27,36.8,4.6,-0.73
CP001,Footwear,Hustle,Men,4,5,58.2,5381.13,0.0,267273.3,47.4,7,2,9,0,9,2,24.0,21.17,48.2,49.2,46.47,38.57,40.8,-1.0,7.9
CP001,Footwear,Hustle,Men,5,5,43.8,5612.81,0.0,232711.61,34.6,8,2,1,0,9,1,10.0,9.5,58.2,53.2,52.2,39.17,34.6,5.0,13.03
CP001,Footwear,Hustle,Men,6,5,48.8,4806.05,0.0,218470.79,39.4,7,1,0,0,9,0,0.0,0.0,43.8,51.0,50.07,39.33,40.2,-7.2,10.73
CP001,Footwear,Hustle,Men,7,5,46.4,5265.47,0.0,228879.28,36.2,8,0,0,0,9,2,16.0,14.67,48.8,46.3,50.27,48.37,33.2,2.5,1.9
CP001,Footwear,Hustle,Men,8,5,47.2,6068.12,0.0,261241.74,38.2,7,0,0,21,9,2,14.0,11.17,46.4,47.6,46.33,49.27,32.8,-1.2,-2.93
CP001,Footwear,Hustle,Men,9,5,61.2,5590.34,0.0,299799.52,49.6,8,0,0,5,8,0,0.0,0.0,47.2,46.8,47.47,48.77,46.0,0.4,-1.3
CP001,Footwear,Hustle,Men,10,5,43.8,4530.63,0.0,191279.78,35.2,7,1,0,0,9,0,0.0,0.0,61.2,54.2,51.6,50.93,38.8,7.0,0.67
CP001,Footwear,Hustle,Men,11,5,45.4,5243.09,0.0,235698.04,35.0,8,0,0,0,9,2,27.0,25.75,43.8,52.5,50.73,48.53,35.2,-8.7,2.2
CP001,Footwear,Hustle,Men,12,5,52.4,5662.14,0.0,276189.11,43.6,7,1,6,0,9,4,26.0,22.08,45.4,44.6,50.13,48.8,41.2,0.8,1.33
CP001,Footwear,Hustle,Unisex,1,5,13.8,7219.86,0.0,108429.89,11.0,3,0,0,10,9,1,6.0,5.0,10.0,12.8,13.47,11.23,11.2,-2.8,2.23
CP001,Footwear,Hustle,Unisex,2,5,12.0,6902.64,0.0,86056.93,9.2,2,1,0,0,8,0,0.0,0.0,13.8,10.1,11.93,11.8,9.0,3.7,0.13
CP001,Footwear,Hustle,Unisex,3,5,13.2,6209.67,0.0,94380.26,10.4,2,0,0,0,9,0,0.0,0.0,12.0,12.9,9.4,11.43,10.6,-0.9,-2.03
CP001,Footwear,Hustle,Unisex,4,5,9.8,5362.39,0.0,69391.17,7.2,2,2,9,0,9,1,16.0,14.5,13.2,12.6,13.0,11.77,9.4,0.6,1.23
CP001,Footwear,Hustle,Unisex,5,5,9.6,4515.15,0.0,65800.66,7.0,2,2,1,0,9,0,2.0,2.0,9.8,11.5,11.67,10.63,9.2,-1.7,1.03
CP001,Footwear,Hustle,Unisex,6,5,11.6,8356.73,0.0,90526.9,9.0,2,1,0,0,9,0,0.0,0.0,9.6,9.7,10.87,9.07,9.8,-0.1,1.8
CP001,Footwear,Hustle,Unisex,7,5,8.8,6405.98,0.0,60799.58,6.6,2,0,0,0,9,1,14.0,13.5,11.6,10.6,10.33,11.67,6.8,1.0,-1.33
CP001,Footwear,Hustle,Unisex,8,5,12.4,4893.74,0.0,69541.06,8.8,3,0,0,21,9,1,12.0,11.0,8.8,10.2,10.0,10.83,10.2,-1.4,-0.83
CP001,Footwear,Hustle,Unisex,9,5,12.4,4674.64,0.0,68794.72,9.4,3,0,0,5,8,0,0.0,0.0,12.4,10.6,10.93,10.9,10.0,1.8,0.03
CP001,Footwear,Hustle,Unisex,10,5,18.2,6534.47,0.0,119484.94,13.4,3,1,0,0,9,0,0.0,0.0,12.4,12.4,11.2,10.77,14.8,0.0,0.43
CP001,Footwear,Hustle,Unisex,11,5,16.8,6013.79,1.0,111612.4,12.0,3,0,0,0,9,1,22.0,20.0,18.2,15.3,14.33,12.17,15.6,2.9,2.17
CP001,Footwear,Hustle,Unisex,12,5,14.0,5193.7,0.5,90078.77,10.8,2,1,6,0,9,1,14.0,12.67,16.8,17.5,15.8,13.37,10.0,-0.7,2.43
CP001,Footwear,Hustle,Women,1,5,49.0,5498.93,0.0,228068.04,41.8,5,0,0,10,9,1,8.0,7.5,38.4,33.0,29.33,29.33,38.2,5.4,0.0
CP001,Footwear,Hustle,Women,2,5,36.8,5198.36,0.0,166564.38,32.2,4,1,0,0,8,0,0.0,0.0,49.0,37.9,34.47,31.83,29.6,11.1,2.63
CP001,Footwear,Hustle,Women,3,5,51.6,6028.91,0.0,249268.17,43.6,5,0,0,0,9,0,0.0,0.0,36.8,42.9,35.27,29.87,43.8,-6.1,5.4
CP001,Footwear,Hustle,Women,4,5,43.8,5469.69,0.0,236090.94,38.2,5,2,9,0,9,2,15.0,14.0,51.6,44.2,45.8,34.27,35.0,7.4,11.53
CP001,Footwear,Hustle,Women,5,5,40.6,5575.67,0.0,202157.24,31.4,5,2,1,0,9,0,2.0,2.0,43.8,47.7,44.07,37.2,36.4,-3.9,6.87
CP001,Footwear,Hustle,Women,6,5,43.4,4997.63,0.0,199125.17,35.8,5,1,0,0,9,0,0.0,0.0,40.6,42.2,45.33,37.93,29.6,-1.6,7.4
CP001,Footwear,Hustle,Women,7,5,30.0,5652.11,0.0,153870.16,25.8,4,0,0,0,9,0,3.0,3.0,43.4,42.0,42.6,44.2,22.4,1.4,-1.6
CP001,Footwear,Hustle,Women,8,5,49.8,6093.36,0.0,266209.29,40.6,6,0,0,21,9,0,4.0,3.5,30.0,36.7,38.0,41.03,41.8,-6.7,-3.03
CP001,Footwear,Hustle,Women,9,5,33.2,5378.74,0.0,151798.34,28.0,4,0,0,5,8,0,0.0,0.0,49.8,39.9,41.07,43.2,23.8,9.9,-2.13
CP001,Footwear,Hustle,Women,10,5,29.0,7164.06,0.0,203479.98,23.6,5,1,0,0,9,0,0.0,0.0,33.2,41.5,37.67,40.13,22.0,-8.3,-2.47
CP001,Footwear,Hustle,Women,11,5,31.2,5493.03,0.0,161658.19,25.4,4,0,0,0,9,0,6.0,6.0,29.0,31.1,37.33,37.67,27.6,-2.1,-0.33
CP001,Footwear,Hustle,Women,12,5,52.6,5648.52,1.0,260940.87,42.6,5,1,6,0,9,2,16.0,13.75,31.2,30.1,31.13,36.1,38.4,1.1,-4.97
CP001,Footwear,King Street,Kids,1,5,42.8,4843.54,0.17,232162.59,33.6,7,0,0,10,9,1,11.0,10.0,32.8,33.9,36.2,32.2,35.4,-1.1,4.0
CP001,Footwear,King Street,Kids,2,5,49.4,6287.33,0.0,339864.94,40.4,6,1,0,0,8,0,0.0,0.0,42.8,34.2,34.47,33.87,35.6,8.6,0.6
CP001,Footwear,King Street,Kids,3,5,33.2,5919.67,0.0,224380.09,24.6,7,0,0,0,9,0,0.0,0.0,49.4,46.1,37.07,36.7,26.2,3.3,0.37
CP001,Footwear,King Street,Kids,4,5,52.0,5534.15,0.0,332688.94,41.6,8,2,9,0,9,2,22.0,20.5,33.2,41.3,41.8,36.0,38.4,-8.1,5.8
CP001,Footwear,King Street,Kids,5,5,42.0,5337.12,0.0,238294.4,32.4,8,2,1,0,9,1,9.0,9.0,52.0,42.6,44.87,36.7,32.8,9.4,8.17
CP001,Footwear,King Street,Kids,6,5,39.8,5131.98,0.0,249479.94,31.0,7,1,0,0,9,0,0.0,0.0,42.0,47.0,42.4,36.87,31.6,-5.0,5.53
CP001,Footwear,King Street,Kids,7,5,36.6,5427.06,0.0,212562.95,28.2,7,0,0,0,9,1,11.0,11.0,39.8,40.9,44.6,43.2,25.6,-1.1,1.4
CP001,Footwear,King Street,Kids,8,5,33.0,5801.48,0.0,194643.77,25.8,7,0,0,21,9,1,13.0,12.5,36.6,38.2,39.47,42.17,25.8,-1.6,-2.7
CP001,Footwear,King Street,Kids,9,5,41.6,6206.13,0.0,272475.22,31.6,6,0,0,5,8,0,0.0,0.0,33.0,34.8,36.47,39.43,33.2,-1.8,-2.97
CP001,Footwear,King Street,Kids,10,5,50.0,6005.59,0.0,343047.04,41.0,7,1,0,0,9,0,0.0,0.0,41.6,37.3,37.07,40.83,40.8,4.3,-3.77
CP001,Footwear,King Street,Kids,11,5,47.8,5415.43,0.71,302528.13,39.6,7,0,0,0,9,3,22.0,19.33,50.0,45.8,41.53,40.5,35.0,4.2,1.03
CP001,Footwear,King Street,Kids,12,5,46.4,6040.88,0.38,294747.64,37.4,7,1,6,0,9,4,30.0,23.33,47.8,48.9,46.47,41.47,32.8,-1.1,5.0
CP001,Footwear,King Street,Men,1,5,19.4,6653.5,0.5,129426.42,14.8,3,0,0,10,9,1,11.0,10.67,9.2,10.6,13.2,12.43,14.4,-1.4,0.77
CP001,Footwear,King Street,Men,2,5,19.4,6325.42,0.0,142336.81,14.8,4,1,0,0,8,0,0.0,0.0,19.4,12.7,12.47,13.33,13.8,6.7,-0.87
CP001,Footwear,King Street,Men,3,5,25.6,5960.36,0.0,167505.81,21.4,4,0,0,0,9,0,0.0,0.0,19.4,19.4,13.67,13.57,21.4,0.0,0.1
CP001,Footwear,King Street,Men,4,5,28.4,6625.15,0.0,194572.79,24.0,4,2,9,0,9,1,12.0,11.0,25.6,22.5,21.47,15.77,26.8,3.1,5.7
CP001,Footwear,King Street,Men,5,5,14.8,6703.65,0.0,103902.26,12.8,3,2,1,0,9,0,0.0,0.0,28.4,27.0,24.47,15.77,11.0,1.4,8.7
CP001,Footwear,King Street,Men,6,5,24.4,6995.97,0.0,166773.64,19.2,3,1,0,0,9,0,0.0,0.0,14.8,21.6,22.93,15.5,22.2,-6.8,7.43
CP001,Footwear,King Street,Men,7,5,12.4,5788.88,0.0,85174.05,9.6,3,0,0,0,9,1,8.0,7.5,24.4,19.6,22.53,22.0,10.8,4.8,0.53
CP001,Footwear,King Street,Men,8,5,17.8,7743.99,0.0,126507.11,14.6,3,0,0,21,9,1,4.0,2.67,12.4,18.4,17.2,20.83,14.2,-6.0,-3.63
CP001,Footwear,King Street,Men,9,5,11.6,7351.9,0.0,85558.12,9.8,2,0,0,5,8,0,0.0,0.0,17.8,15.1,18.2,20.57,10.0,2.7,-2.37
CP001,Footwear,King Street,Men,10,5,25.2,6159.75,0.0,166774.1,21.2,4,1,0,0,9,0,0.0,0.0,11.6,14.7,13.93,18.23,18.4,-3.1,-4.3
CP001,Footwear,King Street,Men,11,5,14.4,6467.67,0.0,96701.56,10.8,3,0,0,0,9,1,24.0,21.5,25.2,18.4,18.2,17.7,12.0,6.8,0.5
CP001,Footwear,King Street,Men,12,5,12.0,6794.45,0.0,89039.26,9.6,3,1,6,0,9,0,9.0,9.0,14.4,19.8,17.07,17.63,9.2,-5.4,-0.57
CP001,Footwear,King Street,Unisex,1,5,12.6,7419.0,0.0,90381.2,9.0,3,0,0,10,9,0,3.0,2.5,17.0,13.1,12.0,10.1,10.0,3.9,1.9
CP001,Footwear,King Street,Unisex,2,5,9.8,8067.01,0.0,70904.2,7.4,3,1,0,0,8,0,0.0,0.0,12.6,13.6,12.13,10.6,7.8,-1.0,1.53
CP001,Footwear,King Street,Unisex,3,5,7.6,7201.52,0.0,53110.88,5.4,2,0,0,0,9,0,0.0,0.0,9.8,11.2,11.13,10.43,6.2,-1.4,0.7
CP001,Footwear,King Street,Unisex,4,5,11.6,7478.46,0.0,84466.6,9.0,3,2,9,0,9,1,7.0,5.6,7.6,8.7,10.0,9.73,9.6,-1.1,0.27
CP001,Footwear,King Street,Unisex,5,5,10.4,7715.0,0.0,82716.45,7.6,2,2,1,0,9,1,9.0,9.0,11.6,9.6,9.67,9.33,9.0,2.0,0.33
CP001,Footwear,King Street,Unisex,6,5,12.2,7887.48,0.0,93394.64,8.4,3,1,0,0,9,0,0.0,0.0,10.4,11.0,9.87,9.23,11.6,-0.6,0.63
CP001,Footwear,King Street,Unisex,7,5,9.4,7949.53,0.0,72974.78,6.4,3,0,0,0,9,1,12.0,12.0,12.2,11.3,11.4,10.7,7.2,0.9,0.7
CP001,Footwear,King Street,Unisex,8,5,9.6,7845.08,0.0,74934.66,6.6,3,0,0,21,9,1,7.0,7.0,9.4,10.8,10.67,10.17,7.2,-1.4,0.5
CP001,Footwear,King Street,Unisex,9,5,14.2,7955.95,0.0,112413.72,10.6,3,0,0,5,8,0,0.0,0.0,9.6,9.5,10.4,10.13,10.2,0.1,0.27
CP001,Footwear,King Street,Unisex,10,5,11.2,7544.11,0.0,85764.64,8.0,2,1,0,0,9,0,0.0,0.0,14.2,11.9,11.07,11.23,9.8,2.3,-0.17
CP001,Footwear,King Street,Unisex,11,5,10.4,7590.94,0.0,74734.23,7.2,2,0,0,0,9,1,9.0,8.5,11.2,12.7,11.67,11.17,9.2,-1.5,0.5
CP001,Footwear,King Street,Unisex,12,5,21.4,7367.98,0.0,152737.87,17.0,3,1,6,0,9,1,27.0,26.0,10.4,10.8,11.93,11.17,17.0,-0.4,0.77
CP001,Footwear,King Street,Women,1,5,32.8,4760.16,0.0,158177.97,26.6,4,0,0,10,9,1,7.0,6.67,23.4,19.4,20.67,22.17,27.4,4.0,-1.5
CP001,Footwear,King Street,Women,2,5,24.4,4904.78,0.0,119030.47,19.4,4,1,0,0,8,0,0.0,0.0,32.8,25.1,21.87,23.4,16.8,7.7,-1.53
CP001,Footwear,King Street,Women,3,5,29.8,5154.53,0.0,149915.57,23.4,4,0,0,0,9,0,0.0,0.0,24.4,28.6,22.73,21.27,26.0,-4.2,1.47
CP001,Footwear,King Street,Women,4,5,33.0,5243.62,0.0,157616.23,28.4,3,2,9,0,9,2,20.0,18.0,29.8,27.1,29.0,21.83,25.4,2.7,7.17
CP001,Footwear,King Street,Women,5,5,19.0,5774.43,0.0,108292.32,14.6,3,2,1,0,9,1,8.0,7.5,33.0,31.4,29.07,22.0,18.2,1.6,7.07
CP001,Footwear,King Street,Women,6,5,23.2,5442.97,0.0,121737.13,18.4,3,1,0,0,9,0,0.0,0.0,19.0,26.0,27.27,21.4,22.6,-7.0,5.87
CP001,Footwear,King Street,Women,7,5,21.4,4766.62,0.0,105754.85,17.8,3,0,0,0,9,2,14.0,12.83,23.2,21.1,25.07,27.03,19.4,2.1,-1.97
CP001,Footwear,King Street,Women,8,5,33.8,5861.01,0.25,196385.47,28.2,3,0,0,21,9,1,10.0,10.0,21.4,22.3,21.2,25.13,30.8,-0.9,-3.93
CP001,Footwear,King Street,Women,9,5,23.2,5030.56,0.0,124738.08,19.0,3,0,0,5,8,0,0.0,0.0,33.8,27.6,26.13,26.7,20.8,6.2,-0.57
CP001,Footwear,King Street,Women,10,5,28.0,5611.77,0.0,163160.61,23.8,3,1,0,0,9,0,0.0,0.0,23.2,28.5,26.13,25.6,23.2,-5.3,0.53
CP001,Footwear,King Street,Women,11,5,22.6,5168.83,0.0,121946.9,16.8,4,0,0,0,9,1,9.0,8.5,28.0,25.6,28.33,24.77,15.4,2.4,3.57
CP001,Footwear,King Street,Women,12,5,30.2,4945.44,0.0,154419.4,24.8,4,1,6,0,9,1,16.0,14.0,22.6,25.3,24.6,25.37,23.4,-2.7,-0.77
CP001,Footwear,Libera,Kids,1,5,14.8,7031.2,0.0,113277.23,10.6,3,0,0,10,9,2,12.0,12.0,14.2,14.0,14.2,13.17,10.8,0.2,1.03
CP001,Footwear,Libera,Kids,2,5,22.6,6840.3,0.0,163800.33,17.0,4,1,0,0,8,0,0.0,0.0,14.8,12.5,12.93,12.4,17.8,2.3,0.53
CP001,Footwear,Libera,Kids,3,5,18.8,6685.95,0.0,137162.99,14.4,3,0,0,0,9,0,0.0,0.0,22.6,18.7,15.07,13.83,15.0,3.9,1.23
CP001,Footwear,Libera,Kids,4,5,17.0,6411.98,0.0,114052.45,12.6,4,2,9,0,9,1,14.0,11.33,18.8,20.7,18.73,14.37,14.0,-1.9,4.37
CP001,Footwear,Libera,Kids,5,5,10.4,6091.42,0.0,76855.32,8.0,2,2,1,0,9,1,7.0,7.0,17.0,17.9,19.47,14.37,10.0,-0.9,5.1
CP001,Footwear,Libera,Kids,6,5,11.2,7241.32,0.0,83152.96,7.8,3,1,0,0,9,0,0.0,0.0,10.4,13.7,15.4,13.23,9.0,-3.3,2.17
CP001,Footwear,Libera,Kids,7,5,19.2,8422.84,0.0,163588.61,14.6,4,0,0,0,9,1,7.0,6.67,11.2,10.8,12.87,15.8,15.4,0.4,-2.93
CP001,Footwear,Libera,Kids,8,5,12.8,7531.83,0.0,101462.94,9.8,2,0,0,21,9,1,7.0,7.0,19.2,15.2,13.6,16.53,11.6,4.0,-2.93
CP001,Footwear,Libera,Kids,9,5,12.0,6803.11,0.0,85945.83,9.0,3,0,0,5,8,0,0.0,0.0,12.8,16.0,14.4,14.9,9.4,-3.2,-0.5
CP001,Footwear,Libera,Kids,10,5,17.2,6871.88,0.0,113801.6,13.6,4,1,0,0,9,0,0.0,0.0,12.0,12.4,14.67,13.77,14.6,-0.4,0.9
CP001,Footwear,Libera,Kids,11,5,17.0,6107.55,0.0,108468.25,13.0,3,0,0,0,9,0,5.0,5.0,17.2,14.6,14.0,13.8,13.8,2.6,0.2
CP001,Footwear,Libera,Kids,12,5,20.4,7934.71,0.0,161857.86,15.4,3,1,6,0,9,2,17.0,15.67,17.0,17.1,15.4,14.9,14.2,-0.1,0.5
CP001,Footwear,Libera,Men,1,5,20.2,7562.11,0.0,137794.16,16.6,2,0,0,10,9,1,9.0,9.0,22.2,20.1,19.73,20.13,17.2,2.1,-0.4
CP001,Footwear,Libera,Men,2,5,19.2,8091.95,0.0,142335.05,14.8,2,1,0,0,8,0,0.0,0.0,20.2,17.1,17.4,18.43,10.0,3.1,-1.03
CP001,Footwear,Libera,Men,3,5,20.2,8120.48,0.0,158964.14,16.0,2,0,0,0,9,0,0.0,0.0,19.2,19.7,16.07,18.5,16.8,-0.5,-2.43
CP001,Footwear,Libera,Men,4,3,27.33,6797.26,0.0,181007.88,21.33,3,2,9,0,8,0,5.0,5.0,21.33,20.33,22.78,13.83,11.67,1.0,8.94
CP001,Footwear,Libera,Men,5,5,21.8,6406.0,0.0,129945.94,17.6,3,2,1,0,9,1,8.0,8.0,23.8,22.1,19.8,17.4,18.2,1.7,2.4
CP001,Footwear,Libera,Men,6,5,21.8,6665.29,0.0,140958.68,17.0,3,1,0,0,9,0,0.0,0.0,21.8,22.8,22.0,16.7,20.2,-1.0,5.3
CP001,Footwear,Libera,Men,7,5,27.6,6937.46,0.0,186179.96,22.2,3,0,0,0,9,1,7.0,6.5,21.8,21.8,22.47,21.33,18.6,0.0,1.13
CP001,Footwear,Libera,Men,8,5,21.2,7505.68,0.0,155169.59,18.0,2,0,0,21,9,1,10.0,9.5,27.6,24.7,23.73,21.77,14.0,2.9,1.97
CP001,Footwear,Libera,Men,9,5,28.4,6713.24,0.0,176946.93,24.2,3,0,0,5,8,0,0.0,0.0,21.2,24.4,23.53,22.77,20.4,-3.2,0.77
CP001,Footwear,Libera,Men,10,5,22.8,7353.0,0.0,169286.6,18.6,3,1,0,0,9,0,0.0,0.0,28.4,24.8,25.73,24.1,19.6,3.6,1.63
CP001,Footwear,Libera,Men,11,5,19.4,7298.61,0.0,146963.17,16.2,2,0,0,0,9,0,9.0,9.0,22.8,25.6,24.13,23.93,21.0,-2.8,0.2
CP001,Footwear,Libera,Men,12,5,28.0,7088.13,0.0,184461.37,23.2,3,1,6,0,9,2,21.0,18.33,19.4,21.1,23.53,23.53,23.6,-1.7,-0.0
CP001,Footwear,Libera,Unisex,1,5,15.6,4327.91,0.0,69089.29,12.8,3,0,0,10,9,0,0.0,0.0,15.0,14.0,13.13,13.6,10.0,1.0,-0.47
CP001,Footwear,Libera,Unisex,2,5,22.8,3757.47,0.0,98646.49,17.2,3,1,0,0,8,0,0.0,0.0,15.6,13.8,13.53,13.9,17.0,1.8,-0.37
CP001,Footwear,Libera,Unisex,3,5,17.2,4128.12,0.0,81895.8,13.6,2,0,0,0,9,0,0.0,0.0,22.8,19.2,16.13,14.8,14.6,3.6,1.33
CP001,Footwear,Libera,Unisex,4,5,20.8,3905.17,0.0,93938.64,16.6,3,2,9,0,9,1,5.0,4.0,17.2,20.0,18.53,14.57,13.4,-2.8,3.97
CP001,Footwear,Libera,Unisex,5,5,14.0,3532.62,0.0,60318.89,11.0,2,2,1,0,9,0,3.0,3.0,20.8,19.0,20.27,15.47,9.4,1.8,4.8
CP001,Footwear,Libera,Unisex,6,5,15.4,3730.32,0.0,64857.3,12.0,3,1,0,0,9,0,0.0,0.0,14.0,17.4,17.33,15.23,9.6,-3.4,2.1
CP001,Footwear,Libera,Unisex,7,4,17.0,3104.91,0.0,65019.05,14.25,2,0,0,0,9,0,2.5,2.5,13.0,12.5,15.17,16.5,10.75,0.5,-1.33
CP001,Footwear,Libera,Unisex,8,5,16.8,3805.68,0.0,75426.49,12.2,3,0,0,21,9,0,2.0,2.0,18.6,16.7,15.8,18.2,13.8,1.9,-2.4
CP001,Footwear,Libera,Unisex,9,5,19.6,3750.43,0.0,93231.05,15.6,2,0,0,5,8,0,0.0,0.0,16.8,17.7,16.73,17.33,13.8,-0.9,-0.6
CP001,Footwear,Libera,Unisex,10,5,15.8,3571.7,0.0,71402.71,12.0,3,1,0,0,9,0,0.0,0.0,19.6,18.2,18.33,16.9,16.8,1.4,1.43
CP001,Footwear,Libera,Unisex,11,5,14.6,3345.36,2.5,59250.54,11.4,2,0,0,0,9,0,5.0,5.0,15.8,17.7,17.4,16.6,9.0,-1.9,0.8
CP001,Footwear,Libera,Unisex,12,5,21.2,4305.16,0.0,102452.39,16.2,2,1,6,0,9,2,20.0,17.17,14.6,15.2,16.67,16.7,16.6,-0.6,-0.03
CP001,Footwear,Libera,Women,1,5,16.4,7113.01,0.0,130315.95,12.8,3,0,0,10,9,1,8.0,8.0,19.0,16.0,15.13,14.1,14.8,3.0,1.03
CP001,Footwear,Libera,Women,2,5,19.2,7269.17,0.0,150004.06,15.6,2,1,0,0,8,0,0.0,0.0,16.4,16.7,15.47,14.47,11.6,-0.3,1.0
CP001,Footwear,Libera,Women,3,5,27.4,6937.58,0.0,217634.87,23.4,3,0,0,0,9,0,0.0,0.0,19.2,17.8,16.67,14.9,23.0,1.4,1.77
CP001,Footwear,Libera,Women,4,5,29.8,6936.26,0.0,237797.28,24.2,2,2,9,0,9,1,8.0,6.5,27.4,23.3,21.0,16.2,24.6,4.1,4.8
CP001,Footwear,Libera,Women,5,5,23.4,7144.46,0.0,183498.71,19.6,3,2,1,0,9,0,0.0,0.0,29.8,28.6,25.47,17.77,16.4,1.2,7.7
CP001,Footwear,Libera,Women,6,5,20.6,7419.89,0.0,158479.51,18.2,3,1,0,0,9,0,0.0,0.0,23.4,26.6,26.87,18.83,15.6,-3.2,8.03
CP001,Footwear,Libera,Women,7,5,16.2,6512.83,0.0,107321.41,12.6,3,0,0,0,9,1,10.0,9.0,20.6,22.0,24.6,22.8,12.2,-1.4,1.8
CP001,Footwear,Libera,Women,8,5,18.0,7327.02,0.38,142891.26,15.2,3,0,0,21,9,1,9.0,9.0,16.2,18.4,20.07,22.77,14.0,-2.2,-2.7
CP001,Footwear,Libera,Women,9,5,16.8,5716.41,0.0,114255.76,13.2,2,0,0,5,8,0,0.0,0.0,18.0,17.1,18.27,22.57,13.0,0.9,-4.3
CP001,Footwear,Libera,Women,10,5,15.2,7228.46,0.0,113521.03,12.0,3,1,0,0,9,0,0.0,0.0,16.8,17.4,17.0,20.8,13.4,-0.6,-3.8
CP001,Footwear,Libera,Women,11,5,19.6,8171.15,0.0,165292.26,16.8,3,0,0,0,9,0,0.0,0.0,15.2,16.0,16.67,18.37,13.0,-0.8,-1.7
CP001,Footwear,Libera,Women,12,5,25.8,6580.49,0.0,177146.67,22.2,3,1,6,0,9,1,12.0,10.5,19.6,17.4,17.2,17.73,19.0,2.2,-0.53
CP001,Footwear,Miss Modano,Kids,1,5,33.6,6068.75,0.0,211163.98,27.2,4,0,0,10,9,1,11.0,10.5,33.8,33.1,32.8,28.97,28.4,0.7,3.83
CP001,Footwear,Miss Modano,Kids,2,5,34.6,6642.33,0.0,251044.17,29.2,5,1,0,0,8,0,0.0,0.0,33.6,28.9,30.07,30.27,28.0,4.7,-0.2
CP001,Footwear,Miss Modano,Kids,3,5,31.4,6476.39,0.0,218468.89,25.0,4,0,0,0,9,0,0.0,0.0,34.6,34.1,29.2,30.97,25.0,0.5,-1.77
CP001,Footwear,Miss Modano,Kids,4,5,34.8,5493.65,0.0,208500.9,28.2,4,2,9,0,9,2,20.0,17.0,31.4,33.0,33.2,29.53,21.0,-1.6,3.67
CP001,Footwear,Miss Modano,Kids,5,5,47.8,6292.99,0.43,325865.93,40.0,5,2,1,0,9,1,11.0,11.0,34.8,33.1,33.6,29.53,36.8,1.7,4.07
CP001,Footwear,Miss Modano,Kids,6,5,42.2,6394.16,0.0,274558.68,35.0,5,1,0,0,9,0,0.0,0.0,47.8,41.3,38.0,30.67,34.2,6.5,7.33
CP001,Footwear,Miss Modano,Kids,7,5,23.2,6279.18,0.0,157354.04,19.0,4,0,0,0,9,1,15.0,13.5,42.2,45.0,41.6,37.4,16.2,-2.8,4.2
CP001,Footwear,Miss Modano,Kids,8,5,32.4,6529.68,0.0,216533.79,26.4,5,0,0,21,9,1,16.0,15.5,23.2,32.7,37.73,35.67,25.6,-9.5,2.07
CP001,Footwear,Miss Modano,Kids,9,5,43.2,6885.76,0.0,303799.12,34.0,5,0,0,5,8,0,0.0,0.0,32.4,27.8,32.6,35.3,33.6,4.6,-2.7
CP001,Footwear,Miss Modano,Kids,10,5,37.2,6227.91,0.0,240768.6,29.8,5,1,0,0,9,0,0.0,0.0,43.2,37.8,32.93,37.27,32.2,5.4,-4.33
CP001,Footwear,Miss Modano,Kids,11,5,39.0,7160.24,0.0,284823.41,32.2,4,0,0,0,9,0,10.0,10.0,37.2,40.2,37.6,37.67,32.4,-3.0,-0.07
CP001,Footwear,Miss Modano,Kids,12,5,51.0,6910.98,0.0,363959.45,43.0,4,1,6,0,9,3,25.0,22.0,39.0,38.1,39.8,36.2,33.8,0.9,3.6
CP001,Footwear,Miss Modano,Men,1,5,73.6,7649.88,0.23,547442.64,59.6,9,0,0,10,9,2,12.0,10.5,74.0,63.8,56.47,54.3,61.6,10.2,2.17
CP001,Footwear,Miss Modano,Men,2,5,58.4,7701.11,0.0,425291.6,46.2,7,1,0,0,8,0,0.0,0.0,73.6,66.3,62.07,55.23,46.6,7.3,6.83
CP001,Footwear,Miss Modano,Men,3,5,77.6,5993.29,0.0,458254.52,64.0,8,0,0,0,9,0,0.0,0.0,58.4,66.0,58.87,54.53,57.8,-7.6,4.33
CP001,Footwear,Miss Modano,Men,4,5,92.6,7297.98,0.0,614167.49,73.8,10,2,9,0,9,3,24.0,19.33,77.6,68.0,69.87,55.4,80.4,9.6,14.47
CP001,Footwear,Miss Modano,Men,5,5,70.6,7082.09,0.0,443156.19,58.0,9,2,1,0,9,1,10.0,9.67,92.6,85.1,76.2,61.63,56.2,7.5,14.57
CP001,Footwear,Miss Modano,Men,6,5,77.6,7087.47,0.0,511287.8,62.2,9,1,0,0,9,0,0.0,0.0,70.6,81.6,80.27,61.07,62.0,-11.0,19.2
CP001,Footwear,Miss Modano,Men,7,5,64.0,7332.42,0.0,414102.19,52.8,9,0,0,0,9,2,14.0,13.33,77.6,74.1,80.27,75.07,53.0,3.5,5.2
CP001,Footwear,Miss Modano,Men,8,5,67.6,7030.53,0.0,443366.44,52.6,10,0,0,21,9,1,6.0,5.33,64.0,70.8,70.73,73.47,48.2,-6.8,-2.73
CP001,Footwear,Miss Modano,Men,9,5,64.4,6731.32,0.0,405008.08,49.8,8,0,0,5,8,0,0.0,0.0,67.6,65.8,69.73,75.0,55.2,1.8,-5.27
CP001,Footwear,Miss Modano,Men,10,5,56.6,7520.12,0.0,385530.17,45.0,8,1,0,0,9,0,0.0,0.0,64.4,66.0,65.33,72.8,41.8,-1.6,-7.47
CP001,Footwear,Miss Modano,Men,11,5,63.6,6709.41,0.0,413984.43,52.2,8,0,0,0,9,1,15.0,15.0,56.6,60.5,62.87,66.8,53.6,-3.9,-3.93
CP001,Footwear,Miss Modano,Men,12,5,105.0,6702.79,0.0,628704.87,87.0,9,1,6,0,9,5,29.0,22.26,63.6,60.1,61.53,65.63,74.0,3.5,-4.1
CP001,Footwear,Miss Modano,Unisex,1,5,46.6,7700.77,0.0,358332.91,37.6,5,0,0,10,9,1,10.0,9.5,31.4,36.4,34.87,38.4,41.4,-5.0,-3.53
CP001,Footwear,Miss Modano,Unisex,2,5,40.8,8360.69,0.0,331803.13,34.8,4,1,0,0,8,0,0.0,0.0,46.6,32.9,35.73,37.57,28.0,13.7,-1.83
CP001,Footwear,Miss Modano,Unisex,3,5,40.0,7060.56,0.0,284882.49,33.2,4,0,0,0,9,0,0.0,0.0,40.8,43.7,33.2,35.63,29.6,-2.9,-2.43
CP001,Footwear,Miss Modano,Unisex,4,5,61.6,8093.36,0.0,490163.63,51.6,5,2,9,0,9,1,17.0,15.0,40.0,40.4,42.47,33.87,42.2,-0.4,8.6
CP001,Footwear,Miss Modano,Unisex,5,5,56.4,7442.85,0.0,396956.92,47.2,5,2,1,0,9,0,6.0,6.0,61.6,50.8,47.47,36.13,44.8,10.8,11.33
CP001,Footwear,Miss Modano,Unisex,6,5,40.0,7809.71,0.0,302972.83,33.6,5,1,0,0,9,0,0.0,0.0,56.4,59.0,52.67,36.73,35.4,-2.6,15.93
CP001,Footwear,Miss Modano,Unisex,7,5,43.0,7880.13,0.67,330626.13,35.0,5,0,0,0,9,2,20.0,18.0,40.0,48.2,52.67,47.57,39.4,-8.2,5.1
CP001,Footwear,Miss Modano,Unisex,8,5,55.0,7976.62,0.19,409943.77,45.0,5,0,0,21,9,2,9.0,7.4,43.0,41.5,46.47,46.97,45.4,1.5,-0.5
CP001,Footwear,Miss Modano,Unisex,9,5,49.0,7625.75,0.0,359947.77,39.6,5,0,0,5,8,0,0.0,0.0,55.0,49.0,46.0,49.33,41.0,6.0,-3.33
CP001,Footwear,Miss Modano,Unisex,10,5,41.6,8320.59,0.0,342230.77,34.6,5,1,0,0,9,0,0.0,0.0,49.0,52.0,49.0,50.83,31.8,-3.0,-1.83
CP001,Footwear,Miss Modano,Unisex,11,5,55.6,7246.24,0.4,393313.82,47.4,6,0,0,0,9,1,12.0,10.5,41.6,45.3,48.53,47.5,41.4,-3.7,1.03
CP001,Footwear,Miss Modano,Unisex,12,5,43.0,7303.81,0.0,306190.41,35.8,4,1,6,0,9,2,27.0,23.83,55.6,48.6,48.73,47.37,31.4,7.0,1.37
CP001,Footwear,Miss Modano,Women,1,5,40.8,7721.69,0.0,299272.07,34.0,4,0,0,10,9,2,14.0,14.0,27.2,28.2,28.67,30.77,35.0,-1.0,-2.1
CP001,Footwear,Miss Modano,Women,2,5,30.0,8734.78,0.0,239984.7,25.6,4,1,0,0,8,0,0.0,0.0,40.8,31.7,30.87,32.07,26.2,9.1,-1.2
CP001,Footwear,Miss Modano,Women,3,5,31.8,7304.05,0.0,220550.89,25.2,4,0,0,0,9,0,0.0,0.0,30.0,35.4,29.73,30.0,23.4,-5.4,-0.27
CP001,Footwear,Miss Modano,Women,4,5,52.0,9163.26,0.0,448977.67,41.8,5,2,9,0,9,2,16.0,14.0,31.8,30.9,34.2,28.33,44.4,0.9,5.87
CP001,Footwear,Miss Modano,Women,5,5,41.8,7589.71,0.18,298855.81,33.4,5,2,1,0,9,0,2.0,2.0,52.0,41.9,37.93,30.0,38.2,10.1,7.93
CP001,Footwear,Miss Modano,Women,6,5,46.8,8266.77,0.0,357505.41,36.2,5,1,0,0,9,0,0.0,0.0,41.8,46.9,41.87,30.37,36.4,-5.1,11.5
CP001,Footwear,Miss Modano,Women,7,5,35.6,7318.52,0.0,250608.43,28.6,4,0,0,0,9,1,13.0,12.5,46.8,44.3,46.87,40.53,28.4,2.5,6.33
CP001,Footwear,Miss Modano,Women,8,5,45.2,6936.56,0.0,290420.82,35.4,5,0,0,21,9,0,6.0,6.0,35.6,41.2,41.4,39.67,38.2,-5.6,1.73
CP001,Footwear,Miss Modano,Women,9,5,36.0,8175.98,0.0,272103.03,28.0,4,0,0,5,8,0,0.0,0.0,45.2,40.4,42.53,42.2,32.0,4.8,0.33
CP001,Footwear,Miss Modano,Women,10,5,45.4,7604.06,0.0,313707.0,38.2,4,1,0,0,9,0,0.0,0.0,36.0,40.6,38.93,42.9,29.6,-4.6,-3.97
CP001,Footwear,Miss Modano,Women,11,5,38.2,8009.73,0.0,277371.38,31.2,5,0,0,0,9,1,10.0,9.5,45.4,40.7,42.2,41.8,29.2,4.7,0.4
CP001,Footwear,Miss Modano,Women,12,5,49.4,6438.51,0.0,299541.9,42.8,4,1,6,0,9,1,8.0,7.33,38.2,41.8,39.87,41.2,27.2,-3.6,-1.33
CP001,Footwear,Modano,Kids,1,5,68.8,7013.3,0.18,483631.56,55.2,9,0,0,10,9,2,12.0,11.17,65.8,54.0,54.2,49.43,59.2,11.8,4.77
CP001,Footwear,Modano,Kids,2,5,61.4,6450.46,0.0,395606.47,47.2,8,1,0,0,8,0,0.0,0.0,68.8,59.5,53.73,53.33,51.2,9.3,0.4
CP001,Footwear,Modano,Kids,3,5,55.4,7328.57,0.0,400755.46,45.0,8,0,0,0,9,0,0.0,0.0,61.4,65.1,57.93,54.37,48.8,-3.7,3.57
CP001,Footwear,Modano,Kids,4,5,64.0,7493.13,0.33,482222.13,50.6,8,2,9,0,9,3,23.0,17.87,55.4,58.4,61.87,51.83,48.8,-3.0,10.03
CP001,Footwear,Modano,Kids,5,5,64.0,7296.67,0.0,470071.65,51.2,9,2,1,0,9,1,8.0,7.67,64.0,59.7,60.27,51.27,52.2,4.3,9.0
CP001,Footwear,Modano,Kids,6,5,39.4,6665.0,0.0,256094.06,32.6,6,1,0,0,9,0,0.0,0.0,64.0,64.0,61.13,51.9,33.0,0.0,9.23
CP001,Footwear,Modano,Kids,7,5,41.4,7743.28,0.29,321298.7,34.4,8,0,0,0,9,1,20.0,18.0,39.4,51.7,55.8,58.83,29.8,-12.3,-3.03
CP001,Footwear,Modano,Kids,8,5,62.2,6801.4,0.0,428565.5,50.4,8,0,0,21,9,1,11.0,10.0,41.4,40.4,48.27,54.27,48.6,1.0,-6.0
CP001,Footwear,Modano,Kids,9,5,70.0,6952.59,0.0,477397.45,58.2,9,0,0,5,8,0,0.0,0.0,62.2,51.8,47.67,54.4,55.6,10.4,-6.73
CP001,Footwear,Modano,Kids,10,5,63.0,6792.58,0.0,404143.23,51.2,8,1,0,0,9,0,0.0,0.0,70.0,66.1,57.87,56.83,54.6,3.9,1.03
CP001,Footwear,Modano,Kids,11,5,58.0,6682.26,0.0,378472.46,47.2,8,0,0,0,9,1,12.0,11.17,63.0,66.5,65.07,56.67,42.2,-3.5,8.4
CP001,Footwear,Modano,Kids,12,5,80.2,7246.46,0.0,560202.21,67.0,9,1,6,0,9,4,28.0,22.01,58.0,60.5,63.67,55.67,65.8,-2.5,8.0
CP001,Footwear,Modano,Men,1,5,22.8,6219.92,0.0,152085.53,17.4,6,0,0,10,9,0,5.0,5.0,31.0,24.6,21.6,20.4,18.8,6.4,1.2
CP001,Footwear,Modano,Men,2,5,23.0,5585.92,0.0,140964.82,17.8,5,1,0,0,8,0,0.0,0.0,22.8,26.0,23.4,20.37,18.2,-3.2,3.03
CP001,Footwear,Modano,Men,3,5,34.8,6545.72,0.0,249613.82,27.2,5,0,0,0,9,0,0.0,0.0,23.0,22.9,23.2,20.3,26.2,0.1,2.9
CP001,Footwear,Modano,Men,4,5,35.2,5877.23,0.0,229921.5,27.8,5,2,9,0,9,1,12.0,12.0,34.8,28.9,26.87,21.83,25.6,5.9,5.03
CP001,Footwear,Modano,Men,5,5,24.2,5765.54,0.0,152717.91,19.8,6,2,1,0,9,1,8.0,7.5,35.2,35.0,31.0,24.8,20.8,0.2,6.2
CP001,Footwear,Modano,Men,6,5,28.0,6720.13,0.0,194240.29,21.4,6,1,0,0,9,0,0.0,0.0,24.2,29.7,31.4,25.03,23.2,-5.5,6.37
CP001,Footwear,Modano,Men,7,5,27.6,5977.09,0.0,191818.06,20.6,6,0,0,0,9,2,17.0,15.33,28.0,26.1,29.13,28.0,21.2,1.9,1.13
CP001,Footwear,Modano,Men,8,5,22.8,5806.97,0.2,146081.3,17.8,6,0,0,21,9,2,10.0,8.0,27.6,27.8,26.6,28.8,18.0,-0.2,-2.2
CP001,Footwear,Modano,Men,9,5,26.0,5948.1,0.0,175494.07,21.4,5,0,0,5,8,0,0.0,0.0,22.8,25.2,26.13,28.77,18.4,-2.4,-2.63
CP001,Footwear,Modano,Men,10,5,21.6,5680.54,0.0,130863.78,17.2,5,1,0,0,9,0,0.0,0.0,26.0,24.4,25.47,27.3,15.6,1.6,-1.83
CP001,Footwear,Modano,Men,11,5,24.0,5910.0,0.0,155036.56,18.6,5,0,0,0,9,1,14.0,14.0,21.6,23.8,23.47,25.03,18.2,-2.2,-1.57
CP001,Footwear,Modano,Men,12,5,34.8,6441.39,0.0,243027.37,27.8,5,1,6,0,9,2,21.0,16.25,24.0,22.8,23.87,25.0,31.0,1.2,-1.13
CP001,Footwear,Modano,Unisex,1,5,9.8,2551.65,0.0,22721.87,8.6,3,0,0,10,9,1,7.0,7.0,11.8,10.6,11.07,10.07,7.6,1.2,1.0
CP001,Footwear,Modano,Unisex,2,5,11.2,2682.15,0.0,24732.09,9.0,2,1,0,0,8,0,0.0,0.0,9.8,10.3,10.0,10.57,9.8,-0.5,-0.57
CP001,Footwear,Modano,Unisex,3,4,18.0,2500.52,0.0,37170.8,16.0,2,0,0,0,9,0,0.0,0.0,9.25,9.0,8.83,8.67,5.25,0.25,0.17
CP001,Footwear,Modano,Unisex,4,5,10.2,2915.71,0.0,28950.44,7.4,3,2,9,0,9,1,12.0,10.5,18.2,14.2,12.93,11.1,13.4,4.0,1.83
CP001,Footwear,Modano,Unisex,5,5,15.8,2944.71,0.0,40558.94,12.4,3,2,1,0,9,0,2.0,2.0,10.2,14.2,12.87,10.97,9.8,-4.0,1.9
CP001,Footwear,Modano,Unisex,6,5,12.2,2933.45,0.0,32387.53,9.6,3,1,0,0,9,0,0.0,0.0,15.8,13.0,14.73,11.63,13.6,2.8,3.1
CP001,Footwear,Modano,Unisex,7,4,5.5,3003.19,0.0,15632.96,4.25,2,0,0,0,9,0,3.75,3.12,13.25,15.25,13.67,12.83,5.25,-2.0,0.83
CP001,Footwear,Modano,Unisex,8,4,18.75,2636.22,0.0,41599.77,15.75,3,0,0,21,9,0,6.25,6.25,6.25,9.75,12.5,13.67,18.0,-3.5,-1.17
CP001,Footwear,Modano,Unisex,9,5,11.6,2607.06,0.0,24626.33,9.4,3,0,0,5,8,0,0.0,0.0,16.0,11.5,11.6,13.2,8.6,4.5,-1.6
CP001,Footwear,Modano,Unisex,10,5,13.4,2936.39,0.0,36256.74,10.8,3,1,0,0,9,0,0.0,0.0,11.6,13.8,11.53,12.47,10.0,-2.2,-0.93
CP001,Footwear,Modano,Unisex,11,5,11.2,2613.28,0.0,23374.2,9.2,2,0,0,0,9,1,15.0,15.0,13.4,12.5,13.67,12.73,7.4,0.9,0.93
CP001,Footwear,Modano,Unisex,12,5,12.4,2747.45,0.0,28460.03,9.6,3,1,6,0,9,2,21.0,20.0,11.2,12.3,12.07,11.83,13.0,-1.1,0.23
CP001,Footwear,Modano,Women,1,5,25.4,8136.49,0.25,230143.73,19.4,6,0,0,10,9,1,5.0,4.33,33.0,31.9,30.53,26.53,18.8,1.1,4.0
CP001,Footwear,Modano,Women,2,5,25.2,7311.72,0.0,231811.82,20.6,6,1,0,0,8,0,0.0,0.0,25.4,26.7,28.07,25.3,21.8,-1.3,2.77
CP001,Footwear,Modano,Women,3,5,33.4,7064.28,0.0,316582.73,27.4,6,0,0,0,9,0,0.0,0.0,25.2,25.3,25.53,26.27,33.0,-0.1,-0.73
CP001,Footwear,Modano,Women,4,5,36.6,7290.0,0.0,325983.07,28.6,7,2,9,0,9,2,20.0,18.83,33.4,29.3,28.0,27.07,25.0,4.1,0.93
CP001,Footwear,Modano,Women,5,5,26.2,6814.65,0.0,237169.42,20.8,6,2,1,0,9,1,7.0,7.0,36.6,35.0,31.73,26.97,20.8,1.6,4.77
CP001,Footwear,Modano,Women,6,5,39.8,7998.73,0.0,383731.23,30.6,7,1,0,0,9,0,0.0,0.0,26.2,31.4,32.07,24.73,32.2,-5.2,7.33
CP001,Footwear,Modano,Women,7,5,33.6,7131.73,0.0,297806.41,26.4,7,0,0,0,9,2,16.0,15.0,39.8,33.0,34.2,31.1,27.8,6.8,3.1
CP001,Footwear,Modano,Women,8,5,25.2,8009.81,0.0,235840.2,19.8,5,0,0,21,9,1,10.0,9.5,33.6,36.7,33.2,32.47,17.4,-3.1,0.73
CP001,Footwear,Modano,Women,9,5,25.2,7523.01,0.0,235205.68,20.2,5,0,0,5,8,0,0.0,0.0,25.2,29.4,32.87,32.47,22.4,-4.2,0.4
CP001,Footwear,Modano,Women,10,5,34.0,8707.37,0.0,314804.27,26.4,6,1,0,0,9,0,0.0,0.0,25.2,25.2,28.0,31.1,27.8,0.0,-3.1
CP001,Footwear,Modano,Women,11,5,34.8,8072.67,0.0,343892.96,27.4,6,0,0,0,9,0,11.0,11.0,34.0,29.6,28.13,30.67,30.8,4.4,-2.53
CP001,Footwear,Modano,Women,12,5,47.6,8033.2,0.0,453093.22,38.0,7,1,6,0,9,2,23.0,17.25,34.8,34.4,31.33,32.1,33.0,0.4,-0.77
CP001,Kids,Emerald,Kids,1,5,390.8,1861.94,0.03,749933.11,326.0,33,0,0,10,9,7,15.0,12.35,389.2,331.0,310.6,303.17,282.0,58.2,7.43
CP001,Kids,Emerald,Kids,2,5,334.2,2058.82,0.0,700442.14,281.8,26,1,0,0,8,0,0.0,0.0,390.8,356.8,328.8,320.27,265.4,34.0,8.53
CP001,Kids,Emerald,Kids,3,5,382.2,1835.03,0.0,729592.45,320.8,33,0,0,0,9,0,0.0,0.0,334.2,362.5,326.93,305.9,308.8,-28.3,21.03
CP001,Kids,Emerald,Kids,4,5,503.8,1906.59,0.09,1017586.95,429.2,32,2,9,0,9,9,25.0,16.93,382.2,358.2,369.07,305.3,414.2,24.0,63.77
CP001,Kids,Emerald,Kids,5,5,394.2,1780.58,0.1,752724.18,328.6,33,2,1,0,9,5,15.0,12.25,503.8,443.0,406.73,325.0,316.8,60.8,81.73
CP001,Kids,Emerald,Kids,6,5,331.8,1872.68,0.0,648716.88,280.2,29,1,0,0,9,0,0.0,0.0,394.2,449.0,426.73,330.6,267.6,-54.8,96.13
CP001,Kids,Emerald,Kids,7,5,311.8,1858.33,0.0,596288.14,258.2,29,0,0,0,9,9,20.0,15.2,331.8,363.0,409.93,389.5,221.8,-31.2,20.43
CP001,Kids,Emerald,Kids,8,5,468.6,1906.22,0.11,948959.68,403.2,30,0,0,21,9,11,20.0,14.98,311.8,321.8,345.93,376.33,353.4,-10.0,-30.4
CP001,Kids,Emerald,Kids,9,5,394.4,1795.57,0.0,734629.03,327.6,34,0,0,5,8,0,0.0,0.0,468.6,390.2,370.73,398.73,312.0,78.4,-28.0
CP001,Kids,Emerald,Kids,10,5,394.4,1826.25,0.0,748700.36,333.2,31,1,0,0,9,0,0.0,0.0,394.4,431.5,391.6,400.77,269.8,-37.1,-9.17
CP001,Kids,Emerald,Kids,11,5,335.0,1772.78,0.15,643737.77,280.4,31,0,0,0,9,4,28.0,25.53,394.4,394.4,419.13,382.53,272.8,0.0,36.6
CP001,Kids,Emerald,Kids,12,5,487.2,1845.54,0.25,958677.02,412.8,31,1,6,0,9,13,29.0,21.73,335.0,364.7,374.6,372.67,389.2,-29.7,1.93
CP001,Kids,Hustle,Kids,1,5,242.6,1985.04,0.04,520070.28,203.8,26,0,0,10,9,7,14.0,11.95,230.2,211.4,207.67,198.23,195.0,18.8,9.43
CP001,Kids,Hustle,Kids,2,5,192.0,2013.36,0.0,390592.2,157.0,22,1,0,0,8,0,0.0,0.0,242.6,212.1,205.6,198.97,160.6,30.5,6.63
CP001,Kids,Hustle,Kids,3,5,246.2,1887.19,0.0,481248.95,202.8,25,0,0,0,9,0,0.0,0.0,192.0,217.3,193.8,191.5,205.4,-25.3,2.3
CP001,Kids,Hustle,Kids,4,5,344.4,1861.38,0.06,676058.16,290.2,27,2,9,0,9,8,25.0,17.77,246.2,219.1,226.93,195.53,268.6,27.1,31.4
CP001,Kids,Hustle,Kids,5,5,228.6,1842.81,0.0,435266.22,183.0,26,2,1,0,9,3,15.0,12.17,344.4,295.3,260.87,208.13,191.0,49.1,52.73
CP001,Kids,Hustle,Kids,6,5,234.2,1945.17,0.0,481458.32,193.6,25,1,0,0,9,0,0.0,0.0,228.6,286.5,273.07,207.17,177.4,-57.9,65.9
CP001,Kids,Hustle,Kids,7,5,250.4,1935.16,0.0,498152.9,204.6,28,0,0,0,9,8,20.0,14.53,234.2,231.4,269.07,248.0,189.6,2.8,21.07
CP001,Kids,Hustle,Kids,8,5,265.6,1892.03,0.05,523467.92,221.8,29,0,0,21,9,4,18.0,14.3,250.4,242.3,237.73,249.3,202.0,8.1,-11.57
CP001,Kids,Hustle,Kids,9,5,220.0,1885.98,0.0,443882.39,182.8,24,0,0,5,8,0,0.0,0.0,265.6,258.0,250.07,261.57,174.8,7.6,-11.5
CP001,Kids,Hustle,Kids,10,5,253.8,1859.41,0.0,516419.0,211.2,27,1,0,0,9,0,0.0,0.0,220.0,242.8,245.33,257.2,200.2,-22.8,-11.87
CP001,Kids,Hustle,Kids,11,5,247.4,1971.23,0.09,524379.88,206.2,25,0,0,0,9,3,29.0,26.0,253.8,236.9,246.47,242.1,192.6,16.9,4.37
CP001,Kids,Hustle,Kids,12,5,325.6,1756.47,0.0,625152.98,274.2,25,1,6,0,9,16,30.0,22.6,247.4,250.6,240.4,245.23,230.2,-3.2,-4.83
CP001,Kids,King Street,Kids,1,5,97.0,2147.16,0.18,196574.75,75.6,13,0,0,10,9,3,14.0,12.5,112.8,90.4,81.67,77.6,77.2,22.4,4.07
CP001,Kids,King Street,Kids,2,5,77.4,2122.46,0.0,166715.77,60.8,12,1,0,0,8,0,0.0,0.0,97.0,92.7,84.47,79.4,57.0,4.3,5.07
CP001,Kids,King Street,Kids,3,5,104.4,2088.98,0.0,203640.39,86.4,13,0,0,0,9,0,0.0,0.0,77.4,87.2,83.93,78.27,78.4,-9.8,5.67
CP001,Kids,King Street,Kids,4,5,120.8,2185.81,0.33,253290.54,99.4,13,2,9,0,9,4,20.0,16.33,104.4,90.9,92.93,77.67,89.4,13.5,15.27
CP001,Kids,King Street,Kids,5,5,92.2,2130.13,0.0,190245.06,76.4,11,2,1,0,9,2,9.0,7.8,120.8,112.6,100.87,83.97,70.8,8.2,16.9
CP001,Kids,King Street,Kids,6,5,87.8,2245.04,0.0,185865.04,67.6,11,1,0,0,9,0,0.0,0.0,92.2,106.5,105.8,84.13,66.2,-14.3,21.67
CP001,Kids,King Street,Kids,7,5,85.4,2342.06,0.17,193091.03,68.2,13,0,0,0,9,2,17.0,16.17,87.8,90.0,100.27,96.6,61.8,-2.2,3.67
CP001,Kids,King Street,Kids,8,5,86.2,2250.52,0.0,192952.23,68.4,12,0,0,21,9,5,19.0,13.86,85.4,86.6,88.47,94.67,73.2,-1.2,-6.2
CP001,Kids,King Street,Kids,9,5,105.0,2182.34,0.0,224107.53,86.8,13,0,0,5,8,0,0.0,0.0,86.2,85.8,86.47,96.13,85.6,0.4,-9.67
CP001,Kids,King Street,Kids,10,5,79.6,2306.52,0.0,182901.94,63.4,11,1,0,0,9,0,0.0,0.0,105.0,95.6,92.2,96.23,64.2,9.4,-4.03
CP001,Kids,King Street,Kids,11,5,86.8,2299.37,0.0,195751.59,70.0,12,0,0,0,9,2,29.0,27.5,79.6,92.3,90.27,89.37,68.0,-12.7,0.9
CP001,Kids,King Street,Kids,12,5,125.8,2216.34,0.0,263251.09,106.8,12,1,6,0,9,4,28.0,23.54,86.8,83.2,90.47,88.47,112.8,3.6,2.0
CP001,Kids,Libera,Kids,1,5,109.2,1989.05,0.15,217805.08,90.6,12,0,0,10,9,2,12.0,9.67,106.6,97.1,92.6,94.0,92.6,9.5,-1.4
CP001,Kids,Libera,Kids,2,5,96.4,1902.29,0.0,189119.29,80.0,10,1,0,0,8,0,0.0,0.0,109.2,98.0,94.53,95.07,84.6,11.2,-0.53
CP001,Kids,Libera,Kids,3,5,102.0,2013.78,0.0,205695.68,85.2,11,0,0,0,9,0,0.0,0.0,96.4,102.8,90.13,89.97,78.4,-6.4,0.17
CP001,Kids,Libera,Kids,4,5,141.6,2022.1,0.0,273859.48,119.0,11,2,9,0,9,2,21.0,18.33,102.0,99.2,102.53,88.37,120.2,2.8,14.17
CP001,Kids,Libera,Kids,5,5,123.2,1932.71,0.0,234470.26,104.4,12,2,1,0,9,2,11.0,10.17,141.6,121.8,113.33,93.67,92.6,19.8,19.67
CP001,Kids,Libera,Kids,6,5,100.0,1976.65,0.0,181709.79,83.0,11,1,0,0,9,0,0.0,0.0,123.2,132.4,122.27,95.6,73.8,-9.2,26.67
CP001,Kids,Libera,Kids,7,5,106.4,2089.6,0.0,220803.8,88.6,12,0,0,0,9,6,20.0,15.32,100.0,111.6,121.6,112.07,83.0,-11.6,9.53
CP001,Kids,Libera,Kids,8,5,144.2,1890.74,0.07,255462.64,121.4,13,0,0,21,9,4,18.0,14.58,106.4,103.2,109.87,111.6,105.0,3.2,-1.73
CP001,Kids,Libera,Kids,9,5,124.8,1956.29,0.0,239316.38,103.0,12,0,0,5,8,0,0.0,0.0,144.2,125.3,116.87,119.57,98.2,18.9,-2.7
CP001,Kids,Libera,Kids,10,5,103.6,2150.06,0.0,216960.39,85.0,11,1,0,0,9,0,0.0,0.0,124.8,134.5,125.13,123.37,83.6,-9.7,1.77
CP001,Kids,Libera,Kids,11,5,119.0,2092.82,0.22,241588.92,103.0,12,0,0,0,9,3,24.0,21.67,103.6,114.2,124.2,117.03,87.6,-10.6,7.17
CP001,Kids,Libera,Kids,12,5,130.2,2013.35,0.0,255485.94,108.0,11,1,6,0,9,5,28.0,23.21,119.0,111.3,115.8,116.33,106.6,7.7,-0.53
CP001,Kids,Miss Modano,Kids,1,5,239.4,1935.06,0.19,463389.31,195.2,23,0,0,10,9,6,15.0,12.57,255.0,203.9,195.73,179.63,171.0,51.1,16.1
CP001,Kids,Miss Modano,Kids,2,5,193.0,2113.71,0.0,410495.24,157.4,22,1,0,0,8,0,0.0,0.0,239.4,231.0,204.93,184.87,141.6,8.4,20.07
CP001,Kids,Miss Modano,Kids,3,5,186.2,1837.74,0.0,339158.31,152.8,22,0,0,0,9,0,0.0,0.0,193.0,216.2,204.07,181.6,149.0,-23.2,22.47
CP001,Kids,Miss Modano,Kids,4,5,310.2,1942.49,0.0,591772.57,264.2,25,2,9,0,9,7,24.0,16.99,186.2,189.6,206.2,183.57,243.2,-3.4,22.63
CP001,Kids,Miss Modano,Kids,5,5,227.8,2065.04,0.0,463147.63,192.6,24,2,1,0,9,3,14.0,13.07,310.2,248.2,229.8,197.13,174.8,62.0,32.67
CP001,Kids,Miss Modano,Kids,6,5,195.6,2032.99,0.0,389960.24,159.6,22,1,0,0,9,0,0.0,0.0,227.8,269.0,241.4,202.07,147.8,-41.2,39.33
CP001,Kids,Miss Modano,Kids,7,5,227.4,1958.03,0.0,443998.75,183.6,25,0,0,0,9,6,19.0,16.21,195.6,211.7,244.53,225.37,175.6,-16.1,19.17
CP001,Kids,Miss Modano,Kids,8,5,239.0,1990.66,0.0,471662.57,199.2,24,0,0,21,9,4,18.0,15.3,227.4,211.5,216.93,223.37,169.8,15.9,-6.43
CP001,Kids,Miss Modano,Kids,9,5,183.2,2022.04,0.0,365183.32,149.2,22,0,0,5,8,0,0.0,0.0,239.0,233.2,220.67,231.03,145.2,5.8,-10.37
CP001,Kids,Miss Modano,Kids,10,5,212.2,2020.59,0.0,419288.74,174.4,22,1,0,0,9,0,0.0,0.0,183.2,211.1,216.53,230.53,179.4,-27.9,-14.0
CP001,Kids,Miss Modano,Kids,11,5,209.4,1970.47,0.0,405891.88,169.4,22,0,0,0,9,4,27.0,23.69,212.2,197.7,211.47,214.2,152.8,14.5,-2.73
CP001,Kids,Miss Modano,Kids,12,5,305.2,1894.81,0.62,557103.17,259.0,23,1,6,0,9,13,30.0,23.6,209.4,210.8,201.6,211.13,255.0,-1.4,-9.53
CP001,Kids,Modano,Kids,1,5,181.8,2090.37,0.0,376727.8,146.0,22,0,0,10,9,5,15.0,12.26,187.2,157.5,149.07,134.17,143.6,29.7,14.9
CP001,Kids,Modano,Kids,2,5,158.6,2080.31,0.0,338280.19,128.6,20,1,0,0,8,0,0.0,0.0,181.8,165.9,153.2,139.73,130.8,15.9,13.47
CP001,Kids,Modano,Kids,3,5,157.6,2076.59,0.0,330693.56,127.4,22,0,0,0,9,0,0.0,0.0,158.6,170.2,151.13,137.0,131.4,-11.6,14.13
CP001,Kids,Modano,Kids,4,5,169.0,2087.21,0.0,350702.89,141.4,20,2,9,0,9,6,25.0,20.25,157.6,158.1,166.0,140.7,139.8,-0.5,25.3
CP001,Kids,Modano,Kids,5,5,176.2,2145.33,0.17,363651.98,144.6,21,2,1,0,9,4,14.0,12.57,169.0,163.3,161.73,140.0,137.6,5.7,21.73
CP001,Kids,Modano,Kids,6,5,148.6,1982.23,0.0,300712.55,121.8,21,1,0,0,9,0,0.0,0.0,176.2,172.6,167.6,140.07,124.8,3.6,27.53
CP001,Kids,Modano,Kids,7,5,141.4,2062.63,0.12,296514.19,112.8,20,0,0,0,9,6,18.0,14.05,148.6,162.4,164.6,165.3,111.2,-13.8,-0.7
CP001,Kids,Modano,Kids,8,5,173.2,2056.0,0.27,353519.2,145.2,19,0,0,21,9,4,20.0,16.6,141.4,145.0,155.4,158.57,138.0,-3.6,-3.17
CP001,Kids,Modano,Kids,9,5,147.0,2011.89,0.0,293844.13,123.0,20,0,0,5,8,0,0.0,0.0,173.2,157.3,154.4,161.0,108.6,15.9,-6.6
CP001,Kids,Modano,Kids,10,5,157.8,2118.53,0.0,320823.13,127.6,23,1,0,0,9,0,0.0,0.0,147.0,160.1,153.87,159.23,132.2,-13.1,-5.37
CP001,Kids,Modano,Kids,11,5,154.0,2092.26,0.12,318421.73,124.2,20,0,0,0,9,4,28.0,24.08,157.8,152.4,159.33,157.37,127.8,5.4,1.97
CP001,Kids,Modano,Kids,12,5,228.0,1957.88,0.12,439685.8,189.6,21,1,6,0,9,12,30.0,21.54,154.0,155.9,152.93,153.67,187.2,-1.9,-0.73
CP001,Men,Emerald,Men,1,5,259.0,3744.49,0.05,983468.66,212.0,33,0,0,10,9,6,15.0,13.18,276.2,241.0,233.53,221.37,208.4,35.2,12.17
CP001,Men,Emerald,Men,2,5,264.8,3640.05,0.0,987436.98,216.8,32,1,0,0,8,0,0.0,0.0,259.0,243.1,230.67,221.4,213.4,15.9,9.27
CP001,Men,Emerald,Men,3,5,290.4,3727.46,0.0,1144201.77,237.8,31,0,0,0,9,0,0.0,0.0,264.8,261.9,232.0,221.67,224.4,2.9,10.33
CP001,Men,Emerald,Men,4,5,311.2,3629.0,0.19,1133740.97,258.2,33,2,9,0,9,10,25.0,18.18,290.4,277.6,271.4,227.97,254.4,12.8,43.43
CP001,Men,Emerald,Men,5,5,266.6,3467.18,0.05,951254.26,220.4,33,2,1,0,9,6,15.0,11.51,311.2,300.8,288.8,234.07,202.0,10.4,54.73
CP001,Men,Emerald,Men,6,5,253.2,3840.56,0.0,1000354.01,210.4,32,1,0,0,9,0,0.0,0.0,266.6,288.9,289.4,234.87,209.0,-22.3,54.53
CP001,Men,Emerald,Men,7,5,272.8,3759.89,0.13,1056585.71,224.0,33,0,0,0,9,8,20.0,16.02,253.2,259.9,277.0,274.2,209.8,-6.7,2.8
CP001,Men,Emerald,Men,8,5,262.2,3668.49,0.0,973802.95,220.2,31,0,0,21,9,8,20.0,14.62,272.8,263.0,264.2,276.5,208.2,9.8,-12.3
CP001,Men,Emerald,Men,9,5,261.4,3595.81,0.0,966397.98,219.8,32,0,0,5,8,0,0.0,0.0,262.2,267.5,262.73,276.07,209.6,-5.3,-13.33
CP001,Men,Emerald,Men,10,5,291.6,3639.82,0.0,1107260.44,239.0,33,1,0,0,9,0,0.0,0.0,261.4,261.8,265.47,271.23,218.6,-0.4,-5.77
CP001,Men,Emerald,Men,11,5,272.4,3604.43,0.0,957233.63,226.8,28,0,0,0,9,5,28.0,25.0,291.6,276.5,271.73,267.97,205.8,15.1,3.77
CP001,Men,Emerald,Men,12,5,356.2,3681.47,0.13,1364509.25,303.6,33,1,6,0,9,14,30.0,23.7,272.4,282.0,275.13,268.93,276.2,-9.6,6.2
CP001,Men,Hustle,Men,1,5,253.0,3628.65,0.0,868382.28,206.8,33,0,0,10,9,7,15.0,13.03,202.4,197.9,187.33,177.93,190.2,4.5,9.4
CP001,Men,Hustle,Men,2,5,195.2,3863.65,0.0,754072.82,155.6,28,1,0,0,8,0,0.0,0.0,253.0,205.0,201.13,184.4,154.8,48.0,16.73
CP001,Men,Hustle,Men,3,5,226.4,3698.74,0.0,862275.49,183.6,33,0,0,0,9,0,0.0,0.0,195.2,224.1,192.13,184.07,167.0,-28.9,8.07
CP001,Men,Hustle,Men,4,5,275.6,3363.69,0.04,917514.49,223.8,35,2,9,0,9,8,24.0,16.79,226.4,210.8,224.87,185.13,221.6,15.6,39.73
CP001,Men,Hustle,Men,5,5,217.8,3613.56,0.06,785474.08,176.8,35,2,1,0,9,4,15.0,12.85,275.6,251.0,232.4,193.9,179.4,24.6,38.5
CP001,Men,Hustle,Men,6,5,223.4,3465.25,0.0,751311.13,182.2,32,1,0,0,9,0,0.0,0.0,217.8,246.7,239.93,190.13,179.0,-28.9,49.8
CP001,Men,Hustle,Men,7,5,209.8,3505.51,0.0,735534.91,170.8,31,0,0,0,9,9,20.0,16.07,223.4,220.6,238.93,231.9,168.8,2.8,7.03
CP001,Men,Hustle,Men,8,5,219.2,3636.85,0.12,737096.08,175.2,31,0,0,21,9,8,20.0,15.01,209.8,216.6,217.0,224.7,168.4,-6.8,-7.7
CP001,Men,Hustle,Men,9,5,206.2,3637.84,0.0,727333.94,165.6,31,0,0,5,8,0,0.0,0.0,219.2,214.5,217.47,228.7,168.4,4.7,-11.23
CP001,Men,Hustle,Men,10,5,213.2,3766.74,0.0,756517.85,170.4,32,1,0,0,9,0,0.0,0.0,206.2,212.7,211.73,225.33,166.2,-6.5,-13.6
CP001,Men,Hustle,Men,11,5,236.8,3488.94,0.07,802563.71,196.4,35,0,0,0,9,6,30.0,25.04,213.2,209.7,212.87,214.93,193.4,3.5,-2.07
CP001,Men,Hustle,Men,12,5,263.6,3470.21,0.08,901720.0,215.0,30,1,6,0,9,16,30.0,22.78,236.8,225.0,218.73,218.1,202.4,11.8,0.63
CP001,Men,King Street,Men,1,5,104.2,3604.36,0.0,366706.24,84.6,13,0,0,10,9,2,10.0,8.83,96.0,86.7,80.07,71.33,86.6,9.3,8.73
CP001,Men,King Street,Men,2,5,81.2,3236.42,0.0,257910.58,67.6,11,1,0,0,8,0,0.0,0.0,104.2,92.5,87.47,75.13,65.2,11.7,12.33
CP001,Men,King Street,Men,3,5,86.2,3532.16,0.0,297125.22,69.2,13,0,0,0,9,0,0.0,0.0,81.2,92.7,82.73,74.67,69.8,-11.5,8.07
CP001,Men,King Street,Men,4,5,108.6,3579.59,0.0,388034.73,88.2,14,2,9,0,9,3,23.0,20.5,86.2,83.7,90.53,75.53,85.6,2.5,15.0
CP001,Men,King Street,Men,5,5,89.8,3727.53,0.0,330682.89,74.0,13,2,1,0,9,2,9.0,7.58,108.6,97.4,92.0,79.63,73.4,11.2,12.37
CP001,Men,King Street,Men,6,5,115.8,3771.2,0.0,427208.45,95.2,15,1,0,0,9,0,0.0,0.0,89.8,99.2,94.87,79.77,85.6,-9.4,15.1
CP001,Men,King Street,Men,7,5,80.2,3663.7,0.21,288859.3,66.8,13,0,0,0,9,3,19.0,15.43,115.8,102.8,104.73,97.63,66.2,13.0,7.1
CP001,Men,King Street,Men,8,5,83.6,3534.74,0.43,287685.88,66.6,12,0,0,21,9,4,18.0,14.79,80.2,98.0,95.27,93.63,66.0,-17.8,1.63
CP001,Men,King Street,Men,9,5,78.0,3743.52,0.0,296062.76,63.4,12,0,0,5,8,0,0.0,0.0,83.6,81.9,93.2,94.03,55.6,1.7,-0.83
CP001,Men,King Street,Men,10,5,89.4,3642.42,0.0,328633.62,70.2,15,1,0,0,9,0,0.0,0.0,78.0,80.8,80.6,92.67,66.8,-2.8,-12.07
CP001,Men,King Street,Men,11,5,95.0,3618.12,0.59,343670.31,77.0,13,0,0,0,9,2,24.0,21.9,89.4,83.7,83.67,89.47,77.4,5.7,-5.8
CP001,Men,King Street,Men,12,5,117.6,3744.22,0.0,444104.0,94.4,15,1,6,0,9,7,30.0,22.02,95.0,92.2,87.47,90.33,96.0,2.8,-2.87
CP001,Men,Libera,Men,1,5,86.2,3352.73,0.0,305350.43,72.0,18,0,0,10,9,4,15.0,12.77,66.2,67.6,61.73,57.87,66.6,-1.4,3.87
CP001,Men,Libera,Men,2,5,85.2,3408.87,0.0,309330.26,69.6,18,1,0,0,8,0,0.0,0.0,86.2,70.9,70.27,60.63,66.8,15.3,9.63
CP001,Men,Libera,Men,3,5,82.6,3395.9,0.0,303368.27,68.0,17,0,0,0,9,0,0.0,0.0,85.2,85.7,70.47,64.33,63.8,-0.5,6.13
CP001,Men,Libera,Men,4,5,83.6,3317.22,0.0,295225.08,68.2,13,2,9,0,9,5,25.0,18.73,82.6,83.9,84.67,65.43,67.2,-1.3,19.23
CP001,Men,Libera,Men,5,5,86.6,3329.79,0.0,323060.5,71.6,17,2,1,0,9,3,13.0,10.98,83.6,83.1,83.8,68.7,69.6,0.5,15.1
CP001,Men,Libera,Men,6,5,86.0,3498.73,0.0,316253.81,67.2,20,1,0,0,9,0,0.0,0.0,86.6,85.1,84.27,69.63,68.0,1.5,14.63
CP001,Men,Libera,Men,7,5,78.6,3500.45,0.1,297172.22,64.4,15,0,0,0,9,4,19.0,14.18,86.0,86.3,85.4,85.03,59.0,-0.3,0.37
CP001,Men,Libera,Men,8,5,61.6,3574.28,0.0,223608.78,50.6,16,0,0,21,9,5,18.0,14.03,78.6,82.3,83.73,83.77,47.4,-3.7,-0.03
CP001,Men,Libera,Men,9,5,73.2,3717.77,0.0,280755.85,61.8,16,0,0,5,8,0,0.0,0.0,61.6,70.1,75.4,79.83,55.6,-8.5,-4.43
CP001,Men,Libera,Men,10,5,66.2,3293.8,0.0,217600.62,51.8,16,1,0,0,9,0,0.0,0.0,73.2,67.4,71.13,78.27,50.0,5.8,-7.13
CP001,Men,Libera,Men,11,5,83.4,3455.67,0.16,313528.65,66.8,18,0,0,0,9,1,11.0,9.75,66.2,69.7,67.0,75.37,69.0,-3.5,-8.37
CP001,Men,Libera,Men,12,5,84.0,3607.96,0.14,318839.7,70.2,17,1,6,0,9,9,30.0,23.58,83.4,74.8,74.27,74.83,66.2,8.6,-0.57
CP001,Men,Miss Modano,Men,1,5,291.6,3508.43,0.04,991734.8,242.2,35,0,0,10,9,8,15.0,11.62,235.6,231.1,234.0,218.2,219.2,4.5,15.8
CP001,Men,Miss Modano,Men,2,5,267.6,3694.0,0.0,943080.15,222.6,34,1,0,0,8,0,0.0,0.0,291.6,237.9,234.13,226.03,222.2,53.7,8.1
CP001,Men,Miss Modano,Men,3,5,279.8,3579.58,0.0,961074.78,226.4,34,0,0,0,9,0,0.0,0.0,267.6,279.6,232.73,229.07,206.8,-12.0,3.67
CP001,Men,Miss Modano,Men,4,5,313.0,3542.11,0.04,1099185.51,256.8,34,2,9,0,9,10,25.0,18.5,279.8,273.7,279.67,231.37,251.2,6.1,48.3
CP001,Men,Miss Modano,Men,5,5,265.0,3509.94,0.0,900484.67,212.8,34,2,1,0,9,5,15.0,12.52,313.0,296.4,286.8,231.93,206.0,16.6,54.87
CP001,Men,Miss Modano,Men,6,5,280.4,3549.47,0.0,987373.11,231.6,33,1,0,0,9,0,0.0,0.0,265.0,289.0,285.93,228.9,223.2,-24.0,57.03
CP001,Men,Miss Modano,Men,7,5,260.8,3492.93,0.0,873565.6,219.0,31,0,0,0,9,6,19.0,13.82,280.4,272.7,286.13,282.9,193.2,7.7,3.23
CP001,Men,Miss Modano,Men,8,5,258.4,3800.7,0.06,978259.97,209.8,32,0,0,21,9,10,20.0,13.63,260.8,270.6,268.73,277.77,204.2,-9.8,-9.03
CP001,Men,Miss Modano,Men,9,5,271.8,3541.95,0.0,933714.79,222.4,34,0,0,5,8,0,0.0,0.0,258.4,259.6,266.53,276.23,209.8,-1.2,-9.7
CP001,Men,Miss Modano,Men,10,5,299.6,3579.99,0.0,1045217.34,239.6,32,1,0,0,9,0,0.0,0.0,271.8,265.1,263.67,274.9,239.8,6.7,-11.23
CP001,Men,Miss Modano,Men,11,5,293.2,3571.02,0.09,1037331.6,242.4,34,0,0,0,9,6,28.0,24.16,299.6,285.7,276.6,272.67,226.6,13.9,3.93
CP001,Men,Miss Modano,Men,12,5,307.0,3677.41,0.2,1111182.72,256.4,34,1,6,0,9,12,30.0,22.23,293.2,296.4,288.2,277.37,235.6,-3.2,10.83
CP001,Men,Modano,Men,1,5,112.8,3579.77,0.07,398369.83,89.8,24,0,0,10,9,6,15.0,12.51,118.0,101.2,95.8,91.27,90.6,16.8,4.53
CP001,Men,Modano,Men,2,5,109.6,3596.61,0.0,392198.05,85.4,23,1,0,0,8,0,0.0,0.0,112.8,106.6,99.2,91.7,82.6,6.2,7.5
CP001,Men,Modano,Men,3,5,106.2,3430.85,0.0,350915.06,83.4,23,0,0,0,9,0,0.0,0.0,109.6,111.2,102.0,93.27,88.6,-1.6,8.73
CP001,Men,Modano,Men,4,5,133.4,3646.41,0.12,478198.18,103.8,25,2,9,0,9,7,24.0,17.45,106.2,107.9,109.53,93.4,100.2,-1.7,16.13
CP001,Men,Modano,Men,5,5,127.8,3598.77,0.04,455805.95,97.0,25,2,1,0,9,6,15.0,12.87,133.4,119.8,116.4,97.7,102.2,13.6,18.7
CP001,Men,Modano,Men,6,5,109.4,3525.5,0.0,377465.55,87.0,24,1,0,0,9,0,0.0,0.0,127.8,130.6,122.47,101.0,90.6,-2.8,21.47
CP001,Men,Modano,Men,7,5,120.2,3458.17,0.16,403914.4,92.0,25,0,0,0,9,7,20.0,15.55,109.4,118.6,123.53,116.53,92.6,-9.2,7.0
CP001,Men,Modano,Men,8,5,111.8,3418.45,0.0,377046.6,87.2,22,0,0,21,9,6,20.0,15.83,120.2,114.8,119.13,117.77,83.4,5.4,1.37
CP001,Men,Modano,Men,9,5,99.8,3568.55,0.0,348445.35,78.4,22,0,0,5,8,0,0.0,0.0,111.8,116.0,113.8,118.13,84.2,-4.2,-4.33
CP001,Men,Modano,Men,10,5,113.8,3363.06,0.0,373192.76,85.8,23,1,0,0,9,0,0.0,0.0,99.8,105.8,110.6,117.07,85.0,-6.0,-6.47
CP001,Men,Modano,Men,11,5,116.6,3445.18,0.15,399777.96,89.2,23,0,0,0,9,5,29.0,24.61,113.8,106.8,108.47,113.8,84.4,7.0,-5.33
CP001,Men,Modano,Men,12,5,148.6,3682.92,0.37,540698.44,117.0,25,1,6,0,9,10,30.0,22.39,116.6,115.2,110.07,111.93,118.0,1.4,-1.87
CP001,Women,Emerald,Women,1,5,416.0,4082.04,0.07,1626231.12,350.8,36,0,0,10,9,8,15.0,12.48,522.8,452.4,428.07,390.87,307.6,70.4,37.2
CP001,Women,Emerald,Women,2,5,404.6,4295.34,0.0,1633596.19,334.0,37,1,0,0,8,0,0.0,0.0,416.0,431.3,414.87,393.23,326.8,-15.3,21.63
CP001,Women,Emerald,Women,3,5,473.0,3960.58,0.0,1779948.74,406.0,37,0,0,0,9,0,0.0,0.0,404.6,410.3,397.67,391.23,364.4,-5.7,6.43
CP001,Women,Emerald,Women,4,5,560.2,4334.22,0.04,2330340.44,486.0,36,2,9,0,9,10,25.0,17.26,473.0,438.8,431.2,389.03,448.2,34.2,42.17
CP001,Women,Emerald,Women,5,5,475.0,4084.19,0.04,1850046.85,402.8,39,2,1,0,9,5,15.0,13.32,560.2,516.6,479.27,403.97,392.4,43.6,75.3
CP001,Women,Emerald,Women,6,5,497.2,4196.45,0.0,1934996.15,424.4,40,1,0,0,9,0,0.0,0.0,475.0,517.6,502.73,402.33,424.8,-42.6,100.4
CP001,Women,Emerald,Women,7,5,411.0,4047.7,0.0,1535951.85,344.8,36,0,0,0,9,9,20.0,14.75,497.2,486.1,510.8,471.0,325.6,11.1,39.8
CP001,Women,Emerald,Women,8,5,445.8,3902.52,0.16,1659947.47,375.4,37,0,0,21,9,10,20.0,15.33,411.0,454.1,461.07,470.17,342.4,-43.1,-9.1
CP001,Women,Emerald,Women,9,5,475.2,4047.31,0.0,1803277.85,399.6,39,0,0,5,8,0,0.0,0.0,445.8,428.4,451.33,477.03,393.0,17.4,-25.7
CP001,Women,Emerald,Women,10,5,475.4,4104.8,0.0,1808321.79,402.8,37,1,0,0,9,0,0.0,0.0,475.2,460.5,444.0,477.4,379.4,14.7,-33.4
CP001,Women,Emerald,Women,11,5,482.2,4006.48,0.0,1830618.74,402.4,38,0,0,0,9,6,30.0,24.84,475.4,475.3,465.47,463.27,382.0,0.1,2.2
CP001,Women,Emerald,Women,12,5,653.4,4094.57,0.11,2495272.47,555.8,39,1,6,0,9,18,29.0,21.96,482.2,478.8,477.6,464.47,522.8,3.4,13.13
CP001,Women,Hustle,Women,1,5,396.2,3456.87,0.09,1438424.66,329.0,35,0,0,10,9,7,15.0,12.14,406.6,354.8,326.67,307.37,321.6,51.8,19.3
CP001,Women,Hustle,Women,2,5,334.4,3716.7,0.0,1311157.66,281.8,31,1,0,0,8,0,0.0,0.0,396.2,353.9,336.93,308.33,271.6,42.3,28.6
CP001,Women,Hustle,Women,3,5,394.6,3780.19,0.0,1552399.88,330.6,35,0,0,0,9,0,0.0,0.0,334.4,365.3,325.73,305.3,326.6,-30.9,20.43
CP001,Women,Hustle,Women,4,5,438.2,3565.8,0.24,1601509.45,367.4,31,2,9,0,9,9,25.0,18.66,394.6,364.5,375.07,313.27,365.2,30.1,61.8
CP001,Women,Hustle,Women,5,5,371.8,3540.7,0.0,1328543.81,307.8,33,2,1,0,9,5,15.0,12.21,438.2,416.4,389.07,324.73,299.6,21.8,64.33
CP001,Women,Hustle,Women,6,5,430.4,3627.11,0.0,1643732.03,360.8,36,1,0,0,9,0,0.0,0.0,371.8,405.0,401.53,324.0,342.8,-33.2,77.53
CP001,Women,Hustle,Women,7,5,371.2,3543.44,0.08,1353354.14,311.0,35,0,0,0,9,10,18.0,15.03,430.4,401.1,413.47,394.27,295.4,29.3,19.2
CP001,Women,Hustle,Women,8,5,358.6,3594.52,0.09,1340415.06,300.2,32,0,0,21,9,8,20.0,14.25,371.2,400.8,391.13,390.1,287.6,-29.6,1.03
CP001,Women,Hustle,Women,9,5,367.0,3676.32,0.0,1438541.83,310.2,34,0,0,5,8,0,0.0,0.0,358.6,364.9,386.73,394.13,281.2,-6.3,-7.4
CP001,Women,Hustle,Women,10,5,342.4,3540.31,0.0,1238186.95,285.2,34,1,0,0,9,0,0.0,0.0,367.0,362.8,365.6,389.53,270.4,4.2,-23.93
CP001,Women,Hustle,Women,11,5,395.0,3620.78,0.16,1517585.67,336.0,33,0,0,0,9,5,30.0,25.99,342.4,354.7,356.0,373.57,303.0,-12.3,-17.57
CP001,Women,Hustle,Women,12,5,534.4,3490.76,0.22,1886911.82,454.8,34,1,6,0,9,17,30.0,23.12,395.0,368.7,368.13,377.43,406.6,26.3,-9.3
CP001,Women,King Street,Women,1,5,170.0,4045.28,0.0,668291.19,139.4,16,0,0,10,9,4,15.0,12.12,158.0,131.4,125.53,121.6,139.4,26.6,3.93
CP001,Women,King Street,Women,2,5,114.4,4172.5,0.0,485009.48,93.6,13,1,0,0,8,0,0.0,0.0,170.0,147.2,133.07,123.1,94.2,22.8,9.97
CP001,Women,King Street,Women,3,5,162.8,3856.23,0.0,637326.44,135.8,16,0,0,0,9,0,0.0,0.0,114.4,142.2,127.4,120.37,122.0,-27.8,7.03
CP001,Women,King Street,Women,4,5,237.2,4111.11,0.0,971729.09,196.8,16,2,9,0,9,3,23.0,17.37,162.8,138.6,149.07,122.47,193.2,24.2,26.6
CP001,Women,King Street,Women,5,5,213.8,4114.31,0.17,933807.9,179.2,16,2,1,0,9,2,15.0,13.83,237.2,200.0,171.47,135.43,169.2,37.2,36.03
CP001,Women,King Street,Women,6,5,138.0,4368.63,0.0,603490.19,116.0,16,1,0,0,9,0,0.0,0.0,213.8,225.5,204.6,147.73,114.6,-11.7,56.87
CP001,Women,King Street,Women,7,5,162.2,3775.92,0.29,633827.22,136.6,15,0,0,0,9,4,17.0,14.25,138.0,175.9,196.33,172.7,127.4,-37.9,23.63
CP001,Women,King Street,Women,8,5,148.4,4266.65,0.0,649829.54,121.6,15,0,0,21,9,3,16.0,13.6,162.2,150.1,171.33,171.4,104.2,12.1,-0.07
CP001,Women,King Street,Women,9,5,155.6,4093.98,0.0,647789.64,126.6,17,0,0,5,8,0,0.0,0.0,148.4,155.3,149.53,177.07,121.4,-6.9,-27.53
CP001,Women,King Street,Women,10,5,156.6,4128.13,0.0,654515.37,129.8,15,1,0,0,9,0,0.0,0.0,155.6,152.0,155.4,175.87,113.8,3.6,-20.47
CP001,Women,King Street,Women,11,5,135.0,4040.18,0.0,557097.18,109.8,15,0,0,0,9,4,23.0,20.46,156.6,156.1,153.53,162.43,104.8,0.5,-8.9
CP001,Women,King Street,Women,12,5,241.8,3931.71,0.15,939197.82,207.4,15,1,6,0,9,7,29.0,20.38,135.0,145.8,149.07,149.3,158.0,-10.8,-0.23
CP001,Women,Libera,Women,1,5,114.8,3692.22,0.0,385197.45,94.0,13,0,0,10,9,4,14.0,12.1,123.8,111.3,109.6,99.0,90.4,12.5,10.6
CP001,Women,Libera,Women,2,5,106.0,4137.07,0.0,375299.38,86.0,12,1,0,0,8,0,0.0,0.0,114.8,103.8,102.13,98.3,89.2,11.0,3.83
CP001,Women,Libera,Women,3,5,120.8,3983.76,0.0,430196.21,98.8,14,0,0,0,9,0,0.0,0.0,106.0,110.4,95.93,96.33,97.6,-4.4,-0.4
CP001,Women,Libera,Women,4,5,160.6,3832.3,0.0,534118.04,134.8,13,2,9,0,9,3,24.0,19.08,120.8,113.4,113.87,97.63,123.8,7.4,16.23
CP001,Women,Libera,Women,5,5,124.6,4315.28,0.0,508357.07,103.0,13,2,1,0,9,3,14.0,12.18,160.6,140.7,129.13,100.8,93.0,19.9,28.33
CP001,Women,Libera,Women,6,5,116.4,4006.62,0.0,410717.38,95.2,13,1,0,0,9,0,0.0,0.0,124.6,142.6,135.33,103.03,100.2,-18.0,32.3
CP001,Women,Libera,Women,7,5,107.4,3430.22,0.0,336170.18,90.4,13,0,0,0,9,5,17.0,14.15,116.4,120.5,133.87,123.87,88.0,-4.1,10.0
CP001,Women,Libera,Women,8,5,110.2,3914.96,0.18,377390.96,91.0,11,0,0,21,9,2,15.0,11.83,107.4,111.9,116.13,122.63,92.0,-4.5,-6.5
CP001,Women,Libera,Women,9,5,119.2,3943.65,0.0,422331.24,97.4,13,0,0,5,8,0,0.0,0.0,110.2,108.8,111.33,123.33,85.2,1.4,-12.0
CP001,Women,Libera,Women,10,5,119.8,3518.43,0.0,377531.61,100.0,11,1,0,0,9,0,0.0,0.0,119.2,114.7,112.27,123.07,106.2,4.5,-10.8
CP001,Women,Libera,Women,11,5,118.8,4068.87,0.0,448303.48,101.4,13,0,0,0,9,1,18.0,16.25,119.8,119.5,116.4,116.27,98.8,0.3,0.13
CP001,Women,Libera,Women,12,5,156.0,3919.08,0.0,576560.48,131.8,12,1,6,0,9,6,30.0,24.51,118.8,119.3,119.27,115.3,123.8,-0.5,3.97
CP001,Women,Miss Modano,Women,1,5,256.6,4063.76,0.08,1058892.85,211.0,27,0,0,10,9,7,15.0,12.54,325.2,262.5,245.87,220.4,203.6,62.7,25.47
CP001,Women,Miss Modano,Women,2,5,217.2,3980.82,0.0,901630.15,183.8,24,1,0,0,8,0,0.0,0.0,256.6,264.1,242.67,218.07,172.0,-7.5,24.6
CP001,Women,Miss Modano,Women,3,5,239.6,4062.85,0.0,983986.1,198.4,26,0,0,0,9,0,0.0,0.0,217.2,236.9,235.67,218.07,180.2,-19.7,17.6
CP001,Women,Miss Modano,Women,4,5,355.2,3948.02,0.0,1400956.36,308.4,26,2,9,0,9,7,25.0,18.89,239.6,228.4,237.8,219.57,300.2,11.2,18.23
CP001,Women,Miss Modano,Women,5,5,267.8,4023.4,0.06,1082547.75,226.6,23,2,1,0,9,5,15.0,13.42,355.2,297.4,270.67,229.73,216.0,57.8,40.93
CP001,Women,Miss Modano,Women,6,5,274.2,4240.68,0.0,1138646.09,229.6,26,1,0,0,9,0,0.0,0.0,267.8,311.5,287.53,232.37,220.2,-43.7,55.17
CP001,Women,Miss Modano,Women,7,5,281.8,3921.41,0.35,1102253.96,235.6,25,0,0,0,9,7,20.0,15.41,274.2,271.0,299.07,268.43,217.0,3.2,30.63
CP001,Women,Miss Modano,Women,8,5,237.0,3946.7,0.0,925181.56,190.8,25,0,0,21,9,4,19.0,15.83,281.8,278.0,274.6,272.63,178.8,3.8,1.97
CP001,Women,Miss Modano,Women,9,5,248.4,4132.38,0.0,1006469.53,213.8,25,0,0,5,8,0,0.0,0.0,237.0,259.4,264.33,275.93,189.0,-22.4,-11.6
CP001,Women,Miss Modano,Women,10,5,291.4,3923.56,0.0,1133877.3,239.8,27,1,0,0,9,0,0.0,0.0,248.4,242.7,255.73,277.4,212.6,5.7,-21.67
CP001,Women,Miss Modano,Women,11,5,243.6,4025.94,0.0,981659.38,201.0,25,0,0,0,9,5,26.0,23.55,291.4,269.9,258.93,266.77,199.8,21.5,-7.83
CP001,Women,Miss Modano,Women,12,5,412.6,3977.0,0.1,1563652.56,362.2,26,1,6,0,9,11,29.0,22.26,243.6,267.5,261.13,262.73,325.2,-23.9,-1.6
CP001,Women,Modano,Women,1,5,242.4,3915.37,0.1,970344.68,201.0,28,0,0,10,9,6,15.0,11.83,258.8,241.3,232.13,212.73,202.8,17.5,19.4
CP001,Women,Modano,Women,2,5,277.8,3828.45,0.0,1106821.1,231.6,29,1,0,0,8,0,0.0,0.0,242.4,234.8,231.13,213.83,222.8,7.6,17.3
CP001,Women,Modano,Women,3,5,241.0,3929.41,0.0,954301.21,194.6,29,0,0,0,9,0,0.0,0.0,277.8,260.1,229.4,216.67,191.6,17.7,12.73
CP001,Women,Modano,Women,4,5,379.0,3999.06,0.1,1498776.93,316.6,30,2,9,0,9,8,25.0,18.28,241.0,259.4,253.73,220.07,314.8,-18.4,33.67
CP001,Women,Modano,Women,5,5,254.2,3927.26,0.05,978878.87,205.2,27,2,1,0,9,5,15.0,12.97,379.0,310.0,299.27,234.5,199.0,69.0,64.77
CP001,Women,Modano,Women,6,5,252.4,4081.44,0.0,1069812.37,213.8,27,1,0,0,9,0,0.0,0.0,254.2,316.6,291.4,233.3,180.0,-62.4,58.1
CP001,Women,Modano,Women,7,5,269.8,3938.85,0.15,1129600.35,224.4,31,0,0,0,9,7,20.0,14.86,252.4,253.3,295.2,274.47,204.2,-0.9,20.73
CP001,Women,Modano,Women,8,5,261.6,4113.07,0.3,1081848.47,214.0,30,0,0,21,9,7,20.0,15.16,269.8,261.1,258.8,279.03,201.6,8.7,-20.23
CP001,Women,Modano,Women,9,5,228.2,4219.7,0.0,963150.48,189.6,27,0,0,5,8,0,0.0,0.0,261.6,265.7,261.27,276.33,174.2,-4.1,-15.07
CP001,Women,Modano,Women,10,5,281.2,4047.43,0.0,1191649.1,234.4,30,1,0,0,9,0,0.0,0.0,228.2,244.9,253.2,274.2,213.8,-16.7,-21.0
CP001,Women,Modano,Women,11,5,268.8,3846.75,0.0,1057266.06,225.0,28,0,0,0,9,5,29.0,24.88,281.2,254.7,257.0,257.9,223.8,26.5,-0.9
CP001,Women,Modano,Women,12,5,320.4,3948.62,0.29,1365646.58,266.2,29,1,6,0,9,13,30.0,22.31,268.8,275.0,259.4,260.33,258.8,-6.2,-0.93
CP002,Accessories,Emerald,Men,1,5,25.8,2951.36,0.0,83405.65,20.6,4,0,0,10,9,0,2.0,2.0,33.6,25.7,22.87,26.23,20.0,7.9,-3.37
CP002,Accessories,Emerald,Men,2,5,28.2,3127.87,0.0,86230.17,24.2,4,1,0,0,8,0,0.0,0.0,25.8,27.3,24.13,25.57,17.4,-1.5,-1.43
CP002,Accessories,Emerald,Men,3,5,27.4,2661.35,0.0,71708.38,22.2,4,0,0,0,9,0,0.0,0.0,28.2,27.0,26.4,24.43,18.8,1.2,1.97
CP002,Accessories,Emerald,Men,4,5,14.0,3341.64,0.0,40429.08,12.0,3,2,9,0,9,1,19.0,18.0,27.4,27.8,27.13,22.6,7.8,-0.4,4.53
CP002,Accessories,Emerald,Men,5,5,29.4,2882.77,0.0,77107.42,25.0,5,2,1,0,9,0,5.0,5.0,14.0,20.7,23.2,21.5,23.6,-6.7,1.7
CP002,Accessories,Emerald,Men,6,5,19.0,2412.43,0.0,39296.33,15.8,4,1,0,0,9,0,0.0,0.0,29.4,21.7,23.6,22.2,15.6,7.7,1.4
CP002,Accessories,Emerald,Men,7,5,32.4,3064.96,0.0,93939.35,26.4,4,0,0,0,9,1,12.0,11.33,19.0,24.2,20.8,23.97,25.0,-5.2,-3.17
CP002,Accessories,Emerald,Men,8,5,34.6,2852.69,0.29,95155.46,29.0,5,0,0,21,9,1,17.0,17.0,32.4,25.7,26.93,25.07,31.4,6.7,1.87
CP002,Accessories,Emerald,Men,9,5,36.2,2634.79,0.0,93996.01,30.6,4,0,0,5,8,0,0.0,0.0,34.6,33.5,28.67,26.13,32.4,1.1,2.53
CP002,Accessories,Emerald,Men,10,5,22.0,2666.1,0.0,50450.69,18.4,3,1,0,0,9,0,0.0,0.0,36.2,35.4,34.4,27.6,17.2,0.8,6.8
CP002,Accessories,Emerald,Men,11,5,18.2,2767.56,0.0,46276.1,15.0,3,0,0,0,9,0,9.0,9.0,22.0,29.1,30.93,28.93,17.8,-7.1,2.0
CP002,Accessories,Emerald,Men,12,5,42.2,2663.22,0.0,100371.65,37.2,4,1,6,0,9,1,22.0,20.0,18.2,20.1,25.47,27.07,33.6,-1.9,-1.6
CP002,Accessories,Emerald,Unisex,1,5,53.0,2196.38,0.27,114486.43,43.2,9,0,0,10,9,3,15.0,13.7,49.6,39.7,43.73,42.13,37.2,9.9,1.6
CP002,Accessories,Emerald,Unisex,2,5,48.6,2158.99,0.0,100729.84,37.8,9,1,0,0,8,0,0.0,0.0,53.0,47.6,41.67,43.87,32.8,5.4,-2.2
CP002,Accessories,Emerald,Unisex,3,5,47.2,2279.77,0.0,101342.57,38.6,9,0,0,0,9,0,0.0,0.0,48.6,50.8,45.6,44.17,33.8,-2.2,1.43
CP002,Accessories,Emerald,Unisex,4,5,59.8,2343.96,0.0,137667.02,49.2,10,2,9,0,9,4,23.0,19.0,47.2,47.9,49.6,41.73,42.2,-0.7,7.87
CP002,Accessories,Emerald,Unisex,5,5,54.4,2219.37,0.0,113641.09,42.0,9,2,1,0,9,2,12.0,12.0,59.8,53.5,51.87,41.47,46.2,6.3,10.4
CP002,Accessories,Emerald,Unisex,6,5,46.0,2033.36,0.0,89624.45,37.0,9,1,0,0,9,0,0.0,0.0,54.4,57.1,53.8,44.53,31.4,-2.7,9.27
CP002,Accessories,Emerald,Unisex,7,5,49.4,2247.06,0.0,105227.22,39.6,11,0,0,0,9,2,16.0,14.67,46.0,50.2,53.4,51.5,35.2,-4.2,1.9
CP002,Accessories,Emerald,Unisex,8,5,53.6,2301.42,0.0,116896.51,41.2,9,0,0,21,9,1,12.0,10.83,49.4,47.7,49.93,50.9,39.8,1.7,-0.97
CP002,Accessories,Emerald,Unisex,9,5,55.4,2057.25,0.0,119244.03,43.6,9,0,0,5,8,0,0.0,0.0,53.6,51.5,49.67,51.73,46.6,2.1,-2.07
CP002,Accessories,Emerald,Unisex,10,5,63.8,2212.15,0.0,134724.18,50.4,11,1,0,0,9,0,0.0,0.0,55.4,54.5,52.8,53.1,51.8,0.9,-0.3
CP002,Accessories,Emerald,Unisex,11,5,40.6,2592.89,0.0,90084.68,32.8,10,0,0,0,9,2,17.0,14.83,63.8,59.6,57.6,53.77,29.8,4.2,3.83
CP002,Accessories,Emerald,Unisex,12,5,58.6,2415.12,0.0,136378.54,46.2,9,1,6,0,9,3,28.0,24.73,40.6,52.2,53.27,51.47,49.6,-11.6,1.8
CP002,Accessories,Emerald,Women,1,5,15.0,2950.22,0.0,54027.81,11.0,2,0,0,10,9,1,8.0,8.0,15.0,12.9,13.0,11.93,13.4,2.1,1.07
CP002,Accessories,Emerald,Women,2,5,9.4,2569.13,0.0,29287.4,8.0,2,1,0,0,8,0,0.0,0.0,15.0,11.6,11.33,11.27,5.4,3.4,0.07
CP002,Accessories,Emerald,Women,3,5,12.4,3065.72,0.0,40606.33,9.4,3,0,0,0,9,0,0.0,0.0,9.4,12.2,10.27,10.47,8.6,-2.8,-0.2
CP002,Accessories,Emerald,Women,4,5,18.6,2747.01,0.0,57664.81,14.0,3,2,9,0,9,0,7.0,7.0,12.4,10.9,12.27,10.87,15.4,1.5,1.4
CP002,Accessories,Emerald,Women,5,5,20.0,2872.88,0.0,67465.37,14.6,3,2,1,0,9,0,0.0,0.0,18.6,15.5,13.47,11.0,19.0,3.1,2.47
CP002,Accessories,Emerald,Women,6,5,15.8,2758.86,0.0,47792.08,12.8,3,1,0,0,9,0,0.0,0.0,20.0,19.3,17.0,11.33,11.8,0.7,5.67
CP002,Accessories,Emerald,Women,7,5,16.0,3451.27,0.0,58995.81,12.4,2,0,0,0,9,1,9.0,9.0,15.8,17.9,18.13,15.2,12.2,-2.1,2.93
CP002,Accessories,Emerald,Women,8,5,15.4,2607.77,0.0,44676.36,11.2,3,0,0,21,9,0,6.0,6.0,16.0,15.9,17.27,15.37,12.4,0.1,1.9
CP002,Accessories,Emerald,Women,9,5,9.2,3420.28,0.0,31250.68,7.4,2,0,0,5,8,0,0.0,0.0,15.4,15.7,15.73,16.37,8.0,-0.3,-0.63
CP002,Accessories,Emerald,Women,10,5,13.8,3214.87,0.0,47959.15,10.8,2,1,0,0,9,0,0.0,0.0,9.2,12.3,13.53,15.83,13.2,-3.1,-2.3
CP002,Accessories,Emerald,Women,11,5,13.4,3013.11,0.0,45024.18,10.0,2,0,0,0,9,0,5.0,5.0,13.8,11.5,12.8,15.03,10.8,2.3,-2.23
CP002,Accessories,Emerald,Women,12,5,21.6,2902.99,0.0,64664.64,17.0,3,1,6,0,9,2,20.0,18.75,13.4,13.6,12.13,13.93,15.0,-0.2,-1.8
CP002,Accessories,Hustle,Men,1,5,21.0,3263.87,0.0,68602.07,16.2,5,0,0,10,9,1,10.0,9.5,20.4,19.7,19.73,19.97,19.4,0.7,-0.23
CP002,Accessories,Hustle,Men,2,5,32.2,2894.59,0.0,89325.57,26.6,7,1,0,0,8,0,0.0,0.0,21.0,17.9,18.27,18.3,23.2,3.1,-0.03
CP002,Accessories,Hustle,Men,3,5,22.6,2467.19,0.0,51035.24,18.6,5,0,0,0,9,0,0.0,0.0,32.2,26.6,20.33,19.5,15.8,5.6,0.83
CP002,Accessories,Hustle,Men,4,5,35.0,2894.97,0.0,93362.44,28.8,6,2,9,0,9,1,13.0,13.0,22.6,27.4,25.27,19.47,20.6,-4.8,5.8
CP002,Accessories,Hustle,Men,5,5,22.2,2683.12,0.0,59045.34,19.0,6,2,1,0,9,1,3.0,2.33,35.0,28.8,29.93,21.27,14.6,6.2,8.67
CP002,Accessories,Hustle,Men,6,5,25.8,2416.43,0.0,58365.48,20.6,6,1,0,0,9,0,0.0,0.0,22.2,28.6,26.6,21.1,16.4,-6.4,5.5
CP002,Accessories,Hustle,Men,7,5,31.6,2255.14,0.0,65401.57,26.0,6,0,0,0,9,1,14.0,13.0,25.8,24.0,27.67,26.47,25.4,1.8,1.2
CP002,Accessories,Hustle,Men,8,5,22.8,2703.99,0.0,56749.19,19.6,6,0,0,21,9,2,17.0,15.0,31.6,28.7,26.53,28.23,18.0,2.9,-1.7
CP002,Accessories,Hustle,Men,9,5,20.4,2832.95,0.0,58372.76,16.2,6,0,0,5,8,0,0.0,0.0,22.8,27.2,26.73,26.67,17.2,-4.4,0.07
CP002,Accessories,Hustle,Men,10,5,22.4,2760.74,0.0,55661.0,17.6,6,1,0,0,9,0,0.0,0.0,20.4,21.6,24.93,26.3,19.8,-1.2,-1.37
CP002,Accessories,Hustle,Men,11,5,26.0,2471.21,0.0,57884.38,21.0,6,0,0,0,9,1,14.0,14.0,22.4,21.4,21.87,24.2,19.0,1.0,-2.33
CP002,Accessories,Hustle,Men,12,5,31.8,3098.95,0.0,80260.93,24.6,7,1,6,0,9,3,26.0,21.57,26.0,24.2,22.93,24.83,20.4,1.8,-1.9
CP002,Accessories,Hustle,Unisex,1,5,13.8,2812.47,0.0,37283.38,10.6,4,0,0,10,9,1,8.0,7.33,19.2,16.9,19.0,17.4,14.6,2.3,1.6
CP002,Accessories,Hustle,Unisex,2,5,20.4,2678.65,0.0,52135.58,15.8,4,1,0,0,8,0,0.0,0.0,13.8,15.2,15.0,16.8,14.0,-1.4,-1.8
CP002,Accessories,Hustle,Unisex,3,4,25.75,2461.12,0.0,57946.42,20.5,5,0,0,0,9,0,0.0,0.0,17.25,15.88,12.17,14.5,23.0,1.38,-2.33
CP002,Accessories,Hustle,Unisex,4,5,24.6,2328.09,0.0,56543.26,20.2,5,2,9,0,9,1,9.0,7.75,27.2,21.6,20.87,16.8,16.6,5.6,4.07
CP002,Accessories,Hustle,Unisex,5,5,20.4,2488.61,0.0,53485.21,14.6,4,2,1,0,9,1,8.0,8.0,24.6,25.9,22.6,17.33,14.2,-1.3,5.27
CP002,Accessories,Hustle,Unisex,6,5,27.2,2662.74,0.0,68819.37,22.0,5,1,0,0,9,0,0.0,0.0,20.4,22.5,24.07,17.0,22.4,-2.1,7.07
CP002,Accessories,Hustle,Unisex,7,5,21.0,2618.78,0.0,52214.03,16.4,4,0,0,0,9,1,15.0,13.5,27.2,23.8,24.07,22.47,13.2,3.4,1.6
CP002,Accessories,Hustle,Unisex,8,5,17.4,2678.09,0.0,45847.65,13.8,4,0,0,21,9,1,15.0,14.67,21.0,24.1,22.87,22.73,15.6,-3.1,0.13
CP002,Accessories,Hustle,Unisex,9,5,22.0,2613.67,0.0,53252.24,17.0,4,0,0,5,8,0,0.0,0.0,17.4,19.2,21.87,22.97,19.0,-1.8,-1.1
CP002,Accessories,Hustle,Unisex,10,5,29.0,2287.89,0.0,68643.76,22.8,5,1,0,0,9,0,0.0,0.0,22.0,19.7,20.13,22.1,17.6,2.3,-1.97
CP002,Accessories,Hustle,Unisex,11,5,20.4,2650.28,0.0,51472.39,16.2,4,0,0,0,9,1,6.0,5.33,29.0,25.5,22.8,22.83,16.8,3.5,-0.03
CP002,Accessories,Hustle,Unisex,12,5,22.8,2621.23,0.33,61802.17,18.2,4,1,6,0,9,2,25.0,22.17,20.4,24.7,23.8,22.83,17.0,-4.3,0.97
CP002,Accessories,Hustle,Women,1,5,32.4,2749.44,0.0,105726.42,25.6,7,0,0,10,9,1,8.0,7.33,45.6,36.9,33.67,29.63,27.8,8.7,4.03
CP002,Accessories,Hustle,Women,2,5,30.0,3011.02,0.0,96918.41,23.6,6,1,0,0,8,0,0.0,0.0,32.4,36.0,33.4,28.47,27.0,-3.6,4.93
CP002,Accessories,Hustle,Women,3,5,34.4,2814.3,0.0,107330.69,26.4,7,0,0,0,9,0,0.0,0.0,30.0,31.2,32.33,29.1,26.4,-1.2,3.23
CP002,Accessories,Hustle,Women,4,5,40.2,3669.82,0.67,158861.0,31.2,6,2,9,0,9,2,18.0,14.5,34.4,32.2,32.27,29.77,29.6,2.2,2.5
CP002,Accessories,Hustle,Women,5,5,32.4,2823.03,0.0,96063.83,24.0,7,2,1,0,9,1,6.0,6.0,40.2,37.3,34.87,30.53,25.4,2.9,4.33
CP002,Accessories,Hustle,Women,6,5,41.0,2763.83,0.0,133783.36,31.2,8,1,0,0,9,0,0.0,0.0,32.4,36.3,35.67,29.9,32.8,-3.9,5.77
CP002,Accessories,Hustle,Women,7,5,39.4,3131.38,0.15,145009.24,30.0,7,0,0,0,9,3,18.0,14.79,41.0,36.7,37.87,35.07,33.4,4.3,2.8
CP002,Accessories,Hustle,Women,8,5,25.2,3007.37,0.0,85769.05,19.6,6,0,0,21,9,2,16.0,15.0,39.4,40.2,37.6,36.23,21.2,-0.8,1.37
CP002,Accessories,Hustle,Women,9,5,30.8,2532.28,0.0,87996.87,24.2,7,0,0,5,8,0,0.0,0.0,25.2,32.3,35.2,35.43,22.2,-7.1,-0.23
CP002,Accessories,Hustle,Women,10,5,35.0,2657.61,0.0,101137.57,25.6,8,1,0,0,9,0,0.0,0.0,30.8,28.0,31.8,34.83,27.2,2.8,-3.03
CP002,Accessories,Hustle,Women,11,5,34.2,2719.59,0.0,105546.25,26.2,8,0,0,0,9,1,23.0,22.0,35.0,32.9,30.33,33.97,28.2,2.1,-3.63
CP002,Accessories,Hustle,Women,12,5,59.0,2686.04,0.0,168588.22,45.2,9,1,6,0,9,5,29.0,24.1,34.2,34.6,33.33,34.27,45.6,-0.4,-0.93
CP002,Accessories,King Street,Men,1,5,31.8,2783.65,0.25,87555.76,25.0,7,0,0,10,9,2,11.0,10.17,41.0,36.3,31.8,27.0,24.8,4.7,4.8
CP002,Accessories,King Street,Men,2,5,23.6,2438.28,0.0,57017.39,18.2,5,1,0,0,8,0,0.0,0.0,31.8,35.0,33.87,28.63,20.0,-3.2,5.23
CP002,Accessories,King Street,Men,3,5,35.4,3231.93,0.0,120615.13,26.4,7,0,0,0,9,0,0.0,0.0,23.6,27.7,29.67,27.57,31.0,-4.1,2.1
CP002,Accessories,King Street,Men,4,5,57.6,2974.32,0.33,178121.84,44.6,8,2,9,0,9,2,17.0,13.17,35.4,29.5,30.27,28.33,48.6,5.9,1.93
CP002,Accessories,King Street,Men,5,5,27.2,3017.51,0.0,85278.41,19.6,6,2,1,0,9,1,6.0,5.17,57.6,46.5,38.87,32.73,20.0,11.1,6.13
CP002,Accessories,King Street,Men,6,5,27.0,2819.73,0.0,78827.71,21.6,6,1,0,0,9,0,0.0,0.0,27.2,42.4,40.07,31.0,20.8,-15.2,9.07
CP002,Accessories,King Street,Men,7,5,27.6,3025.62,0.23,82246.62,22.2,6,0,0,0,9,2,18.0,15.33,27.0,27.1,37.27,33.77,19.2,-0.1,3.5
CP002,Accessories,King Street,Men,8,5,32.0,2755.19,0.0,88095.64,25.0,6,0,0,21,9,2,17.0,15.5,27.6,27.3,27.27,33.07,25.4,0.3,-5.8
CP002,Accessories,King Street,Men,9,5,28.2,3019.48,0.0,84454.27,21.4,6,0,0,5,8,0,0.0,0.0,32.0,29.8,28.87,34.47,22.0,2.2,-5.6
CP002,Accessories,King Street,Men,10,5,25.0,3027.5,0.0,78335.1,19.0,5,1,0,0,9,0,0.0,0.0,28.2,30.1,29.27,33.27,22.8,-1.9,-4.0
CP002,Accessories,King Street,Men,11,5,38.6,2870.22,0.0,110361.96,30.6,7,0,0,0,9,1,10.0,10.0,25.0,26.6,28.4,27.83,31.6,-1.6,0.57
CP002,Accessories,King Street,Men,12,5,48.2,2837.52,0.61,143069.43,38.4,8,1,6,0,9,3,29.0,25.2,38.6,31.8,30.6,29.73,41.0,6.8,0.87
CP002,Accessories,King Street,Unisex,1,5,14.6,2919.5,0.0,45842.37,11.6,3,0,0,10,9,1,8.0,7.67,16.4,13.8,14.33,12.03,9.0,2.6,2.3
CP002,Accessories,King Street,Unisex,2,5,11.2,2790.89,0.0,31601.98,7.6,2,1,0,0,8,0,0.0,0.0,14.6,14.4,13.33,12.1,10.2,0.2,1.23
CP002,Accessories,King Street,Unisex,3,5,12.2,2800.35,0.0,34973.4,9.8,3,0,0,0,9,0,0.0,0.0,11.2,12.9,12.87,12.7,9.8,-1.7,0.17
CP002,Accessories,King Street,Unisex,4,5,14.4,2594.64,0.0,38127.17,10.6,3,2,9,0,9,0,5.0,5.0,12.2,11.7,12.67,12.3,12.4,0.5,0.37
CP002,Accessories,King Street,Unisex,5,5,12.2,2678.65,0.0,34446.39,8.4,2,2,1,0,9,1,10.0,9.5,14.4,13.3,12.6,11.9,6.2,1.1,0.7
CP002,Accessories,King Street,Unisex,6,5,8.0,2608.02,0.0,21372.42,6.0,2,1,0,0,9,0,0.0,0.0,12.2,13.3,12.93,11.93,6.4,-1.1,1.0
CP002,Accessories,King Street,Unisex,7,5,14.8,2698.29,0.0,41030.63,10.6,3,0,0,0,9,1,5.0,4.75,8.0,10.1,11.53,12.1,12.0,-2.1,-0.57
CP002,Accessories,King Street,Unisex,8,5,8.2,2455.33,0.0,21047.19,6.2,2,0,0,21,9,1,8.0,8.0,14.8,11.4,11.67,12.13,6.2,3.4,-0.47
CP002,Accessories,King Street,Unisex,9,5,12.0,2891.19,0.0,34778.62,9.2,2,0,0,5,8,0,0.0,0.0,8.2,11.5,10.33,11.63,11.0,-3.3,-1.3
CP002,Accessories,King Street,Unisex,10,5,17.0,2756.31,0.0,47905.42,13.4,3,1,0,0,9,0,0.0,0.0,12.0,10.1,11.67,11.6,15.4,1.9,0.07
CP002,Accessories,King Street,Unisex,11,5,13.8,2832.73,0.0,38486.81,10.6,2,0,0,0,9,0,9.0,9.0,17.0,14.5,12.4,12.03,11.2,2.5,0.37
CP002,Accessories,King Street,Unisex,12,5,18.2,2636.59,0.75,50156.3,14.4,3,1,6,0,9,1,18.0,15.67,13.8,15.4,14.27,12.3,16.4,-1.6,1.97
CP002,Accessories,King Street,Women,1,5,20.2,2970.1,0.0,65093.41,16.0,5,0,0,10,9,2,10.0,9.5,12.0,13.3,12.8,15.4,10.2,-1.3,-2.6
CP002,Accessories,King Street,Women,2,5,21.6,3264.96,0.0,76168.41,18.4,5,1,0,0,8,0,0.0,0.0,20.2,15.3,15.07,15.2,17.0,4.9,-0.13
CP002,Accessories,King Street,Women,3,5,20.6,3115.71,0.0,70863.81,16.4,5,0,0,0,9,0,0.0,0.0,21.6,20.9,16.27,15.67,14.8,0.7,0.6
CP002,Accessories,King Street,Women,4,5,23.6,3189.94,0.29,80357.28,19.6,4,2,9,0,9,1,6.0,5.5,20.6,21.1,20.8,15.27,17.8,-0.5,5.53
CP002,Accessories,King Street,Women,5,5,21.4,3171.01,0.0,75005.2,18.0,5,2,1,0,9,1,5.0,5.0,23.6,22.1,21.93,16.33,16.8,1.5,5.6
CP002,Accessories,King Street,Women,6,5,17.4,3094.94,0.0,57219.96,13.6,4,1,0,0,9,0,0.0,0.0,21.4,22.5,21.87,16.97,11.4,-1.1,4.9
CP002,Accessories,King Street,Women,7,5,24.8,3533.62,0.0,91227.33,21.2,5,0,0,0,9,1,12.0,11.0,17.4,19.4,20.8,20.8,19.8,-2.0,-0.0
CP002,Accessories,King Street,Women,8,5,19.4,3411.19,0.0,73794.96,15.8,4,0,0,21,9,1,8.0,6.5,24.8,21.1,21.2,21.57,15.4,3.7,-0.37
CP002,Accessories,King Street,Women,9,5,22.8,3201.59,0.0,79158.94,17.8,5,0,0,5,8,0,0.0,0.0,19.4,22.1,20.53,21.2,18.8,-2.7,-0.67
CP002,Accessories,King Street,Women,10,5,14.8,3076.21,0.0,47923.02,12.4,4,1,0,0,9,0,0.0,0.0,22.8,21.1,22.33,21.57,11.8,1.7,0.77
CP002,Accessories,King Street,Women,11,5,16.2,3204.83,0.0,58871.01,12.8,4,0,0,0,9,2,27.0,25.67,14.8,18.8,19.0,20.1,14.6,-4.0,-1.1
CP002,Accessories,King Street,Women,12,5,15.0,3259.02,0.0,50678.59,12.8,3,1,6,0,9,2,27.0,23.83,16.2,15.5,17.93,19.23,12.0,0.7,-1.3
CP002,Accessories,Libera,Men,1,4,2.0,306.58,0.0,613.16,1.5,1,0,0,10,9,0,3.75,3.75,2.0,1.75,1.75,1.75,1.0,0.25,0.0
CP002,Accessories,Libera,Men,2,2,2.0,306.58,0.0,613.16,1.5,1,1,0,0,8,0,0.0,0.0,2.5,2.75,2.5,2.58,2.0,-0.25,-0.08
CP002,Accessories,Libera,Men,3,4,2.0,306.58,0.0,613.16,1.25,1,0,0,0,8,0,0.0,0.0,2.0,1.5,1.58,1.58,0.75,0.5,0.0
CP002,Accessories,Libera,Men,4,2,3.5,306.58,0.0,1073.03,2.5,1,2,9,0,9,1,10.0,7.5,2.5,2.25,1.17,1.0,2.0,0.25,0.17
CP002,Accessories,Libera,Men,5,5,2.2,303.51,1.0,668.34,2.0,1,2,1,0,9,0,5.0,5.0,2.2,2.2,2.13,1.6,1.2,0.0,0.53
CP002,Accessories,Libera,Men,6,2,1.0,306.58,0.0,306.58,1.0,1,1,0,0,10,0,0.0,0.0,3.0,2.0,2.0,1.75,1.5,1.0,0.25
CP002,Accessories,Libera,Men,7,2,1.5,306.58,0.0,459.87,1.5,1,0,0,0,8,0,0.0,0.0,1.0,2.0,1.67,1.58,1.5,-1.0,0.08
CP002,Accessories,Libera,Men,8,5,2.0,306.58,0.0,613.16,1.8,1,0,0,21,9,0,0.0,0.0,1.6,1.9,2.13,1.6,2.0,-0.3,0.53
CP002,Accessories,Libera,Men,9,4,1.5,306.58,0.0,459.87,1.25,1,0,0,5,8,0,0.0,0.0,2.0,1.88,1.92,1.46,1.5,0.12,0.46
CP002,Accessories,Libera,Men,10,3,1.0,306.58,0.0,306.58,1.0,1,1,0,0,8,0,0.0,0.0,1.67,1.33,1.56,1.72,2.67,0.33,-0.17
CP002,Accessories,Libera,Men,11,3,1.33,306.58,0.0,408.77,1.33,1,0,0,0,9,0,8.33,8.33,1.0,1.33,1.22,1.67,1.33,-0.33,-0.44
CP002,Accessories,Libera,Men,12,4,2.75,306.58,0.0,843.1,2.0,1,1,6,0,9,0,0.0,0.0,1.5,1.62,1.67,1.75,1.5,-0.12,-0.08
CP002,Accessories,Libera,Unisex,1,5,12.0,2602.92,0.0,31588.58,8.2,4,0,0,10,9,1,8.0,7.67,9.8,9.0,9.0,9.1,9.4,0.8,-0.1
CP002,Accessories,Libera,Unisex,2,5,12.0,2267.23,0.0,27751.06,8.0,4,1,0,0,8,0,0.0,0.0,12.0,10.3,9.6,9.2,10.0,1.7,0.4
CP002,Accessories,Libera,Unisex,3,5,11.0,2201.43,0.0,24554.94,6.2,4,0,0,0,9,0,0.0,0.0,12.0,12.0,9.87,8.93,9.6,0.0,0.93
CP002,Accessories,Libera,Unisex,4,5,13.2,2449.87,0.0,34676.09,9.4,4,2,9,0,9,1,14.0,11.67,11.0,11.5,11.67,9.23,11.0,-0.5,2.43
CP002,Accessories,Libera,Unisex,5,5,13.6,1847.91,0.0,27901.5,9.6,4,2,1,0,9,1,6.0,6.0,13.2,12.1,12.07,9.57,12.6,1.1,2.5
CP002,Accessories,Libera,Unisex,6,5,10.6,2201.84,0.0,23981.59,6.2,3,1,0,0,9,0,0.0,0.0,13.6,13.4,12.6,9.9,9.6,0.2,2.7
CP002,Accessories,Libera,Unisex,7,5,12.0,2385.74,0.0,29922.4,7.6,4,0,0,0,9,1,11.0,10.17,10.6,12.1,12.47,12.07,10.2,-1.5,0.4
CP002,Accessories,Libera,Unisex,8,5,13.0,2609.66,0.0,34679.68,8.0,4,0,0,21,9,1,8.0,6.67,12.0,11.3,12.07,12.07,10.6,0.7,-0.0
CP002,Accessories,Libera,Unisex,9,5,8.6,2835.93,0.0,25128.51,5.8,3,0,0,5,8,0,0.0,0.0,13.0,12.5,11.87,12.23,6.8,0.5,-0.37
CP002,Accessories,Libera,Unisex,10,5,10.4,2316.07,0.0,24741.02,8.0,3,1,0,0,9,0,0.0,0.0,8.6,10.8,11.2,11.83,9.0,-2.2,-0.63
CP002,Accessories,Libera,Unisex,11,5,9.6,2097.33,0.0,18868.56,5.8,3,0,0,0,9,1,21.0,20.33,10.4,9.5,10.67,11.37,8.2,0.9,-0.7
CP002,Accessories,Libera,Unisex,12,5,11.8,2228.27,0.6,27259.95,9.4,3,1,6,0,9,2,16.0,13.03,9.6,10.0,9.53,10.7,9.8,-0.4,-1.17
CP002,Accessories,Libera,Women,1,5,16.0,2808.44,0.0,48123.21,11.8,4,0,0,10,9,1,7.0,7.0,11.6,10.6,12.53,12.73,12.8,1.0,-0.2
CP002,Accessories,Libera,Women,2,5,17.0,2887.68,0.0,52586.91,13.8,4,1,0,0,8,0,0.0,0.0,16.0,11.2,10.67,13.27,11.6,4.8,-2.6
CP002,Accessories,Libera,Women,3,5,14.6,2898.54,0.0,45371.47,11.6,3,0,0,0,9,0,0.0,0.0,17.0,16.5,12.47,13.6,10.6,0.5,-1.13
CP002,Accessories,Libera,Women,4,5,18.4,3069.3,0.0,58978.55,15.4,4,2,9,0,9,1,10.0,8.5,14.6,15.8,15.87,12.33,15.2,-1.2,3.53
CP002,Accessories,Libera,Women,5,5,19.8,2741.27,0.0,55443.34,15.4,4,2,1,0,9,1,4.0,4.0,18.4,16.5,16.67,12.3,16.8,1.9,4.37
CP002,Accessories,Libera,Women,6,5,11.6,2650.01,0.0,32829.89,9.2,3,1,0,0,9,0,0.0,0.0,19.8,19.1,17.6,13.27,7.4,0.7,4.33
CP002,Accessories,Libera,Women,7,5,9.4,2985.04,0.0,29582.15,7.4,4,0,0,0,9,0,2.0,2.0,11.6,15.7,16.6,16.23,7.6,-4.1,0.37
CP002,Accessories,Libera,Women,8,5,20.6,2790.67,0.0,58618.18,15.4,4,0,0,21,9,1,8.0,6.0,9.4,10.5,13.6,15.13,13.0,-1.1,-1.53
CP002,Accessories,Libera,Women,9,5,20.0,2796.02,0.0,61112.34,15.4,4,0,0,5,8,0,0.0,0.0,20.6,15.0,13.87,15.73,18.2,5.6,-1.87
CP002,Accessories,Libera,Women,10,5,17.6,2841.96,0.0,52298.15,14.0,4,1,0,0,9,0,0.0,0.0,20.0,20.3,16.67,16.63,16.4,-0.3,0.03
CP002,Accessories,Libera,Women,11,5,13.6,2790.52,0.0,38018.84,10.2,4,0,0,0,9,0,5.0,4.5,17.6,18.8,19.4,16.5,9.6,-1.2,2.9
CP002,Accessories,Libera,Women,12,5,12.8,2754.65,0.0,36282.67,10.6,4,1,6,0,9,1,9.0,7.33,13.6,15.6,17.07,15.47,11.6,-2.0,1.6
CP002,Accessories,Miss Modano,Men,1,5,35.6,2310.58,0.0,75813.16,27.8,6,0,0,10,9,2,13.0,12.5,49.6,41.4,40.6,42.0,26.6,8.2,-1.4
CP002,Accessories,Miss Modano,Men,2,5,50.0,2420.15,0.0,114365.16,40.0,7,1,0,0,8,0,0.0,0.0,35.6,40.8,38.27,40.97,37.4,-5.2,-2.7
CP002,Accessories,Miss Modano,Men,3,5,53.6,2318.8,0.0,124083.85,43.2,7,0,0,0,9,0,0.0,0.0,50.0,42.8,39.73,41.13,44.8,7.2,-1.4
CP002,Accessories,Miss Modano,Men,4,5,54.8,2398.12,0.0,124344.13,43.8,7,2,9,0,9,2,11.0,9.6,53.6,51.8,46.4,39.0,39.8,1.8,7.4
CP002,Accessories,Miss Modano,Men,5,5,34.4,2845.89,0.0,86660.27,26.2,6,2,1,0,9,1,6.0,6.0,54.8,54.2,52.8,38.9,27.6,0.6,13.9
CP002,Accessories,Miss Modano,Men,6,5,50.0,2514.67,0.0,115467.54,38.4,8,1,0,0,9,0,0.0,0.0,34.4,44.6,47.6,37.7,40.6,-10.2,9.9
CP002,Accessories,Miss Modano,Men,7,5,46.8,2562.7,0.0,116517.55,37.0,8,0,0,0,9,2,12.0,10.0,50.0,42.2,46.4,46.4,38.2,7.8,-0.0
CP002,Accessories,Miss Modano,Men,8,5,44.6,2227.72,0.22,93499.63,35.0,7,0,0,21,9,2,16.0,13.33,46.8,48.4,43.73,48.27,36.6,-1.6,-4.53
CP002,Accessories,Miss Modano,Men,9,5,65.2,2328.32,0.0,145118.75,50.6,9,0,0,5,8,0,0.0,0.0,44.6,45.7,47.13,47.37,55.4,-1.1,-0.23
CP002,Accessories,Miss Modano,Men,10,5,51.8,2364.57,0.0,114414.13,40.0,8,1,0,0,9,0,0.0,0.0,65.2,54.9,52.2,49.3,39.0,10.3,2.9
CP002,Accessories,Miss Modano,Men,11,5,46.2,1974.99,0.26,93899.83,36.0,5,0,0,0,9,2,26.0,25.17,51.8,58.5,53.87,48.8,33.2,-6.7,5.07
CP002,Accessories,Miss Modano,Men,12,5,59.6,2215.08,0.0,122027.06,50.6,6,1,6,0,9,3,29.0,24.73,46.2,49.0,54.4,50.77,49.6,-2.8,3.63
CP002,Accessories,Miss Modano,Unisex,1,5,28.8,3094.12,0.0,88979.34,22.6,6,0,0,10,9,1,10.0,10.0,22.2,22.0,21.47,20.43,21.6,0.2,1.03
CP002,Accessories,Miss Modano,Unisex,2,5,25.6,2669.99,0.0,61585.58,20.2,6,1,0,0,8,0,0.0,0.0,28.8,22.3,22.13,20.73,21.4,6.5,1.4
CP002,Accessories,Miss Modano,Unisex,3,5,22.8,2762.07,0.0,53833.03,18.4,5,0,0,0,9,0,0.0,0.0,25.6,27.2,22.4,21.53,18.6,-1.6,0.87
CP002,Accessories,Miss Modano,Unisex,4,5,24.2,2791.81,0.88,60301.65,18.8,6,2,9,0,9,2,19.0,16.5,22.8,24.2,25.73,21.93,19.2,-1.4,3.8
CP002,Accessories,Miss Modano,Unisex,5,5,31.8,2517.25,0.0,73185.76,24.6,8,2,1,0,9,0,2.0,2.0,24.2,23.5,24.2,22.0,25.6,0.7,2.2
CP002,Accessories,Miss Modano,Unisex,6,5,18.4,3005.18,0.0,51098.51,14.0,6,1,0,0,9,0,0.0,0.0,31.8,28.0,26.27,22.77,15.6,3.8,3.5
CP002,Accessories,Miss Modano,Unisex,7,5,25.2,2621.59,0.0,60719.74,19.0,7,0,0,0,9,1,11.0,10.5,18.4,25.1,24.8,25.27,20.6,-6.7,-0.47
CP002,Accessories,Miss Modano,Unisex,8,5,23.2,2875.86,0.0,62943.94,17.6,6,0,0,21,9,1,5.0,4.5,25.2,21.8,25.13,24.67,17.8,3.4,0.47
CP002,Accessories,Miss Modano,Unisex,9,5,24.2,2549.96,0.0,59782.72,18.6,6,0,0,5,8,0,0.0,0.0,23.2,24.2,22.27,24.27,19.8,-1.0,-2.0
CP002,Accessories,Miss Modano,Unisex,10,5,25.2,2788.7,0.0,66895.1,19.8,7,1,0,0,9,0,0.0,0.0,24.2,23.7,24.2,24.5,20.4,0.5,-0.3
CP002,Accessories,Miss Modano,Unisex,11,5,30.6,3181.62,0.0,94106.17,23.6,7,0,0,0,9,1,6.0,5.33,25.2,24.7,24.2,24.67,21.8,0.5,-0.47
CP002,Accessories,Miss Modano,Unisex,12,5,32.0,2841.16,0.0,86041.6,26.2,7,1,6,0,9,4,26.0,19.87,30.6,27.9,26.67,24.47,22.2,2.7,2.2
CP002,Accessories,Miss Modano,Women,1,5,17.2,2407.73,0.0,37080.92,13.6,3,0,0,10,9,1,9.0,8.5,24.6,22.4,22.4,19.23,12.4,2.2,3.17
CP002,Accessories,Miss Modano,Women,2,5,22.4,2404.86,0.0,46412.93,17.2,4,1,0,0,8,0,0.0,0.0,17.2,20.2,20.2,19.63,15.6,-3.0,0.57
CP002,Accessories,Miss Modano,Women,3,5,24.4,2258.42,0.0,51999.66,18.6,5,0,0,0,9,0,0.0,0.0,22.4,19.8,19.87,19.1,19.2,2.6,0.77
CP002,Accessories,Miss Modano,Women,4,5,33.6,2057.18,0.0,56991.68,26.4,5,2,9,0,9,1,9.0,8.67,24.4,23.4,21.33,20.8,23.6,1.0,0.53
CP002,Accessories,Miss Modano,Women,5,5,33.0,2527.36,0.0,72297.56,25.6,5,2,1,0,9,1,7.0,7.0,33.6,29.0,26.8,21.53,24.6,4.6,5.27
CP002,Accessories,Miss Modano,Women,6,5,34.0,2128.66,0.0,54513.63,26.4,5,1,0,0,9,0,0.0,0.0,33.0,33.3,30.33,23.07,26.0,-0.3,7.27
CP002,Accessories,Miss Modano,Women,7,5,18.0,2403.77,0.0,38993.88,13.0,4,0,0,0,9,1,9.0,9.0,34.0,33.5,33.53,27.43,13.4,0.5,6.1
CP002,Accessories,Miss Modano,Women,8,5,25.8,2327.91,0.0,48121.59,20.6,4,0,0,21,9,1,5.0,5.0,18.0,26.0,28.33,27.57,22.4,-8.0,0.77
CP002,Accessories,Miss Modano,Women,9,5,21.4,2606.44,0.0,46635.27,17.8,5,0,0,5,8,0,0.0,0.0,25.8,21.9,25.93,28.13,12.4,3.9,-2.2
CP002,Accessories,Miss Modano,Women,10,5,25.2,2421.53,0.0,54679.21,19.6,4,1,0,0,9,0,0.0,0.0,21.4,23.6,21.73,27.63,22.4,-2.2,-5.9
CP002,Accessories,Miss Modano,Women,11,5,26.4,2160.83,0.0,54668.11,21.2,4,0,0,0,9,1,9.0,9.0,25.2,23.3,24.13,26.23,20.2,1.9,-2.1
CP002,Accessories,Miss Modano,Women,12,5,38.6,2073.07,0.0,68179.68,32.4,5,1,6,0,9,2,24.0,22.17,26.4,25.8,24.33,25.13,24.6,0.6,-0.8
CP002,Accessories,Modano,Men,1,5,13.6,3438.05,0.0,50075.99,10.8,3,0,0,10,9,1,8.0,8.0,15.2,13.8,12.27,9.7,12.4,1.4,2.57
CP002,Accessories,Modano,Men,2,5,8.0,3242.29,0.0,26644.19,7.0,3,1,0,0,8,0,0.0,0.0,13.6,13.3,13.0,10.53,5.4,0.3,2.47
CP002,Accessories,Modano,Men,3,5,12.2,3464.01,0.0,43969.31,9.8,3,0,0,0,9,0,0.0,0.0,8.0,10.8,11.0,10.8,8.8,-2.8,0.2
CP002,Accessories,Modano,Men,4,5,11.2,3236.03,0.0,37551.04,8.6,3,2,9,0,9,0,5.0,5.0,12.2,10.1,11.27,10.9,7.6,2.1,0.37
CP002,Accessories,Modano,Men,5,5,11.0,3475.22,0.0,39781.66,8.6,3,2,1,0,9,0,2.0,2.0,11.2,11.7,10.47,10.9,10.0,-0.5,-0.43
CP002,Accessories,Modano,Men,6,5,12.2,3604.1,0.0,46795.98,10.0,3,1,0,0,9,0,0.0,0.0,11.0,11.1,11.47,10.4,11.8,-0.1,1.07
CP002,Accessories,Modano,Men,7,5,7.0,3312.29,0.0,23390.74,5.8,3,0,0,0,9,2,17.0,14.0,12.2,11.6,11.47,11.37,6.4,0.6,0.1
CP002,Accessories,Modano,Men,8,5,6.6,3761.49,0.0,25523.76,5.6,2,0,0,21,9,1,12.0,10.0,7.0,9.6,10.07,10.27,4.8,-2.6,-0.2
CP002,Accessories,Modano,Men,9,5,13.6,3226.29,0.0,46728.12,10.8,4,0,0,5,8,0,0.0,0.0,6.6,6.8,8.6,10.03,10.2,-0.2,-1.43
CP002,Accessories,Modano,Men,10,5,10.6,3351.1,0.0,36703.07,8.4,3,1,0,0,9,0,0.0,0.0,13.6,10.1,9.07,10.27,9.2,3.5,-1.2
CP002,Accessories,Modano,Men,11,5,14.6,3288.05,0.0,50076.33,11.8,3,0,0,0,9,0,5.0,5.0,10.6,12.1,10.27,10.17,12.4,-1.5,0.1
CP002,Accessories,Modano,Men,12,5,17.8,3470.99,0.0,64950.56,14.0,3,1,6,0,9,2,22.0,19.67,14.6,12.6,12.93,10.77,15.2,2.0,2.17
CP002,Accessories,Modano,Unisex,1,5,7.2,2382.22,0.0,21887.32,5.8,2,0,0,10,9,1,8.0,7.25,9.0,8.2,7.47,8.43,7.0,0.8,-0.97
CP002,Accessories,Modano,Unisex,2,5,12.8,2519.26,0.0,43737.08,10.4,3,1,0,0,8,0,0.0,0.0,7.2,7.7,7.6,7.6,11.4,-0.5,-0.0
CP002,Accessories,Modano,Unisex,3,5,11.6,2709.8,0.0,40238.65,9.0,3,0,0,0,9,0,0.0,0.0,12.8,10.0,8.53,7.9,10.2,2.8,0.63
CP002,Accessories,Modano,Unisex,4,4,8.5,2293.08,0.0,28945.8,7.0,2,2,9,0,9,0,10.0,10.0,12.75,13.5,11.92,8.62,6.0,-0.75,3.29
CP002,Accessories,Modano,Unisex,5,5,10.0,2411.0,0.0,32043.28,7.6,3,2,1,0,9,1,10.0,10.0,8.2,9.9,10.47,8.5,6.8,-1.7,1.97
CP002,Accessories,Modano,Unisex,6,5,8.2,3144.68,0.0,26574.61,6.0,3,1,0,0,9,0,0.0,0.0,10.0,9.1,9.93,8.8,6.8,0.9,1.13
CP002,Accessories,Modano,Unisex,7,5,14.4,2982.04,0.0,49508.29,10.8,4,0,0,0,9,1,7.0,5.5,8.2,9.1,8.8,9.7,10.2,-0.9,-0.9
CP002,Accessories,Modano,Unisex,8,5,13.4,2700.77,0.0,44803.22,10.4,4,0,0,21,9,1,12.0,11.0,14.4,11.3,10.87,10.67,8.2,3.1,0.2
CP002,Accessories,Modano,Unisex,9,5,11.4,2541.51,0.0,33822.27,8.4,3,0,0,5,8,0,0.0,0.0,13.4,13.9,12.0,10.97,8.6,-0.5,1.03
CP002,Accessories,Modano,Unisex,10,5,9.0,2438.26,0.0,23566.39,6.6,3,1,0,0,9,0,0.0,0.0,11.4,12.4,13.07,10.93,7.2,-1.0,2.13
CP002,Accessories,Modano,Unisex,11,5,8.8,2633.47,0.0,28228.32,6.0,3,0,0,0,9,1,15.0,15.0,9.0,10.2,11.27,11.07,7.2,-1.2,0.2
CP002,Accessories,Modano,Unisex,12,5,11.8,2707.21,0.0,36439.62,8.6,2,1,6,0,9,2,20.0,17.83,8.8,8.9,9.73,10.87,9.0,-0.1,-1.13
CP002,Accessories,Modano,Women,1,5,19.6,2241.71,0.27,44864.65,15.6,5,0,0,10,9,1,13.0,13.0,18.0,17.6,15.27,13.77,16.8,0.4,1.5
CP002,Accessories,Modano,Women,2,5,18.0,2378.55,0.0,44150.99,11.8,4,1,0,0,8,0,0.0,0.0,19.6,16.7,16.87,14.3,15.2,2.9,2.57
CP002,Accessories,Modano,Women,3,5,19.6,2136.39,0.0,44063.08,13.8,5,0,0,0,9,0,0.0,0.0,18.0,18.8,16.33,15.33,15.6,-0.8,1.0
CP002,Accessories,Modano,Women,4,5,14.8,2429.06,0.0,38624.84,11.2,4,2,9,0,9,0,5.0,5.0,19.6,18.8,19.07,15.57,10.6,0.8,3.5
CP002,Accessories,Modano,Women,5,5,17.4,2480.61,0.0,40907.62,12.8,5,2,1,0,9,1,6.0,5.33,14.8,17.2,17.47,16.03,13.4,-2.4,1.43
CP002,Accessories,Modano,Women,6,5,14.2,1942.55,0.0,28667.95,9.8,4,1,0,0,9,0,0.0,0.0,17.4,16.1,17.27,15.7,9.0,1.3,1.57
CP002,Accessories,Modano,Women,7,5,14.4,2440.06,0.0,36330.61,10.6,4,0,0,0,9,1,7.0,5.5,14.2,15.8,15.47,17.27,12.2,-1.6,-1.8
CP002,Accessories,Modano,Women,8,5,12.2,2437.17,0.0,29605.56,8.8,4,0,0,21,9,1,11.0,11.0,14.4,14.3,15.33,16.4,9.4,0.1,-1.07
CP002,Accessories,Modano,Women,9,5,20.8,2183.1,0.0,48770.01,14.8,4,0,0,5,8,0,0.0,0.0,12.2,13.3,13.6,15.43,15.2,-1.1,-1.83
CP002,Accessories,Modano,Women,10,5,12.0,2174.25,0.0,26640.09,9.0,4,1,0,0,9,0,0.0,0.0,20.8,16.5,15.8,15.63,10.6,4.3,0.17
CP002,Accessories,Modano,Women,11,5,18.8,1943.97,0.0,37938.64,13.6,5,0,0,0,9,1,15.0,14.5,12.0,16.4,15.0,15.17,17.2,-4.4,-0.17
CP002,Accessories,Modano,Women,12,5,20.0,2188.56,0.0,44700.71,14.8,4,1,6,0,9,1,25.0,24.67,18.8,15.4,17.2,15.4,18.0,3.4,1.8
CP002,Footwear,Emerald,Kids,1,5,100.6,7955.62,0.0,881069.8,83.2,14,0,0,10,9,4,15.0,13.05,86.0,72.9,72.6,73.53,81.6,13.1,-0.93
CP002,Footwear,Emerald,Kids,2,5,96.0,7750.43,0.0,781087.09,79.2,12,1,0,0,8,0,0.0,0.0,100.6,80.8,73.8,75.7,80.4,19.8,-1.9
CP002,Footwear,Emerald,Kids,3,5,106.0,8278.94,0.0,935992.83,85.8,13,0,0,0,9,0,0.0,0.0,96.0,98.3,79.33,73.23,82.2,-2.3,6.1
CP002,Footwear,Emerald,Kids,4,5,116.2,7995.12,0.62,1010166.59,98.4,13,2,9,0,9,5,22.0,16.6,106.0,101.0,100.87,75.1,92.2,5.0,25.77
CP002,Footwear,Emerald,Kids,5,5,79.8,7942.08,0.0,680757.81,64.6,13,2,1,0,9,3,15.0,13.67,116.2,111.1,106.07,79.8,62.8,5.1,26.27
CP002,Footwear,Emerald,Kids,6,5,109.6,7728.14,0.0,926532.59,89.8,14,1,0,0,9,0,0.0,0.0,79.8,98.0,100.67,79.87,87.2,-18.2,20.8
CP002,Footwear,Emerald,Kids,7,5,78.8,7618.97,0.0,646747.97,67.0,11,0,0,0,9,5,16.0,12.93,109.6,94.7,101.87,101.37,62.6,14.9,0.5
CP002,Footwear,Emerald,Kids,8,5,106.6,7836.0,0.0,874198.85,87.2,12,0,0,21,9,2,15.0,13.25,78.8,94.2,89.4,97.73,91.2,-15.4,-8.33
CP002,Footwear,Emerald,Kids,9,5,92.8,7946.47,0.0,797218.49,75.8,12,0,0,5,8,0,0.0,0.0,106.6,92.7,98.33,99.5,69.6,13.9,-1.17
CP002,Footwear,Emerald,Kids,10,5,104.4,8282.33,0.0,945914.43,84.2,14,1,0,0,9,0,0.0,0.0,92.8,99.7,92.73,97.3,72.0,-6.9,-4.57
CP002,Footwear,Emerald,Kids,11,5,82.0,7722.86,0.0,692477.31,65.2,13,0,0,0,9,2,26.0,25.33,104.4,98.6,101.27,95.33,59.8,5.8,5.93
CP002,Footwear,Emerald,Kids,12,5,94.4,7854.72,0.14,792570.29,78.0,12,1,6,0,9,7,29.0,20.64,82.0,93.2,93.07,95.7,86.0,-11.2,-2.63
CP002,Footwear,Emerald,Men,1,5,27.8,5436.35,0.0,111717.66,22.2,5,0,0,10,9,1,13.0,12.0,14.6,18.5,21.2,22.1,18.6,-3.9,-0.9
CP002,Footwear,Emerald,Men,2,5,37.6,4624.84,0.0,119116.12,32.6,5,1,0,0,8,0,0.0,0.0,27.8,19.2,20.27,22.07,28.2,8.6,-1.8
CP002,Footwear,Emerald,Men,3,5,17.0,5817.5,0.0,73241.42,13.6,4,0,0,0,9,0,0.0,0.0,37.6,32.7,23.2,24.0,11.2,4.9,-0.8
CP002,Footwear,Emerald,Men,4,5,43.2,5820.23,0.0,157041.56,34.6,5,2,9,0,9,1,11.0,11.0,17.0,27.3,27.47,22.07,35.4,-10.3,5.4
CP002,Footwear,Emerald,Men,5,5,24.6,5091.05,0.0,87722.38,20.4,4,2,1,0,9,2,8.0,6.83,43.2,30.1,32.6,22.4,21.0,13.1,10.2
CP002,Footwear,Emerald,Men,6,5,23.0,4669.58,0.0,82954.63,19.6,4,1,0,0,9,0,0.0,0.0,24.6,33.9,28.27,22.03,19.4,-9.3,6.23
CP002,Footwear,Emerald,Men,7,5,29.8,5577.48,0.0,87547.92,24.8,5,0,0,0,9,2,17.0,15.5,23.0,23.8,30.27,28.87,24.0,-0.8,1.4
CP002,Footwear,Emerald,Men,8,5,20.8,5746.82,0.75,69440.35,17.4,4,0,0,21,9,2,12.0,10.5,29.8,26.4,25.8,29.2,19.6,3.4,-3.4
CP002,Footwear,Emerald,Men,9,5,29.2,5388.06,0.0,119820.51,23.4,4,0,0,5,8,0,0.0,0.0,20.8,25.3,24.53,26.4,25.4,-4.5,-1.87
CP002,Footwear,Emerald,Men,10,5,32.8,5073.37,0.0,97420.53,26.8,4,1,0,0,9,0,0.0,0.0,29.2,25.0,26.6,28.43,26.6,4.2,-1.83
CP002,Footwear,Emerald,Men,11,5,30.6,5572.19,0.0,116760.47,24.6,6,0,0,0,9,0,10.0,10.0,32.8,31.0,27.6,26.7,22.4,1.8,0.9
CP002,Footwear,Emerald,Men,12,5,22.6,6459.99,0.0,80061.93,17.2,4,1,6,0,9,2,24.0,21.0,30.6,31.7,30.87,27.7,14.6,-1.1,3.17
CP002,Footwear,Emerald,Unisex,1,5,33.2,8345.58,0.0,280339.52,25.6,4,0,0,10,9,1,12.0,11.5,40.4,27.6,28.0,29.7,29.2,12.8,-1.7
CP002,Footwear,Emerald,Unisex,2,5,38.4,7666.05,0.0,310866.17,31.8,5,1,0,0,8,0,0.0,0.0,33.2,34.6,28.0,29.8,30.8,-1.4,-1.8
CP002,Footwear,Emerald,Unisex,3,5,37.4,6832.99,0.0,273776.37,29.6,5,0,0,0,9,0,0.0,0.0,38.4,35.8,31.47,29.43,27.4,2.6,2.03
CP002,Footwear,Emerald,Unisex,4,5,32.8,7686.96,0.8,251178.66,26.0,3,2,9,0,9,2,22.0,20.5,37.4,37.9,36.33,27.7,27.4,-0.5,8.63
CP002,Footwear,Emerald,Unisex,5,5,36.0,7288.82,0.0,269220.39,29.2,4,2,1,0,9,1,6.0,5.0,32.8,35.1,36.2,27.03,22.6,-2.3,9.17
CP002,Footwear,Emerald,Unisex,6,5,20.8,6620.93,0.0,144168.09,17.8,3,1,0,0,9,0,0.0,0.0,36.0,34.4,35.4,29.53,15.8,1.6,5.87
CP002,Footwear,Emerald,Unisex,7,5,32.6,7129.76,0.0,237365.76,25.2,5,0,0,0,9,1,8.0,7.5,20.8,28.4,29.87,33.1,28.2,-7.6,-3.23
CP002,Footwear,Emerald,Unisex,8,5,39.2,5421.98,0.0,241273.71,31.0,4,0,0,21,9,1,5.0,4.5,32.6,26.7,29.8,33.0,27.4,5.9,-3.2
CP002,Footwear,Emerald,Unisex,9,5,44.8,5984.86,0.0,289022.55,35.4,6,0,0,5,8,0,0.0,0.0,39.2,35.9,30.87,33.13,38.6,3.3,-2.27
CP002,Footwear,Emerald,Unisex,10,5,33.4,7228.37,0.0,226021.11,26.2,5,1,0,0,9,0,0.0,0.0,44.8,42.0,38.87,34.37,28.8,2.8,4.5
CP002,Footwear,Emerald,Unisex,11,5,24.4,5734.7,0.0,159628.99,20.6,4,0,0,0,9,1,11.0,10.0,33.4,39.1,39.13,34.47,14.8,-5.7,4.67
CP002,Footwear,Emerald,Unisex,12,5,47.0,6672.18,0.0,330511.21,37.4,5,1,6,0,9,2,26.0,23.5,24.4,28.9,34.2,32.53,40.4,-4.5,1.67
CP002,Footwear,Emerald,Women,1,5,57.2,7665.11,0.0,429342.57,45.6,7,0,0,10,9,2,14.0,13.5,68.6,54.0,56.33,59.97,43.6,14.6,-3.63
CP002,Footwear,Emerald,Women,2,5,79.4,7770.98,0.0,604866.92,68.2,8,1,0,0,8,0,0.0,0.0,57.2,58.8,52.33,57.9,54.4,-1.6,-5.57
CP002,Footwear,Emerald,Women,3,5,88.0,7355.26,0.0,638346.76,72.8,9,0,0,0,9,0,0.0,0.0,79.4,68.3,60.4,58.03,66.8,11.1,2.37
CP002,Footwear,Emerald,Women,4,5,70.8,7349.11,0.0,514774.37,57.6,7,2,9,0,9,2,20.0,17.5,88.0,83.7,74.87,57.87,57.8,4.3,17.0
CP002,Footwear,Emerald,Women,5,5,79.6,7320.42,0.0,592083.54,66.4,9,2,1,0,9,2,11.0,10.33,70.8,79.4,79.4,55.2,61.4,-8.6,24.2
CP002,Footwear,Emerald,Women,6,5,82.4,6870.38,0.0,558126.94,66.4,8,1,0,0,9,0,0.0,0.0,79.6,75.2,79.47,59.1,64.6,4.4,20.37
CP002,Footwear,Emerald,Women,7,5,76.8,7912.39,0.31,597389.26,61.6,8,0,0,0,9,2,19.0,16.67,82.4,81.0,77.6,76.23,61.4,1.4,1.37
CP002,Footwear,Emerald,Women,8,5,78.2,7358.26,0.0,578630.65,62.8,9,0,0,21,9,2,17.0,14.75,76.8,79.6,79.6,79.5,62.8,-2.8,0.1
CP002,Footwear,Emerald,Women,9,5,76.4,7031.91,0.0,555695.79,63.0,8,0,0,5,8,0,0.0,0.0,78.2,77.5,79.13,79.3,66.6,0.7,-0.17
CP002,Footwear,Emerald,Women,10,5,71.6,7308.06,0.0,527061.35,58.8,8,1,0,0,9,0,0.0,0.0,76.4,77.3,77.13,77.37,61.0,-0.9,-0.23
CP002,Footwear,Emerald,Women,11,5,64.2,7090.08,0.0,425445.02,52.0,6,0,0,0,9,2,27.0,25.3,71.6,74.0,75.4,77.5,39.4,-2.4,-2.1
CP002,Footwear,Emerald,Women,12,5,84.6,6760.47,0.25,577344.1,71.0,8,1,6,0,9,4,29.0,22.23,64.2,67.9,70.73,74.93,68.6,-3.7,-4.2
CP002,Footwear,Hustle,Kids,1,5,64.6,6949.82,0.1,351431.87,52.6,8,0,0,10,9,3,14.0,12.58,49.4,42.5,39.4,38.57,57.6,6.9,0.83
CP002,Footwear,Hustle,Kids,2,5,41.2,7375.3,0.0,256810.37,33.0,7,1,0,0,8,0,0.0,0.0,64.6,50.0,45.2,40.43,35.4,14.6,4.77
CP002,Footwear,Hustle,Kids,3,5,60.2,6181.79,0.0,320793.0,49.2,8,0,0,0,9,0,0.0,0.0,41.2,52.9,42.73,37.73,49.0,-11.7,5.0
CP002,Footwear,Hustle,Kids,4,5,55.0,6335.08,0.0,296722.3,47.4,7,2,9,0,9,2,18.0,15.17,60.2,50.7,55.33,40.73,50.0,9.5,14.6
CP002,Footwear,Hustle,Kids,5,5,37.2,7869.21,0.0,251629.0,28.6,7,2,1,0,9,2,10.0,9.0,55.0,57.6,52.13,41.97,26.4,-2.6,10.17
CP002,Footwear,Hustle,Kids,6,5,46.4,7563.25,0.0,288732.35,37.4,7,1,0,0,9,0,0.0,0.0,37.2,46.1,50.8,40.8,42.2,-8.9,10.0
CP002,Footwear,Hustle,Kids,7,5,45.4,6323.17,0.12,240503.53,36.6,7,0,0,0,9,1,9.0,8.67,46.4,41.8,46.2,50.77,39.4,4.6,-4.57
CP002,Footwear,Hustle,Kids,8,5,47.8,7736.0,0.0,306246.39,39.0,7,0,0,21,9,1,10.0,9.33,45.4,45.9,43.0,47.57,44.4,-0.5,-4.57
CP002,Footwear,Hustle,Kids,9,5,39.4,6864.09,0.0,233506.77,32.2,7,0,0,5,8,0,0.0,0.0,47.8,46.6,46.53,48.67,29.4,1.2,-2.13
CP002,Footwear,Hustle,Kids,10,5,39.4,6605.11,0.0,229184.24,32.4,8,1,0,0,9,0,0.0,0.0,39.4,43.6,44.2,45.2,33.2,-4.2,-1.0
CP002,Footwear,Hustle,Kids,11,5,45.6,6313.74,0.0,255835.21,35.6,7,0,0,0,9,1,20.0,20.0,39.4,39.4,42.2,42.6,35.6,0.0,-0.4
CP002,Footwear,Hustle,Kids,12,5,58.8,7546.15,0.0,370302.14,49.6,7,1,6,0,9,3,23.0,20.75,45.6,42.5,41.47,44.0,49.4,3.1,-2.53
CP002,Footwear,Hustle,Men,1,5,39.8,5792.37,0.22,205803.48,30.8,8,0,0,10,9,1,11.0,10.75,27.6,33.4,31.6,29.77,33.0,-5.8,1.83
CP002,Footwear,Hustle,Men,2,5,45.8,5319.69,0.0,219069.74,36.4,7,1,0,0,8,0,0.0,0.0,39.8,29.9,33.0,31.83,35.8,9.9,1.17
CP002,Footwear,Hustle,Men,3,5,51.6,4920.4,0.0,246820.55,41.2,8,0,0,0,9,0,0.0,0.0,45.8,42.8,33.13,33.33,43.8,3.0,-0.2
CP002,Footwear,Hustle,Men,4,5,51.0,6200.63,0.13,307298.97,41.0,9,2,9,0,9,2,18.0,15.25,51.6,48.7,45.73,35.37,40.8,2.9,10.37
CP002,Footwear,Hustle,Men,5,5,47.4,5012.87,0.0,212638.26,36.4,9,2,1,0,9,2,11.0,10.0,51.0,51.3,49.47,37.07,40.0,-0.3,12.4
CP002,Footwear,Hustle,Men,6,5,34.0,5989.39,0.0,190379.05,27.4,7,1,0,0,9,0,0.0,0.0,47.4,49.2,50.0,36.27,28.2,-1.8,13.73
CP002,Footwear,Hustle,Men,7,5,29.0,5457.22,0.0,141258.65,23.0,6,0,0,0,9,2,18.0,16.33,34.0,40.7,44.13,44.93,19.8,-6.7,-0.8
CP002,Footwear,Hustle,Men,8,5,36.2,5715.06,0.0,184365.58,29.2,7,0,0,21,9,1,13.0,12.5,29.0,31.5,36.8,43.13,30.6,-2.5,-6.33
CP002,Footwear,Hustle,Men,9,5,38.2,5738.96,0.0,197418.95,31.2,7,0,0,5,8,0,0.0,0.0,36.2,32.6,33.07,41.53,33.4,3.6,-8.47
CP002,Footwear,Hustle,Men,10,5,41.0,5903.13,0.0,205949.1,31.4,7,1,0,0,9,0,0.0,0.0,38.2,37.2,34.47,39.3,28.0,1.0,-4.83
CP002,Footwear,Hustle,Men,11,5,58.6,5534.88,0.5,292107.93,47.4,8,0,0,0,9,2,22.0,19.67,41.0,39.6,38.47,37.63,39.2,1.4,0.83
CP002,Footwear,Hustle,Men,12,5,34.4,6814.7,0.0,193888.87,27.4,6,1,6,0,9,3,26.0,22.17,58.6,49.8,45.93,39.5,27.6,8.8,6.43
CP002,Footwear,Hustle,Unisex,1,5,12.8,5409.89,0.0,73629.57,10.0,3,0,0,10,9,1,11.0,10.5,13.2,12.8,11.73,10.57,11.0,0.4,1.17
CP002,Footwear,Hustle,Unisex,2,5,10.6,6262.71,0.0,67619.24,8.4,2,1,0,0,8,0,0.0,0.0,12.8,11.7,11.93,10.43,9.8,1.1,1.5
CP002,Footwear,Hustle,Unisex,3,5,13.2,5440.8,0.0,79959.56,9.6,3,0,0,0,9,0,0.0,0.0,10.6,11.7,10.93,10.47,10.6,-1.1,0.47
CP002,Footwear,Hustle,Unisex,4,5,15.2,6080.61,1.5,97026.99,11.8,3,2,9,0,9,1,12.0,11.5,13.2,11.9,12.2,10.87,9.2,1.3,1.33
CP002,Footwear,Hustle,Unisex,5,5,11.6,6718.55,0.0,86284.39,8.4,3,2,1,0,9,1,8.0,8.0,15.2,14.2,13.0,11.37,10.8,1.0,1.63
CP002,Footwear,Hustle,Unisex,6,5,10.8,6972.1,0.0,82018.39,8.6,2,1,0,0,9,0,0.0,0.0,11.6,13.4,13.33,10.77,7.6,-1.8,2.57
CP002,Footwear,Hustle,Unisex,7,5,15.8,6246.15,0.0,116416.67,11.8,3,0,0,0,9,1,10.0,10.0,10.8,11.2,12.53,12.37,11.0,-0.4,0.17
CP002,Footwear,Hustle,Unisex,8,5,8.8,5262.19,0.0,60677.45,6.6,3,0,0,21,9,0,3.0,3.0,15.8,13.3,12.73,12.87,9.2,2.5,-0.13
CP002,Footwear,Hustle,Unisex,9,5,9.2,4364.93,0.0,50265.53,7.0,3,0,0,5,8,0,0.0,0.0,8.8,12.3,11.8,12.57,8.0,-3.5,-0.77
CP002,Footwear,Hustle,Unisex,10,4,10.0,5549.12,0.0,57184.18,6.75,3,1,0,0,9,0,0.0,0.0,8.75,7.62,9.5,10.67,9.0,1.12,-1.17
CP002,Footwear,Hustle,Unisex,11,5,12.6,5590.93,0.0,88846.79,10.4,3,0,0,0,9,0,0.0,0.0,10.2,10.4,10.4,11.4,12.2,-0.2,-1.0
CP002,Footwear,Hustle,Unisex,12,5,14.2,7590.99,0.0,103702.02,11.2,2,1,6,0,9,2,18.0,17.0,12.6,11.4,11.13,11.23,12.6,1.2,-0.1
CP002,Footwear,Hustle,Women,1,5,27.2,5185.6,0.0,121784.86,24.6,4,0,0,10,9,1,6.0,6.0,22.6,26.8,24.8,23.33,24.2,-4.2,1.47
CP002,Footwear,Hustle,Women,2,5,33.2,5791.76,0.0,170084.57,28.0,5,1,0,0,8,0,0.0,0.0,27.2,22.7,25.47,23.33,29.6,4.5,2.13
CP002,Footwear,Hustle,Women,3,5,43.0,6895.25,0.0,262049.73,35.8,5,0,0,0,9,0,0.0,0.0,33.2,30.2,22.87,23.37,35.2,3.0,-0.5
CP002,Footwear,Hustle,Women,4,5,42.8,5873.01,0.0,220557.94,37.4,4,2,9,0,9,1,16.0,13.83,43.0,38.1,34.47,24.63,27.4,4.9,9.83
CP002,Footwear,Hustle,Women,5,5,40.4,5494.97,0.0,207045.57,32.8,5,2,1,0,9,1,6.0,5.5,42.8,42.9,39.67,27.27,29.4,-0.1,12.4
CP002,Footwear,Hustle,Women,6,5,38.2,5907.77,0.0,192961.78,30.8,4,1,0,0,9,0,0.0,0.0,40.4,41.6,42.07,28.2,29.0,-1.2,13.87
CP002,Footwear,Hustle,Women,7,5,29.0,5748.31,0.43,139431.7,24.4,4,0,0,0,9,1,15.0,14.33,38.2,39.3,40.47,37.47,22.8,-1.1,3.0
CP002,Footwear,Hustle,Women,8,5,25.8,5555.52,0.0,125983.05,21.2,5,0,0,21,9,1,7.0,6.0,29.0,33.6,35.87,37.77,23.0,-4.6,-1.9
CP002,Footwear,Hustle,Women,9,5,23.6,6044.54,0.0,124789.89,19.6,4,0,0,5,8,0,0.0,0.0,25.8,27.4,31.0,36.53,19.8,-1.6,-5.53
CP002,Footwear,Hustle,Women,10,5,28.4,6072.55,0.0,145706.79,24.0,5,1,0,0,9,0,0.0,0.0,23.6,24.7,26.13,33.3,20.8,-1.1,-7.17
CP002,Footwear,Hustle,Women,11,5,40.0,5398.46,0.0,196187.5,31.6,5,0,0,0,9,1,14.0,14.0,28.4,26.0,25.93,30.9,31.0,2.4,-4.97
CP002,Footwear,Hustle,Women,12,5,24.6,6391.63,0.57,138789.85,20.4,4,1,6,0,9,2,24.0,22.75,40.0,34.2,30.67,30.83,22.6,5.8,-0.17
CP002,Footwear,King Street,Kids,1,5,36.0,6064.3,0.0,233369.45,27.8,7,0,0,10,9,2,14.0,12.92,29.8,28.7,28.4,29.87,31.6,1.1,-1.47
CP002,Footwear,King Street,Kids,2,5,29.8,6437.85,0.0,216349.6,24.0,6,1,0,0,8,0,0.0,0.0,36.0,29.7,29.0,30.6,26.8,6.3,-1.6
CP002,Footwear,King Street,Kids,3,5,42.4,6224.21,0.0,283981.4,31.6,8,0,0,0,9,0,0.0,0.0,29.8,32.9,28.53,29.7,35.6,-3.1,-1.17
CP002,Footwear,King Street,Kids,4,5,42.6,5057.47,0.0,254822.66,33.0,7,2,9,0,9,2,22.0,20.9,42.4,36.1,36.07,29.53,37.4,6.3,6.53
CP002,Footwear,King Street,Kids,5,5,41.8,5451.29,0.14,234457.22,31.2,8,2,1,0,9,1,10.0,10.0,42.6,42.5,38.27,29.63,33.2,0.1,8.63
CP002,Footwear,King Street,Kids,6,5,32.8,5916.86,0.0,211525.2,25.4,7,1,0,0,9,0,0.0,0.0,41.8,42.2,42.27,30.8,25.2,-0.4,11.47
CP002,Footwear,King Street,Kids,7,5,32.2,5371.08,0.0,179342.56,23.8,8,0,0,0,9,1,13.0,12.33,32.8,37.3,39.07,37.57,25.2,-4.5,1.5
CP002,Footwear,King Street,Kids,8,5,39.0,5591.52,0.0,242494.91,31.0,7,0,0,21,9,1,6.0,6.0,32.2,32.5,35.6,36.93,31.6,-0.3,-1.33
CP002,Footwear,King Street,Kids,9,5,41.4,6406.36,0.0,307690.15,31.2,7,0,0,5,8,0,0.0,0.0,39.0,35.6,34.67,38.47,37.2,3.4,-3.8
CP002,Footwear,King Street,Kids,10,5,33.0,5933.31,0.0,213409.79,24.8,8,1,0,0,9,0,0.0,0.0,41.4,40.2,37.53,38.3,27.8,1.2,-0.77
CP002,Footwear,King Street,Kids,11,5,40.8,5582.51,0.46,260911.69,32.0,7,0,0,0,9,1,25.0,25.0,33.0,37.2,37.8,36.7,27.6,-4.2,1.1
CP002,Footwear,King Street,Kids,12,5,36.4,5784.25,0.0,227752.66,28.2,7,1,6,0,9,3,24.0,19.33,40.8,36.9,38.4,36.53,29.8,3.9,1.87
CP002,Footwear,King Street,Men,1,5,20.2,6848.52,0.0,138568.71,16.2,3,0,0,10,9,1,5.0,4.33,16.2,11.6,11.13,10.77,13.4,4.6,0.37
CP002,Footwear,King Street,Men,2,5,11.4,7166.1,0.0,86734.13,9.6,3,1,0,0,8,0,0.0,0.0,20.2,17.5,14.0,12.2,10.0,2.7,1.8
CP002,Footwear,King Street,Men,3,5,14.2,6657.8,0.0,96707.71,11.4,3,0,0,0,9,0,0.0,0.0,11.4,15.8,14.47,11.83,11.8,-4.4,2.63
CP002,Footwear,King Street,Men,4,5,17.4,7723.22,0.0,131968.72,13.8,3,2,9,0,9,1,10.0,7.17,14.2,12.8,15.27,12.3,13.0,1.4,2.97
CP002,Footwear,King Street,Men,5,5,16.0,5880.4,0.0,103832.82,12.2,3,2,1,0,9,0,2.0,2.0,17.4,15.8,14.33,13.2,12.2,1.6,1.13
CP002,Footwear,King Street,Men,6,5,12.2,6875.68,0.0,81424.9,9.6,3,1,0,0,9,0,0.0,0.0,16.0,16.7,15.87,14.37,9.6,-0.7,1.5
CP002,Footwear,King Street,Men,7,5,13.0,7307.48,0.0,93496.27,9.8,3,0,0,0,9,1,7.0,6.5,12.2,14.1,15.2,15.23,10.2,-1.9,-0.03
CP002,Footwear,King Street,Men,8,5,10.8,6269.62,0.0,75932.15,8.0,3,0,0,21,9,1,9.0,8.5,13.0,12.6,13.73,14.03,10.6,0.4,-0.3
CP002,Footwear,King Street,Men,9,5,13.0,6394.69,0.0,87439.06,9.6,3,0,0,5,8,0,0.0,0.0,10.8,11.9,12.0,13.93,10.4,-1.1,-1.93
CP002,Footwear,King Street,Men,10,5,11.2,6379.6,0.0,73651.73,9.6,3,1,0,0,9,0,0.0,0.0,13.0,11.9,12.27,13.73,10.2,1.1,-1.47
CP002,Footwear,King Street,Men,11,5,9.0,7083.41,0.0,67244.65,6.6,2,0,0,0,9,0,0.0,0.0,11.2,12.1,11.67,12.7,7.0,-0.9,-1.03
CP002,Footwear,King Street,Men,12,5,18.0,6367.02,0.0,124298.58,14.6,4,1,6,0,9,2,23.0,20.5,9.0,10.1,11.07,11.53,16.2,-1.1,-0.47
CP002,Footwear,King Street,Unisex,1,5,8.2,7133.1,0.0,56067.47,6.6,2,0,0,10,9,1,5.0,5.0,11.0,8.8,8.27,8.2,6.4,2.2,0.07
CP002,Footwear,King Street,Unisex,2,5,6.4,6225.76,0.0,39565.33,4.8,2,1,0,0,8,0,0.0,0.0,8.2,9.3,8.4,7.8,5.8,-1.1,0.6
CP002,Footwear,King Street,Unisex,3,5,8.6,7807.4,0.0,61788.98,6.6,3,0,0,0,9,0,0.0,0.0,6.4,7.3,7.73,7.67,5.2,-0.9,0.07
CP002,Footwear,King Street,Unisex,4,5,12.2,7925.56,0.4,93685.77,9.6,2,2,9,0,9,1,8.0,6.5,8.6,7.5,7.73,7.37,11.6,1.1,0.37
CP002,Footwear,King Street,Unisex,5,5,10.8,7886.61,0.0,80904.52,7.8,3,2,1,0,9,1,9.0,9.0,12.2,10.4,9.07,7.57,7.0,1.8,1.5
CP002,Footwear,King Street,Unisex,6,5,7.6,7624.25,0.0,59365.26,5.0,2,1,0,0,9,0,0.0,0.0,10.8,11.5,10.53,8.0,6.6,-0.7,2.53
CP002,Footwear,King Street,Unisex,7,5,14.0,7328.51,0.0,100880.35,10.2,3,0,0,0,9,0,7.0,7.0,7.6,9.2,10.2,8.97,10.0,-1.6,1.23
CP002,Footwear,King Street,Unisex,8,5,9.0,8299.82,0.0,71001.36,7.2,3,0,0,21,9,0,6.0,6.0,14.0,10.8,10.8,9.93,5.4,3.2,0.87
CP002,Footwear,King Street,Unisex,9,5,11.2,8079.11,0.0,87551.96,8.0,3,0,0,5,8,0,0.0,0.0,9.0,11.5,10.2,10.37,9.0,-2.5,-0.17
CP002,Footwear,King Street,Unisex,10,5,9.2,7520.06,0.0,68916.72,6.4,3,1,0,0,9,0,0.0,0.0,11.2,10.1,11.4,10.8,7.2,1.1,0.6
CP002,Footwear,King Street,Unisex,11,5,9.4,8121.92,0.0,73811.87,6.6,3,0,0,0,9,1,14.0,14.0,9.2,10.2,9.8,10.3,6.6,-1.0,-0.5
CP002,Footwear,King Street,Unisex,12,5,15.6,7077.34,0.0,114480.28,11.6,3,1,6,0,9,1,17.0,15.0,9.4,9.3,9.93,10.07,11.0,0.1,-0.13
CP002,Footwear,King Street,Women,1,5,30.2,5136.48,0.0,154419.01,22.2,4,0,0,10,9,1,4.0,4.0,27.4,26.9,25.07,24.17,22.6,0.5,0.9
CP002,Footwear,King Street,Women,2,5,22.4,4552.04,0.0,105284.72,19.2,3,1,0,0,8,0,0.0,0.0,30.2,24.6,25.2,24.4,18.0,5.6,0.8
CP002,Footwear,King Street,Women,3,5,27.0,5419.76,0.0,146315.97,21.2,3,0,0,0,9,0,0.0,0.0,22.4,26.3,21.93,24.13,19.6,-3.9,-2.2
CP002,Footwear,King Street,Women,4,5,31.2,4934.43,0.0,154580.64,25.8,4,2,9,0,9,1,15.0,14.5,27.0,24.7,26.53,23.1,27.4,2.3,3.43
CP002,Footwear,King Street,Women,5,5,16.2,4902.96,0.0,80132.09,12.6,3,2,1,0,9,0,5.0,5.0,31.2,29.1,26.87,22.77,13.6,2.1,4.1
CP002,Footwear,King Street,Women,6,5,20.6,4120.51,0.0,92983.63,16.4,3,1,0,0,9,0,0.0,0.0,16.2,23.7,24.8,20.4,16.0,-7.5,4.4
CP002,Footwear,King Street,Women,7,5,22.8,4906.05,0.0,107175.39,18.0,4,0,0,0,9,2,12.0,10.33,20.6,18.4,22.67,24.6,20.4,2.2,-1.93
CP002,Footwear,King Street,Women,8,5,21.0,4691.93,0.0,99008.91,16.4,3,0,0,21,9,1,9.0,8.5,22.8,21.7,19.87,23.37,18.2,1.1,-3.5
CP002,Footwear,King Street,Women,9,5,33.6,4701.15,0.0,163543.37,26.0,4,0,0,5,8,0,0.0,0.0,21.0,21.9,21.47,23.13,31.2,-0.9,-1.67
CP002,Footwear,King Street,Women,10,5,26.2,4862.69,0.0,118089.33,20.2,4,1,0,0,9,0,0.0,0.0,33.6,27.3,25.8,24.23,21.4,6.3,1.57
CP002,Footwear,King Street,Women,11,5,31.2,5277.42,0.0,169867.95,25.0,4,0,0,0,9,1,11.0,10.0,26.2,29.9,26.93,23.4,26.4,-3.7,3.53
CP002,Footwear,King Street,Women,12,5,38.0,4234.61,1.63,164739.04,30.4,4,1,6,0,9,3,21.0,17.5,31.2,28.7,30.33,25.9,27.4,2.5,4.43
CP002,Footwear,Libera,Kids,1,5,11.4,6489.35,0.0,80310.69,8.6,3,0,0,10,9,1,8.0,7.67,16.8,12.1,11.0,11.27,10.2,4.7,-0.27
CP002,Footwear,Libera,Kids,2,5,15.0,8048.77,0.0,125211.48,10.0,3,1,0,0,8,0,0.0,0.0,11.4,12.5,10.8,11.2,13.8,-1.1,-0.4
CP002,Footwear,Libera,Kids,3,5,12.0,8030.35,0.0,99305.47,9.0,3,0,0,0,9,0,0.0,0.0,15.0,13.2,12.13,10.97,9.0,1.8,1.17
CP002,Footwear,Libera,Kids,4,5,18.0,8684.26,0.0,143980.96,13.6,3,2,9,0,9,2,18.0,14.33,12.0,13.5,12.8,10.33,16.0,-1.5,2.47
CP002,Footwear,Libera,Kids,5,5,15.0,6936.2,0.0,108954.62,11.4,4,2,1,0,9,1,6.0,6.0,18.0,15.0,15.0,10.73,12.6,3.0,4.27
CP002,Footwear,Libera,Kids,6,5,12.6,7493.56,0.0,96924.6,9.0,4,1,0,0,9,0,0.0,0.0,15.0,16.5,15.0,11.37,9.6,-1.5,3.63
CP002,Footwear,Libera,Kids,7,5,10.4,8181.56,2.0,74253.01,7.2,3,0,0,0,9,2,17.0,15.33,12.6,13.8,15.2,14.0,8.6,-1.2,1.2
CP002,Footwear,Libera,Kids,8,5,15.4,5968.85,0.33,79074.01,12.4,2,0,0,21,9,1,7.0,7.0,10.4,11.5,12.67,13.83,12.8,-1.1,-1.17
CP002,Footwear,Libera,Kids,9,5,17.8,7873.85,0.0,143685.06,13.4,3,0,0,5,8,0,0.0,0.0,15.4,12.9,12.8,13.9,13.2,2.5,-1.1
CP002,Footwear,Libera,Kids,10,5,12.2,7528.85,0.0,91116.36,8.6,3,1,0,0,9,0,0.0,0.0,17.8,16.6,14.53,14.87,8.8,1.2,-0.33
CP002,Footwear,Libera,Kids,11,5,11.8,6311.99,0.0,73239.55,9.0,4,0,0,0,9,0,6.0,5.5,12.2,15.0,15.13,13.9,7.4,-2.8,1.23
CP002,Footwear,Libera,Kids,12,5,18.6,7905.48,0.0,151162.53,14.2,3,1,6,0,9,1,12.0,10.5,11.8,12.0,13.93,13.37,16.8,-0.2,0.57
CP002,Footwear,Libera,Men,1,5,16.2,7956.5,0.6,109092.0,13.6,2,0,0,10,9,1,9.0,9.0,24.4,20.6,18.47,17.47,15.6,3.8,1.0
CP002,Footwear,Libera,Men,2,4,17.0,7593.36,0.0,124719.96,13.25,2,1,0,0,8,0,0.0,0.0,19.5,18.0,17.17,15.79,15.5,1.5,1.38
CP002,Footwear,Libera,Men,3,5,13.8,6831.34,0.0,94637.33,11.0,2,0,0,0,9,0,0.0,0.0,14.2,18.9,17.0,16.33,5.0,-4.7,0.67
CP002,Footwear,Libera,Men,4,5,28.6,7731.2,0.0,201756.56,23.2,3,2,9,0,9,1,8.0,6.67,13.8,14.0,17.2,15.77,21.8,-0.2,1.43
CP002,Footwear,Libera,Men,5,5,23.6,7131.54,0.0,159722.67,19.6,3,2,1,0,9,1,5.0,5.0,28.6,21.2,18.87,18.17,18.4,7.4,0.7
CP002,Footwear,Libera,Men,6,5,28.0,7147.35,0.0,186002.0,22.0,3,1,0,0,9,0,0.0,0.0,23.6,26.1,22.0,17.87,24.0,-2.5,4.13
CP002,Footwear,Libera,Men,7,5,17.2,6746.77,0.0,108672.95,14.8,3,0,0,0,9,1,12.0,11.5,28.0,25.8,26.73,21.97,17.2,2.2,4.77
CP002,Footwear,Libera,Men,8,5,18.4,7925.21,0.0,138147.38,15.6,2,0,0,21,9,0,4.0,4.0,17.2,22.6,22.93,20.9,15.4,-5.4,2.03
CP002,Footwear,Libera,Men,9,5,18.8,7037.81,0.0,125049.36,15.2,2,0,0,5,8,0,0.0,0.0,18.4,17.8,21.2,21.6,16.6,0.6,-0.4
CP002,Footwear,Libera,Men,10,5,16.6,6681.66,0.0,107220.01,13.0,3,1,0,0,9,0,0.0,0.0,18.8,18.6,18.13,22.43,12.4,0.2,-4.3
CP002,Footwear,Libera,Men,11,5,19.2,7400.35,0.0,139219.65,15.6,2,0,0,0,9,0,10.0,10.0,16.6,17.7,17.93,20.43,18.0,-1.1,-2.5
CP002,Footwear,Libera,Men,12,5,27.2,7353.11,0.0,186905.82,22.4,4,1,6,0,9,1,18.0,16.83,19.2,17.9,18.2,19.7,20.8,1.3,-1.5
CP002,Footwear,Libera,Unisex,1,5,16.4,4071.5,0.0,74098.12,11.4,3,0,0,10,9,0,0.0,0.0,17.6,14.0,12.73,11.73,11.0,3.6,1.0
CP002,Footwear,Libera,Unisex,2,5,14.2,3750.59,0.0,61613.09,11.2,3,1,0,0,8,0,0.0,0.0,16.4,15.6,13.87,11.6,11.6,0.8,2.27
CP002,Footwear,Libera,Unisex,3,4,11.5,3437.98,0.0,46259.88,9.0,2,0,0,0,8,0,0.0,0.0,15.0,15.88,12.83,10.67,7.75,-0.88,2.17
CP002,Footwear,Libera,Unisex,4,5,24.4,3869.43,1.0,114600.23,19.2,3,2,9,0,9,1,13.0,11.33,11.4,13.2,15.8,12.3,14.4,-1.8,3.5
CP002,Footwear,Libera,Unisex,5,5,18.0,3915.66,0.0,82608.89,13.2,4,2,1,0,9,1,8.0,8.0,24.4,17.9,16.93,14.33,18.0,6.5,2.6
CP002,Footwear,Libera,Unisex,6,5,11.6,3624.99,0.0,44858.77,8.8,2,1,0,0,9,0,0.0,0.0,18.0,21.2,17.93,15.17,10.8,-3.2,2.77
CP002,Footwear,Libera,Unisex,7,5,14.6,4026.38,0.0,61313.23,11.2,2,0,0,0,9,0,7.0,7.0,11.6,14.8,18.0,16.9,13.4,-3.2,1.1
CP002,Footwear,Libera,Unisex,8,5,13.6,4390.97,0.0,66495.83,10.4,2,0,0,21,9,1,7.0,6.0,14.6,13.1,14.73,15.83,11.0,1.5,-1.1
CP002,Footwear,Libera,Unisex,9,5,10.0,3196.2,0.0,36658.9,7.4,3,0,0,5,8,0,0.0,0.0,13.6,14.1,13.27,15.6,8.0,-0.5,-2.33
CP002,Footwear,Libera,Unisex,10,4,11.25,2915.53,0.0,39731.6,9.0,3,1,0,0,9,0,0.0,0.0,8.75,10.75,12.42,15.96,10.5,-2.0,-3.54
CP002,Footwear,Libera,Unisex,11,4,15.0,3290.43,0.0,57199.4,10.75,2,0,0,0,8,0,5.0,5.0,11.25,10.0,10.92,13.21,11.75,1.25,-2.29
CP002,Footwear,Libera,Unisex,12,4,23.25,4388.08,0.0,113036.97,19.25,2,1,6,0,8,2,11.25,9.17,15.75,14.75,13.42,13.46,8.5,1.0,-0.04
CP002,Footwear,Libera,Women,1,5,9.4,7229.64,0.5,71265.9,8.4,2,0,0,10,9,1,8.0,8.0,19.2,16.8,15.07,14.0,15.4,2.4,1.07
CP002,Footwear,Libera,Women,2,5,20.2,8561.42,0.0,178035.6,16.0,2,1,0,0,8,0,0.0,0.0,9.4,13.3,13.67,13.17,11.8,-3.9,0.5
CP002,Footwear,Libera,Women,3,5,9.6,6648.5,0.0,65723.68,7.6,2,0,0,0,9,0,0.0,0.0,20.2,14.8,13.47,13.63,11.6,5.4,-0.17
CP002,Footwear,Libera,Women,4,5,25.6,6736.71,0.0,196959.62,20.0,4,2,9,0,9,0,0.0,0.0,9.6,14.9,13.07,12.47,13.6,-5.3,0.6
CP002,Footwear,Libera,Women,5,5,18.4,6211.31,0.0,143971.59,15.0,2,2,1,0,9,0,5.0,5.0,25.6,17.6,18.47,13.57,18.4,8.0,4.9
CP002,Footwear,Libera,Women,6,5,15.8,7992.27,0.0,130930.25,12.8,3,1,0,0,9,0,0.0,0.0,18.4,22.0,17.87,13.7,17.4,-3.6,4.17
CP002,Footwear,Libera,Women,7,5,16.2,7949.77,0.0,123605.29,12.6,3,0,0,0,9,1,10.0,10.0,15.8,17.1,19.93,16.5,12.4,-1.3,3.43
CP002,Footwear,Libera,Women,8,2,8.0,5678.8,0.0,45430.36,6.0,1,0,0,21,10,1,15.0,15.0,17.0,17.0,15.33,17.5,14.5,0.0,-2.17
CP002,Footwear,Libera,Women,9,5,18.6,6724.75,0.0,133138.18,14.8,3,0,0,5,8,0,0.0,0.0,12.6,14.2,16.27,16.53,9.2,-1.6,-0.27
CP002,Footwear,Libera,Women,10,5,16.2,8403.05,0.0,138696.68,13.4,2,1,0,0,9,0,0.0,0.0,18.6,15.6,15.67,17.33,16.0,3.0,-1.67
CP002,Footwear,Libera,Women,11,5,15.4,5561.16,0.0,104927.68,12.0,3,0,0,0,9,0,9.0,9.0,16.2,17.4,15.8,17.27,10.6,-1.2,-1.47
CP002,Footwear,Libera,Women,12,5,21.4,6196.75,0.0,165698.58,17.6,2,1,6,0,9,1,16.0,13.83,15.4,15.8,16.73,16.5,16.6,-0.4,0.23
CP002,Footwear,Miss Modano,Kids,1,5,45.0,6073.14,0.0,283763.44,38.2,5,0,0,10,9,1,6.0,5.5,26.4,24.0,24.93,24.77,35.6,2.4,0.17
CP002,Footwear,Miss Modano,Kids,2,5,29.4,6675.96,0.0,206434.28,24.8,4,1,0,0,8,0,0.0,0.0,45.0,31.0,27.87,27.53,20.8,14.0,0.33
CP002,Footwear,Miss Modano,Kids,3,5,37.6,7253.13,0.0,289453.09,30.2,4,0,0,0,9,0,0.0,0.0,29.4,37.2,28.6,26.43,30.4,-7.8,2.17
CP002,Footwear,Miss Modano,Kids,4,5,38.6,6103.97,0.0,233607.35,32.2,5,2,9,0,9,0,4.0,4.0,37.6,33.5,37.33,27.5,30.6,4.1,9.83
CP002,Footwear,Miss Modano,Kids,5,5,39.8,6575.92,0.18,244905.06,34.4,5,2,1,0,9,1,6.0,5.5,38.6,38.1,35.2,27.63,30.8,0.5,7.57
CP002,Footwear,Miss Modano,Kids,6,5,34.4,6535.86,0.0,227568.4,26.8,5,1,0,0,9,0,0.0,0.0,39.8,39.2,38.67,29.07,27.4,0.6,9.6
CP002,Footwear,Miss Modano,Kids,7,5,25.0,6018.37,0.0,141474.25,21.6,4,0,0,0,9,1,15.0,14.0,34.4,37.1,37.6,37.47,19.0,-2.7,0.13
CP002,Footwear,Miss Modano,Kids,8,5,41.4,6548.76,0.5,268478.91,34.6,4,0,0,21,9,1,11.0,9.67,25.0,29.7,33.07,34.13,30.4,-4.7,-1.07
CP002,Footwear,Miss Modano,Kids,9,5,31.8,6209.13,0.0,212618.34,25.6,4,0,0,5,8,0,0.0,0.0,41.4,33.2,33.6,36.13,24.4,8.2,-2.53
CP002,Footwear,Miss Modano,Kids,10,5,34.6,7095.24,0.0,251753.35,28.6,5,1,0,0,9,0,0.0,0.0,31.8,36.6,32.73,35.17,26.8,-4.8,-2.43
CP002,Footwear,Miss Modano,Kids,11,5,31.8,7089.84,0.0,236556.29,24.6,4,0,0,0,9,1,14.0,14.0,34.6,33.2,35.93,34.5,21.6,1.4,1.43
CP002,Footwear,Miss Modano,Kids,12,5,33.8,6190.56,0.0,207043.17,26.0,4,1,6,0,9,2,22.0,19.67,31.8,33.2,32.73,33.17,26.4,-1.4,-0.43
CP002,Footwear,Miss Modano,Men,1,5,77.4,6756.33,0.0,502363.07,62.6,9,0,0,10,9,3,12.0,9.98,66.4,69.1,62.6,58.53,62.2,-2.7,4.07
CP002,Footwear,Miss Modano,Men,2,5,63.8,6647.39,0.0,375184.73,50.4,8,1,0,0,8,0,0.0,0.0,77.4,62.7,65.73,60.37,51.6,14.7,5.37
CP002,Footwear,Miss Modano,Men,3,5,78.4,7137.28,0.0,507897.56,63.2,10,0,0,0,9,0,0.0,0.0,63.8,70.6,59.4,60.7,66.6,-6.8,-1.3
CP002,Footwear,Miss Modano,Men,4,5,64.6,6241.46,0.42,364690.89,51.2,8,2,9,0,9,3,21.0,17.8,78.4,71.1,73.2,60.17,52.4,7.3,13.03
CP002,Footwear,Miss Modano,Men,5,5,60.2,7112.72,0.0,423703.19,46.8,10,2,1,0,9,2,13.0,12.5,64.6,71.5,68.93,60.87,50.8,-6.9,8.07
CP002,Footwear,Miss Modano,Men,6,5,59.0,7188.32,0.0,391779.71,46.6,10,1,0,0,9,0,0.0,0.0,60.2,62.4,67.73,56.2,49.0,-2.2,11.53
CP002,Footwear,Miss Modano,Men,7,5,57.0,7248.57,0.21,381273.87,43.4,9,0,0,0,9,2,17.0,14.75,59.0,59.6,61.27,67.23,48.0,-0.6,-5.97
CP002,Footwear,Miss Modano,Men,8,5,67.4,7018.35,0.0,396785.26,56.6,8,0,0,21,9,1,16.0,14.83,57.0,58.0,58.73,63.83,50.8,-1.0,-5.1
CP002,Footwear,Miss Modano,Men,9,5,71.8,7032.38,0.0,451778.07,56.4,9,0,0,5,8,0,0.0,0.0,67.4,62.2,61.13,64.43,64.6,5.2,-3.3
CP002,Footwear,Miss Modano,Men,10,5,58.2,7344.01,0.0,391159.87,46.4,9,1,0,0,9,0,0.0,0.0,71.8,69.6,65.4,63.33,49.6,2.2,2.07
CP002,Footwear,Miss Modano,Men,11,5,87.8,6907.39,0.0,557685.17,70.4,10,0,0,0,9,2,23.0,21.3,58.2,65.0,65.8,62.27,71.8,-6.8,3.53
CP002,Footwear,Miss Modano,Men,12,5,76.4,6379.68,0.0,466271.82,63.0,8,1,6,0,9,3,24.0,19.77,87.8,73.0,72.6,66.87,66.4,14.8,5.73
CP002,Footwear,Miss Modano,Unisex,1,5,42.2,7102.13,0.6,285921.35,34.4,4,0,0,10,9,2,12.0,11.75,50.8,40.8,35.87,35.2,34.8,10.0,0.67
CP002,Footwear,Miss Modano,Unisex,2,5,40.8,7519.45,0.0,301011.44,32.6,4,1,0,0,8,0,0.0,0.0,42.2,42.7,38.73,34.33,31.6,-0.5,4.4
CP002,Footwear,Miss Modano,Unisex,3,5,50.8,7894.34,0.0,378595.57,42.0,5,0,0,0,9,0,0.0,0.0,40.8,41.5,40.87,34.13,43.0,-0.7,6.73
CP002,Footwear,Miss Modano,Unisex,4,5,49.0,7722.26,0.0,388734.01,39.4,5,2,9,0,9,2,20.0,18.0,50.8,45.8,44.6,37.63,43.6,5.0,6.97
CP002,Footwear,Miss Modano,Unisex,5,5,35.2,7607.51,0.0,262369.21,29.4,5,2,1,0,9,0,0.0,0.0,49.0,49.9,46.87,40.3,23.2,-0.9,6.57
CP002,Footwear,Miss Modano,Unisex,6,5,52.2,7535.51,0.0,368986.01,42.8,5,1,0,0,9,0,0.0,0.0,35.2,42.1,45.0,40.03,40.8,-6.9,4.97
CP002,Footwear,Miss Modano,Unisex,7,5,44.4,7298.58,0.0,312112.22,35.4,5,0,0,0,9,1,13.0,13.0,52.2,43.7,45.47,45.03,39.8,8.5,0.43
CP002,Footwear,Miss Modano,Unisex,8,5,47.8,8052.95,0.0,368395.95,38.8,5,0,0,21,9,2,17.0,14.5,44.4,48.3,43.93,45.4,38.4,-3.9,-1.47
CP002,Footwear,Miss Modano,Unisex,9,5,40.2,8084.72,0.0,306854.94,33.4,5,0,0,5,8,0,0.0,0.0,47.8,46.1,48.13,46.57,25.4,1.7,1.57
CP002,Footwear,Miss Modano,Unisex,10,5,38.8,7506.61,0.0,281705.35,32.0,5,1,0,0,9,0,0.0,0.0,40.2,44.0,44.13,44.8,26.0,-3.8,-0.67
CP002,Footwear,Miss Modano,Unisex,11,5,34.6,9022.22,0.0,301072.09,27.4,4,0,0,0,9,1,11.0,10.0,38.8,39.5,42.27,43.1,30.8,-0.7,-0.83
CP002,Footwear,Miss Modano,Unisex,12,5,58.8,6532.16,0.0,390081.53,49.2,4,1,6,0,9,2,22.0,18.17,34.6,36.7,37.87,43.0,50.8,-2.1,-5.13
CP002,Footwear,Miss Modano,Women,1,5,24.8,8363.05,0.0,183593.64,18.8,4,0,0,10,9,0,5.0,5.0,40.2,34.1,30.73,27.33,18.8,6.1,3.4
CP002,Footwear,Miss Modano,Women,2,5,30.4,7506.17,0.0,212022.35,25.0,5,1,0,0,8,0,0.0,0.0,24.8,29.8,29.2,25.57,25.2,-5.0,3.63
CP002,Footwear,Miss Modano,Women,3,5,29.6,7116.99,0.0,198224.27,22.6,5,0,0,0,9,0,0.0,0.0,30.4,27.6,27.93,25.93,20.8,2.8,2.0
CP002,Footwear,Miss Modano,Women,4,5,42.2,8281.93,0.0,316361.77,33.2,5,2,9,0,9,1,9.0,7.5,29.6,30.0,28.27,26.93,33.0,-0.4,1.33
CP002,Footwear,Miss Modano,Women,5,5,34.6,7774.15,0.0,242610.7,28.2,5,2,1,0,9,1,6.0,5.5,42.2,35.9,34.07,29.43,28.4,6.3,4.63
CP002,Footwear,Miss Modano,Women,6,5,33.0,7756.12,0.0,229609.77,24.8,5,1,0,0,9,0,0.0,0.0,34.6,38.4,35.47,30.17,24.2,-3.8,5.3
CP002,Footwear,Miss Modano,Women,7,5,41.8,8149.92,0.0,294895.18,34.2,5,0,0,0,9,3,14.0,11.0,33.0,33.8,36.6,32.43,30.0,-0.8,4.17
CP002,Footwear,Miss Modano,Women,8,5,33.0,6901.07,0.0,222394.11,26.2,5,0,0,21,9,1,7.0,7.0,41.8,37.4,36.47,35.27,22.0,4.4,1.2
CP002,Footwear,Miss Modano,Women,9,5,31.8,7166.24,0.0,211023.99,26.8,5,0,0,5,8,0,0.0,0.0,33.0,37.4,35.93,35.7,19.8,-4.4,0.23
CP002,Footwear,Miss Modano,Women,10,5,31.0,7482.3,0.0,219791.36,25.0,5,1,0,0,9,0,0.0,0.0,31.8,32.4,35.53,36.07,24.0,-0.6,-0.53
CP002,Footwear,Miss Modano,Women,11,5,33.6,8046.93,0.71,249129.38,26.6,5,0,0,0,9,1,23.0,23.0,31.0,31.4,31.93,34.2,28.0,-0.4,-2.27
CP002,Footwear,Miss Modano,Women,12,5,46.2,7408.14,0.0,332424.84,36.2,5,1,6,0,9,2,23.0,20.7,33.6,32.3,32.13,34.03,40.2,1.3,-1.9
CP002,Footwear,Modano,Kids,1,5,50.2,6991.19,0.52,331723.64,41.6,8,0,0,10,9,2,15.0,13.5,40.8,41.1,40.73,38.87,46.4,-0.3,1.87
CP002,Footwear,Modano,Kids,2,5,57.2,6987.15,0.0,398937.22,48.8,9,1,0,0,8,0,0.0,0.0,50.2,40.6,40.87,39.73,46.6,9.6,1.13
CP002,Footwear,Modano,Kids,3,5,45.0,6922.13,0.0,300207.6,38.0,7,0,0,0,9,0,0.0,0.0,57.2,53.7,42.07,39.97,36.4,3.5,2.1
CP002,Footwear,Modano,Kids,4,5,52.6,6942.3,0.31,356887.37,41.8,9,2,9,0,9,2,16.0,12.5,45.0,51.1,50.8,40.0,41.2,-6.1,10.8
CP002,Footwear,Modano,Kids,5,5,61.8,6819.89,0.0,421823.65,51.0,10,2,1,0,9,3,14.0,12.75,52.6,48.8,51.6,40.47,50.4,3.8,11.13
CP002,Footwear,Modano,Kids,6,5,57.0,7019.56,0.0,407884.31,47.0,9,1,0,0,9,0,0.0,0.0,61.8,57.2,53.13,41.33,47.8,4.6,11.8
CP002,Footwear,Modano,Kids,7,5,45.2,6697.45,0.0,299862.13,36.2,8,0,0,0,9,2,11.0,9.47,57.0,59.4,57.13,53.97,35.2,-2.4,3.17
CP002,Footwear,Modano,Kids,8,5,60.0,7336.02,0.31,428171.13,48.8,8,0,0,21,9,2,15.0,13.5,45.2,51.1,54.67,53.13,43.6,-5.9,1.53
CP002,Footwear,Modano,Kids,9,5,43.2,7157.36,0.0,318805.07,34.4,8,0,0,5,8,0,0.0,0.0,60.0,52.6,54.07,53.6,32.2,7.4,0.47
CP002,Footwear,Modano,Kids,10,5,52.8,6294.1,0.0,330097.35,42.0,8,1,0,0,9,0,0.0,0.0,43.2,51.6,49.47,53.3,40.0,-8.4,-3.83
CP002,Footwear,Modano,Kids,11,5,61.0,6817.16,0.0,405251.0,49.8,9,0,0,0,9,1,16.0,15.5,52.8,48.0,52.0,53.33,41.4,4.8,-1.33
CP002,Footwear,Modano,Kids,12,5,52.8,7468.3,0.0,398330.48,42.2,8,1,6,0,9,4,27.0,24.4,61.0,56.9,52.33,53.2,40.8,4.1,-0.87
CP002,Footwear,Modano,Men,1,5,20.4,6561.63,0.27,139605.9,15.0,5,0,0,10,9,1,10.0,9.5,26.6,22.4,21.47,20.53,19.0,4.2,0.93
CP002,Footwear,Modano,Men,2,5,25.2,5807.1,0.0,167665.12,20.0,6,1,0,0,8,0,0.0,0.0,20.4,21.2,20.2,20.13,17.4,-0.8,0.07
CP002,Footwear,Modano,Men,3,5,24.2,5974.48,0.0,160306.22,19.4,6,0,0,0,9,0,0.0,0.0,25.2,22.8,21.4,20.4,19.4,2.4,1.0
CP002,Footwear,Modano,Men,4,5,25.8,6013.78,0.0,174966.8,21.8,5,2,9,0,9,1,11.0,9.0,24.2,24.7,23.27,20.0,17.6,-0.5,3.27
CP002,Footwear,Modano,Men,5,5,20.8,6222.34,0.0,140951.23,16.2,5,2,1,0,9,0,3.0,3.0,25.8,25.0,25.07,20.57,16.0,0.8,4.5
CP002,Footwear,Modano,Men,6,5,19.0,6168.47,0.0,137861.56,13.8,5,1,0,0,9,0,0.0,0.0,20.8,23.3,23.6,20.3,13.6,-2.5,3.3
CP002,Footwear,Modano,Men,7,5,25.8,5849.16,0.0,168346.79,20.6,7,0,0,0,9,1,10.0,9.0,19.0,19.9,21.87,22.57,18.2,-0.9,-0.7
CP002,Footwear,Modano,Men,8,5,25.2,5718.9,0.0,163177.73,19.4,7,0,0,21,9,1,15.0,13.5,25.8,22.4,21.87,23.47,20.2,3.4,-1.6
CP002,Footwear,Modano,Men,9,5,26.0,5810.3,0.0,164317.71,19.8,6,0,0,5,8,0,0.0,0.0,25.2,25.5,23.33,23.47,20.4,-0.3,-0.13
CP002,Footwear,Modano,Men,10,5,23.0,6038.02,0.0,158852.21,17.4,6,1,0,0,9,0,0.0,0.0,26.0,25.6,25.67,23.77,19.6,0.4,1.9
CP002,Footwear,Modano,Men,11,5,21.8,6686.42,0.0,156588.53,16.4,5,0,0,0,9,1,16.0,15.5,23.0,24.5,24.73,23.3,18.2,-1.5,1.43
CP002,Footwear,Modano,Men,12,5,31.0,6462.07,0.0,222124.48,24.2,6,1,6,0,9,3,26.0,23.7,21.8,22.4,23.6,23.47,26.6,-0.6,0.13
CP002,Footwear,Modano,Unisex,1,5,8.6,2560.69,0.0,19901.32,6.8,3,0,0,10,9,1,5.0,5.0,11.2,10.9,12.53,10.37,4.0,0.3,2.17
CP002,Footwear,Modano,Unisex,2,5,11.2,2786.66,0.0,25607.73,8.8,3,1,0,0,8,0,0.0,0.0,8.6,9.3,9.73,10.17,8.6,-0.7,-0.43
CP002,Footwear,Modano,Unisex,3,5,14.6,2538.66,0.0,30566.53,11.4,2,0,0,0,9,0,0.0,0.0,11.2,9.9,9.2,10.23,9.6,1.3,-1.03
CP002,Footwear,Modano,Unisex,4,4,17.25,2629.92,0.0,41430.92,13.5,2,2,9,0,9,1,12.5,11.88,13.25,11.25,9.83,9.62,10.25,2.0,0.21
CP002,Footwear,Modano,Unisex,5,5,11.2,2794.11,0.0,24766.92,8.6,2,2,1,0,9,0,4.0,4.0,17.8,16.1,14.2,10.7,11.0,1.7,3.5
CP002,Footwear,Modano,Unisex,6,5,9.4,2817.57,0.0,22494.45,7.8,3,1,0,0,9,0,0.0,0.0,11.2,14.5,14.47,10.37,6.8,-3.3,4.1
CP002,Footwear,Modano,Unisex,7,5,9.2,2956.97,0.0,24329.58,8.2,3,0,0,0,9,1,14.0,14.0,9.4,10.3,12.8,11.57,9.8,-0.9,1.23
CP002,Footwear,Modano,Unisex,8,4,10.25,3019.71,0.0,25867.49,7.75,2,0,0,21,9,1,11.25,11.25,7.75,7.62,8.83,11.42,9.5,0.12,-2.58
CP002,Footwear,Modano,Unisex,9,5,10.0,2961.08,0.0,27834.93,7.4,3,0,0,5,8,0,0.0,0.0,11.2,10.4,9.67,12.07,5.4,0.8,-2.4
CP002,Footwear,Modano,Unisex,10,5,18.8,2868.31,0.0,49787.6,14.2,3,1,0,0,9,0,0.0,0.0,10.0,10.6,10.27,11.4,14.6,-0.6,-1.13
CP002,Footwear,Modano,Unisex,11,5,12.4,2732.24,0.0,28791.56,9.8,3,0,0,0,9,0,5.0,5.0,18.8,14.4,13.33,11.83,11.0,4.4,1.5
CP002,Footwear,Modano,Unisex,12,5,13.8,2693.72,0.0,31561.65,11.2,2,1,6,0,9,1,17.0,16.33,12.4,15.6,13.73,11.7,14.6,-3.2,2.03
CP002,Footwear,Modano,Women,1,5,29.4,8016.85,0.56,276887.52,23.4,6,0,0,10,9,1,8.0,7.67,27.8,23.5,22.87,25.33,23.4,4.3,-2.47
CP002,Footwear,Modano,Women,2,5,34.0,7687.7,0.0,337977.56,27.4,6,1,0,0,8,0,0.0,0.0,29.4,26.2,23.87,25.03,26.4,3.2,-1.17
CP002,Footwear,Modano,Women,3,5,28.2,8304.37,0.0,277003.5,23.0,5,0,0,0,9,0,0.0,0.0,34.0,31.7,26.8,24.07,18.6,2.3,2.73
CP002,Footwear,Modano,Women,4,5,41.8,7691.23,0.0,389532.25,34.4,7,2,9,0,9,2,25.0,21.58,28.2,31.1,30.53,24.53,35.4,-2.9,6.0
CP002,Footwear,Modano,Women,5,5,33.4,8042.07,0.0,321587.05,26.2,7,2,1,0,9,1,8.0,8.0,41.8,35.0,34.67,26.2,25.8,6.8,8.47
CP002,Footwear,Modano,Women,6,5,30.2,7995.96,0.0,279607.35,23.6,6,1,0,0,9,0,0.0,0.0,33.4,37.6,34.47,27.17,22.0,-4.2,7.3
CP002,Footwear,Modano,Women,7,5,32.4,8295.09,0.0,306396.39,24.4,7,0,0,0,9,1,8.0,7.0,30.2,31.8,35.13,32.83,26.4,-1.6,2.3
CP002,Footwear,Modano,Women,8,5,43.8,8479.35,0.0,437436.87,35.8,7,0,0,21,9,1,14.0,14.0,32.4,31.3,32.0,33.33,33.8,1.1,-1.33
CP002,Footwear,Modano,Women,9,5,31.6,8330.01,0.0,318567.43,25.0,5,0,0,5,8,0,0.0,0.0,43.8,38.1,35.47,34.97,23.2,5.7,0.5
CP002,Footwear,Modano,Women,10,5,29.4,7581.84,0.0,275573.83,23.2,6,1,0,0,9,0,0.0,0.0,31.6,37.7,35.93,35.53,21.6,-6.1,0.4
CP002,Footwear,Modano,Women,11,5,26.2,6529.03,0.0,221849.72,22.0,6,0,0,0,9,2,18.0,15.75,29.4,30.5,34.93,33.47,19.2,-1.1,1.47
CP002,Footwear,Modano,Women,12,5,35.0,8311.29,0.0,344575.51,28.2,6,1,6,0,9,1,23.0,19.5,26.2,27.8,29.07,32.27,27.8,-1.6,-3.2
CP002,Kids,Emerald,Kids,1,5,319.6,1835.31,0.11,609059.22,260.2,30,0,0,10,9,8,15.0,11.72,407.4,348.9,322.67,286.1,252.6,58.5,36.57
CP002,Kids,Emerald,Kids,2,5,316.0,1764.73,0.0,591612.22,262.8,32,1,0,0,8,0,0.0,0.0,319.6,334.0,319.47,288.6,240.8,-14.4,30.87
CP002,Kids,Emerald,Kids,3,5,348.8,1891.36,0.0,700814.24,287.8,34,0,0,0,9,0,0.0,0.0,316.0,317.8,312.2,289.77,279.4,-1.8,22.43
CP002,Kids,Emerald,Kids,4,5,416.2,1802.08,0.05,815551.5,357.2,30,2,9,0,9,7,23.0,16.01,348.8,332.4,328.13,294.53,306.6,16.4,33.6
CP002,Kids,Emerald,Kids,5,5,314.6,1831.28,0.12,614613.54,262.0,32,2,1,0,9,6,15.0,12.91,416.2,382.5,360.33,308.07,240.8,33.7,52.27
CP002,Kids,Emerald,Kids,6,5,352.0,1780.13,0.0,642928.51,292.4,35,1,0,0,9,0,0.0,0.0,314.6,365.4,359.87,302.03,273.0,-50.8,57.83
CP002,Kids,Emerald,Kids,7,5,309.0,1802.76,0.09,586902.2,260.2,32,0,0,0,9,7,20.0,15.34,352.0,333.3,360.93,344.53,245.6,18.7,16.4
CP002,Kids,Emerald,Kids,8,5,350.8,1762.12,0.0,646151.19,296.2,31,0,0,21,9,7,20.0,14.26,309.0,330.5,325.2,342.77,261.6,-21.5,-17.57
CP002,Kids,Emerald,Kids,9,5,326.0,1964.08,0.0,676637.03,274.4,29,0,0,5,8,0,0.0,0.0,350.8,329.9,337.27,348.57,241.4,20.9,-11.3
CP002,Kids,Emerald,Kids,10,5,358.4,1846.73,0.0,680953.96,292.6,34,1,0,0,9,0,0.0,0.0,326.0,338.4,328.6,344.77,270.2,-12.4,-16.17
CP002,Kids,Emerald,Kids,11,5,362.4,1786.02,0.36,678827.03,306.4,33,0,0,0,9,7,30.0,25.78,358.4,342.2,345.07,335.13,290.4,16.2,9.93
CP002,Kids,Emerald,Kids,12,5,529.8,1847.6,0.23,1041286.02,453.2,31,1,6,0,9,16,29.0,22.9,362.4,360.4,348.93,343.1,407.4,2.0,5.83
CP002,Kids,Hustle,Kids,1,5,231.0,1853.96,0.13,440695.12,191.0,28,0,0,10,9,6,14.0,12.17,202.0,179.7,174.87,175.73,171.2,22.3,-0.87
CP002,Kids,Hustle,Kids,2,5,207.6,1847.58,0.0,400996.44,170.8,28,1,0,0,8,0,0.0,0.0,231.0,195.7,182.93,180.6,163.8,35.3,2.33
CP002,Kids,Hustle,Kids,3,5,217.6,1818.07,0.0,411001.77,177.0,26,0,0,0,9,0,0.0,0.0,207.6,219.3,186.07,174.0,180.0,-11.7,12.07
CP002,Kids,Hustle,Kids,4,5,257.2,1848.29,0.0,471104.13,217.8,25,2,9,0,9,8,23.0,17.15,217.6,212.6,218.73,176.1,199.2,5.0,42.63
CP002,Kids,Hustle,Kids,5,5,205.2,1768.45,0.14,383396.05,164.8,24,2,1,0,9,3,14.0,12.7,257.2,237.4,227.47,182.97,160.4,19.8,44.5
CP002,Kids,Hustle,Kids,6,5,210.8,1946.56,0.0,428064.66,169.6,26,1,0,0,9,0,0.0,0.0,205.2,231.2,226.67,184.0,159.8,-26.0,42.67
CP002,Kids,Hustle,Kids,7,5,206.8,1950.73,0.0,416307.01,167.2,26,0,0,0,9,6,20.0,16.33,210.8,208.0,224.4,221.57,160.2,2.8,2.83
CP002,Kids,Hustle,Kids,8,5,262.0,1900.07,0.11,529436.41,215.6,26,0,0,21,9,6,20.0,15.57,206.8,208.8,207.6,217.53,206.4,-2.0,-9.93
CP002,Kids,Hustle,Kids,9,5,193.2,1929.5,0.0,390760.65,155.2,24,0,0,5,8,0,0.0,0.0,262.0,234.4,226.53,226.6,163.2,27.6,-0.07
CP002,Kids,Hustle,Kids,10,5,191.8,1956.7,0.0,390607.24,159.0,25,1,0,0,9,0,0.0,0.0,193.2,227.6,220.67,222.53,165.2,-34.4,-1.87
CP002,Kids,Hustle,Kids,11,5,192.6,1834.51,0.09,370887.1,156.2,25,0,0,0,9,4,30.0,24.68,191.8,192.5,215.67,211.63,157.4,-0.7,4.03
CP002,Kids,Hustle,Kids,12,5,250.2,1877.62,0.0,477020.1,210.4,25,1,6,0,9,17,30.0,22.82,192.6,192.2,192.53,209.53,202.0,0.4,-17.0
CP002,Kids,King Street,Kids,1,5,72.4,2189.22,0.0,151950.96,56.4,12,0,0,10,9,2,15.0,13.92,93.2,78.2,71.13,66.3,56.6,15.0,4.83
CP002,Kids,King Street,Kids,2,5,78.6,2316.84,0.0,175746.57,60.8,11,1,0,0,8,0,0.0,0.0,72.4,76.6,72.13,67.83,62.4,-4.2,4.3
CP002,Kids,King Street,Kids,3,5,81.0,2144.03,0.0,163908.84,61.8,13,0,0,0,9,0,0.0,0.0,78.6,75.5,73.27,65.57,63.4,3.1,7.7
CP002,Kids,King Street,Kids,4,5,106.0,2259.56,0.0,239771.02,85.4,12,2,9,0,9,4,19.0,13.35,81.0,79.8,77.33,66.57,88.2,1.2,10.77
CP002,Kids,King Street,Kids,5,5,79.8,2008.79,0.0,152879.88,63.6,13,2,1,0,9,2,7.0,6.67,106.0,93.5,88.53,70.43,61.6,12.5,18.1
CP002,Kids,King Street,Kids,6,5,63.0,2153.36,0.0,135852.56,49.2,12,1,0,0,9,0,0.0,0.0,79.8,92.9,88.93,70.57,48.2,-13.1,18.37
CP002,Kids,King Street,Kids,7,5,69.2,2063.67,0.0,142492.4,55.8,12,0,0,0,9,3,16.0,11.97,63.0,71.4,82.93,80.13,50.8,-8.4,2.8
CP002,Kids,King Street,Kids,8,5,94.0,2113.97,0.1,196306.17,74.2,12,0,0,21,9,3,16.0,12.95,69.2,66.1,70.67,79.6,80.2,3.1,-8.93
CP002,Kids,King Street,Kids,9,5,71.2,2122.55,0.0,146676.51,56.2,12,0,0,5,8,0,0.0,0.0,94.0,81.6,75.4,82.17,53.4,12.4,-6.77
CP002,Kids,King Street,Kids,10,5,72.2,2272.83,0.0,157168.74,55.2,11,1,0,0,9,0,0.0,0.0,71.2,82.6,78.13,80.53,57.0,-11.4,-2.4
CP002,Kids,King Street,Kids,11,5,79.6,2183.23,0.0,165848.92,62.0,12,0,0,0,9,2,28.0,25.25,72.2,71.7,79.13,74.9,63.2,0.5,4.23
CP002,Kids,King Street,Kids,12,5,114.6,2159.87,0.33,241021.78,95.2,14,1,6,0,9,7,30.0,22.07,79.6,75.9,74.33,74.87,93.2,3.7,-0.53
CP002,Kids,Libera,Kids,1,5,94.8,1856.22,0.0,182441.42,77.0,11,0,0,10,9,4,15.0,13.0,88.4,74.9,75.87,78.67,73.6,13.5,-2.8
CP002,Kids,Libera,Kids,2,5,81.8,2098.58,0.0,168205.46,66.0,11,1,0,0,8,0,0.0,0.0,94.8,84.6,76.87,77.9,65.2,10.2,-1.03
CP002,Kids,Libera,Kids,3,5,114.4,2115.68,0.0,229073.79,93.6,12,0,0,0,9,0,0.0,0.0,81.8,88.3,79.47,73.8,85.6,-6.5,5.67
CP002,Kids,Libera,Kids,4,5,134.4,1920.23,0.39,259962.66,115.0,10,2,9,0,9,3,22.0,17.67,114.4,98.1,97.0,78.9,92.6,16.3,18.1
CP002,Kids,Libera,Kids,5,5,92.8,1973.28,0.0,188770.4,76.8,11,2,1,0,9,2,10.0,8.9,134.4,124.4,110.2,84.47,67.4,10.0,25.73
CP002,Kids,Libera,Kids,6,5,96.8,2083.24,0.0,191440.97,77.8,12,1,0,0,9,0,0.0,0.0,92.8,113.6,113.87,87.13,81.6,-20.8,26.73
CP002,Kids,Libera,Kids,7,5,112.6,1978.59,0.0,210622.87,91.2,13,0,0,0,9,3,15.0,11.82,96.8,94.8,108.0,102.5,85.4,2.0,5.5
CP002,Kids,Libera,Kids,8,5,119.0,1972.13,0.0,222074.06,97.4,12,0,0,21,9,2,15.0,12.5,112.6,104.7,100.73,105.47,93.8,7.9,-4.73
CP002,Kids,Libera,Kids,9,5,89.0,1943.97,0.0,179975.97,74.0,12,0,0,5,8,0,0.0,0.0,119.0,115.8,109.47,111.67,65.2,3.2,-2.2
CP002,Kids,Libera,Kids,10,5,99.4,1993.87,0.0,198359.42,81.6,12,1,0,0,9,0,0.0,0.0,89.0,104.0,106.87,107.43,77.8,-15.0,-0.57
CP002,Kids,Libera,Kids,11,5,89.8,2103.52,0.33,189096.65,74.2,10,0,0,0,9,2,22.0,20.0,99.4,94.2,102.47,101.6,61.4,5.2,0.87
CP002,Kids,Libera,Kids,12,5,121.6,2035.18,0.0,234506.63,100.4,12,1,6,0,9,6,28.0,21.62,89.8,94.6,92.73,101.1,88.4,-4.8,-8.37
CP002,Kids,Miss Modano,Kids,1,5,224.6,2006.34,0.06,437149.93,183.4,24,0,0,10,9,7,14.0,12.18,174.2,160.7,143.8,145.6,181.6,13.5,-1.8
CP002,Kids,Miss Modano,Kids,2,5,184.0,1989.22,0.0,362426.9,150.8,22,1,0,0,8,0,0.0,0.0,224.6,180.0,169.07,153.63,133.0,44.6,15.43
CP002,Kids,Miss Modano,Kids,3,5,177.8,1954.3,0.0,344235.57,145.4,23,0,0,0,9,0,0.0,0.0,184.0,204.3,172.4,154.83,150.8,-20.3,17.57
CP002,Kids,Miss Modano,Kids,4,5,244.2,1999.97,0.22,452323.61,200.4,24,2,9,0,9,6,24.0,16.33,177.8,180.9,195.47,153.83,180.8,-3.1,41.63
CP002,Kids,Miss Modano,Kids,5,5,176.2,1917.33,0.11,337762.62,145.0,23,2,1,0,9,4,15.0,12.9,244.2,211.0,202.0,170.93,134.8,33.2,31.07
CP002,Kids,Miss Modano,Kids,6,5,182.8,2014.27,0.0,355880.12,149.6,23,1,0,0,9,0,0.0,0.0,176.2,210.2,199.4,170.93,139.2,-34.0,28.47
CP002,Kids,Miss Modano,Kids,7,5,175.0,2003.3,0.0,344381.45,143.0,24,0,0,0,9,5,20.0,15.15,182.8,179.5,201.07,198.27,137.6,3.3,2.8
CP002,Kids,Miss Modano,Kids,8,5,219.2,1956.57,0.09,418816.06,187.2,23,0,0,21,9,6,19.0,15.72,175.0,178.9,178.0,190.0,150.0,-3.9,-12.0
CP002,Kids,Miss Modano,Kids,9,5,207.0,1886.16,0.0,383155.39,168.6,23,0,0,5,8,0,0.0,0.0,219.2,197.1,192.33,195.87,154.6,22.1,-3.53
CP002,Kids,Miss Modano,Kids,10,5,161.2,2002.24,0.0,314856.93,127.8,23,1,0,0,9,0,0.0,0.0,207.0,213.1,200.4,200.73,110.0,-6.1,-0.33
CP002,Kids,Miss Modano,Kids,11,5,179.6,1930.11,0.0,350239.47,151.0,23,0,0,0,9,4,27.0,24.38,161.2,184.1,195.8,186.9,147.2,-22.9,8.9
CP002,Kids,Miss Modano,Kids,12,5,232.4,2101.71,0.0,477812.6,199.6,23,1,6,0,9,11,30.0,22.75,179.6,170.4,182.6,187.47,174.2,9.2,-4.87
CP002,Kids,Modano,Kids,1,5,130.6,2019.67,0.1,249926.35,106.0,19,0,0,10,9,4,15.0,12.42,132.8,116.5,108.73,109.27,105.8,16.3,-0.53
CP002,Kids,Modano,Kids,2,5,110.4,2126.87,0.0,241483.61,88.4,18,1,0,0,8,0,0.0,0.0,130.6,114.5,109.73,108.47,86.2,16.1,1.27
CP002,Kids,Modano,Kids,3,5,137.4,2172.11,0.0,302471.81,109.2,21,0,0,0,9,0,0.0,0.0,110.4,120.5,104.87,99.77,108.8,-10.1,5.1
CP002,Kids,Modano,Kids,4,5,176.8,2087.42,0.15,367151.74,149.4,22,2,9,0,9,5,22.0,15.88,137.4,123.9,126.13,103.17,140.4,13.5,22.97
CP002,Kids,Modano,Kids,5,5,130.2,2040.04,0.0,262476.33,105.0,21,2,1,0,9,4,15.0,13.52,176.8,157.1,141.53,109.37,101.6,19.7,32.17
CP002,Kids,Modano,Kids,6,5,126.2,1990.51,0.0,248918.1,98.6,21,1,0,0,9,0,0.0,0.0,130.2,153.5,148.13,109.23,104.0,-23.3,38.9
CP002,Kids,Modano,Kids,7,5,121.8,2067.29,0.0,251045.78,97.8,20,0,0,0,9,5,20.0,16.2,126.2,128.2,144.4,135.27,101.0,-2.0,9.13
CP002,Kids,Modano,Kids,8,5,159.8,2137.02,0.0,342327.39,126.4,21,0,0,21,9,6,20.0,14.61,121.8,124.0,126.07,133.8,137.8,-2.2,-7.73
CP002,Kids,Modano,Kids,9,5,117.6,2045.32,0.0,239389.78,94.2,19,0,0,5,8,0,0.0,0.0,159.8,140.8,135.93,142.03,90.6,19.0,-6.1
CP002,Kids,Modano,Kids,10,5,119.0,2057.73,0.0,246668.2,98.2,19,1,0,0,9,0,0.0,0.0,117.6,138.7,133.07,138.73,93.2,-21.1,-5.67
CP002,Kids,Modano,Kids,11,5,126.8,2046.26,0.0,257434.42,102.0,19,0,0,0,9,3,27.0,24.08,119.0,118.3,132.13,129.1,100.2,0.7,3.03
CP002,Kids,Modano,Kids,12,5,154.2,2024.78,0.33,313195.36,124.0,18,1,6,0,9,13,29.0,22.71,126.8,122.9,121.13,128.53,132.8,3.9,-7.4
CP002,Men,Emerald,Men,1,5,218.8,3761.2,0.07,852056.89,177.8,31,0,0,10,9,8,15.0,11.84,215.6,204.4,191.4,183.7,183.8,11.2,7.7
CP002,Men,Emerald,Men,2,5,210.2,3545.91,0.0,800365.65,170.2,29,1,0,0,8,0,0.0,0.0,218.8,196.7,195.53,187.23,162.0,22.1,8.3
CP002,Men,Emerald,Men,3,5,262.6,3777.29,0.0,996221.6,216.6,33,0,0,0,9,0,0.0,0.0,210.2,214.5,191.4,185.9,213.0,-4.3,5.5
CP002,Men,Emerald,Men,4,5,254.0,3526.1,0.09,907615.31,207.0,33,2,9,0,9,10,25.0,19.21,262.6,236.4,230.53,190.63,192.8,26.2,39.9
CP002,Men,Emerald,Men,5,5,223.6,3765.45,0.15,863613.6,182.6,32,2,1,0,9,8,15.0,12.2,254.0,258.3,242.27,197.07,182.6,-4.3,45.2
CP002,Men,Emerald,Men,6,5,224.8,3847.81,0.0,887284.06,184.0,31,1,0,0,9,0,0.0,0.0,223.6,238.8,246.73,193.47,161.6,-15.2,53.27
CP002,Men,Emerald,Men,7,5,221.0,3801.43,0.05,871023.76,180.8,29,0,0,0,9,9,20.0,15.04,224.8,224.2,234.13,232.33,156.6,0.6,1.8
CP002,Men,Emerald,Men,8,5,245.4,3774.32,0.12,962239.03,197.4,32,0,0,21,9,8,20.0,15.63,221.0,222.9,223.13,232.7,188.8,-1.9,-9.57
CP002,Men,Emerald,Men,9,5,232.2,3849.53,0.0,931774.34,192.8,31,0,0,5,8,0,0.0,0.0,245.4,233.2,230.4,238.57,182.6,12.2,-8.17
CP002,Men,Emerald,Men,10,5,211.0,3770.57,0.0,818951.32,168.0,33,1,0,0,9,0,0.0,0.0,232.2,238.8,232.87,233.5,165.4,-6.6,-0.63
CP002,Men,Emerald,Men,11,5,263.8,3567.48,0.07,937959.61,217.8,32,0,0,0,9,5,28.0,24.23,211.0,221.6,229.53,226.33,193.2,-10.6,3.2
CP002,Men,Emerald,Men,12,5,265.8,3920.36,0.0,1067664.15,216.0,31,1,6,0,9,17,30.0,22.1,263.8,237.4,235.67,233.03,215.6,26.4,2.63
CP002,Men,Hustle,Men,1,5,208.6,3478.38,0.08,719346.89,166.2,34,0,0,10,9,6,14.0,11.64,189.2,172.6,172.0,171.7,168.0,16.6,0.3
CP002,Men,Hustle,Men,2,5,169.6,3583.88,0.0,589858.62,136.4,29,1,0,0,8,0,0.0,0.0,208.6,176.6,169.73,170.0,128.8,32.0,-0.27
CP002,Men,Hustle,Men,3,5,204.6,3397.1,0.0,687594.51,164.0,33,0,0,0,9,0,0.0,0.0,169.6,189.1,166.73,164.63,152.6,-19.5,2.1
CP002,Men,Hustle,Men,4,5,209.8,3542.59,0.0,753542.57,169.6,33,2,9,0,9,11,25.0,18.25,204.6,187.1,194.27,164.67,152.2,17.5,29.6
CP002,Men,Hustle,Men,5,5,179.6,3474.77,0.04,619341.91,142.4,30,2,1,0,9,7,15.0,12.46,209.8,207.2,194.67,163.83,149.4,2.6,30.83
CP002,Men,Hustle,Men,6,5,212.0,3527.59,0.0,725507.88,166.2,35,1,0,0,9,0,0.0,0.0,179.6,194.7,198.0,162.53,168.0,-15.1,35.47
CP002,Men,Hustle,Men,7,5,210.4,3508.74,0.03,710141.75,166.8,33,0,0,0,9,8,19.0,14.68,212.0,195.8,200.47,197.37,174.2,16.2,3.1
CP002,Men,Hustle,Men,8,5,205.2,3449.22,0.11,699255.25,162.6,31,0,0,21,9,8,19.0,14.26,210.4,211.2,200.67,197.67,179.2,-0.8,3.0
CP002,Men,Hustle,Men,9,5,196.0,3503.28,0.0,662079.53,157.0,33,0,0,5,8,0,0.0,0.0,205.2,207.8,209.2,203.6,160.8,-2.6,5.6
CP002,Men,Hustle,Men,10,5,212.8,3406.0,0.0,690332.26,173.6,35,1,0,0,9,0,0.0,0.0,196.0,200.6,203.87,202.17,170.8,-4.6,1.7
CP002,Men,Hustle,Men,11,5,201.8,3558.13,0.08,678127.04,162.8,33,0,0,0,9,5,30.0,25.86,212.8,204.4,204.67,202.67,156.0,8.4,2.0
CP002,Men,Hustle,Men,12,5,221.8,3369.69,0.6,762247.13,179.4,32,1,6,0,9,16,30.0,22.18,201.8,207.3,203.53,206.37,189.2,-5.5,-2.83
CP002,Men,King Street,Men,1,5,64.4,3738.43,0.0,234455.69,51.4,12,0,0,10,9,4,13.0,11.92,79.4,64.4,67.07,64.13,45.4,15.0,2.93
CP002,Men,King Street,Men,2,5,69.8,3821.83,0.0,266842.84,56.8,13,1,0,0,8,0,0.0,0.0,64.4,66.6,60.87,63.3,54.8,-2.2,-2.43
CP002,Men,King Street,Men,3,5,87.2,3659.56,0.0,316094.83,66.4,14,0,0,0,9,0,0.0,0.0,69.8,67.1,63.6,62.43,69.8,2.7,1.17
CP002,Men,King Street,Men,4,5,87.2,3682.92,0.0,318557.06,68.0,13,2,9,0,9,4,24.0,18.97,87.2,78.5,73.8,63.2,74.0,8.7,10.6
CP002,Men,King Street,Men,5,5,85.4,3521.63,0.0,289368.97,67.4,13,2,1,0,9,3,15.0,12.4,87.2,87.2,81.4,61.4,68.8,0.0,20.0
CP002,Men,King Street,Men,6,5,69.2,3704.98,0.0,246790.99,52.6,14,1,0,0,9,0,0.0,0.0,85.4,86.3,86.6,64.4,56.0,-0.9,22.2
CP002,Men,King Street,Men,7,5,70.0,3448.49,0.15,229404.26,55.6,14,0,0,0,9,3,15.0,12.99,69.2,77.3,80.6,77.2,58.8,-8.1,3.4
CP002,Men,King Street,Men,8,5,82.4,3794.91,0.0,320238.14,63.6,13,0,0,21,9,3,18.0,15.0,70.0,69.6,74.87,78.13,62.8,0.4,-3.27
CP002,Men,King Street,Men,9,5,78.0,3523.79,0.0,273887.11,63.6,13,0,0,5,8,0,0.0,0.0,82.4,76.2,73.87,80.23,62.0,6.2,-6.37
CP002,Men,King Street,Men,10,5,83.2,3582.57,0.0,290616.07,65.0,15,1,0,0,9,0,0.0,0.0,78.0,80.2,76.8,78.7,72.4,-2.2,-1.9
CP002,Men,King Street,Men,11,5,68.0,3430.71,0.3,236399.13,54.0,12,0,0,0,9,3,28.0,24.75,83.2,80.6,81.2,78.03,49.4,2.6,3.17
CP002,Men,King Street,Men,12,5,104.2,3613.3,0.0,371191.27,83.8,14,1,6,0,9,6,30.0,22.37,68.0,75.6,76.4,75.13,79.4,-7.6,1.27
CP002,Men,Libera,Men,1,5,69.2,3900.91,0.22,268758.85,57.0,17,0,0,10,9,4,15.0,13.13,67.0,58.0,55.2,55.37,61.8,9.0,-0.17
CP002,Men,Libera,Men,2,5,61.6,3443.66,0.0,230826.07,49.4,16,1,0,0,8,0,0.0,0.0,69.2,58.3,55.2,53.17,49.2,10.9,2.03
CP002,Men,Libera,Men,3,5,77.2,3117.23,0.0,274678.48,63.6,17,0,0,0,9,0,0.0,0.0,61.6,65.4,55.13,51.9,56.4,-3.8,3.23
CP002,Men,Libera,Men,4,5,70.8,3376.09,0.0,257367.13,56.6,17,2,9,0,9,5,25.0,18.32,77.2,69.4,69.33,55.63,60.0,7.8,13.7
CP002,Men,Libera,Men,5,5,83.8,3552.27,0.0,337840.75,67.0,18,2,1,0,9,3,14.0,12.63,70.8,74.0,69.87,56.03,67.6,-3.2,13.83
CP002,Men,Libera,Men,6,5,53.4,3499.55,0.0,197035.4,42.2,16,1,0,0,9,0,0.0,0.0,83.8,77.3,77.27,59.23,38.0,6.5,18.03
CP002,Men,Libera,Men,7,5,75.8,3256.59,0.0,262200.2,59.8,19,0,0,0,9,4,19.0,15.58,53.4,68.6,69.33,69.33,62.8,-15.2,-0.0
CP002,Men,Libera,Men,8,5,67.6,3445.14,0.1,248594.44,54.0,19,0,0,21,9,3,15.0,12.47,75.8,64.6,71.0,70.43,56.4,11.2,0.57
CP002,Men,Libera,Men,9,5,64.8,3447.21,0.0,242288.19,50.0,16,0,0,5,8,0,0.0,0.0,67.6,71.7,65.6,71.43,47.4,-4.1,-5.83
CP002,Men,Libera,Men,10,5,62.4,3472.39,0.0,222090.73,49.4,16,1,0,0,9,0,0.0,0.0,64.8,66.2,69.4,69.37,49.6,-1.4,0.03
CP002,Men,Libera,Men,11,5,63.4,3676.82,0.0,234517.71,52.0,17,0,0,0,9,3,28.0,24.63,62.4,63.6,64.93,67.97,49.0,-1.2,-3.03
CP002,Men,Libera,Men,12,5,85.2,3201.47,0.31,289648.74,67.6,17,1,6,0,9,8,28.0,22.84,63.4,62.9,63.53,64.57,67.0,0.5,-1.03
CP002,Men,Miss Modano,Men,1,5,239.0,3620.41,0.04,843175.51,199.0,34,0,0,10,9,8,15.0,12.58,284.4,229.9,214.2,202.3,197.6,54.5,11.9
CP002,Men,Miss Modano,Men,2,5,211.0,3713.38,0.0,732308.53,172.2,32,1,0,0,8,0,0.0,0.0,239.0,235.5,215.47,201.73,162.4,3.5,13.73
CP002,Men,Miss Modano,Men,3,5,244.2,3568.33,0.0,879778.62,201.6,34,0,0,0,9,0,0.0,0.0,211.0,225.0,214.33,197.27,175.6,-14.0,17.07
CP002,Men,Miss Modano,Men,4,5,293.6,3667.42,0.2,1044689.54,238.6,34,2,9,0,9,9,25.0,19.26,244.2,227.6,231.4,200.73,241.0,16.6,30.67
CP002,Men,Miss Modano,Men,5,5,232.4,3623.9,0.11,821235.07,188.8,34,2,1,0,9,6,15.0,11.8,293.6,268.9,249.6,208.07,189.4,24.7,41.53
CP002,Men,Miss Modano,Men,6,5,249.8,3594.82,0.0,885318.61,203.2,34,1,0,0,9,0,0.0,0.0,232.4,263.0,256.73,209.5,186.2,-30.6,47.23
CP002,Men,Miss Modano,Men,7,5,239.6,3639.69,0.21,857292.55,197.8,32,0,0,0,9,8,19.0,14.75,249.8,241.1,258.6,245.0,190.0,8.7,13.6
CP002,Men,Miss Modano,Men,8,5,257.6,3634.7,0.23,907963.94,208.0,34,0,0,21,9,10,20.0,14.82,239.6,244.7,240.6,245.1,198.8,-5.1,-4.5
CP002,Men,Miss Modano,Men,9,5,235.8,3462.33,0.0,818011.63,188.2,34,0,0,5,8,0,0.0,0.0,257.6,248.6,249.0,252.87,182.4,9.0,-3.87
CP002,Men,Miss Modano,Men,10,5,221.6,3440.43,0.0,723049.21,179.0,33,1,0,0,9,0,0.0,0.0,235.8,246.7,244.33,251.47,182.8,-10.9,-7.13
CP002,Men,Miss Modano,Men,11,5,236.8,3727.87,0.16,840447.42,196.0,33,0,0,0,9,6,30.0,25.33,221.6,228.7,238.33,239.47,175.4,-7.1,-1.13
CP002,Men,Miss Modano,Men,12,5,360.2,3618.7,0.34,1290636.81,294.4,37,1,6,0,9,17,30.0,23.36,236.8,229.2,231.4,240.2,284.4,7.6,-8.8
CP002,Men,Modano,Men,1,5,108.6,3392.11,0.05,361255.86,84.2,24,0,0,10,9,7,15.0,12.64,96.8,88.6,87.8,87.47,85.8,8.2,0.33
CP002,Men,Modano,Men,2,5,95.2,3697.93,0.0,337789.73,74.0,25,1,0,0,8,0,0.0,0.0,108.6,92.6,88.53,87.8,80.4,16.0,0.73
CP002,Men,Modano,Men,3,5,100.6,3455.05,0.0,351137.11,79.0,24,0,0,0,9,0,0.0,0.0,95.2,101.9,87.07,86.97,79.8,-6.7,0.1
CP002,Men,Modano,Men,4,5,122.4,3472.66,0.14,429175.87,96.2,24,2,9,0,9,6,23.0,16.57,100.6,97.9,101.47,84.83,92.6,2.7,16.63
CP002,Men,Modano,Men,5,5,93.6,3389.25,0.0,313707.26,73.0,25,2,1,0,9,4,14.0,11.9,122.4,111.5,106.07,86.97,74.0,10.9,19.1
CP002,Men,Modano,Men,6,5,89.4,3530.6,0.0,312330.74,67.0,24,1,0,0,9,0,0.0,0.0,93.6,108.0,105.53,86.03,68.2,-14.4,19.5
CP002,Men,Modano,Men,7,5,108.8,3293.61,0.18,364147.48,82.8,26,0,0,0,9,7,19.0,14.81,89.4,91.5,101.8,101.63,86.4,-2.1,0.17
CP002,Men,Modano,Men,8,5,102.8,3466.78,0.23,353654.65,78.8,24,0,0,21,9,9,20.0,14.3,108.8,99.1,97.27,101.67,81.0,9.7,-4.4
CP002,Men,Modano,Men,9,5,112.4,3567.18,0.0,392723.15,85.0,25,0,0,5,8,0,0.0,0.0,102.8,105.8,100.33,102.93,94.0,-3.0,-2.6
CP002,Men,Modano,Men,10,5,111.0,3365.39,0.0,378343.85,85.6,26,1,0,0,9,0,0.0,0.0,112.4,107.6,108.0,104.9,86.2,4.8,3.1
CP002,Men,Modano,Men,11,5,105.2,3679.44,0.36,382016.48,80.6,24,0,0,0,9,5,30.0,25.9,111.0,111.7,108.73,103.0,80.4,-0.7,5.73
CP002,Men,Modano,Men,12,5,123.4,3522.19,0.6,427004.95,97.4,25,1,6,0,9,12,30.0,22.74,105.2,108.1,109.53,104.93,96.8,-2.9,4.6
CP002,Women,Emerald,Women,1,5,443.0,3989.6,0.03,1639699.88,371.4,41,0,0,10,9,8,15.0,12.73,422.0,366.3,342.13,311.0,355.4,55.7,31.13
CP002,Women,Emerald,Women,2,5,379.4,3989.86,0.0,1423355.4,315.8,36,1,0,0,8,0,0.0,0.0,443.0,390.4,363.8,323.2,305.8,52.6,40.6
CP002,Women,Emerald,Women,3,5,432.8,4054.57,0.0,1642234.12,362.6,39,0,0,0,9,0,0.0,0.0,379.4,411.2,364.8,324.43,319.6,-31.8,40.37
CP002,Women,Emerald,Women,4,5,503.2,4383.2,0.03,2060574.53,422.6,38,2,9,0,9,9,21.0,15.39,432.8,406.1,418.4,344.57,392.2,26.7,73.83
CP002,Women,Emerald,Women,5,5,407.0,4068.18,0.0,1549380.32,337.8,38,2,1,0,9,6,15.0,13.66,503.2,468.0,438.47,361.4,310.2,35.2,77.07
CP002,Women,Emerald,Women,6,5,390.8,3818.33,0.0,1373866.1,329.0,35,1,0,0,9,0,0.0,0.0,407.0,455.1,447.67,363.73,286.0,-48.1,83.93
CP002,Women,Emerald,Women,7,5,364.4,4109.52,0.09,1342398.79,300.6,36,0,0,0,9,10,20.0,14.61,390.8,398.9,433.67,426.03,285.6,-8.1,7.63
CP002,Women,Emerald,Women,8,5,382.4,4061.24,0.05,1457065.46,323.0,37,0,0,21,9,10,20.0,15.12,364.4,377.6,387.4,412.93,306.2,-13.2,-25.53
CP002,Women,Emerald,Women,9,5,315.6,4137.5,0.0,1201708.84,265.2,33,0,0,5,8,0,0.0,0.0,382.4,373.4,379.2,413.43,247.8,9.0,-34.23
CP002,Women,Emerald,Women,10,5,381.0,3977.81,0.0,1437024.83,320.0,38,1,0,0,9,0,0.0,0.0,315.6,349.0,354.13,393.9,293.8,-33.4,-39.77
CP002,Women,Emerald,Women,11,5,372.2,3758.03,0.24,1291612.12,311.4,34,0,0,0,9,7,29.0,24.3,381.0,348.3,359.67,373.53,310.6,32.7,-13.87
CP002,Women,Emerald,Women,12,5,527.2,4032.48,0.15,1986294.77,445.0,39,1,6,0,9,17,30.0,21.7,372.2,376.6,356.27,367.73,422.0,-4.4,-11.47
CP002,Women,Hustle,Women,1,5,332.4,3533.35,0.08,1194115.37,276.2,36,0,0,10,9,8,15.0,13.2,355.8,306.5,287.2,259.87,244.8,49.3,27.33
CP002,Women,Hustle,Women,2,5,337.4,3462.72,0.0,1226468.58,280.8,31,1,0,0,8,0,0.0,0.0,332.4,307.8,290.93,262.37,264.4,24.6,28.57
CP002,Women,Hustle,Women,3,5,298.6,3527.84,0.0,1077188.86,247.4,30,0,0,0,9,0,0.0,0.0,337.4,334.9,294.47,263.87,247.4,2.5,30.6
CP002,Women,Hustle,Women,4,5,388.6,3771.22,0.0,1541870.17,320.2,32,2,9,0,9,10,25.0,17.22,298.6,318.0,322.8,272.93,297.0,-19.4,49.87
CP002,Women,Hustle,Women,5,5,305.8,3746.14,0.0,1197058.66,251.0,32,2,1,0,9,5,14.0,12.88,388.6,343.6,341.53,284.13,229.0,45.0,57.4
CP002,Women,Hustle,Women,6,5,298.6,3481.83,0.0,1068774.02,237.4,33,1,0,0,9,0,0.0,0.0,305.8,347.2,331.0,285.3,241.6,-41.4,45.7
CP002,Women,Hustle,Women,7,5,309.4,3627.97,0.04,1138492.72,254.2,34,0,0,0,9,9,20.0,14.86,298.6,302.2,331.0,326.9,244.8,-3.6,4.1
CP002,Women,Hustle,Women,8,5,324.2,3709.65,0.07,1260383.38,274.4,33,0,0,21,9,6,20.0,15.86,309.4,304.0,304.6,323.07,258.8,5.4,-18.47
CP002,Women,Hustle,Women,9,5,258.6,3691.06,0.0,994679.87,213.4,29,0,0,5,8,0,0.0,0.0,324.2,316.8,310.73,320.87,194.0,7.4,-10.13
CP002,Women,Hustle,Women,10,5,321.2,3610.17,0.0,1193936.25,262.2,34,1,0,0,9,0,0.0,0.0,258.6,291.4,297.4,314.2,248.6,-32.8,-16.8
CP002,Women,Hustle,Women,11,5,310.4,3673.04,0.0,1188116.94,252.8,33,0,0,0,9,7,30.0,24.56,321.2,289.9,301.33,302.97,257.2,31.3,-1.63
CP002,Women,Hustle,Women,12,5,445.8,3480.06,0.09,1579744.33,387.6,36,1,6,0,9,17,30.0,22.36,310.4,315.8,296.73,303.73,355.8,-5.4,-7.0
CP002,Women,King Street,Women,1,5,133.0,4217.2,0.29,552013.77,109.8,15,0,0,10,9,5,15.0,12.53,120.6,112.4,108.0,106.3,104.0,8.2,1.7
CP002,Women,King Street,Women,2,5,125.6,4267.92,0.0,521651.15,100.4,14,1,0,0,8,0,0.0,0.0,133.0,113.3,110.27,109.4,83.8,19.7,0.87
CP002,Women,King Street,Women,3,5,138.0,4027.05,0.0,559261.12,111.2,15,0,0,0,9,0,0.0,0.0,125.6,129.3,112.33,108.5,104.2,-3.7,3.83
CP002,Women,King Street,Women,4,5,153.0,3801.31,0.16,608926.47,133.0,13,2,9,0,9,4,19.0,13.74,138.0,131.8,132.2,109.47,114.8,6.2,22.73
CP002,Women,King Street,Women,5,5,119.2,4073.51,0.15,496616.28,97.6,15,2,1,0,9,3,15.0,12.93,153.0,145.5,138.87,113.93,89.4,7.5,24.93
CP002,Women,King Street,Women,6,5,119.2,4007.07,0.0,468380.03,100.4,14,1,0,0,9,0,0.0,0.0,119.2,136.1,136.73,111.27,87.6,-16.9,25.47
CP002,Women,King Street,Women,7,5,120.8,3985.03,0.0,482833.45,101.6,14,0,0,0,9,5,20.0,16.23,119.2,119.2,130.47,131.33,87.4,0.0,-0.87
CP002,Women,King Street,Women,8,5,153.2,3900.48,0.12,595576.81,125.6,14,0,0,21,9,4,20.0,15.5,120.8,120.0,119.73,129.3,115.8,0.8,-9.57
CP002,Women,King Street,Women,9,5,131.6,4129.55,0.0,532559.09,103.6,13,0,0,5,8,0,0.0,0.0,153.2,137.0,131.07,133.9,110.6,16.2,-2.83
CP002,Women,King Street,Women,10,5,126.8,4344.59,0.0,546573.11,102.0,15,1,0,0,9,0,0.0,0.0,131.6,142.4,135.2,132.83,99.2,-10.8,2.37
CP002,Women,King Street,Women,11,5,137.8,3872.84,0.27,529670.96,110.2,15,0,0,0,9,2,23.0,22.33,126.8,129.2,137.2,128.47,104.2,-2.4,8.73
CP002,Women,King Street,Women,12,5,184.4,3844.94,0.32,699108.11,155.0,14,1,6,0,9,6,29.0,22.51,137.8,132.3,132.07,131.57,120.6,5.5,0.5
CP002,Women,Libera,Women,1,5,105.8,3898.01,0.08,390670.96,89.2,12,0,0,10,9,2,14.0,13.5,119.4,100.5,90.2,95.0,95.2,18.9,-4.8
CP002,Women,Libera,Women,2,5,118.0,4233.29,0.0,502521.47,100.0,12,1,0,0,8,0,0.0,0.0,105.8,100.3,94.07,91.63,99.0,5.5,2.43
CP002,Women,Libera,Women,3,5,104.0,4089.11,0.0,409288.24,86.8,13,0,0,0,9,0,0.0,0.0,118.0,111.9,98.93,89.73,80.4,6.1,9.2
CP002,Women,Libera,Women,4,5,142.8,3949.57,0.14,497316.12,118.2,15,2,9,0,9,3,22.0,18.67,104.0,111.0,109.27,87.83,107.0,-7.0,21.43
CP002,Women,Libera,Women,5,5,97.0,4097.77,0.0,347909.1,81.4,11,2,1,0,9,2,14.0,13.5,142.8,123.4,121.6,95.13,80.2,19.4,26.47
CP002,Women,Libera,Women,6,5,124.0,3760.4,0.0,406872.43,102.8,13,1,0,0,9,0,0.0,0.0,97.0,119.9,114.6,95.1,98.4,-22.9,19.5
CP002,Women,Libera,Women,7,5,122.2,3696.83,0.0,415786.73,102.0,14,0,0,0,9,5,20.0,13.85,124.0,110.5,121.27,115.27,101.4,13.5,6.0
CP002,Women,Libera,Women,8,5,127.6,3662.0,0.14,446919.24,106.0,15,0,0,21,9,5,18.0,14.61,122.2,123.1,114.4,118.0,107.6,-0.9,-3.6
CP002,Women,Libera,Women,9,5,105.2,4110.31,0.0,416859.51,89.8,14,0,0,5,8,0,0.0,0.0,127.6,124.9,124.6,119.6,90.4,2.7,5.0
CP002,Women,Libera,Women,10,5,93.8,4088.92,0.0,334806.47,76.4,13,1,0,0,9,0,0.0,0.0,105.2,116.4,118.33,119.8,69.6,-11.2,-1.47
CP002,Women,Libera,Women,11,5,97.6,3837.14,0.0,345387.9,81.6,12,0,0,0,9,2,21.0,18.75,93.8,99.5,108.87,111.63,81.6,-5.7,-2.77
CP002,Women,Libera,Women,12,5,141.4,4161.64,0.24,559606.74,118.0,12,1,6,0,9,8,27.0,21.53,97.6,95.7,98.87,111.73,119.4,1.9,-12.87
CP002,Women,Miss Modano,Women,1,5,256.4,3750.58,0.04,967416.49,212.6,26,0,0,10,9,7,15.0,12.45,250.4,228.3,230.0,214.17,223.4,22.1,15.83
CP002,Women,Miss Modano,Women,2,5,201.0,3949.82,0.0,779007.94,164.4,23,1,0,0,8,0,0.0,0.0,256.4,225.3,218.93,217.43,157.8,31.1,1.5
CP002,Women,Miss Modano,Women,3,5,241.8,4212.48,0.0,1060156.32,199.2,27,0,0,0,9,0,0.0,0.0,201.0,228.7,203.87,210.57,182.0,-27.7,-6.7
CP002,Women,Miss Modano,Women,4,5,218.0,3747.57,0.0,830454.72,177.2,21,2,9,0,9,7,24.0,18.41,241.8,221.4,233.07,207.4,167.0,20.4,25.67
CP002,Women,Miss Modano,Women,5,5,234.6,4082.7,0.11,934585.61,193.6,26,2,1,0,9,4,14.0,12.45,218.0,229.9,220.27,198.53,187.2,-11.9,21.73
CP002,Women,Miss Modano,Women,6,5,249.4,4076.35,0.0,1019759.92,205.8,26,1,0,0,9,0,0.0,0.0,234.6,226.3,231.47,196.53,200.6,8.3,34.93
CP002,Women,Miss Modano,Women,7,5,235.2,4001.44,0.0,910637.34,197.6,26,0,0,0,9,5,18.0,13.61,249.4,242.0,234.0,233.53,180.6,7.4,0.47
CP002,Women,Miss Modano,Women,8,5,254.6,3995.21,0.0,992597.6,210.2,25,0,0,21,9,4,19.0,15.75,235.2,242.3,239.73,230.0,202.2,-7.1,9.73
CP002,Women,Miss Modano,Women,9,5,254.6,3822.2,0.0,994411.85,212.2,27,0,0,5,8,0,0.0,0.0,254.6,244.9,246.4,238.93,212.2,9.7,7.47
CP002,Women,Miss Modano,Women,10,5,265.6,4055.96,0.0,1047028.26,221.4,26,1,0,0,9,0,0.0,0.0,254.6,254.6,248.13,241.07,233.4,0.0,7.07
CP002,Women,Miss Modano,Women,11,5,256.8,4053.9,0.14,1073850.02,209.8,27,0,0,0,9,5,29.0,25.94,265.6,260.1,258.27,249.0,206.2,5.5,9.27
CP002,Women,Miss Modano,Women,12,5,295.6,4200.41,0.15,1201325.85,249.6,25,1,6,0,9,10,29.0,21.74,256.8,261.2,259.0,252.7,250.4,-4.4,6.3
CP002,Women,Modano,Women,1,5,189.4,4020.98,0.0,826918.37,154.8,27,0,0,10,9,7,15.0,13.1,220.0,176.8,179.2,174.43,144.0,43.2,4.77
CP002,Women,Modano,Women,2,5,195.4,3836.04,0.0,788710.4,158.6,27,1,0,0,8,0,0.0,0.0,189.4,189.6,170.93,172.1,165.0,-0.2,-1.17
CP002,Women,Modano,Women,3,5,196.4,3726.68,0.0,770916.39,157.8,26,0,0,0,9,0,0.0,0.0,195.4,192.4,177.87,170.6,158.6,3.0,7.27
CP002,Women,Modano,Women,4,5,277.4,4207.11,0.27,1218407.63,236.2,29,2,9,0,9,7,25.0,17.63,196.4,195.9,193.73,165.77,223.4,0.5,27.97
CP002,Women,Modano,Women,5,5,214.4,4238.62,0.22,915003.77,174.8,25,2,1,0,9,5,13.0,11.79,277.4,236.9,223.07,173.83,150.8,40.5,49.23
CP002,Women,Modano,Women,6,5,210.2,3893.35,0.0,825983.25,172.0,28,1,0,0,9,0,0.0,0.0,214.4,245.9,229.4,180.53,161.4,-31.5,48.87
CP002,Women,Modano,Women,7,5,222.6,3956.0,0.0,883569.92,180.2,29,0,0,0,9,6,20.0,15.52,210.2,212.3,234.0,213.87,173.2,-2.1,20.13
CP002,Women,Modano,Women,8,5,208.4,4221.6,0.08,929621.45,168.0,28,0,0,21,9,6,20.0,16.03,222.6,216.4,215.73,219.4,163.4,6.2,-3.67
CP002,Women,Modano,Women,9,5,220.8,4092.4,0.0,925832.36,179.0,31,0,0,5,8,0,0.0,0.0,208.4,215.5,213.73,221.57,172.4,-7.1,-7.83
CP002,Women,Modano,Women,10,5,223.6,3959.47,0.0,900463.04,181.8,30,1,0,0,9,0,0.0,0.0,220.8,214.6,217.27,225.63,184.0,6.2,-8.37
CP002,Women,Modano,Women,11,5,166.4,3959.2,0.0,704377.26,136.8,25,0,0,0,9,5,29.0,25.71,223.6,222.2,217.6,216.67,133.6,1.4,0.93
CP002,Women,Modano,Women,12,5,281.4,3881.71,0.0,1181541.28,233.8,28,1,6,0,9,11,29.0,21.23,166.4,195.0,203.6,208.67,220.0,-28.6,-5.07
CP003,Accessories,Emerald,Men,1,5,19.4,2988.07,0.0,59442.98,14.8,4,0,0,10,9,1,6.0,6.0,12.6,12.9,13.33,13.3,15.4,-0.3,0.03
CP003,Accessories,Emerald,Men,2,5,18.0,2819.94,0.0,49723.08,15.4,4,1,0,0,8,0,0.0,0.0,19.4,14.4,14.0,14.0,13.6,5.0,0.0
CP003,Accessories,Emerald,Men,3,5,19.6,3172.02,0.0,54811.54,16.2,4,0,0,0,9,0,0.0,0.0,18.0,18.7,14.6,14.47,16.0,-0.7,0.13
CP003,Accessories,Emerald,Men,4,5,25.2,2299.38,0.0,45185.8,19.8,3,2,9,0,9,1,9.0,9.0,19.6,18.8,19.0,14.8,23.0,0.8,4.2
CP003,Accessories,Emerald,Men,5,5,19.2,2595.36,0.0,46777.08,15.4,4,2,1,0,9,0,4.0,4.0,25.2,22.4,20.93,15.17,14.0,2.8,5.77
CP003,Accessories,Emerald,Men,6,5,19.2,2378.25,0.0,51823.92,15.8,3,1,0,0,9,0,0.0,0.0,19.2,22.2,21.33,15.83,16.2,-3.0,5.5
CP003,Accessories,Emerald,Men,7,5,16.0,3204.68,0.0,46296.19,12.0,4,0,0,0,9,2,15.0,12.5,19.2,19.2,21.2,20.1,12.0,0.0,1.1
CP003,Accessories,Emerald,Men,8,5,16.4,2681.63,0.0,32577.02,13.2,4,0,0,21,9,1,8.0,7.5,16.0,17.6,18.13,19.53,12.2,-1.6,-1.4
CP003,Accessories,Emerald,Men,9,5,21.2,3452.76,0.0,69840.19,16.8,5,0,0,5,8,0,0.0,0.0,16.4,16.2,17.2,19.27,15.6,0.2,-2.07
CP003,Accessories,Emerald,Men,10,5,18.4,2617.65,0.0,49272.84,14.2,4,1,0,0,9,0,0.0,0.0,21.2,18.8,17.87,19.53,14.2,2.4,-1.67
CP003,Accessories,Emerald,Men,11,5,16.6,3008.92,0.0,53273.41,14.0,3,0,0,0,9,0,12.0,12.0,18.4,19.8,18.67,18.4,13.2,-1.4,0.27
CP003,Accessories,Emerald,Men,12,5,22.0,3213.5,0.0,63533.95,18.4,4,1,6,0,9,3,27.0,23.08,16.6,17.5,18.73,17.97,12.6,-0.9,0.77
CP003,Accessories,Emerald,Unisex,1,5,46.4,2129.52,0.0,98732.11,35.2,10,0,0,10,9,2,12.0,11.67,36.4,33.6,31.93,32.0,40.2,2.8,-0.07
CP003,Accessories,Emerald,Unisex,2,5,43.0,2546.86,0.0,104575.61,33.8,9,1,0,0,8,0,0.0,0.0,46.4,35.5,33.93,33.73,36.0,10.9,0.2
CP003,Accessories,Emerald,Unisex,3,5,48.0,2109.58,0.0,102956.23,36.6,9,0,0,0,9,0,0.0,0.0,43.0,44.7,35.07,32.83,35.8,-1.7,2.23
CP003,Accessories,Emerald,Unisex,4,5,51.2,2224.71,0.09,112949.21,41.4,10,2,9,0,9,1,9.0,9.0,48.0,45.5,45.8,34.47,37.4,2.5,11.33
CP003,Accessories,Emerald,Unisex,5,5,34.0,2695.9,0.0,85385.03,26.4,9,2,1,0,9,1,14.0,14.0,51.2,49.6,47.4,36.4,25.6,1.6,11.0
CP003,Accessories,Emerald,Unisex,6,5,37.6,2290.1,0.0,83107.21,29.2,9,1,0,0,9,0,0.0,0.0,34.0,42.6,44.4,35.67,26.2,-8.6,8.73
CP003,Accessories,Emerald,Unisex,7,5,31.8,2043.62,0.4,64963.63,25.0,9,0,0,0,9,3,18.0,15.6,37.6,35.8,40.93,43.37,24.2,1.8,-2.43
CP003,Accessories,Emerald,Unisex,8,5,50.4,2181.79,0.0,104748.08,39.4,11,0,0,21,9,2,13.0,9.75,31.8,34.7,34.47,40.93,39.6,-2.9,-6.47
CP003,Accessories,Emerald,Unisex,9,5,39.6,2157.51,0.0,76892.01,31.4,9,0,0,5,8,0,0.0,0.0,50.4,41.1,39.93,42.17,32.4,9.3,-2.23
CP003,Accessories,Emerald,Unisex,10,5,39.8,2350.44,0.0,89261.66,31.4,10,1,0,0,9,0,0.0,0.0,39.6,45.0,40.6,40.77,28.6,-5.4,-0.17
CP003,Accessories,Emerald,Unisex,11,5,42.8,2154.59,0.0,88456.48,32.2,9,0,0,0,9,1,16.0,15.67,39.8,39.7,43.27,38.87,30.8,0.1,4.4
CP003,Accessories,Emerald,Unisex,12,5,45.8,2375.56,0.0,102489.15,36.4,10,1,6,0,9,4,28.0,23.08,42.8,41.3,40.73,40.33,36.4,1.5,0.4
CP003,Accessories,Emerald,Women,1,5,8.4,2776.08,0.0,25224.24,6.2,2,0,0,10,9,0,3.0,2.5,9.2,7.8,8.6,7.73,9.2,1.4,0.87
CP003,Accessories,Emerald,Women,2,5,6.4,2969.2,0.0,18052.88,4.2,2,1,0,0,8,0,0.0,0.0,8.4,8.6,7.87,8.53,3.2,-0.2,-0.67
CP003,Accessories,Emerald,Women,3,5,10.2,2804.99,0.0,32577.09,7.2,3,0,0,0,9,0,0.0,0.0,6.4,7.4,7.6,8.0,6.4,-1.0,-0.4
CP003,Accessories,Emerald,Women,4,5,15.4,2791.5,1.0,46932.52,11.2,3,2,9,0,9,1,12.0,12.0,10.2,8.3,8.33,7.83,13.6,1.9,0.5
CP003,Accessories,Emerald,Women,5,5,10.2,2837.25,0.0,28363.13,7.0,2,2,1,0,9,1,9.0,8.5,15.4,12.8,10.67,8.33,9.0,2.6,2.33
CP003,Accessories,Emerald,Women,6,5,13.8,3191.42,0.0,50065.76,10.6,2,1,0,0,9,0,0.0,0.0,10.2,12.8,11.93,8.7,11.8,-2.6,3.23
CP003,Accessories,Emerald,Women,7,5,5.6,2509.16,0.0,15083.23,3.0,2,0,0,0,9,1,9.0,9.0,13.8,12.0,13.13,10.73,3.2,1.8,2.4
CP003,Accessories,Emerald,Women,8,5,9.6,3646.43,0.0,34683.66,6.4,2,0,0,21,9,0,7.0,7.0,5.6,9.7,9.87,10.27,8.8,-4.1,-0.4
CP003,Accessories,Emerald,Women,9,5,12.4,2735.04,0.0,37300.73,8.8,3,0,0,5,8,0,0.0,0.0,9.6,7.6,9.67,10.8,8.6,2.0,-1.13
CP003,Accessories,Emerald,Women,10,4,11.5,3015.18,0.0,36359.45,7.75,3,1,0,0,9,0,0.0,0.0,11.25,10.12,8.08,11.17,8.25,1.12,-3.08
CP003,Accessories,Emerald,Women,11,5,9.8,2975.9,1.2,29719.09,6.4,3,0,0,0,9,0,12.0,12.0,12.6,12.0,11.2,10.53,9.6,0.6,0.67
CP003,Accessories,Emerald,Women,12,5,12.4,3130.09,0.0,39186.01,9.4,2,1,6,0,9,1,13.0,12.5,9.8,11.2,11.27,10.3,5.8,-1.4,0.97
CP003,Accessories,Hustle,Men,1,5,18.4,2409.9,0.29,42045.06,14.2,7,0,0,10,9,3,11.0,9.73,23.4,19.8,18.07,17.73,15.2,3.6,0.33
CP003,Accessories,Hustle,Men,2,5,16.4,2648.5,0.0,41423.79,12.6,5,1,0,0,8,0,0.0,0.0,18.4,18.6,17.8,17.07,12.0,-0.2,0.73
CP003,Accessories,Hustle,Men,3,5,20.8,2921.55,0.0,54997.24,15.8,6,0,0,0,9,0,0.0,0.0,16.4,17.4,16.67,16.37,17.2,-1.0,0.3
CP003,Accessories,Hustle,Men,4,5,22.4,2799.86,0.0,59285.34,16.6,6,2,9,0,9,1,9.0,8.5,20.8,18.6,18.53,16.33,16.6,2.2,2.2
CP003,Accessories,Hustle,Men,5,5,16.6,2321.69,0.0,35079.19,13.8,5,2,1,0,9,1,7.0,7.0,22.4,21.6,19.87,17.1,13.4,0.8,2.77
CP003,Accessories,Hustle,Men,6,5,13.8,3010.56,0.0,37676.09,10.8,4,1,0,0,9,0,0.0,0.0,16.6,19.5,19.93,16.67,13.0,-2.9,3.27
CP003,Accessories,Hustle,Men,7,5,23.0,2763.59,0.0,57772.37,17.4,6,0,0,0,9,1,10.0,8.5,13.8,15.2,17.6,18.07,17.8,-1.4,-0.47
CP003,Accessories,Hustle,Men,8,5,24.0,2611.32,0.0,64390.32,18.4,5,0,0,21,9,0,3.0,3.0,23.0,18.4,17.8,18.83,17.0,4.6,-1.03
CP003,Accessories,Hustle,Men,9,5,22.0,3101.9,0.0,67541.77,15.8,6,0,0,5,8,0,0.0,0.0,24.0,23.5,20.27,20.1,17.4,0.5,0.17
CP003,Accessories,Hustle,Men,10,5,20.8,2561.24,0.0,45890.64,16.4,6,1,0,0,9,0,0.0,0.0,22.0,23.0,23.0,20.3,14.6,-1.0,2.7
CP003,Accessories,Hustle,Men,11,5,21.4,2473.85,0.0,47610.52,16.4,5,0,0,0,9,2,20.0,18.5,20.8,21.4,22.27,20.03,16.2,-0.6,2.23
CP003,Accessories,Hustle,Men,12,5,27.8,2938.09,0.0,65302.79,21.4,7,1,6,0,9,3,25.0,22.0,21.4,21.1,21.4,20.83,23.4,0.3,0.57
CP003,Accessories,Hustle,Unisex,1,5,19.2,2882.55,0.0,52899.91,14.4,5,0,0,10,9,1,10.0,10.0,24.8,23.1,21.07,16.07,16.0,1.7,5.0
CP003,Accessories,Hustle,Unisex,2,5,18.8,2766.9,0.0,49211.27,14.0,4,1,0,0,8,0,0.0,0.0,19.2,20.0,20.47,16.43,13.0,-0.8,4.03
CP003,Accessories,Hustle,Unisex,3,5,16.2,2882.31,0.0,44752.76,10.8,5,0,0,0,9,0,0.0,0.0,18.8,19.0,18.87,17.93,12.0,-0.2,0.93
CP003,Accessories,Hustle,Unisex,4,5,19.2,2421.67,0.0,44694.4,14.6,5,2,9,0,9,2,22.0,18.58,16.2,17.5,18.07,18.2,16.8,-1.3,-0.13
CP003,Accessories,Hustle,Unisex,5,5,20.0,2403.17,0.0,49509.79,14.2,5,2,1,0,9,1,7.0,6.5,19.2,17.7,18.07,17.7,16.6,1.5,0.37
CP003,Accessories,Hustle,Unisex,6,5,11.0,2827.24,0.0,29975.01,7.8,3,1,0,0,9,0,0.0,0.0,20.0,19.6,18.47,16.73,9.0,0.4,1.73
CP003,Accessories,Hustle,Unisex,7,5,18.2,2833.73,0.52,48768.41,14.0,4,0,0,0,9,1,15.0,14.5,11.0,15.5,16.73,17.4,13.0,-4.5,-0.67
CP003,Accessories,Hustle,Unisex,8,5,11.0,2727.95,0.0,28003.43,9.0,4,0,0,21,9,1,11.0,9.33,18.2,14.6,16.4,17.23,7.6,3.6,-0.83
CP003,Accessories,Hustle,Unisex,9,5,20.0,2862.2,0.0,53635.21,15.8,5,0,0,5,8,0,0.0,0.0,11.0,14.6,13.4,15.93,12.6,-3.6,-2.53
CP003,Accessories,Hustle,Unisex,10,5,22.0,2389.57,0.0,51785.05,16.6,5,1,0,0,9,0,0.0,0.0,20.0,15.5,16.4,16.57,17.0,4.5,-0.17
CP003,Accessories,Hustle,Unisex,11,5,28.0,2380.08,0.0,69795.89,21.8,5,0,0,0,9,0,11.0,11.0,22.0,21.0,17.67,17.03,21.4,1.0,0.63
CP003,Accessories,Hustle,Unisex,12,5,30.4,2555.04,0.0,77079.74,24.8,5,1,6,0,9,1,20.0,19.5,28.0,25.0,23.33,18.37,24.8,3.0,4.97
CP003,Accessories,Hustle,Women,1,5,27.2,3032.29,0.0,90841.63,20.8,7,0,0,10,9,2,13.0,12.33,28.8,21.9,22.8,21.27,24.4,6.9,1.53
CP003,Accessories,Hustle,Women,2,5,21.6,2962.75,0.0,71015.41,16.6,6,1,0,0,8,0,0.0,0.0,27.2,26.0,22.33,22.47,16.4,1.2,-0.13
CP003,Accessories,Hustle,Women,3,5,31.2,3230.58,0.0,113045.9,21.0,7,0,0,0,9,0,0.0,0.0,21.6,24.4,21.53,21.33,27.0,-2.8,0.2
CP003,Accessories,Hustle,Women,4,5,21.4,2915.1,0.0,68554.06,15.6,7,2,9,0,9,2,16.0,12.83,31.2,26.4,26.67,21.6,19.0,4.8,5.07
CP003,Accessories,Hustle,Women,5,5,30.0,2964.62,0.0,99412.95,23.0,8,2,1,0,9,2,12.0,11.0,21.4,26.3,24.73,20.43,24.2,-4.9,4.3
CP003,Accessories,Hustle,Women,6,5,23.4,2573.72,0.0,69186.47,16.2,7,1,0,0,9,0,0.0,0.0,30.0,25.7,27.53,22.1,20.8,4.3,5.43
CP003,Accessories,Hustle,Women,7,5,21.6,3019.64,0.0,68684.93,15.2,7,0,0,0,9,1,10.0,8.67,23.4,26.7,24.93,25.8,16.0,-3.3,-0.87
CP003,Accessories,Hustle,Women,8,5,24.8,2541.41,0.0,73071.62,17.8,8,0,0,21,9,2,19.0,17.83,21.6,22.5,25.0,24.87,19.4,-0.9,0.13
CP003,Accessories,Hustle,Women,9,5,29.4,2688.35,0.0,84873.57,20.4,7,0,0,5,8,0,0.0,0.0,24.8,23.2,23.27,25.4,23.8,1.6,-2.13
CP003,Accessories,Hustle,Women,10,5,27.2,3008.96,0.0,89796.84,20.8,8,1,0,0,9,0,0.0,0.0,29.4,27.1,25.27,25.1,24.6,2.3,0.17
CP003,Accessories,Hustle,Women,11,5,22.2,2269.79,0.0,58553.83,16.4,6,0,0,0,9,1,22.0,20.5,27.2,28.3,27.13,26.07,15.0,-1.1,1.07
CP003,Accessories,Hustle,Women,12,5,36.8,2904.53,0.3,122581.22,27.4,8,1,6,0,9,5,27.0,22.42,22.2,24.7,26.27,24.77,28.8,-2.5,1.5
CP003,Accessories,King Street,Men,1,5,18.4,2733.63,0.0,57175.59,13.6,5,0,0,10,9,1,8.0,8.0,16.8,18.8,19.87,17.83,11.6,-2.0,2.03
CP003,Accessories,King Street,Men,2,5,23.6,2981.55,0.0,73408.12,16.4,6,1,0,0,8,0,0.0,0.0,18.4,15.2,17.07,17.33,17.6,3.2,-0.27
CP003,Accessories,King Street,Men,3,5,29.4,3138.12,0.0,98268.79,22.6,6,0,0,0,9,0,0.0,0.0,23.6,21.0,16.33,18.07,23.4,2.6,-1.73
CP003,Accessories,King Street,Men,4,5,26.6,2682.1,0.2,75919.42,22.2,6,2,9,0,9,2,13.0,12.17,29.4,26.5,23.8,19.4,24.8,2.9,4.4
CP003,Accessories,King Street,Men,5,5,26.8,2983.1,0.0,78373.14,20.0,6,2,1,0,9,2,6.0,5.75,26.6,28.0,26.53,19.43,22.0,-1.4,7.1
CP003,Accessories,King Street,Men,6,5,22.8,2887.13,0.0,62700.03,16.6,6,1,0,0,9,0,0.0,0.0,26.8,26.7,27.6,19.93,18.4,0.1,7.67
CP003,Accessories,King Street,Men,7,5,24.2,2772.61,0.33,67228.47,18.4,6,0,0,0,9,2,18.0,15.33,22.8,24.8,25.4,24.6,16.6,-2.0,0.8
CP003,Accessories,King Street,Men,8,5,16.0,2818.14,0.0,46430.6,11.0,5,0,0,21,9,2,12.0,10.3,24.2,23.5,24.6,25.57,14.2,0.7,-0.97
CP003,Accessories,King Street,Men,9,5,20.6,2843.97,0.0,57441.18,15.6,6,0,0,5,8,0,0.0,0.0,16.0,20.1,21.0,24.3,16.6,-4.1,-3.3
CP003,Accessories,King Street,Men,10,5,26.2,3160.13,0.0,80807.83,19.6,7,1,0,0,9,0,0.0,0.0,20.6,18.3,20.27,22.83,22.0,2.3,-2.57
CP003,Accessories,King Street,Men,11,5,28.0,2686.19,0.0,69412.83,21.2,7,0,0,0,9,1,12.0,11.0,26.2,23.4,20.93,22.77,20.8,2.8,-1.83
CP003,Accessories,King Street,Men,12,5,26.0,2709.24,0.0,70981.4,19.8,5,1,6,0,9,3,21.0,17.3,28.0,27.1,24.93,22.97,16.8,0.9,1.97
CP003,Accessories,King Street,Unisex,1,5,5.6,2527.69,0.0,15440.98,4.2,2,0,0,10,9,0,2.0,2.0,8.2,7.6,7.2,6.57,4.4,0.6,0.63
CP003,Accessories,King Street,Unisex,2,5,7.8,2575.39,0.0,20642.16,6.2,3,1,0,0,8,0,0.0,0.0,5.6,6.8,6.87,6.33,6.8,-1.2,0.53
CP003,Accessories,King Street,Unisex,3,5,12.0,2569.26,0.0,31597.77,8.4,3,0,0,0,9,0,0.0,0.0,7.8,6.7,6.47,6.57,8.4,1.1,-0.1
CP003,Accessories,King Street,Unisex,4,5,8.8,2574.23,0.0,23413.88,7.2,3,2,9,0,9,0,5.0,5.0,12.0,9.9,8.47,6.8,8.0,2.1,1.67
CP003,Accessories,King Street,Unisex,5,5,10.8,2663.04,0.0,29763.12,8.6,3,2,1,0,9,1,8.0,8.0,8.8,10.4,9.53,7.07,9.2,-1.6,2.47
CP003,Accessories,King Street,Unisex,6,5,8.4,2972.38,0.0,24873.83,6.0,2,1,0,0,9,0,0.0,0.0,10.8,9.8,10.53,7.27,6.4,1.0,3.27
CP003,Accessories,King Street,Unisex,7,5,10.6,2576.67,0.0,28897.52,7.8,3,0,0,0,9,1,13.0,12.0,8.4,9.6,9.33,8.9,6.8,-1.2,0.43
CP003,Accessories,King Street,Unisex,8,5,5.2,2635.39,0.0,14147.8,3.6,2,0,0,21,9,1,8.0,8.0,10.6,9.5,9.93,9.73,4.4,1.1,0.2
CP003,Accessories,King Street,Unisex,9,5,12.0,2776.41,0.0,35314.09,9.4,3,0,0,5,8,0,0.0,0.0,5.2,7.9,8.07,9.3,6.6,-2.7,-1.23
CP003,Accessories,King Street,Unisex,10,5,9.4,2769.05,0.0,26164.16,7.4,3,1,0,0,9,0,0.0,0.0,12.0,8.6,9.27,9.3,6.4,3.4,-0.03
CP003,Accessories,King Street,Unisex,11,5,11.8,2746.81,0.0,33781.35,8.8,3,0,0,0,9,1,15.0,14.5,9.4,10.7,8.87,9.4,7.0,-1.3,-0.53
CP003,Accessories,King Street,Unisex,12,5,9.0,2657.98,0.0,25830.07,7.8,3,1,6,0,9,2,19.0,17.0,11.8,10.6,11.07,9.57,8.2,1.2,1.5
CP003,Accessories,King Street,Women,1,5,15.0,3265.98,0.33,54521.68,12.0,5,0,0,10,9,2,8.0,7.33,12.0,12.5,10.6,10.7,8.4,-0.5,-0.1
CP003,Accessories,King Street,Women,2,5,9.8,2989.61,0.0,31560.81,7.6,3,1,0,0,8,0,0.0,0.0,15.0,12.7,12.8,10.7,7.2,2.3,2.1
CP003,Accessories,King Street,Women,3,5,13.8,3532.79,0.0,53194.0,11.2,4,0,0,0,9,0,0.0,0.0,9.8,12.4,11.53,10.47,9.8,-2.6,1.07
CP003,Accessories,King Street,Women,4,5,22.0,3342.14,0.0,77009.34,17.4,5,2,9,0,9,0,6.0,6.0,13.8,11.8,12.87,10.77,17.0,2.0,2.1
CP003,Accessories,King Street,Women,5,5,16.0,3172.02,0.0,53407.46,12.8,5,2,1,0,9,1,9.0,8.17,22.0,17.9,15.2,12.53,15.0,4.1,2.67
CP003,Accessories,King Street,Women,6,4,15.5,3125.08,0.0,55024.35,12.25,5,1,0,0,9,0,0.0,0.0,17.0,19.38,17.17,15.79,12.5,-2.38,1.37
CP003,Accessories,King Street,Women,7,5,17.6,3091.45,0.0,60063.44,14.8,5,0,0,0,9,1,11.0,11.0,14.8,16.5,18.0,12.7,13.4,-1.7,5.3
CP003,Accessories,King Street,Women,8,5,12.6,3134.74,0.0,41463.99,10.2,5,0,0,21,9,1,11.0,10.5,17.6,16.2,16.87,15.53,10.6,1.4,1.33
CP003,Accessories,King Street,Women,9,5,10.6,3294.11,0.0,36984.34,9.2,4,0,0,5,8,0,0.0,0.0,12.6,15.1,15.0,15.83,8.4,-2.5,-0.83
CP003,Accessories,King Street,Women,10,5,10.4,3156.06,0.0,35379.88,8.4,4,1,0,0,9,0,0.0,0.0,10.6,11.6,13.6,15.8,6.8,-1.0,-2.2
CP003,Accessories,King Street,Women,11,5,14.4,3252.07,0.0,51472.28,12.0,4,0,0,0,9,0,0.0,0.0,10.4,10.5,11.2,14.03,13.0,-0.1,-2.83
CP003,Accessories,King Street,Women,12,5,15.0,3469.37,0.0,58208.17,13.2,3,1,6,0,9,2,24.0,21.5,14.4,12.4,11.8,13.4,12.0,2.0,-1.6
CP003,Accessories,Libera,Men,1,5,2.0,306.58,0.0,613.16,1.8,1,0,0,10,9,0,3.0,2.5,1.8,1.9,1.67,1.5,1.0,-0.1,0.17
CP003,Accessories,Libera,Men,2,3,1.67,306.58,0.0,510.97,1.67,1,1,0,0,8,0,0.0,0.0,2.0,2.17,2.0,1.89,2.0,-0.17,0.11
CP003,Accessories,Libera,Men,3,3,2.0,306.58,0.0,613.16,2.0,1,0,0,0,9,0,0.0,0.0,1.67,1.5,2.22,2.06,1.33,0.17,0.17
CP003,Accessories,Libera,Men,4,3,1.67,306.58,0.0,510.97,1.67,1,2,9,0,8,0,0.0,0.0,2.33,1.33,1.11,1.17,0.67,1.0,-0.06
CP003,Accessories,Libera,Men,5,4,1.5,306.58,0.0,459.87,1.5,1,2,1,0,8,0,0.0,0.0,1.75,2.25,2.0,2.0,1.75,-0.5,0.0
CP003,Accessories,Libera,Men,6,3,1.0,306.58,0.0,306.58,1.0,1,1,0,0,9,0,0.0,0.0,1.67,1.83,2.22,2.0,1.0,-0.17,0.22
CP003,Accessories,Libera,Men,7,3,1.33,306.58,0.0,408.77,1.33,1,0,0,0,9,0,5.0,5.0,1.0,1.33,1.56,1.83,1.33,-0.33,-0.28
CP003,Accessories,Libera,Men,8,4,3.0,306.58,0.0,919.74,2.25,1,0,0,21,8,0,5.0,5.0,1.25,1.25,1.0,1.38,1.0,0.0,-0.38
CP003,Accessories,Libera,Men,9,2,2.5,306.58,0.0,766.45,2.5,1,0,0,5,9,0,0.0,0.0,1.5,1.25,1.17,1.58,3.0,0.25,-0.42
CP003,Accessories,Libera,Men,10,4,2.0,306.58,0.0,613.16,2.0,1,1,0,0,9,0,0.0,0.0,3.25,2.38,2.08,1.46,2.0,0.88,0.62
CP003,Accessories,Libera,Men,11,4,1.5,306.58,0.0,459.87,1.5,1,0,0,0,9,0,13.75,13.75,2.0,2.12,1.83,1.33,1.25,-0.12,0.5
CP003,Accessories,Libera,Men,12,4,2.0,306.58,0.0,613.16,1.75,1,1,6,0,9,0,7.5,5.62,1.5,1.75,1.92,1.29,0.75,-0.25,0.63
CP003,Accessories,Libera,Unisex,1,5,6.8,2463.23,0.43,15985.78,5.4,4,0,0,10,9,2,9.0,8.67,9.8,7.4,7.2,6.67,4.4,2.4,0.53
CP003,Accessories,Libera,Unisex,2,5,8.8,2869.14,0.0,25143.81,5.8,3,1,0,0,8,0,0.0,0.0,6.8,7.6,6.73,6.4,6.0,-0.8,0.33
CP003,Accessories,Libera,Unisex,3,5,4.6,1790.57,0.0,8572.83,3.2,2,0,0,0,9,0,0.0,0.0,8.8,7.8,7.27,6.53,4.0,1.0,0.73
CP003,Accessories,Libera,Unisex,4,5,12.0,2690.7,0.0,33744.99,8.6,4,2,9,0,9,1,14.0,14.0,4.6,6.7,6.73,6.27,9.0,-2.1,0.47
CP003,Accessories,Libera,Unisex,5,5,7.8,2717.12,0.22,21910.66,5.6,3,2,1,0,9,1,4.0,4.0,12.0,8.3,8.47,6.83,6.8,3.7,1.63
CP003,Accessories,Libera,Unisex,6,5,8.0,2416.68,0.0,20626.42,7.0,4,1,0,0,9,0,0.0,0.0,7.8,9.9,8.13,6.87,6.2,-2.1,1.27
CP003,Accessories,Libera,Unisex,7,5,10.0,2700.8,0.57,26543.06,7.6,4,0,0,0,9,1,13.0,12.5,8.0,7.9,9.27,8.0,7.0,0.1,1.27
CP003,Accessories,Libera,Unisex,8,5,8.0,2132.29,0.0,19984.61,6.0,4,0,0,21,9,1,17.0,16.5,10.0,9.0,8.6,8.53,5.8,1.0,0.07
CP003,Accessories,Libera,Unisex,9,5,6.4,2276.6,0.0,16045.65,5.4,4,0,0,5,8,0,0.0,0.0,8.0,9.0,8.67,8.4,5.6,-1.0,0.27
CP003,Accessories,Libera,Unisex,10,5,9.4,2866.79,0.0,25760.11,7.0,4,1,0,0,9,0,0.0,0.0,6.4,7.2,8.13,8.7,6.8,-0.8,-0.57
CP003,Accessories,Libera,Unisex,11,5,6.0,2636.39,0.0,17600.47,4.8,3,0,0,0,9,0,4.0,4.0,9.4,7.9,7.93,8.27,5.0,1.5,-0.33
CP003,Accessories,Libera,Unisex,12,5,11.4,2758.33,0.0,29888.21,9.0,4,1,6,0,9,1,13.0,11.33,6.0,7.7,7.27,7.97,9.8,-1.7,-0.7
CP003,Accessories,Libera,Women,1,5,13.6,2658.62,0.68,37907.59,11.0,5,0,0,10,9,2,10.0,9.5,15.0,14.4,13.27,11.67,11.0,0.6,1.6
CP003,Accessories,Libera,Women,2,5,18.0,3079.96,0.0,59821.5,13.8,5,1,0,0,8,0,0.0,0.0,13.6,12.7,13.07,11.83,14.8,0.9,1.23
CP003,Accessories,Libera,Women,3,5,7.0,2771.97,0.0,20807.2,5.8,3,0,0,0,9,0,0.0,0.0,18.0,15.8,13.13,12.03,5.8,2.2,1.1
CP003,Accessories,Libera,Women,4,5,12.8,2654.71,0.0,35964.25,9.8,4,2,9,0,9,2,23.0,20.5,7.0,12.5,12.87,11.73,9.8,-5.5,1.13
CP003,Accessories,Libera,Women,5,5,12.0,2704.07,0.38,33977.7,9.8,4,2,1,0,9,0,3.0,3.0,12.8,9.9,12.6,11.33,9.6,2.9,1.27
CP003,Accessories,Libera,Women,6,5,10.8,2547.22,0.0,29628.08,8.8,4,1,0,0,9,0,0.0,0.0,12.0,12.4,10.6,10.43,8.0,-0.4,0.17
CP003,Accessories,Libera,Women,7,5,11.8,2856.26,0.0,35095.49,10.0,4,0,0,0,9,1,16.0,15.5,10.8,11.4,11.87,12.37,9.4,-0.6,-0.5
CP003,Accessories,Libera,Women,8,5,16.2,3054.98,0.0,53298.03,12.8,4,0,0,21,9,2,14.0,12.67,11.8,11.3,11.53,12.07,12.8,0.5,-0.53
CP003,Accessories,Libera,Women,9,5,10.8,2801.67,0.0,31758.81,9.2,4,0,0,5,8,0,0.0,0.0,16.2,14.0,12.93,11.77,8.0,2.2,1.17
CP003,Accessories,Libera,Women,10,5,12.4,2685.36,0.0,35942.28,9.4,4,1,0,0,9,0,0.0,0.0,10.8,13.5,12.93,12.4,11.0,-2.7,0.53
CP003,Accessories,Libera,Women,11,5,15.4,2684.34,0.0,46111.82,13.0,4,0,0,0,9,1,12.0,11.0,12.4,11.6,13.13,12.33,13.8,0.8,0.8
CP003,Accessories,Libera,Women,12,5,20.0,2821.92,0.0,61693.79,16.8,4,1,6,0,9,2,28.0,26.5,15.4,13.9,12.87,12.9,15.0,1.5,-0.03
CP003,Accessories,Miss Modano,Men,1,5,38.6,2418.79,0.0,90753.26,28.4,7,0,0,10,9,2,14.0,12.83,40.2,33.4,31.0,28.87,33.2,6.8,2.13
CP003,Accessories,Miss Modano,Men,2,5,37.6,2261.37,0.0,81940.89,29.0,7,1,0,0,8,0,0.0,0.0,38.6,35.9,32.8,29.83,32.8,2.7,2.97
CP003,Accessories,Miss Modano,Men,3,5,40.0,2641.46,0.0,95068.44,31.4,8,0,0,0,9,0,0.0,0.0,37.6,38.1,32.53,30.03,29.0,-0.5,2.5
CP003,Accessories,Miss Modano,Men,4,5,36.2,2282.86,0.25,78926.96,28.6,6,2,9,0,9,2,17.0,15.17,40.0,38.8,38.73,30.87,29.6,1.2,7.87
CP003,Accessories,Miss Modano,Men,5,5,33.6,2163.75,0.0,73537.74,25.6,6,2,1,0,9,1,7.0,7.0,36.2,38.1,37.93,31.0,29.4,-1.9,6.93
CP003,Accessories,Miss Modano,Men,6,5,38.2,2387.66,0.0,81784.0,28.6,8,1,0,0,9,0,0.0,0.0,33.6,34.9,36.6,31.53,31.0,-1.3,5.07
CP003,Accessories,Miss Modano,Men,7,5,32.2,2378.05,0.0,71568.41,25.4,7,0,0,0,9,1,8.0,7.33,38.2,35.9,36.0,37.37,25.8,2.3,-1.37
CP003,Accessories,Miss Modano,Men,8,5,29.0,2361.37,0.0,63383.37,20.8,6,0,0,21,9,1,14.0,12.0,32.2,35.2,34.67,36.3,24.6,-3.0,-1.63
CP003,Accessories,Miss Modano,Men,9,5,34.8,2240.27,0.0,73362.89,26.6,7,0,0,5,8,0,0.0,0.0,29.0,30.6,33.13,34.87,29.8,-1.6,-1.73
CP003,Accessories,Miss Modano,Men,10,5,34.6,2220.31,0.0,73505.58,28.2,6,1,0,0,9,0,0.0,0.0,34.8,31.9,32.0,34.0,26.2,2.9,-2.0
CP003,Accessories,Miss Modano,Men,11,5,35.8,2380.16,0.0,80671.25,28.0,6,0,0,0,9,1,18.0,17.67,34.6,34.7,32.8,33.73,26.6,-0.1,-0.93
CP003,Accessories,Miss Modano,Men,12,5,49.4,2291.91,0.58,104176.66,39.4,7,1,6,0,9,2,26.0,21.5,35.8,35.2,35.07,34.1,40.2,0.6,0.97
CP003,Accessories,Miss Modano,Unisex,1,5,20.2,2596.02,0.0,48544.1,14.8,7,0,0,10,9,2,12.0,10.83,15.6,13.6,15.67,15.03,14.0,2.0,0.63
CP003,Accessories,Miss Modano,Unisex,2,5,17.4,2709.74,0.0,44931.72,11.6,7,1,0,0,8,0,0.0,0.0,20.2,16.5,14.87,15.43,14.2,3.7,-0.57
CP003,Accessories,Miss Modano,Unisex,3,5,21.2,2862.72,0.0,55605.91,16.2,7,0,0,0,9,0,0.0,0.0,17.4,18.8,15.6,15.53,18.4,-1.4,0.07
CP003,Accessories,Miss Modano,Unisex,4,5,18.4,2850.04,0.0,54243.49,14.6,6,2,9,0,9,2,24.0,22.5,21.2,19.3,19.6,16.07,14.8,1.9,3.53
CP003,Accessories,Miss Modano,Unisex,5,5,25.0,2580.99,0.0,60025.76,19.2,8,2,1,0,9,1,10.0,9.5,18.4,19.8,19.0,15.33,17.8,-1.4,3.67
CP003,Accessories,Miss Modano,Unisex,6,5,13.0,3285.03,0.0,42307.89,9.8,5,1,0,0,9,0,0.0,0.0,25.0,21.7,21.53,17.0,9.4,3.3,4.53
CP003,Accessories,Miss Modano,Unisex,7,5,19.4,2591.91,0.0,47746.94,14.0,7,0,0,0,9,1,13.0,13.0,13.0,19.0,18.8,19.2,15.0,-6.0,-0.4
CP003,Accessories,Miss Modano,Unisex,8,5,15.2,2888.49,0.67,36952.4,12.2,6,0,0,21,9,2,18.0,16.75,19.4,16.2,19.13,19.07,13.2,3.2,0.07
CP003,Accessories,Miss Modano,Unisex,9,5,20.0,2702.15,0.0,50390.06,15.4,8,0,0,5,8,0,0.0,0.0,15.2,17.3,15.87,18.7,15.0,-2.1,-2.83
CP003,Accessories,Miss Modano,Unisex,10,5,25.4,2869.06,0.0,69064.38,18.2,8,1,0,0,9,0,0.0,0.0,20.0,17.6,18.2,18.5,19.8,2.4,-0.3
CP003,Accessories,Miss Modano,Unisex,11,5,15.0,2873.44,0.0,41437.34,10.4,6,0,0,0,9,1,17.0,15.67,25.4,22.7,20.2,19.67,11.6,2.7,0.53
CP003,Accessories,Miss Modano,Unisex,12,5,21.0,2939.66,0.0,64071.16,16.4,6,1,6,0,9,3,30.0,23.58,15.0,20.2,20.13,18.0,15.6,-5.2,2.13
CP003,Accessories,Miss Modano,Women,1,5,19.2,1642.43,0.0,25593.42,15.0,4,0,0,10,9,1,9.0,8.17,24.4,18.7,18.93,16.27,13.8,5.7,2.67
CP003,Accessories,Miss Modano,Women,2,5,18.4,1830.7,0.0,28071.35,13.4,4,1,0,0,8,0,0.0,0.0,19.2,19.8,17.53,17.0,15.0,-0.6,0.53
CP003,Accessories,Miss Modano,Women,3,5,16.4,1788.09,0.0,23403.49,13.2,4,0,0,0,9,0,0.0,0.0,18.4,18.8,19.07,17.43,10.2,-0.4,1.63
CP003,Accessories,Miss Modano,Women,4,5,28.0,2422.26,0.71,59521.6,22.8,5,2,9,0,9,1,12.0,10.5,16.4,17.4,18.0,17.33,22.0,-1.0,0.67
CP003,Accessories,Miss Modano,Women,5,5,20.6,1813.27,0.0,36122.2,16.4,5,2,1,0,9,0,5.0,5.0,28.0,22.2,20.93,17.8,16.6,5.8,3.13
CP003,Accessories,Miss Modano,Women,6,5,21.6,1781.74,0.0,31741.63,16.6,5,1,0,0,9,0,0.0,0.0,20.6,24.3,21.67,18.87,16.2,-3.7,2.8
CP003,Accessories,Miss Modano,Women,7,5,14.2,2960.91,0.33,40378.77,10.0,4,0,0,0,9,1,15.0,13.67,21.6,21.1,23.4,20.7,10.8,0.5,2.7
CP003,Accessories,Miss Modano,Women,8,5,16.6,2498.52,0.0,30463.95,12.0,5,0,0,21,9,1,11.0,10.0,14.2,17.9,18.8,19.87,15.0,-3.7,-1.07
CP003,Accessories,Miss Modano,Women,9,5,21.6,2079.15,0.0,43389.94,16.2,4,0,0,5,8,0,0.0,0.0,16.6,15.4,17.47,19.57,15.0,1.2,-2.1
CP003,Accessories,Miss Modano,Women,10,5,21.4,2133.74,0.0,41180.0,16.8,5,1,0,0,9,0,0.0,0.0,21.6,19.1,17.47,20.43,19.4,2.5,-2.97
CP003,Accessories,Miss Modano,Women,11,5,18.4,1806.94,0.0,27265.6,13.4,4,0,0,0,9,1,9.0,9.0,21.4,21.5,19.87,19.33,13.0,-0.1,0.53
CP003,Accessories,Miss Modano,Women,12,5,31.4,1511.62,0.0,40985.9,24.0,5,1,6,0,9,2,25.0,23.83,18.4,19.9,20.47,18.97,24.4,-1.5,1.5
CP003,Accessories,Modano,Men,1,5,8.6,3179.52,0.83,28065.53,6.2,4,0,0,10,9,1,7.0,7.0,7.6,9.7,8.87,7.83,6.6,-2.1,1.03
CP003,Accessories,Modano,Men,2,5,8.8,3419.69,0.0,31685.79,7.2,3,1,0,0,8,0,0.0,0.0,8.6,7.3,8.8,8.0,6.0,1.3,0.8
CP003,Accessories,Modano,Men,3,5,7.4,3417.97,0.0,26559.89,6.6,3,0,0,0,9,0,0.0,0.0,8.8,8.7,7.6,8.03,5.6,0.1,-0.43
CP003,Accessories,Modano,Men,4,5,13.6,3480.94,0.0,50373.6,11.6,3,2,9,0,9,2,17.0,15.33,7.4,8.1,8.27,8.07,12.0,-0.7,0.2
CP003,Accessories,Modano,Men,5,5,11.6,3652.7,0.33,43488.95,10.2,4,2,1,0,9,0,5.0,5.0,13.6,10.5,9.93,8.43,8.4,3.1,1.5
CP003,Accessories,Modano,Men,6,5,8.2,3314.9,0.0,27120.11,5.8,3,1,0,0,9,0,0.0,0.0,11.6,12.6,10.87,8.2,6.8,-1.0,2.67
CP003,Accessories,Modano,Men,7,5,10.6,3215.39,0.0,35067.71,8.0,3,0,0,0,9,2,15.0,13.5,8.2,9.9,11.13,9.7,6.0,-1.7,1.43
CP003,Accessories,Modano,Men,8,5,10.0,3380.51,0.0,34079.75,9.2,4,0,0,21,9,1,8.0,8.0,10.6,9.4,10.13,10.03,8.0,1.2,0.1
CP003,Accessories,Modano,Men,9,5,9.0,3371.32,0.0,31399.31,6.6,3,0,0,5,8,0,0.0,0.0,10.0,10.3,9.6,10.23,6.4,-0.3,-0.63
CP003,Accessories,Modano,Men,10,5,10.4,3523.25,0.0,38072.78,8.2,3,1,0,0,9,0,0.0,0.0,9.0,9.5,9.87,10.5,7.2,-0.5,-0.63
CP003,Accessories,Modano,Men,11,5,17.2,3497.85,0.0,64990.77,13.8,3,0,0,0,9,1,11.0,10.0,10.4,9.7,9.8,9.97,11.8,0.7,-0.17
CP003,Accessories,Modano,Men,12,5,10.0,3323.49,0.0,32551.64,8.2,4,1,6,0,9,2,18.0,16.0,17.2,13.8,12.2,10.9,7.6,3.4,1.3
CP003,Accessories,Modano,Unisex,1,5,7.8,2195.84,0.0,22026.58,6.2,3,0,0,10,9,0,4.0,4.0,8.2,8.8,7.8,7.73,4.2,-0.6,0.07
CP003,Accessories,Modano,Unisex,2,5,8.0,2622.64,0.0,26105.0,6.4,3,1,0,0,8,0,0.0,0.0,7.8,7.2,7.93,7.2,6.4,0.6,0.73
CP003,Accessories,Modano,Unisex,3,5,9.4,2370.95,0.0,28344.76,7.6,3,0,0,0,9,0,0.0,0.0,8.0,7.9,6.53,6.77,6.8,0.1,-0.23
CP003,Accessories,Modano,Unisex,4,5,8.6,2367.24,0.0,22537.03,6.4,4,2,9,0,9,1,9.0,8.5,9.4,8.7,8.4,6.87,7.4,0.7,1.53
CP003,Accessories,Modano,Unisex,5,5,8.4,2542.78,0.75,25289.81,6.6,3,2,1,0,9,1,6.0,5.5,8.6,9.0,8.67,7.0,8.4,-0.4,1.67
CP003,Accessories,Modano,Unisex,6,5,9.8,2398.45,0.0,29860.0,7.2,3,1,0,0,9,0,0.0,0.0,8.4,8.5,8.8,6.67,6.6,-0.1,2.13
CP003,Accessories,Modano,Unisex,7,5,9.2,3002.87,0.22,29952.18,7.0,3,0,0,0,9,1,8.0,8.0,9.8,9.1,8.93,8.67,9.4,0.7,0.27
CP003,Accessories,Modano,Unisex,8,5,8.0,2708.43,0.0,24404.91,6.4,3,0,0,21,9,1,10.0,10.0,9.2,9.5,9.13,8.9,7.8,-0.3,0.23
CP003,Accessories,Modano,Unisex,9,5,6.4,2617.03,0.0,20282.55,4.8,3,0,0,5,8,0,0.0,0.0,8.0,8.6,9.0,8.9,5.8,-0.6,0.1
CP003,Accessories,Modano,Unisex,10,5,10.0,2638.62,0.0,31833.67,7.2,4,1,0,0,9,0,0.0,0.0,6.4,7.2,7.87,8.4,5.8,-0.8,-0.53
CP003,Accessories,Modano,Unisex,11,4,11.0,2903.11,0.0,36523.29,8.25,4,0,0,0,9,0,6.25,6.25,9.0,8.38,8.5,8.67,11.75,0.62,-0.17
CP003,Accessories,Modano,Unisex,12,5,11.2,2202.48,0.0,32932.92,9.0,4,1,6,0,9,2,27.0,25.83,11.6,9.5,8.73,8.87,8.2,2.1,-0.13
CP003,Accessories,Modano,Women,1,5,16.8,2135.23,0.0,36886.56,12.4,6,0,0,10,9,1,5.0,4.33,8.2,9.9,10.13,10.63,13.2,-1.7,-0.5
CP003,Accessories,Modano,Women,2,5,11.2,2109.64,0.0,24187.97,8.2,5,1,0,0,8,0,0.0,0.0,16.8,11.2,11.33,11.03,7.4,5.6,0.3
CP003,Accessories,Modano,Women,3,5,12.0,2431.53,0.0,30093.71,9.0,4,0,0,0,9,0,0.0,0.0,11.2,14.0,10.53,10.87,10.8,-2.8,-0.33
CP003,Accessories,Modano,Women,4,5,13.6,1983.08,0.0,26899.65,10.4,5,2,9,0,9,0,5.0,4.5,12.0,11.6,13.33,10.57,10.2,0.4,2.77
CP003,Accessories,Modano,Women,5,5,11.4,2574.48,0.0,27980.56,9.0,4,2,1,0,9,1,7.0,7.0,13.6,12.8,12.27,10.67,10.4,0.8,1.6
CP003,Accessories,Modano,Women,6,5,10.8,1977.39,0.0,22386.22,7.6,4,1,0,0,9,0,0.0,0.0,11.4,12.5,12.33,10.43,10.0,-1.1,1.9
CP003,Accessories,Modano,Women,7,5,18.2,2377.36,0.0,43497.89,13.6,5,0,0,0,9,1,5.0,4.5,10.8,11.1,11.93,12.63,11.8,-0.3,-0.7
CP003,Accessories,Modano,Women,8,5,11.8,2331.28,0.0,28759.19,9.0,4,0,0,21,9,1,10.0,8.5,18.2,14.5,13.47,12.87,10.2,3.7,0.6
CP003,Accessories,Modano,Women,9,5,13.2,2185.29,0.0,29368.14,9.6,5,0,0,5,8,0,0.0,0.0,11.8,15.0,13.6,12.97,11.4,-3.2,0.63
CP003,Accessories,Modano,Women,10,5,14.0,2280.51,0.0,32163.3,10.8,4,1,0,0,9,0,0.0,0.0,13.2,12.5,14.4,13.17,10.6,0.7,1.23
CP003,Accessories,Modano,Women,11,5,14.6,2292.52,0.6,34745.63,11.2,5,0,0,0,9,0,11.0,11.0,14.0,13.6,13.0,13.23,11.6,0.4,-0.23
CP003,Accessories,Modano,Women,12,5,11.2,1889.68,0.0,22470.43,7.8,4,1,6,0,9,3,30.0,25.0,14.6,14.3,13.93,13.77,8.2,0.3,0.17
CP003,Footwear,Emerald,Kids,1,5,93.0,8207.63,0.1,812123.63,77.6,15,0,0,10,9,2,9.0,9.0,71.2,63.2,65.0,62.8,73.2,8.0,2.2
CP003,Footwear,Emerald,Kids,2,5,67.4,7671.41,0.0,548854.33,55.0,12,1,0,0,8,0,0.0,0.0,93.0,75.1,68.47,66.57,56.0,17.9,1.9
CP003,Footwear,Emerald,Kids,3,5,70.8,7999.33,0.0,582210.5,56.4,12,0,0,0,9,0,0.0,0.0,67.4,80.2,66.73,62.43,56.8,-12.8,4.3
CP003,Footwear,Emerald,Kids,4,5,88.4,7888.13,0.0,740680.98,73.6,13,2,9,0,9,4,22.0,16.83,70.8,69.1,77.07,64.8,75.6,1.7,12.27
CP003,Footwear,Emerald,Kids,5,5,77.6,7726.16,0.09,661781.47,61.0,14,2,1,0,9,3,11.0,9.76,88.4,79.6,75.53,65.8,58.2,8.8,9.73
CP003,Footwear,Emerald,Kids,6,5,56.6,7616.84,0.0,463394.88,46.0,13,1,0,0,9,0,0.0,0.0,77.6,83.0,78.93,68.07,48.2,-5.4,10.87
CP003,Footwear,Emerald,Kids,7,5,75.2,7117.9,0.0,586019.6,60.6,12,0,0,0,9,2,9.0,7.58,56.6,67.1,74.2,75.63,56.4,-10.5,-1.43
CP003,Footwear,Emerald,Kids,8,5,91.2,7565.72,0.0,741402.2,72.6,13,0,0,21,9,4,19.0,15.58,75.2,65.9,69.8,72.67,74.8,9.3,-2.87
CP003,Footwear,Emerald,Kids,9,5,64.0,7503.74,0.0,514007.31,50.8,11,0,0,5,8,0,0.0,0.0,91.2,83.2,74.33,76.63,50.6,8.0,-2.3
CP003,Footwear,Emerald,Kids,10,5,80.8,7475.88,0.0,670127.15,64.6,15,1,0,0,9,0,0.0,0.0,64.0,77.6,76.8,75.5,68.6,-13.6,1.3
CP003,Footwear,Emerald,Kids,11,5,62.8,7360.89,0.0,487661.04,48.6,12,0,0,0,9,3,27.0,25.12,80.8,72.4,78.67,74.23,55.2,8.4,4.43
CP003,Footwear,Emerald,Kids,12,5,97.6,7204.81,0.44,756809.69,79.4,15,1,6,0,9,6,29.0,23.18,62.8,71.8,69.2,71.77,71.2,-9.0,-2.57
CP003,Footwear,Emerald,Men,1,5,27.6,4917.75,0.0,92231.43,22.2,5,0,0,10,9,1,6.0,5.33,17.8,13.8,16.2,15.7,21.6,4.0,0.5
CP003,Footwear,Emerald,Men,2,5,18.4,6499.15,0.0,79557.24,15.2,5,1,0,0,8,0,0.0,0.0,27.6,20.4,16.87,16.27,15.2,7.2,0.6
CP003,Footwear,Emerald,Men,3,5,26.8,4924.14,0.0,73796.19,22.2,4,0,0,0,9,0,0.0,0.0,18.4,23.0,18.47,16.6,21.4,-4.6,1.87
CP003,Footwear,Emerald,Men,4,5,25.6,5396.31,0.0,98491.66,20.4,4,2,9,0,9,2,15.0,13.2,26.8,22.6,24.27,17.57,23.4,4.2,6.7
CP003,Footwear,Emerald,Men,5,5,12.8,6087.94,0.0,60547.84,10.2,4,2,1,0,9,2,8.0,6.83,25.6,26.2,23.6,16.5,8.2,-0.6,7.1
CP003,Footwear,Emerald,Men,6,5,23.2,5484.21,0.0,86238.94,18.8,4,1,0,0,9,0,0.0,0.0,12.8,19.2,21.73,16.7,17.6,-6.4,5.03
CP003,Footwear,Emerald,Men,7,5,27.8,5039.05,0.0,97814.97,22.6,6,0,0,0,9,1,8.0,7.5,23.2,18.0,20.53,22.4,19.6,5.2,-1.87
CP003,Footwear,Emerald,Men,8,5,19.4,5664.68,0.4,80491.36,15.2,5,0,0,21,9,1,11.0,9.33,27.8,25.5,21.27,22.43,12.6,2.3,-1.17
CP003,Footwear,Emerald,Men,9,5,18.8,5184.72,0.0,64163.66,15.4,4,0,0,5,8,0,0.0,0.0,19.4,23.6,23.47,22.6,13.4,-4.2,0.87
CP003,Footwear,Emerald,Men,10,5,31.4,4821.99,0.0,107075.81,25.6,5,1,0,0,9,0,0.0,0.0,18.8,19.1,22.0,21.27,21.0,-0.3,0.73
CP003,Footwear,Emerald,Men,11,5,16.8,5533.18,0.0,63467.69,13.2,4,0,0,0,9,1,12.0,11.0,31.4,25.1,23.2,22.23,9.8,6.3,0.97
CP003,Footwear,Emerald,Men,12,5,31.4,5434.2,0.0,101666.52,25.6,4,1,6,0,9,2,22.0,18.0,16.8,24.1,22.33,22.9,17.8,-7.3,-0.57
CP003,Footwear,Emerald,Unisex,1,5,25.4,8079.07,0.5,209524.92,21.0,4,0,0,10,9,1,9.0,8.0,25.2,22.3,20.87,19.1,20.0,2.9,1.77
CP003,Footwear,Emerald,Unisex,2,5,21.8,7317.18,0.0,162679.79,16.4,4,1,0,0,8,0,0.0,0.0,25.4,22.5,21.47,20.77,19.0,2.9,0.7
CP003,Footwear,Emerald,Unisex,3,5,20.8,6401.47,0.0,143109.88,16.6,4,0,0,0,9,0,0.0,0.0,21.8,23.6,20.87,20.73,17.2,-1.8,0.13
CP003,Footwear,Emerald,Unisex,4,5,32.2,7029.28,0.25,245165.57,24.6,5,2,9,0,9,2,16.0,13.5,20.8,21.3,22.67,19.47,20.0,-0.5,3.2
CP003,Footwear,Emerald,Unisex,5,5,25.6,6828.02,0.0,182006.71,20.0,5,2,1,0,9,0,3.0,3.0,32.2,26.5,24.93,21.4,21.8,5.7,3.53
CP003,Footwear,Emerald,Unisex,6,5,26.2,6096.07,0.0,165927.1,20.4,4,1,0,0,9,0,0.0,0.0,25.6,28.9,26.2,21.67,22.0,-3.3,4.53
CP003,Footwear,Emerald,Unisex,7,5,16.4,7475.43,0.75,121161.69,12.0,4,0,0,0,9,2,13.0,11.67,26.2,25.9,28.0,25.33,9.8,0.3,2.67
CP003,Footwear,Emerald,Unisex,8,5,24.4,7502.43,0.0,178605.89,18.2,4,0,0,21,9,1,9.0,9.0,16.4,21.3,22.73,23.83,17.8,-4.9,-1.1
CP003,Footwear,Emerald,Unisex,9,5,27.4,6471.1,0.0,191486.6,21.2,5,0,0,5,8,0,0.0,0.0,24.4,20.4,22.33,24.27,24.4,4.0,-1.93
CP003,Footwear,Emerald,Unisex,10,5,22.0,5574.16,0.0,138164.7,17.4,4,1,0,0,9,0,0.0,0.0,27.4,25.9,22.73,25.37,18.0,1.5,-2.63
CP003,Footwear,Emerald,Unisex,11,5,24.0,6855.92,0.56,164599.09,19.2,4,0,0,0,9,1,11.0,10.5,22.0,24.7,24.6,23.67,19.4,-2.7,0.93
CP003,Footwear,Emerald,Unisex,12,5,28.4,7313.4,0.8,213489.17,22.6,3,1,6,0,9,2,24.0,21.75,24.0,23.0,24.47,23.4,25.2,1.0,1.07
CP003,Footwear,Emerald,Women,1,5,59.6,7636.36,0.0,467985.29,48.0,9,0,0,10,9,2,15.0,14.67,58.0,50.3,49.33,45.0,44.8,7.7,4.33
CP003,Footwear,Emerald,Women,2,5,52.2,7655.79,0.0,418387.97,43.4,7,1,0,0,8,0,0.0,0.0,59.6,55.3,51.07,46.07,42.0,4.3,5.0
CP003,Footwear,Emerald,Women,3,5,56.2,7508.64,0.0,423433.25,45.4,7,0,0,0,9,0,0.0,0.0,52.2,55.9,50.8,45.17,38.0,-3.7,5.63
CP003,Footwear,Emerald,Women,4,5,74.4,7617.16,0.0,568970.04,60.4,7,2,9,0,9,1,16.0,15.67,56.2,54.2,56.0,48.63,59.0,2.0,7.37
CP003,Footwear,Emerald,Women,5,5,58.8,6802.7,0.33,401804.28,46.6,8,2,1,0,9,2,10.0,9.5,74.4,65.3,60.93,51.13,48.4,9.1,9.8
CP003,Footwear,Emerald,Women,6,5,54.6,6996.4,0.0,395578.44,45.0,8,1,0,0,9,0,0.0,0.0,58.8,66.6,63.13,52.07,45.4,-7.8,11.07
CP003,Footwear,Emerald,Women,7,5,54.8,7758.05,0.0,409764.34,43.4,8,0,0,0,9,2,18.0,15.5,54.6,56.7,62.6,59.3,46.2,-2.1,3.3
CP003,Footwear,Emerald,Women,8,5,51.6,8068.96,0.0,424778.02,43.0,7,0,0,21,9,1,14.0,12.83,54.8,54.7,56.07,58.5,47.2,0.1,-2.43
CP003,Footwear,Emerald,Women,9,5,37.6,6968.38,0.0,243357.16,30.6,6,0,0,5,8,0,0.0,0.0,51.6,53.2,53.67,58.4,28.6,-1.6,-4.73
CP003,Footwear,Emerald,Women,10,5,57.4,7712.15,0.0,442756.41,48.2,8,1,0,0,9,0,0.0,0.0,37.6,44.6,48.0,55.3,47.4,-7.0,-7.3
CP003,Footwear,Emerald,Women,11,5,48.2,7844.21,0.0,378512.82,39.2,7,0,0,0,9,1,22.0,21.5,57.4,47.5,48.87,52.47,42.6,9.9,-3.6
CP003,Footwear,Emerald,Women,12,5,84.0,7304.53,0.0,643705.63,68.6,7,1,6,0,9,2,25.0,22.25,48.2,52.8,47.73,50.7,58.0,-4.6,-2.97
CP003,Footwear,Hustle,Kids,1,5,34.4,6579.36,0.0,168569.45,27.6,6,0,0,10,9,2,9.0,8.15,38.6,35.2,32.2,29.83,29.0,3.4,2.37
CP003,Footwear,Hustle,Kids,2,5,31.0,7226.5,0.0,193989.27,23.4,7,1,0,0,8,0,0.0,0.0,34.4,32.4,32.2,30.03,20.8,2.0,2.17
CP003,Footwear,Hustle,Kids,3,5,36.0,6330.02,0.0,192434.76,26.6,8,0,0,0,9,0,0.0,0.0,31.0,32.7,30.6,29.33,30.6,-1.7,1.27
CP003,Footwear,Hustle,Kids,4,5,35.2,6898.71,0.0,229373.98,26.6,7,2,9,0,9,2,15.0,12.47,36.0,33.5,33.8,29.5,27.8,2.5,4.3
CP003,Footwear,Hustle,Kids,5,5,40.2,6310.79,0.0,215482.57,30.6,8,2,1,0,9,0,4.0,4.0,35.2,35.6,34.07,30.27,32.4,-0.4,3.8
CP003,Footwear,Hustle,Kids,6,5,28.2,6659.84,0.0,165926.74,22.0,6,1,0,0,9,0,0.0,0.0,40.2,37.7,37.13,31.07,25.6,2.5,6.07
CP003,Footwear,Hustle,Kids,7,5,27.4,6252.01,0.0,151113.09,21.2,6,0,0,0,9,2,16.0,14.5,28.2,34.2,34.53,34.17,25.0,-6.0,0.37
CP003,Footwear,Hustle,Kids,8,5,39.4,6847.98,0.0,236272.57,31.8,8,0,0,21,9,1,12.0,11.33,27.4,27.8,31.93,33.0,31.2,-0.4,-1.07
CP003,Footwear,Hustle,Kids,9,5,34.0,6126.16,0.0,188111.29,26.2,7,0,0,5,8,0,0.0,0.0,39.4,33.4,31.67,34.4,26.2,6.0,-2.73
CP003,Footwear,Hustle,Kids,10,5,28.8,6870.03,0.0,164872.03,22.0,7,1,0,0,9,0,0.0,0.0,34.0,36.7,33.6,34.07,26.2,-2.7,-0.47
CP003,Footwear,Hustle,Kids,11,5,38.6,6927.76,0.0,233072.66,29.8,8,0,0,0,9,1,11.0,10.5,28.8,31.4,34.07,33.0,31.8,-2.6,1.07
CP003,Footwear,Hustle,Kids,12,5,48.4,6944.55,0.0,282274.57,37.8,8,1,6,0,9,4,26.0,20.83,38.6,33.7,33.8,32.73,38.6,4.9,1.07
CP003,Footwear,Hustle,Men,1,5,32.8,5203.99,0.43,164725.13,25.4,7,0,0,10,9,1,8.0,8.0,37.6,32.4,31.07,30.8,26.8,5.2,0.27
CP003,Footwear,Hustle,Men,2,5,31.6,5268.62,0.0,162879.04,25.0,7,1,0,0,8,0,0.0,0.0,32.8,31.4,30.0,29.87,24.4,1.4,0.13
CP003,Footwear,Hustle,Men,3,5,30.2,5939.86,0.0,162426.89,23.8,7,0,0,0,9,0,0.0,0.0,31.6,32.2,29.73,29.9,24.2,-0.6,-0.17
CP003,Footwear,Hustle,Men,4,5,48.0,6466.08,0.0,280591.61,37.0,8,2,9,0,9,2,21.0,18.83,30.2,30.9,31.53,28.33,42.6,-0.7,3.2
CP003,Footwear,Hustle,Men,5,5,26.6,5205.54,0.0,131733.46,22.2,8,2,1,0,9,2,13.0,12.33,48.0,39.1,36.6,30.07,20.6,8.9,6.53
CP003,Footwear,Hustle,Men,6,5,37.2,4497.31,0.0,165304.79,30.2,7,1,0,0,9,0,0.0,0.0,26.6,37.3,34.93,29.3,33.2,-10.7,5.63
CP003,Footwear,Hustle,Men,7,5,37.8,4957.02,0.27,177268.02,29.4,8,0,0,0,9,2,16.0,14.67,37.2,31.9,37.27,34.4,30.8,5.3,2.87
CP003,Footwear,Hustle,Men,8,5,27.4,5264.46,0.0,129312.0,22.0,8,0,0,21,9,2,13.0,11.0,37.8,37.5,33.87,35.23,26.2,0.3,-1.37
CP003,Footwear,Hustle,Men,9,5,43.4,4894.24,0.0,208005.35,33.0,8,0,0,5,8,0,0.0,0.0,27.4,32.6,34.13,34.53,34.6,-5.2,-0.4
CP003,Footwear,Hustle,Men,10,5,34.6,4909.85,0.0,162002.18,27.8,8,1,0,0,9,0,0.0,0.0,43.4,35.4,36.2,36.73,28.4,8.0,-0.53
CP003,Footwear,Hustle,Men,11,5,34.0,5804.57,0.0,195056.42,27.4,7,0,0,0,9,1,17.0,17.0,34.6,39.0,35.13,34.5,27.2,-4.4,0.63
CP003,Footwear,Hustle,Men,12,5,45.6,6183.37,0.0,254592.57,34.6,8,1,6,0,9,3,25.0,22.4,34.0,34.3,37.33,35.73,37.6,-0.3,1.6
CP003,Footwear,Hustle,Unisex,1,5,6.6,6074.86,0.0,49769.27,4.6,2,0,0,10,9,0,4.0,4.0,4.0,4.8,6.07,7.07,5.6,-0.8,-1.0
CP003,Footwear,Hustle,Unisex,2,4,12.0,5866.69,0.0,81828.77,8.25,3,1,0,0,8,0,0.0,0.0,5.5,3.5,4.08,6.12,8.25,2.0,-2.04
CP003,Footwear,Hustle,Unisex,3,5,9.2,5928.29,0.0,60228.21,6.2,2,0,0,0,9,0,0.0,0.0,11.8,8.8,5.93,7.23,8.6,3.0,-1.3
CP003,Footwear,Hustle,Unisex,4,5,8.4,7971.55,0.0,71316.15,6.4,2,2,9,0,9,0,0.0,0.0,9.2,10.5,8.93,6.6,6.4,-1.3,2.33
CP003,Footwear,Hustle,Unisex,5,5,10.8,5608.45,0.33,66119.82,7.8,3,2,1,0,9,1,9.0,9.0,8.4,8.8,9.8,6.73,7.8,-0.4,3.07
CP003,Footwear,Hustle,Unisex,6,5,7.8,7407.44,0.0,53938.62,5.0,2,1,0,0,9,0,0.0,0.0,10.8,9.6,9.47,6.97,8.8,1.2,2.5
CP003,Footwear,Hustle,Unisex,7,5,5.8,3925.17,0.0,26051.39,4.2,2,0,0,0,9,0,6.0,6.0,7.8,9.3,9.0,8.97,4.8,-1.5,0.03
CP003,Footwear,Hustle,Unisex,8,5,12.2,7523.89,0.33,97989.73,9.2,3,0,0,21,9,1,6.0,5.5,5.8,6.8,8.13,8.97,7.2,-1.0,-0.83
CP003,Footwear,Hustle,Unisex,9,5,10.4,7633.68,0.0,75271.02,8.2,2,0,0,5,8,0,0.0,0.0,12.2,9.0,8.6,9.03,11.4,3.2,-0.43
CP003,Footwear,Hustle,Unisex,10,5,11.2,5826.93,0.0,84474.75,8.8,3,1,0,0,9,0,0.0,0.0,10.4,11.3,9.47,9.23,6.8,-0.9,0.23
CP003,Footwear,Hustle,Unisex,11,5,6.2,5887.62,0.0,47937.18,4.6,2,0,0,0,9,0,12.0,12.0,11.2,10.8,11.27,9.7,7.4,0.4,1.57
CP003,Footwear,Hustle,Unisex,12,5,6.6,5773.18,0.5,44914.75,4.8,2,1,6,0,9,2,20.0,18.5,6.2,8.7,9.27,8.93,4.0,-2.5,0.33
CP003,Footwear,Hustle,Women,1,5,28.8,6223.35,0.0,158816.27,22.6,4,0,0,10,9,0,5.0,5.0,24.6,18.6,19.2,18.73,22.2,6.0,0.47
CP003,Footwear,Hustle,Women,2,5,18.0,6795.61,0.0,106773.26,15.8,4,1,0,0,8,0,0.0,0.0,28.8,24.7,20.67,20.1,16.4,4.1,0.57
CP003,Footwear,Hustle,Women,3,5,22.0,6072.9,0.0,120773.03,18.0,4,0,0,0,9,0,0.0,0.0,18.0,23.4,21.8,19.73,17.0,-5.4,2.07
CP003,Footwear,Hustle,Women,4,5,37.8,5394.12,0.0,184528.98,31.4,6,2,9,0,9,2,18.0,13.83,22.0,20.0,22.93,19.13,31.8,2.0,3.8
CP003,Footwear,Hustle,Women,5,5,24.4,5578.3,0.0,118405.9,19.6,5,2,1,0,9,1,7.0,7.0,37.8,29.9,25.93,20.5,20.8,7.9,5.43
CP003,Footwear,Hustle,Women,6,5,23.6,4794.58,0.0,94034.83,19.4,4,1,0,0,9,0,0.0,0.0,24.4,31.1,28.07,22.17,17.6,-6.7,5.9
CP003,Footwear,Hustle,Women,7,5,19.4,6485.02,0.25,107287.65,14.4,4,0,0,0,9,2,15.0,14.75,23.6,24.0,28.6,25.77,16.6,-0.4,2.83
CP003,Footwear,Hustle,Women,8,5,19.6,5581.73,0.0,102285.88,16.0,4,0,0,21,9,0,8.0,8.0,19.4,21.5,22.47,24.2,18.2,-2.1,-1.73
CP003,Footwear,Hustle,Women,9,5,20.8,6770.7,0.0,116743.15,17.2,4,0,0,5,8,0,0.0,0.0,19.6,19.5,20.87,24.47,20.0,0.1,-3.6
CP003,Footwear,Hustle,Women,10,5,22.6,5696.7,0.0,117143.27,18.4,5,1,0,0,9,0,0.0,0.0,20.8,20.2,19.93,24.27,20.4,0.6,-4.33
CP003,Footwear,Hustle,Women,11,5,13.6,5361.01,0.0,67968.04,11.4,3,0,0,0,9,1,15.0,14.5,22.6,21.7,21.0,21.73,12.6,0.9,-0.73
CP003,Footwear,Hustle,Women,12,5,28.2,5444.5,0.44,145374.19,24.6,4,1,6,0,9,2,17.0,14.33,13.6,18.1,19.0,19.93,24.6,-4.5,-0.93
CP003,Footwear,King Street,Kids,1,5,21.4,5732.35,0.0,124535.41,16.8,6,0,0,10,9,1,8.0,7.67,26.2,24.0,24.93,25.9,18.4,2.2,-0.97
CP003,Footwear,King Street,Kids,2,5,28.8,5620.27,0.0,179091.32,20.0,6,1,0,0,8,0,0.0,0.0,21.4,20.8,21.13,24.97,22.0,0.6,-3.83
CP003,Footwear,King Street,Kids,3,5,26.4,5702.48,0.0,174793.87,19.6,7,0,0,0,9,0,0.0,0.0,28.8,25.1,21.73,23.4,22.2,3.7,-1.67
CP003,Footwear,King Street,Kids,4,5,32.2,5464.28,0.0,184963.79,24.6,7,2,9,0,9,2,22.0,18.5,26.4,27.6,25.53,22.7,22.2,-1.2,2.83
CP003,Footwear,King Street,Kids,5,5,20.6,6085.51,0.0,134357.61,14.4,7,2,1,0,9,1,8.0,7.33,32.2,29.3,29.13,22.53,17.8,2.9,6.6
CP003,Footwear,King Street,Kids,6,5,19.4,6495.52,0.0,144783.75,14.6,6,1,0,0,9,0,0.0,0.0,20.6,26.4,26.4,21.9,14.2,-5.8,4.5
CP003,Footwear,King Street,Kids,7,5,23.8,5561.92,0.0,145716.49,17.0,7,0,0,0,9,1,15.0,12.5,19.4,20.0,24.07,24.8,21.0,-0.6,-0.73
CP003,Footwear,King Street,Kids,8,5,38.0,5233.24,0.0,238497.05,29.8,8,0,0,21,9,2,15.0,14.75,23.8,21.6,21.27,25.2,33.0,2.2,-3.93
CP003,Footwear,King Street,Kids,9,5,29.2,6038.95,0.0,190293.33,20.8,7,0,0,5,8,0,0.0,0.0,38.0,30.9,27.07,26.73,26.6,7.1,0.33
CP003,Footwear,King Street,Kids,10,5,30.4,4912.28,0.0,175790.84,23.0,7,1,0,0,9,0,0.0,0.0,29.2,33.6,30.33,27.2,26.8,-4.4,3.13
CP003,Footwear,King Street,Kids,11,5,26.6,6369.31,0.0,179397.74,19.0,7,0,0,0,9,1,27.0,27.0,30.4,29.8,32.53,26.9,21.8,0.6,5.63
CP003,Footwear,King Street,Kids,12,5,39.4,5361.23,0.0,242366.06,31.4,7,1,6,0,9,3,23.0,18.0,26.6,28.5,28.73,27.9,26.2,-1.9,0.83
CP003,Footwear,King Street,Men,1,5,17.8,6131.52,0.0,109667.07,14.6,3,0,0,10,9,0,4.0,4.0,12.2,10.0,11.2,9.93,12.4,2.2,1.27
CP003,Footwear,King Street,Men,2,5,18.0,6997.13,0.0,124985.69,13.2,4,1,0,0,8,0,0.0,0.0,17.8,14.1,12.0,11.33,15.0,3.7,0.67
CP003,Footwear,King Street,Men,3,5,11.4,5804.18,0.0,69681.27,9.6,3,0,0,0,9,0,0.0,0.0,18.0,17.9,14.73,12.8,15.6,0.1,1.93
CP003,Footwear,King Street,Men,4,5,14.8,6531.89,0.0,99223.77,11.4,3,2,9,0,9,0,4.0,4.0,11.4,14.7,15.73,12.43,8.6,-3.3,3.3
CP003,Footwear,King Street,Men,5,5,11.4,6561.01,0.0,77663.69,9.2,4,2,1,0,9,0,3.0,3.0,14.8,13.1,14.73,11.93,12.0,1.7,2.8
CP003,Footwear,King Street,Men,6,4,12.5,6958.25,0.0,83556.31,9.5,4,1,0,0,9,0,0.0,0.0,11.75,12.25,12.58,10.83,10.5,-0.5,1.75
CP003,Footwear,King Street,Men,7,5,9.4,7048.26,0.0,65555.64,7.4,3,0,0,0,9,0,7.0,7.0,12.0,13.0,12.33,14.5,7.8,-1.0,-2.17
CP003,Footwear,King Street,Men,8,5,9.8,6767.77,0.0,66755.5,8.2,3,0,0,21,9,0,2.0,2.0,9.4,10.7,11.8,13.23,7.6,-1.3,-1.43
CP003,Footwear,King Street,Men,9,5,14.8,7407.63,0.0,102023.32,11.0,3,0,0,5,8,0,0.0,0.0,9.8,9.6,10.4,12.07,8.6,0.2,-1.67
CP003,Footwear,King Street,Men,10,5,17.6,6577.13,0.0,116219.45,12.6,4,1,0,0,9,0,0.0,0.0,14.8,12.3,11.33,11.83,12.6,2.5,-0.5
CP003,Footwear,King Street,Men,11,5,9.8,6154.02,0.0,64854.71,7.6,2,0,0,0,9,1,21.0,21.0,17.6,16.2,14.07,12.93,11.4,1.4,1.13
CP003,Footwear,King Street,Men,12,5,14.4,6729.39,0.0,101449.03,11.0,3,1,6,0,9,2,24.0,22.0,9.8,13.7,14.07,12.23,9.4,-3.9,1.83
CP003,Footwear,King Street,Unisex,1,5,7.8,7164.33,0.0,53855.75,5.0,3,0,0,10,9,1,5.0,4.5,8.0,6.4,5.6,6.07,5.4,1.6,-0.47
CP003,Footwear,King Street,Unisex,2,5,4.6,6711.22,0.0,31651.16,2.8,2,1,0,0,8,0,0.0,0.0,7.8,7.7,6.73,6.17,4.2,0.1,0.57
CP003,Footwear,King Street,Unisex,3,5,7.0,7904.18,0.0,53805.41,5.0,3,0,0,0,9,0,0.0,0.0,4.6,6.2,6.2,5.73,5.2,-1.6,0.47
CP003,Footwear,King Street,Unisex,4,5,9.0,7666.03,0.0,66567.62,6.4,3,2,9,0,9,0,5.0,4.0,7.0,5.8,6.47,5.63,7.2,1.2,0.83
CP003,Footwear,King Street,Unisex,5,5,6.4,7839.41,0.0,48194.51,4.0,3,2,1,0,9,0,0.0,0.0,9.0,8.0,6.87,6.37,4.4,1.0,0.5
CP003,Footwear,King Street,Unisex,6,5,4.8,7069.27,0.0,34747.99,3.8,2,1,0,0,9,0,0.0,0.0,6.4,7.7,7.47,6.53,4.2,-1.3,0.93
CP003,Footwear,King Street,Unisex,7,5,7.2,7052.68,0.0,52104.08,5.2,3,0,0,0,9,1,9.0,8.5,4.8,5.6,6.73,6.6,6.8,-0.8,0.13
CP003,Footwear,King Street,Unisex,8,5,6.2,7123.6,0.0,40817.35,4.2,2,0,0,21,9,1,14.0,13.0,7.2,6.0,6.13,6.5,5.8,1.2,-0.37
CP003,Footwear,King Street,Unisex,9,5,8.4,7582.72,0.0,64279.76,5.4,3,0,0,5,8,0,0.0,0.0,6.2,6.7,6.07,6.77,7.0,-0.5,-0.7
CP003,Footwear,King Street,Unisex,10,5,4.6,8039.76,0.0,34139.09,3.2,2,1,0,0,9,0,0.0,0.0,8.4,7.3,7.27,7.0,4.0,1.1,0.27
CP003,Footwear,King Street,Unisex,11,5,7.2,7635.82,0.0,55852.17,4.8,3,0,0,0,9,0,0.0,0.0,4.6,6.5,6.4,6.27,4.8,-1.9,0.13
CP003,Footwear,King Street,Unisex,12,5,10.0,7741.18,0.0,69439.21,6.8,3,1,6,0,9,1,20.0,19.5,7.2,5.9,6.73,6.4,8.0,1.3,0.33
CP003,Footwear,King Street,Women,1,5,13.0,5323.12,0.0,69032.61,9.6,3,0,0,10,9,1,9.0,9.0,22.6,18.6,16.0,16.13,11.2,4.0,-0.13
CP003,Footwear,King Street,Women,2,5,12.4,4427.06,0.0,59073.09,8.0,3,1,0,0,8,0,0.0,0.0,13.0,16.4,15.8,15.17,9.2,-3.4,0.63
CP003,Footwear,King Street,Women,3,5,24.6,5614.81,0.0,134514.62,19.0,4,0,0,0,9,0,0.0,0.0,12.4,12.7,14.4,14.13,20.4,-0.3,0.27
CP003,Footwear,King Street,Women,4,5,28.2,4938.4,0.67,140635.62,22.8,4,2,9,0,9,1,14.0,13.0,24.6,18.5,16.67,14.57,28.0,6.1,2.1
CP003,Footwear,King Street,Women,5,5,21.4,4876.04,0.0,109406.89,16.6,4,2,1,0,9,0,2.0,2.0,28.2,26.4,21.73,16.77,15.2,1.8,4.97
CP003,Footwear,King Street,Women,6,5,16.0,5127.21,0.0,86150.28,11.8,4,1,0,0,9,0,0.0,0.0,21.4,24.8,24.73,16.63,12.8,-3.4,8.1
CP003,Footwear,King Street,Women,7,5,17.8,5021.09,0.0,96641.79,13.8,4,0,0,0,9,1,13.0,13.0,16.0,18.7,21.87,19.27,16.0,-2.7,2.6
CP003,Footwear,King Street,Women,8,5,20.6,4886.18,0.0,99825.88,16.6,4,0,0,21,9,1,13.0,12.0,17.8,16.9,18.4,20.07,16.6,0.9,-1.67
CP003,Footwear,King Street,Women,9,5,20.2,4792.99,0.0,104090.17,15.8,3,0,0,5,8,0,0.0,0.0,20.6,19.2,18.13,21.43,16.2,1.4,-3.3
CP003,Footwear,King Street,Women,10,5,17.8,4857.31,0.0,89716.86,12.8,4,1,0,0,9,0,0.0,0.0,20.2,20.4,19.53,20.7,10.8,-0.2,-1.17
CP003,Footwear,King Street,Women,11,5,18.4,5097.65,0.0,100306.61,13.4,4,0,0,0,9,1,18.0,17.0,17.8,19.0,19.53,18.97,14.6,-1.2,0.57
CP003,Footwear,King Street,Women,12,5,27.2,5590.5,0.0,148805.39,21.6,4,1,6,0,9,3,27.0,22.83,18.4,18.1,18.8,18.47,22.6,0.3,0.33
CP003,Footwear,Libera,Kids,1,5,12.0,7247.88,0.0,93263.04,7.4,3,0,0,10,9,1,12.0,11.5,13.2,9.7,8.8,8.57,9.4,3.5,0.23
CP003,Footwear,Libera,Kids,2,5,12.2,6985.42,0.0,87697.11,7.6,3,1,0,0,8,0,0.0,0.0,12.0,11.6,9.8,9.47,10.2,0.4,0.33
CP003,Footwear,Libera,Kids,3,5,12.2,6898.31,0.0,89684.85,8.2,3,0,0,0,9,0,0.0,0.0,12.2,12.1,11.2,9.13,9.0,0.1,2.07
CP003,Footwear,Libera,Kids,4,5,13.6,7450.47,1.25,102834.31,9.0,3,2,9,0,9,1,14.0,13.75,12.2,12.2,12.13,9.37,11.4,0.0,2.77
CP003,Footwear,Libera,Kids,5,5,15.2,7815.78,0.0,120102.92,10.8,4,2,1,0,9,1,5.0,5.0,13.6,12.9,12.67,9.9,12.6,0.7,2.77
CP003,Footwear,Libera,Kids,6,5,10.0,7003.79,0.0,74634.09,6.0,3,1,0,0,9,0,0.0,0.0,15.2,14.4,13.67,11.17,9.6,0.8,2.5
CP003,Footwear,Libera,Kids,7,5,5.6,7331.2,0.0,45346.17,3.6,2,0,0,0,9,1,7.0,6.0,10.0,12.6,12.93,12.53,4.6,-2.6,0.4
CP003,Footwear,Libera,Kids,8,5,14.4,7524.56,0.0,121092.9,10.2,3,0,0,21,9,0,2.0,2.0,5.6,7.8,10.27,11.47,12.4,-2.2,-1.2
CP003,Footwear,Libera,Kids,9,5,8.4,6566.27,0.0,62644.89,6.2,3,0,0,5,8,0,0.0,0.0,14.4,10.0,10.0,11.83,8.0,4.4,-1.83
CP003,Footwear,Libera,Kids,10,5,8.2,7256.69,0.0,62059.57,5.4,3,1,0,0,9,0,0.0,0.0,8.4,11.4,9.47,11.2,7.0,-3.0,-1.73
CP003,Footwear,Libera,Kids,11,5,8.8,7434.56,0.0,64839.51,5.6,3,0,0,0,9,1,16.0,16.0,8.2,8.3,10.33,10.3,6.2,-0.1,0.03
CP003,Footwear,Libera,Kids,12,5,17.0,8083.96,0.0,137160.17,12.8,3,1,6,0,9,0,10.0,10.0,8.8,8.5,8.47,9.23,13.2,0.3,-0.77
CP003,Footwear,Libera,Men,1,5,17.4,7165.71,0.0,115709.01,13.8,3,0,0,10,9,0,0.0,0.0,20.8,16.1,15.0,13.33,11.2,4.7,1.67
CP003,Footwear,Libera,Men,2,5,14.6,7357.24,0.0,101108.38,11.6,3,1,0,0,8,0,0.0,0.0,17.4,18.4,16.07,13.4,10.6,-1.0,2.67
CP003,Footwear,Libera,Men,3,5,15.8,7473.93,0.0,114992.18,11.4,3,0,0,0,9,0,0.0,0.0,14.6,16.0,16.53,13.87,9.0,-1.4,2.67
CP003,Footwear,Libera,Men,4,5,24.2,7189.34,0.0,155873.99,18.4,3,2,9,0,9,1,6.0,6.0,15.8,15.2,15.93,14.07,17.4,0.6,1.87
CP003,Footwear,Libera,Men,5,5,13.2,6701.42,0.0,87351.81,9.8,3,2,1,0,9,0,2.0,2.0,24.2,20.0,18.2,14.8,17.0,4.2,3.4
CP003,Footwear,Libera,Men,6,5,7.0,8328.69,0.0,57601.87,5.6,2,1,0,0,9,0,0.0,0.0,13.2,18.7,17.73,14.9,4.0,-5.5,2.83
CP003,Footwear,Libera,Men,7,4,18.5,8128.75,0.0,141218.3,13.75,3,0,0,0,9,0,8.75,8.75,5.75,10.38,14.08,15.25,19.5,-4.62,-1.17
CP003,Footwear,Libera,Men,8,5,11.0,6840.97,0.0,73741.89,8.4,2,0,0,21,9,1,8.0,7.0,17.2,11.5,14.0,15.17,10.0,5.7,-1.17
CP003,Footwear,Libera,Men,9,5,12.0,7997.45,0.0,87286.91,9.4,2,0,0,5,8,0,0.0,0.0,11.0,14.1,11.33,14.63,9.4,-3.1,-3.3
CP003,Footwear,Libera,Men,10,5,15.6,7421.98,0.0,119206.36,12.2,3,1,0,0,9,0,0.0,0.0,12.0,11.5,13.4,14.57,12.8,0.5,-1.17
CP003,Footwear,Libera,Men,11,5,15.8,7812.86,0.0,117310.67,12.6,3,0,0,0,9,1,12.0,11.0,15.6,13.8,12.87,13.43,11.4,1.8,-0.57
CP003,Footwear,Libera,Men,12,5,23.2,7436.78,0.0,162456.81,18.6,3,1,6,0,9,1,24.0,23.33,15.8,15.7,14.47,12.9,20.8,0.1,1.57
CP003,Footwear,Libera,Unisex,1,5,10.2,4243.05,0.0,45933.3,7.6,2,0,0,10,9,1,4.0,4.0,13.4,9.9,9.93,8.6,7.2,3.5,1.33
CP003,Footwear,Libera,Unisex,2,5,11.0,4472.67,0.0,54256.39,7.8,2,1,0,0,8,0,0.0,0.0,10.2,10.8,9.33,8.7,7.4,-0.6,0.63
CP003,Footwear,Libera,Unisex,3,5,14.2,3874.17,0.0,64307.8,10.8,3,0,0,0,9,0,0.0,0.0,11.0,10.6,9.93,8.4,10.4,0.4,1.53
CP003,Footwear,Libera,Unisex,4,5,15.6,4222.08,0.0,72359.05,11.0,3,2,9,0,9,1,8.0,7.33,14.2,12.6,11.8,9.7,13.4,1.6,2.1
CP003,Footwear,Libera,Unisex,5,4,10.25,3838.26,0.0,43982.21,7.5,3,2,1,0,8,0,3.75,3.75,18.75,16.88,14.67,13.17,10.25,1.88,1.5
CP003,Footwear,Libera,Unisex,6,4,11.0,3833.79,0.0,49478.91,8.25,3,1,0,0,8,0,0.0,0.0,8.25,12.12,12.75,10.5,7.75,-3.88,2.25
CP003,Footwear,Libera,Unisex,7,4,12.5,3931.81,0.0,57559.3,9.5,3,0,0,0,9,0,2.5,2.5,12.25,12.62,14.33,12.88,9.25,-0.38,1.46
CP003,Footwear,Libera,Unisex,8,5,11.6,2931.8,0.0,46434.98,7.4,3,0,0,21,9,0,0.0,0.0,11.2,10.8,11.4,10.33,8.4,0.4,1.07
CP003,Footwear,Libera,Unisex,9,5,7.6,3289.41,0.0,28368.38,5.8,2,0,0,5,8,0,0.0,0.0,11.6,11.4,11.07,12.33,6.8,0.2,-1.27
CP003,Footwear,Libera,Unisex,10,5,11.8,4062.59,0.0,51384.3,8.2,3,1,0,0,9,0,0.0,0.0,7.6,9.6,10.13,11.73,7.8,-2.0,-1.6
CP003,Footwear,Libera,Unisex,11,5,7.6,3807.89,0.0,35015.57,5.6,2,0,0,0,9,0,4.0,4.0,11.8,9.7,10.33,10.87,9.0,2.1,-0.53
CP003,Footwear,Libera,Unisex,12,5,19.6,4193.54,0.0,91082.81,14.6,4,1,6,0,9,0,9.0,9.0,7.6,9.7,9.0,10.03,11.6,-2.1,-1.03
CP003,Footwear,Libera,Women,1,5,15.0,7776.53,0.67,126976.68,12.0,2,0,0,10,9,1,8.0,8.0,8.0,8.4,9.33,9.57,13.8,-0.4,-0.23
CP003,Footwear,Libera,Women,2,5,11.4,7404.85,0.0,87798.16,9.2,2,1,0,0,8,0,0.0,0.0,15.0,8.0,8.27,8.33,7.8,7.0,-0.07
CP003,Footwear,Libera,Women,3,5,13.2,7912.1,0.0,110488.48,10.6,3,0,0,0,9,0,0.0,0.0,11.4,13.2,7.53,8.53,10.6,-1.8,-1.0
CP003,Footwear,Libera,Women,4,5,18.8,7066.65,0.83,150262.32,15.4,3,2,9,0,9,1,15.0,12.25,13.2,12.3,13.2,8.87,15.2,0.9,4.33
CP003,Footwear,Libera,Women,5,5,12.0,8698.39,0.0,108840.21,9.0,2,2,1,0,9,0,2.0,2.0,18.8,16.0,14.47,9.83,8.8,2.8,4.63
CP003,Footwear,Libera,Women,6,5,5.0,5505.64,0.0,28686.06,4.0,2,1,0,0,9,0,0.0,0.0,12.0,15.4,14.67,10.07,3.4,-3.4,4.6
CP003,Footwear,Libera,Women,7,5,17.4,8508.2,0.0,151841.06,13.8,3,0,0,0,9,0,3.0,2.5,5.0,8.5,11.93,12.57,15.4,-3.5,-0.63
CP003,Footwear,Libera,Women,8,5,10.0,5609.55,0.0,69426.65,8.0,3,0,0,21,9,1,6.0,5.5,17.4,11.2,11.47,12.97,5.4,6.2,-1.5
CP003,Footwear,Libera,Women,9,5,14.4,5801.29,0.0,92353.71,11.8,3,0,0,5,8,0,0.0,0.0,10.0,13.7,10.8,12.73,8.6,-3.7,-1.93
CP003,Footwear,Libera,Women,10,5,13.2,7860.33,0.0,109563.34,10.4,3,1,0,0,9,0,0.0,0.0,14.4,12.2,13.93,12.93,11.2,2.2,1.0
CP003,Footwear,Libera,Women,11,5,12.4,7227.75,0.0,100630.95,10.0,3,0,0,0,9,0,4.0,4.0,13.2,13.8,12.53,12.0,8.8,-0.6,0.53
CP003,Footwear,Libera,Women,12,5,12.2,8246.51,0.0,99330.89,10.4,2,1,6,0,9,0,6.0,6.0,12.4,12.8,13.33,12.07,8.0,-0.4,1.27
CP003,Footwear,Miss Modano,Kids,1,5,21.4,6452.32,0.0,149872.88,16.6,4,0,0,10,9,2,11.0,9.83,27.4,22.1,22.53,21.03,16.4,5.3,1.5
CP003,Footwear,Miss Modano,Kids,2,5,19.4,6719.17,0.0,130460.95,15.8,4,1,0,0,8,0,0.0,0.0,21.4,22.5,20.6,20.93,16.8,-1.1,-0.33
CP003,Footwear,Miss Modano,Kids,3,5,25.0,7103.05,0.0,184027.95,19.6,5,0,0,0,9,0,0.0,0.0,19.4,20.4,20.13,19.23,20.4,-1.0,0.9
CP003,Footwear,Miss Modano,Kids,4,5,30.2,5886.14,0.0,183066.85,24.0,5,2,9,0,9,1,13.0,13.0,25.0,22.2,21.93,20.4,24.8,2.8,1.53
CP003,Footwear,Miss Modano,Kids,5,5,21.2,6419.54,0.0,146141.05,16.6,4,2,1,0,9,1,5.0,5.0,30.2,27.6,24.87,20.77,17.2,2.6,4.1
CP003,Footwear,Miss Modano,Kids,6,5,21.6,6467.3,0.0,151195.13,16.2,5,1,0,0,9,0,0.0,0.0,21.2,25.7,25.47,20.7,14.2,-4.5,4.77
CP003,Footwear,Miss Modano,Kids,7,5,23.0,6573.92,0.0,149970.65,18.4,5,0,0,0,9,1,8.0,6.08,21.6,21.4,24.33,23.13,18.2,0.2,1.2
CP003,Footwear,Miss Modano,Kids,8,5,30.2,6235.22,0.0,186575.96,24.0,5,0,0,21,9,1,9.0,8.5,23.0,22.3,21.93,23.4,25.6,0.7,-1.47
CP003,Footwear,Miss Modano,Kids,9,5,22.0,6632.15,0.0,146726.24,17.8,5,0,0,5,8,0,0.0,0.0,30.2,26.6,24.93,25.2,14.8,3.6,-0.27
CP003,Footwear,Miss Modano,Kids,10,5,26.4,6319.98,0.0,178539.05,19.6,5,1,0,0,9,0,0.0,0.0,22.0,26.1,25.07,24.7,23.4,-4.1,0.37
CP003,Footwear,Miss Modano,Kids,11,5,21.4,6037.96,0.0,126044.77,16.2,5,0,0,0,9,0,11.0,11.0,26.4,24.2,26.2,24.07,16.8,2.2,2.13
CP003,Footwear,Miss Modano,Kids,12,5,31.8,7423.12,0.0,246516.92,25.0,5,1,6,0,9,2,23.0,21.5,21.4,23.9,23.27,24.1,27.4,-2.5,-0.83
CP003,Footwear,Miss Modano,Men,1,5,59.6,6342.57,0.0,356186.22,48.2,10,0,0,10,9,2,14.0,13.0,46.0,38.7,40.67,39.3,45.2,7.3,1.37
CP003,Footwear,Miss Modano,Men,2,5,47.8,6958.84,0.0,318016.64,38.2,9,1,0,0,8,0,0.0,0.0,59.6,47.6,42.2,40.87,35.4,12.0,1.33
CP003,Footwear,Miss Modano,Men,3,5,58.4,7117.42,0.0,385383.08,47.2,11,0,0,0,9,0,0.0,0.0,47.8,53.7,46.53,42.0,47.8,-5.9,4.53
CP003,Footwear,Miss Modano,Men,4,5,56.4,6987.81,0.0,358827.52,45.6,8,2,9,0,9,1,12.0,10.5,58.4,53.1,55.27,43.43,41.6,5.3,11.83
CP003,Footwear,Miss Modano,Men,5,5,41.6,7231.28,0.0,295578.81,32.0,8,2,1,0,9,2,10.0,9.25,56.4,57.4,54.2,43.43,30.6,-1.0,10.77
CP003,Footwear,Miss Modano,Men,6,5,46.0,8151.52,0.0,360589.82,35.0,10,1,0,0,9,0,0.0,0.0,41.6,49.0,52.13,44.33,36.6,-7.4,7.8
CP003,Footwear,Miss Modano,Men,7,5,55.6,6921.48,0.19,358382.33,45.0,9,0,0,0,9,2,12.0,10.83,46.0,43.8,48.0,51.63,39.8,2.2,-3.63
CP003,Footwear,Miss Modano,Men,8,5,47.0,6739.05,0.0,296795.72,37.8,10,0,0,21,9,3,18.0,15.83,55.6,50.8,47.73,50.97,37.6,4.8,-3.23
CP003,Footwear,Miss Modano,Men,9,5,53.0,5714.61,0.0,279143.85,41.6,8,0,0,5,8,0,0.0,0.0,47.0,51.3,49.53,50.83,36.4,-4.3,-1.3
CP003,Footwear,Miss Modano,Men,10,5,52.6,7099.97,0.0,337834.58,42.4,9,1,0,0,9,0,0.0,0.0,53.0,50.0,51.87,49.93,44.6,3.0,1.93
CP003,Footwear,Miss Modano,Men,11,5,43.0,7519.74,0.0,303288.4,35.0,8,0,0,0,9,2,21.0,19.92,52.6,52.8,50.87,49.3,31.4,-0.2,1.57
CP003,Footwear,Miss Modano,Men,12,5,53.8,7663.74,0.92,385215.37,41.4,9,1,6,0,9,5,28.0,20.81,43.0,47.8,49.53,49.53,46.0,-4.8,0.0
CP003,Footwear,Miss Modano,Unisex,1,5,35.4,7597.15,0.0,254289.43,29.2,5,0,0,10,9,1,7.0,7.0,23.4,25.2,21.87,23.17,30.2,-1.8,-1.3
CP003,Footwear,Miss Modano,Unisex,2,5,30.8,7078.92,0.0,215606.28,25.6,5,1,0,0,8,0,0.0,0.0,35.4,23.6,24.73,21.7,24.2,11.8,3.03
CP003,Footwear,Miss Modano,Unisex,3,5,24.8,7518.97,0.0,182870.41,19.0,4,0,0,0,9,0,0.0,0.0,30.8,33.1,23.53,22.0,22.4,-2.3,1.53
CP003,Footwear,Miss Modano,Unisex,4,5,46.6,8071.94,0.0,348919.67,37.4,4,2,9,0,9,1,13.0,13.0,24.8,27.8,30.33,22.43,32.2,-3.0,7.9
CP003,Footwear,Miss Modano,Unisex,5,5,28.2,7764.61,0.0,213444.38,22.8,5,2,1,0,9,1,8.0,7.67,46.6,35.7,34.07,26.17,23.0,10.9,7.9
CP003,Footwear,Miss Modano,Unisex,6,5,29.2,7871.6,0.0,217590.16,22.2,4,1,0,0,9,0,0.0,0.0,28.2,37.4,33.2,25.4,25.0,-9.2,7.8
CP003,Footwear,Miss Modano,Unisex,7,5,41.2,7818.73,0.0,317309.28,33.2,5,0,0,0,9,1,11.0,11.0,29.2,28.7,34.67,32.5,32.6,0.5,2.17
CP003,Footwear,Miss Modano,Unisex,8,5,28.2,6949.36,0.25,191189.52,24.2,5,0,0,21,9,2,11.0,9.67,41.2,35.2,32.87,33.47,21.6,6.0,-0.6
CP003,Footwear,Miss Modano,Unisex,9,5,24.2,7329.29,0.0,173315.68,19.0,5,0,0,5,8,0,0.0,0.0,28.2,34.7,32.87,33.03,19.2,-6.5,-0.17
CP003,Footwear,Miss Modano,Unisex,10,5,22.2,7948.13,0.0,178596.08,16.8,4,1,0,0,9,0,0.0,0.0,24.2,26.2,31.2,32.93,15.2,-2.0,-1.73
CP003,Footwear,Miss Modano,Unisex,11,5,33.4,8133.88,0.0,267495.29,27.2,5,0,0,0,9,1,16.0,16.0,22.2,23.2,24.87,28.87,27.0,-1.0,-4.0
CP003,Footwear,Miss Modano,Unisex,12,5,28.2,7541.68,0.0,220712.52,23.4,5,1,6,0,9,2,19.0,16.92,33.4,27.8,26.6,29.73,23.4,5.6,-3.13
CP003,Footwear,Miss Modano,Women,1,5,20.4,6358.22,0.0,117637.98,15.8,3,0,0,10,9,2,14.0,13.0,23.4,23.0,21.47,17.83,16.4,0.4,3.63
CP003,Footwear,Miss Modano,Women,2,5,29.0,7261.36,0.0,203341.67,22.6,5,1,0,0,8,0,0.0,0.0,20.4,20.3,21.07,18.53,20.4,0.1,2.53
CP003,Footwear,Miss Modano,Women,3,5,34.0,7442.61,0.0,225224.57,28.4,4,0,0,0,9,0,0.0,0.0,29.0,24.7,21.33,20.23,27.0,4.3,1.1
CP003,Footwear,Miss Modano,Women,4,5,26.0,7747.09,0.0,194752.23,19.6,4,2,9,0,9,1,11.0,11.0,34.0,31.5,27.8,22.17,23.2,2.5,5.63
CP003,Footwear,Miss Modano,Women,5,5,31.0,7651.28,0.0,218680.69,24.2,5,2,1,0,9,1,5.0,4.5,26.0,30.0,29.67,22.4,22.4,-4.0,7.27
CP003,Footwear,Miss Modano,Women,6,5,23.0,8362.7,0.0,180545.68,16.6,4,1,0,0,9,0,0.0,0.0,31.0,28.5,30.33,22.87,20.6,2.5,7.47
CP003,Footwear,Miss Modano,Women,7,5,21.6,8078.72,0.0,164135.15,16.4,4,0,0,0,9,1,15.0,15.0,23.0,27.0,26.67,27.23,13.0,-4.0,-0.57
CP003,Footwear,Miss Modano,Women,8,5,23.4,9576.44,0.0,188518.98,19.8,3,0,0,21,9,1,10.0,10.0,21.6,22.3,25.2,27.43,13.2,-0.7,-2.23
CP003,Footwear,Miss Modano,Women,9,5,18.6,8446.83,0.0,146262.6,13.6,4,0,0,5,8,0,0.0,0.0,23.4,22.5,22.67,26.5,16.4,0.9,-3.83
CP003,Footwear,Miss Modano,Women,10,5,20.6,8940.44,0.0,174050.94,15.8,5,1,0,0,9,0,0.0,0.0,18.6,21.0,21.2,23.93,18.4,-2.4,-2.73
CP003,Footwear,Miss Modano,Women,11,5,28.2,7677.97,0.0,200265.36,22.6,4,0,0,0,9,1,16.0,15.0,20.6,19.6,20.87,23.03,22.6,1.0,-2.17
CP003,Footwear,Miss Modano,Women,12,5,33.2,8024.88,0.0,240353.57,26.0,5,1,6,0,9,2,21.0,19.5,28.2,24.4,22.47,22.57,23.4,3.8,-0.1
CP003,Footwear,Modano,Kids,1,5,48.2,7080.33,0.21,337223.44,38.0,10,0,0,10,9,3,11.0,9.43,42.4,35.1,37.47,34.03,39.8,7.3,3.43
CP003,Footwear,Modano,Kids,2,5,38.8,6626.7,0.0,252434.18,30.2,9,1,0,0,8,0,0.0,0.0,48.2,40.2,36.07,35.63,30.0,8.0,0.43
CP003,Footwear,Modano,Kids,3,5,42.4,7031.3,0.0,303745.85,33.4,8,0,0,0,9,0,0.0,0.0,38.8,43.5,36.0,33.8,30.6,-4.7,2.2
CP003,Footwear,Modano,Kids,4,5,53.6,6826.07,0.0,362476.96,42.4,8,2,9,0,9,1,13.0,10.75,42.4,40.6,43.13,35.83,45.2,1.8,7.3
CP003,Footwear,Modano,Kids,5,5,42.8,6800.61,0.0,281599.19,33.8,9,2,1,0,9,1,8.0,7.33,53.6,48.0,44.93,36.0,32.6,5.6,8.93
CP003,Footwear,Modano,Kids,6,5,30.0,7264.26,0.0,217162.83,23.0,7,1,0,0,9,0,0.0,0.0,42.8,48.2,46.27,37.17,23.8,-5.4,9.1
CP003,Footwear,Modano,Kids,7,5,35.2,6829.92,0.25,245380.5,27.4,8,0,0,0,9,2,19.0,16.0,30.0,36.4,42.13,42.63,28.4,-6.4,-0.5
CP003,Footwear,Modano,Kids,8,5,49.0,6829.57,0.0,316646.44,40.0,9,0,0,21,9,2,15.0,14.5,35.2,32.6,36.0,40.47,38.6,2.6,-4.47
CP003,Footwear,Modano,Kids,9,5,29.4,6842.91,0.0,205823.78,23.0,7,0,0,5,8,0,0.0,0.0,49.0,42.1,38.07,42.17,24.8,6.9,-4.1
CP003,Footwear,Modano,Kids,10,5,50.8,7139.39,0.0,351102.33,39.4,9,1,0,0,9,0,0.0,0.0,29.4,39.2,37.87,40.0,42.2,-9.8,-2.13
CP003,Footwear,Modano,Kids,11,5,36.4,7288.48,0.0,256687.21,28.0,8,0,0,0,9,1,24.0,22.0,50.8,40.1,43.07,39.53,27.8,10.7,3.53
CP003,Footwear,Modano,Kids,12,5,55.6,7120.44,0.0,394048.07,45.2,8,1,6,0,9,5,29.0,22.5,36.4,43.6,38.87,38.47,42.4,-7.2,0.4
CP003,Footwear,Modano,Men,1,5,18.8,5918.79,0.0,118630.54,14.0,7,0,0,10,9,1,11.0,9.5,15.0,14.6,13.8,13.43,14.8,0.4,0.37
CP003,Footwear,Modano,Men,2,5,14.4,4712.01,0.0,83493.88,11.6,5,1,0,0,8,0,0.0,0.0,18.8,15.6,15.13,13.83,13.0,3.2,1.3
CP003,Footwear,Modano,Men,3,5,18.4,5612.77,0.0,113457.79,14.2,5,0,0,0,9,0,0.0,0.0,14.4,16.6,14.2,13.7,15.8,-2.2,0.5
CP003,Footwear,Modano,Men,4,5,16.8,5927.19,0.0,106562.99,12.2,5,2,9,0,9,1,12.0,11.5,18.4,16.4,17.2,13.73,14.2,2.0,3.47
CP003,Footwear,Modano,Men,5,5,14.6,5911.04,0.0,89086.36,10.4,5,2,1,0,9,1,8.0,8.0,16.8,17.6,16.53,13.77,11.8,-0.8,2.77
CP003,Footwear,Modano,Men,6,5,11.4,5971.42,0.0,71794.73,8.8,5,1,0,0,9,0,0.0,0.0,14.6,15.7,16.6,13.3,8.4,-1.1,3.3
CP003,Footwear,Modano,Men,7,5,18.4,6471.04,0.0,126611.31,12.8,6,0,0,0,9,2,14.0,11.75,11.4,13.0,14.27,15.73,13.8,-1.6,-1.47
CP003,Footwear,Modano,Men,8,5,15.8,5689.71,0.0,104615.5,12.6,6,0,0,21,9,1,14.0,12.33,18.4,14.9,14.8,15.67,12.2,3.5,-0.87
CP003,Footwear,Modano,Men,9,5,16.8,5771.53,0.0,107306.32,12.6,6,0,0,5,8,0,0.0,0.0,15.8,17.1,15.2,15.9,13.2,-1.3,-0.7
CP003,Footwear,Modano,Men,10,5,14.0,5841.52,0.0,93044.77,10.4,5,1,0,0,9,0,0.0,0.0,16.8,16.3,17.0,15.63,12.2,0.5,1.37
CP003,Footwear,Modano,Men,11,5,19.0,6360.45,0.0,130264.41,13.4,6,0,0,0,9,1,21.0,20.33,14.0,15.4,15.53,15.17,14.2,-1.4,0.37
CP003,Footwear,Modano,Men,12,5,21.0,6211.82,0.0,149457.62,16.6,5,1,6,0,9,4,26.0,21.67,19.0,16.5,16.6,15.9,15.0,2.5,0.7
CP003,Footwear,Modano,Unisex,1,5,8.2,3063.39,0.0,20290.95,6.8,2,0,0,10,9,1,7.0,7.0,10.2,7.9,8.4,7.37,7.2,2.3,1.03
CP003,Footwear,Modano,Unisex,2,5,6.0,2713.48,0.0,15189.51,4.6,2,1,0,0,8,0,0.0,0.0,8.2,7.0,6.53,7.13,5.2,1.2,-0.6
CP003,Footwear,Modano,Unisex,3,5,11.6,2851.74,0.0,29973.86,8.0,3,0,0,0,9,0,0.0,0.0,6.0,7.1,6.27,6.7,10.2,-1.1,-0.43
CP003,Footwear,Modano,Unisex,4,5,10.0,2921.26,0.0,25087.4,7.4,3,2,9,0,9,1,7.0,6.5,11.6,8.8,8.6,7.17,8.0,2.8,1.43
CP003,Footwear,Modano,Unisex,5,5,8.0,3046.67,0.0,22468.71,6.2,2,2,1,0,9,0,3.0,3.0,10.0,10.8,9.2,7.0,7.2,-0.8,2.2
CP003,Footwear,Modano,Unisex,6,5,8.2,3010.77,0.0,21249.08,7.0,3,1,0,0,9,0,0.0,0.0,8.0,9.0,9.87,6.83,7.0,-1.0,3.03
CP003,Footwear,Modano,Unisex,7,5,7.4,2820.2,1.0,16897.96,5.4,2,0,0,0,9,1,12.0,10.0,8.2,8.1,8.73,8.67,5.2,0.1,0.07
CP003,Footwear,Modano,Unisex,8,5,10.8,2868.02,0.0,28437.3,8.0,3,0,0,21,9,0,4.0,3.0,7.4,7.8,7.87,8.53,7.4,-0.4,-0.67
CP003,Footwear,Modano,Unisex,9,5,8.0,2920.05,0.0,20527.06,6.4,2,0,0,5,8,0,0.0,0.0,10.8,9.1,8.8,9.33,6.4,1.7,-0.53
CP003,Footwear,Modano,Unisex,10,5,12.0,2695.71,0.0,28746.61,9.0,3,1,0,0,9,0,0.0,0.0,8.0,9.4,8.73,8.73,9.4,-1.4,-0.0
CP003,Footwear,Modano,Unisex,11,5,7.6,2914.15,0.0,19715.88,6.2,2,0,0,0,9,0,9.0,9.0,12.0,10.0,10.27,9.07,5.6,2.0,1.2
CP003,Footwear,Modano,Unisex,12,5,14.6,2778.96,0.0,35506.4,11.6,3,1,6,0,9,1,18.0,15.83,7.6,9.8,9.2,9.0,10.2,-2.2,0.2
CP003,Footwear,Modano,Women,1,5,17.4,8230.14,0.0,154700.13,12.2,5,0,0,10,9,2,11.0,10.33,20.4,16.8,15.87,13.97,15.0,3.6,1.9
CP003,Footwear,Modano,Women,2,5,23.8,8617.79,0.0,231162.83,18.2,6,1,0,0,8,0,0.0,0.0,17.4,16.8,15.6,14.53,18.6,0.6,1.07
CP003,Footwear,Modano,Women,3,5,19.2,8793.75,0.0,190694.57,14.2,4,0,0,0,9,0,0.0,0.0,23.8,20.6,16.93,15.17,16.4,3.2,1.77
CP003,Footwear,Modano,Women,4,5,15.6,7301.66,0.0,138939.71,11.0,5,2,9,0,9,2,18.0,15.0,19.2,21.5,20.13,15.97,14.4,-2.3,4.17
CP003,Footwear,Modano,Women,5,5,21.4,8455.02,0.2,208304.54,16.8,6,2,1,0,9,1,8.0,8.0,15.6,17.4,19.53,15.33,16.6,-1.8,4.2
CP003,Footwear,Modano,Women,6,5,14.4,7344.54,0.0,118985.17,11.2,5,1,0,0,9,0,0.0,0.0,21.4,18.5,18.73,16.17,12.6,2.9,2.57
CP003,Footwear,Modano,Women,7,5,13.2,7450.81,0.0,118624.63,10.4,5,0,0,0,9,2,15.0,12.75,14.4,17.9,17.13,18.63,9.8,-3.5,-1.5
CP003,Footwear,Modano,Women,8,5,19.0,8340.61,0.0,166784.83,14.4,6,0,0,21,9,2,12.0,9.5,13.2,13.8,16.33,17.93,13.4,-0.6,-1.6
CP003,Footwear,Modano,Women,9,5,14.4,6909.64,0.0,116569.98,10.8,5,0,0,5,8,0,0.0,0.0,19.0,16.1,15.53,17.13,13.0,2.9,-1.6
CP003,Footwear,Modano,Women,10,5,18.0,7202.08,0.0,153509.83,13.4,5,1,0,0,9,0,0.0,0.0,14.4,16.7,15.53,16.33,14.0,-2.3,-0.8
CP003,Footwear,Modano,Women,11,5,17.4,7743.49,0.0,161227.7,12.8,5,0,0,0,9,1,16.0,15.5,18.0,16.2,17.13,16.73,13.2,1.8,0.4
CP003,Footwear,Modano,Women,12,5,24.6,7765.75,0.0,221471.27,20.8,5,1,6,0,9,3,26.0,21.75,17.4,17.7,16.6,16.07,20.4,-0.3,0.53
CP003,Kids,Emerald,Kids,1,5,270.4,1795.21,0.04,515730.1,220.8,31,0,0,10,9,9,15.0,12.68,259.8,221.8,214.47,209.37,219.0,38.0,5.1
CP003,Kids,Emerald,Kids,2,5,279.0,1958.15,0.0,577420.4,231.6,34,1,0,0,8,0,0.0,0.0,270.4,239.1,220.67,215.27,212.6,31.3,5.4
CP003,Kids,Emerald,Kids,3,5,222.4,1888.99,0.0,447286.84,181.2,30,0,0,0,9,0,0.0,0.0,279.0,274.7,238.2,215.9,175.0,4.3,22.3
CP003,Kids,Emerald,Kids,4,5,356.8,1840.79,0.07,698879.62,302.6,29,2,9,0,9,9,24.0,18.05,222.4,250.7,257.27,212.2,280.2,-28.3,45.07
CP003,Kids,Emerald,Kids,5,5,257.6,1849.06,0.08,495565.32,209.4,31,2,1,0,9,5,15.0,12.44,356.8,289.6,286.07,227.07,210.4,67.2,59.0
CP003,Kids,Emerald,Kids,6,5,213.6,1852.14,0.0,413123.25,171.8,29,1,0,0,9,0,0.0,0.0,257.6,307.2,278.93,230.77,161.6,-49.6,48.17
CP003,Kids,Emerald,Kids,7,5,235.0,1825.76,0.04,457585.46,192.4,31,0,0,0,9,7,20.0,14.78,213.6,235.6,276.0,266.63,183.0,-22.0,9.37
CP003,Kids,Emerald,Kids,8,5,276.2,1887.84,0.0,541777.73,226.8,28,0,0,21,9,9,19.0,14.71,235.0,224.3,235.4,260.73,232.6,10.7,-25.33
CP003,Kids,Emerald,Kids,9,5,252.2,1816.93,0.0,491392.36,206.2,30,0,0,5,8,0,0.0,0.0,276.2,255.6,241.6,260.27,197.2,20.6,-18.67
CP003,Kids,Emerald,Kids,10,5,252.2,1834.67,0.0,497742.3,206.8,30,1,0,0,9,0,0.0,0.0,252.2,264.2,254.47,265.23,199.8,-12.0,-10.77
CP003,Kids,Emerald,Kids,11,5,230.0,1887.4,0.54,459815.91,191.4,28,0,0,0,9,5,30.0,24.39,252.2,252.2,260.2,247.8,183.8,0.0,12.4
CP003,Kids,Emerald,Kids,12,5,326.8,1858.75,0.24,649858.31,267.6,30,1,6,0,9,14,30.0,22.43,230.0,241.1,244.8,243.2,259.8,-11.1,1.6
CP003,Kids,Hustle,Kids,1,5,150.2,1815.78,0.05,283251.4,119.4,26,0,0,10,9,6,15.0,13.25,175.8,146.3,142.2,135.97,115.0,29.5,6.23
CP003,Kids,Hustle,Kids,2,5,145.2,1805.43,0.0,286720.17,113.8,25,1,0,0,8,0,0.0,0.0,150.2,147.4,137.2,134.7,117.2,2.8,2.5
CP003,Kids,Hustle,Kids,3,5,179.8,1842.67,0.0,351193.12,145.4,27,0,0,0,9,0,0.0,0.0,145.2,147.7,136.6,129.8,149.6,-2.5,6.8
CP003,Kids,Hustle,Kids,4,5,213.4,1866.98,0.17,407307.93,178.0,26,2,9,0,9,9,24.0,17.22,179.8,162.5,158.4,132.77,150.4,17.3,25.63
CP003,Kids,Hustle,Kids,5,5,172.6,1940.04,0.12,355849.56,134.6,28,2,1,0,9,4,15.0,13.11,213.4,196.6,179.47,138.33,139.8,16.8,41.13
CP003,Kids,Hustle,Kids,6,5,134.8,1847.32,0.0,266353.75,109.6,24,1,0,0,9,0,0.0,0.0,172.6,193.0,188.6,141.33,113.6,-20.4,47.27
CP003,Kids,Hustle,Kids,7,5,153.4,1911.34,0.16,307421.19,121.0,25,0,0,0,9,6,20.0,13.5,134.8,153.7,173.6,166.0,126.6,-18.9,7.6
CP003,Kids,Hustle,Kids,8,5,174.0,1914.02,0.0,345863.52,140.6,25,0,0,21,9,7,19.0,13.73,153.4,144.1,153.6,166.53,144.4,9.3,-12.93
CP003,Kids,Hustle,Kids,9,5,156.6,1907.92,0.0,318939.88,126.2,23,0,0,5,8,0,0.0,0.0,174.0,163.7,154.07,171.33,118.2,10.3,-17.27
CP003,Kids,Hustle,Kids,10,5,174.4,1854.38,0.0,345230.67,141.4,27,1,0,0,9,0,0.0,0.0,156.6,165.3,161.33,167.47,134.0,-8.7,-6.13
CP003,Kids,Hustle,Kids,11,5,165.0,1898.3,0.0,314570.05,132.6,26,0,0,0,9,5,29.0,24.34,174.4,165.5,168.33,160.97,116.8,8.9,7.37
CP003,Kids,Hustle,Kids,12,5,213.2,1982.07,0.3,429138.65,174.8,25,1,6,0,9,13,30.0,23.07,165.0,169.7,165.33,159.7,175.8,-4.7,5.63
CP003,Kids,King Street,Kids,1,5,53.0,2254.73,0.0,115229.35,40.2,12,0,0,10,9,3,15.0,13.33,69.6,58.8,55.07,50.77,38.6,10.8,4.3
CP003,Kids,King Street,Kids,2,5,58.2,2204.33,0.0,124066.29,44.4,11,1,0,0,8,0,0.0,0.0,53.0,56.3,53.53,51.7,46.0,-3.3,1.83
CP003,Kids,King Street,Kids,3,5,54.4,2284.84,0.0,117564.53,40.8,12,0,0,0,9,0,0.0,0.0,58.2,55.6,55.07,53.53,38.0,2.6,1.53
CP003,Kids,King Street,Kids,4,5,73.4,2193.49,0.26,156143.23,56.0,12,2,9,0,9,2,23.0,20.0,54.4,56.3,55.2,50.33,56.8,-1.9,4.87
CP003,Kids,King Street,Kids,5,5,59.8,1995.22,0.0,114743.89,46.2,12,2,1,0,9,3,15.0,13.0,73.4,63.9,62.0,51.83,45.4,9.5,10.17
CP003,Kids,King Street,Kids,6,5,64.2,2244.45,0.0,139907.0,51.8,13,1,0,0,9,0,0.0,0.0,59.8,66.6,62.53,51.7,53.4,-6.8,10.83
CP003,Kids,King Street,Kids,7,5,51.2,2142.84,0.0,105026.08,39.0,12,0,0,0,9,4,18.0,14.68,64.2,62.0,65.8,60.5,37.4,2.2,5.3
CP003,Kids,King Street,Kids,8,5,56.8,2334.96,0.0,129103.05,44.2,10,0,0,21,9,3,16.0,13.5,51.2,57.7,58.4,60.2,41.6,-6.5,-1.8
CP003,Kids,King Street,Kids,9,5,76.2,2273.37,0.0,167962.85,56.8,15,0,0,5,8,0,0.0,0.0,56.8,54.0,57.4,59.97,60.4,2.8,-2.57
CP003,Kids,King Street,Kids,10,5,63.6,2145.35,0.0,138574.41,48.2,13,1,0,0,9,0,0.0,0.0,76.2,66.5,61.4,63.6,47.6,9.7,-2.2
CP003,Kids,King Street,Kids,11,5,61.8,2226.38,0.0,137601.46,48.0,12,0,0,0,9,2,30.0,25.6,63.6,69.9,65.53,61.97,48.0,-6.3,3.57
CP003,Kids,King Street,Kids,12,5,77.0,2191.83,0.22,167933.97,59.2,13,1,6,0,9,7,28.0,21.92,61.8,62.7,67.2,62.3,69.6,-0.9,4.9
CP003,Kids,Libera,Kids,1,5,87.6,1955.72,0.0,172783.88,71.4,13,0,0,10,9,2,14.0,12.83,76.2,69.2,62.0,63.0,70.4,7.0,-1.0
CP003,Kids,Libera,Kids,2,5,72.0,1940.39,0.0,146551.77,58.4,10,1,0,0,8,0,0.0,0.0,87.6,74.1,70.13,63.0,53.6,13.5,7.13
CP003,Kids,Libera,Kids,3,5,65.2,2092.22,0.0,128111.53,52.4,11,0,0,0,9,0,0.0,0.0,72.0,79.8,68.8,61.13,54.2,-7.8,7.67
CP003,Kids,Libera,Kids,4,5,87.8,1920.57,0.25,165431.3,71.8,11,2,9,0,9,2,22.0,18.33,65.2,68.6,74.93,61.3,66.6,-3.4,13.63
CP003,Kids,Libera,Kids,5,5,68.4,1938.04,0.0,126445.73,55.8,11,2,1,0,9,2,12.0,10.97,87.8,76.5,75.0,66.7,44.6,11.3,8.3
CP003,Kids,Libera,Kids,6,5,72.4,2052.64,0.0,146103.58,58.8,12,1,0,0,9,0,0.0,0.0,68.4,78.1,73.8,66.27,57.6,-9.7,7.53
CP003,Kids,Libera,Kids,7,5,83.4,2003.73,0.46,159773.24,67.6,12,0,0,0,9,3,18.0,15.0,72.4,70.4,76.2,75.57,72.0,2.0,0.63
CP003,Kids,Libera,Kids,8,5,77.0,2062.13,0.0,156874.59,60.6,11,0,0,21,9,1,9.0,7.33,83.4,77.9,74.73,74.87,69.4,5.5,-0.13
CP003,Kids,Libera,Kids,9,5,59.2,2290.88,0.0,131579.21,46.8,10,0,0,5,8,0,0.0,0.0,77.0,80.2,77.6,75.7,50.6,-3.2,1.9
CP003,Kids,Libera,Kids,10,5,63.2,1946.98,0.0,121798.32,51.4,11,1,0,0,9,0,0.0,0.0,59.2,68.1,73.2,74.7,47.6,-8.9,-1.5
CP003,Kids,Libera,Kids,11,5,86.4,2034.49,0.22,179855.09,69.6,13,0,0,0,9,3,30.0,26.25,63.2,61.2,66.47,70.6,62.2,2.0,-4.13
CP003,Kids,Libera,Kids,12,5,110.6,1973.52,0.26,209095.97,92.4,11,1,6,0,9,5,28.0,23.08,86.4,74.8,69.6,73.6,76.2,11.6,-4.0
CP003,Kids,Miss Modano,Kids,1,5,173.2,2115.67,0.08,362606.45,140.0,24,0,0,10,9,4,15.0,13.42,154.0,129.1,128.8,126.63,137.2,24.9,2.17
CP003,Kids,Miss Modano,Kids,2,5,112.8,1891.01,0.0,204350.63,90.2,22,1,0,0,8,0,0.0,0.0,173.2,149.9,134.67,129.87,94.0,23.3,4.8
CP003,Kids,Miss Modano,Kids,3,5,146.4,2011.58,0.0,297332.75,118.2,22,0,0,0,9,0,0.0,0.0,112.8,143.0,130.87,126.2,124.4,-30.2,4.67
CP003,Kids,Miss Modano,Kids,4,5,191.0,1931.74,0.17,362091.4,153.6,22,2,9,0,9,5,25.0,19.97,146.4,129.6,144.13,123.77,150.6,16.8,20.37
CP003,Kids,Miss Modano,Kids,5,5,151.8,2063.28,0.09,317211.74,123.8,22,2,1,0,9,4,15.0,12.43,191.0,168.7,150.07,128.53,120.6,22.3,21.53
CP003,Kids,Miss Modano,Kids,6,5,133.6,2011.34,0.0,263495.25,106.2,22,1,0,0,9,0,0.0,0.0,151.8,171.4,163.07,131.03,113.6,-19.6,32.03
CP003,Kids,Miss Modano,Kids,7,5,163.2,1895.42,0.09,296799.42,133.6,25,0,0,0,9,6,19.0,13.85,133.6,142.7,158.8,151.47,126.4,-9.1,7.33
CP003,Kids,Miss Modano,Kids,8,5,144.8,1971.09,0.06,277712.94,116.0,22,0,0,21,9,6,20.0,14.79,163.2,148.4,149.53,149.8,114.8,14.8,-0.27
CP003,Kids,Miss Modano,Kids,9,5,161.0,2089.94,0.0,337704.62,129.4,24,0,0,5,8,0,0.0,0.0,144.8,154.0,147.2,155.13,132.2,-9.2,-7.93
CP003,Kids,Miss Modano,Kids,10,5,159.6,1932.02,0.0,306894.4,128.6,24,1,0,0,9,0,0.0,0.0,161.0,152.9,156.33,157.57,128.2,8.1,-1.23
CP003,Kids,Miss Modano,Kids,11,5,127.6,2028.22,0.19,261975.2,101.6,21,0,0,0,9,5,30.0,24.88,159.6,160.3,155.13,152.33,104.2,-0.7,2.8
CP003,Kids,Miss Modano,Kids,12,5,182.8,1919.1,0.0,350676.62,149.6,21,1,6,0,9,12,30.0,21.47,127.6,143.6,149.4,148.3,154.0,-16.0,1.1
CP003,Kids,Modano,Kids,1,5,111.2,2056.12,0.0,225736.36,85.6,22,0,0,10,9,6,13.0,11.98,97.2,93.3,82.07,80.8,89.0,3.9,1.27
CP003,Kids,Modano,Kids,2,5,84.8,2048.5,0.0,175786.5,66.6,19,1,0,0,8,0,0.0,0.0,111.2,89.4,89.4,80.47,71.6,21.8,8.93
CP003,Kids,Modano,Kids,3,5,113.8,2014.9,0.0,232265.03,89.6,21,0,0,0,9,0,0.0,0.0,84.8,98.0,80.93,78.97,90.2,-13.2,1.97
CP003,Kids,Modano,Kids,4,5,135.8,2066.4,0.0,273934.83,111.6,20,2,9,0,9,5,25.0,17.7,113.8,99.3,103.27,79.87,110.4,14.5,23.4
CP003,Kids,Modano,Kids,5,5,91.2,1981.23,0.08,177868.3,70.8,19,2,1,0,9,5,15.0,12.4,135.8,124.8,111.47,88.6,70.0,11.0,22.87
CP003,Kids,Modano,Kids,6,5,85.2,2180.05,0.0,190146.42,66.2,19,1,0,0,9,0,0.0,0.0,91.2,113.5,113.6,85.97,69.8,-22.3,27.63
CP003,Kids,Modano,Kids,7,5,100.6,2032.32,0.06,208466.44,77.6,21,0,0,0,9,6,20.0,15.58,85.2,88.2,104.07,103.67,83.6,-3.0,0.4
CP003,Kids,Modano,Kids,8,5,93.2,2144.83,0.25,202054.5,74.8,19,0,0,21,9,5,20.0,15.41,100.6,92.9,92.33,101.9,73.0,7.7,-9.57
CP003,Kids,Modano,Kids,9,5,100.0,2120.66,0.0,209729.34,78.4,21,0,0,5,8,0,0.0,0.0,93.2,96.9,93.0,103.3,82.0,-3.7,-10.3
CP003,Kids,Modano,Kids,10,5,76.8,2161.24,0.0,165259.92,60.6,18,1,0,0,9,0,0.0,0.0,100.0,96.6,97.93,101.0,59.6,3.4,-3.07
CP003,Kids,Modano,Kids,11,5,115.6,2179.37,0.33,249655.17,90.2,21,0,0,0,9,3,24.0,21.65,76.8,88.4,90.0,91.17,89.4,-11.6,-1.17
CP003,Kids,Modano,Kids,12,5,127.4,2074.37,0.0,258275.95,105.6,21,1,6,0,9,9,30.0,21.93,115.6,96.2,97.47,95.23,97.2,19.4,2.23
CP003,Men,Emerald,Men,1,5,165.4,3730.32,0.11,631070.88,133.6,31,0,0,10,9,7,14.0,12.47,126.8,135.5,143.8,142.3,140.8,-8.7,1.5
CP003,Men,Emerald,Men,2,5,160.6,3681.27,0.0,618227.58,129.0,31,1,0,0,8,0,0.0,0.0,165.4,131.3,135.6,140.23,127.8,34.1,-4.63
CP003,Men,Emerald,Men,3,5,162.0,3705.44,0.0,610459.14,128.2,32,0,0,0,9,0,0.0,0.0,160.6,163.0,131.6,138.23,128.8,-2.4,-6.63
CP003,Men,Emerald,Men,4,5,194.8,3613.45,0.04,725456.95,160.4,32,2,9,0,9,7,25.0,17.36,162.0,161.3,162.67,137.13,156.6,0.7,25.53
CP003,Men,Emerald,Men,5,5,185.0,3584.34,0.07,668500.02,149.6,34,2,1,0,9,5,15.0,12.49,194.8,178.4,172.47,136.57,139.0,16.4,35.9
CP003,Men,Emerald,Men,6,5,170.4,3534.26,0.0,584388.73,138.4,29,1,0,0,9,0,0.0,0.0,185.0,189.9,180.6,136.1,138.0,-4.9,44.5
CP003,Men,Emerald,Men,7,5,185.2,3746.1,0.0,692324.85,147.6,32,0,0,0,9,7,19.0,13.27,170.4,177.7,183.4,173.03,148.2,-7.3,10.37
CP003,Men,Emerald,Men,8,5,178.0,3653.36,0.0,665987.74,143.8,33,0,0,21,9,7,20.0,15.82,185.2,177.8,180.2,176.33,144.2,7.4,3.87
CP003,Men,Emerald,Men,9,5,162.2,3783.51,0.0,610245.6,126.0,30,0,0,5,8,0,0.0,0.0,178.0,181.6,177.87,179.23,130.0,-3.6,-1.37
CP003,Men,Emerald,Men,10,5,199.8,3629.4,0.0,751535.49,160.8,33,1,0,0,9,0,0.0,0.0,162.2,170.1,175.13,179.27,160.4,-7.9,-4.13
CP003,Men,Emerald,Men,11,5,179.4,3767.08,0.0,708701.36,147.0,31,0,0,0,9,5,30.0,24.38,199.8,181.0,180.0,180.1,144.2,18.8,-0.1
CP003,Men,Emerald,Men,12,5,172.6,3610.25,0.29,614138.15,140.6,28,1,6,0,9,19,30.0,23.49,179.4,189.6,180.47,179.17,126.8,-10.2,1.3
CP003,Men,Hustle,Men,1,5,175.0,3505.75,0.05,599385.85,137.2,31,0,0,10,9,8,15.0,12.84,146.2,131.6,128.8,126.77,135.0,14.6,2.03
CP003,Men,Hustle,Men,2,5,127.6,3612.83,0.0,447342.24,102.8,32,1,0,0,8,0,0.0,0.0,175.0,139.4,131.93,127.37,100.0,35.6,4.57
CP003,Men,Hustle,Men,3,5,154.2,3345.96,0.0,503328.91,122.8,33,0,0,0,9,0,0.0,0.0,127.6,151.3,129.47,127.0,120.4,-23.7,2.47
CP003,Men,Hustle,Men,4,5,184.8,3610.53,0.1,625866.52,150.2,33,2,9,0,9,7,25.0,18.11,154.2,140.9,152.27,125.2,141.0,13.3,27.07
CP003,Men,Hustle,Men,5,5,152.8,3613.02,0.06,545502.93,120.6,34,2,1,0,9,7,15.0,12.54,184.8,169.5,155.53,130.17,124.6,15.3,25.37
CP003,Men,Hustle,Men,6,5,132.0,3462.59,0.0,453858.97,105.4,30,1,0,0,9,0,0.0,0.0,152.8,168.8,163.93,131.0,102.8,-16.0,32.93
CP003,Men,Hustle,Men,7,5,171.2,3366.23,0.06,564304.59,134.4,35,0,0,0,9,9,20.0,15.85,132.0,142.4,156.53,154.4,129.0,-10.4,2.13
CP003,Men,Hustle,Men,8,5,139.0,3632.53,0.0,484971.32,106.8,32,0,0,21,9,6,20.0,16.23,171.2,151.6,152.0,153.77,111.8,19.6,-1.77
CP003,Men,Hustle,Men,9,5,169.6,3491.43,0.0,579891.82,136.0,33,0,0,5,8,0,0.0,0.0,139.0,155.1,147.4,155.67,133.4,-16.1,-8.27
CP003,Men,Hustle,Men,10,5,159.6,3654.81,0.0,557070.43,126.2,33,1,0,0,9,0,0.0,0.0,169.6,154.3,159.93,158.23,123.2,15.3,1.7
CP003,Men,Hustle,Men,11,5,149.6,3663.67,0.0,534142.8,115.2,31,0,0,0,9,6,30.0,25.89,159.6,164.6,156.07,154.03,117.0,-5.0,2.03
CP003,Men,Hustle,Men,12,5,183.6,3571.27,0.1,637449.25,147.2,34,1,6,0,9,15,30.0,22.63,149.6,154.6,159.6,153.5,146.2,-5.0,6.1
CP003,Men,King Street,Men,1,5,59.2,3745.69,0.0,219332.96,43.4,13,0,0,10,9,2,14.0,12.83,60.0,56.4,51.4,53.0,44.2,3.6,-1.6
CP003,Men,King Street,Men,2,5,53.4,3854.45,0.0,202555.02,40.0,12,1,0,0,8,0,0.0,0.0,59.2,54.8,54.13,52.73,41.2,4.4,1.4
CP003,Men,King Street,Men,3,5,61.0,3681.01,0.0,223837.29,46.0,14,0,0,0,9,0,0.0,0.0,53.4,56.3,50.4,49.17,48.4,-2.9,1.23
CP003,Men,King Street,Men,4,5,73.6,3566.25,0.33,262344.43,58.4,13,2,9,0,9,3,22.0,17.75,61.0,57.2,57.87,49.33,45.0,3.8,8.53
CP003,Men,King Street,Men,5,5,59.0,3751.27,0.0,214945.5,43.6,14,2,1,0,9,3,14.0,11.9,73.6,67.3,62.67,53.03,48.0,6.3,9.63
CP003,Men,King Street,Men,6,5,61.0,3669.12,0.0,222197.45,47.4,14,1,0,0,9,0,0.0,0.0,59.0,66.3,64.53,51.67,48.0,-7.3,12.87
CP003,Men,King Street,Men,7,5,65.4,3769.71,0.0,246761.77,47.0,15,0,0,0,9,3,19.0,15.42,61.0,60.0,64.53,61.2,51.2,1.0,3.33
CP003,Men,King Street,Men,8,5,75.4,3603.03,0.0,272174.17,56.8,14,0,0,21,9,4,18.0,14.6,65.4,63.2,61.8,62.23,63.0,2.2,-0.43
CP003,Men,King Street,Men,9,5,64.0,3887.58,0.0,259451.89,48.4,14,0,0,5,8,0,0.0,0.0,75.4,70.4,67.27,65.9,49.6,5.0,1.37
CP003,Men,King Street,Men,10,5,54.6,3667.68,0.0,198648.05,42.2,13,1,0,0,9,0,0.0,0.0,64.0,69.7,68.27,66.4,41.4,-5.7,1.87
CP003,Men,King Street,Men,11,5,66.2,3809.64,0.0,256390.12,49.4,14,0,0,0,9,1,17.0,15.5,54.6,59.3,64.67,63.23,52.8,-4.7,1.43
CP003,Men,King Street,Men,12,5,72.4,3785.07,0.61,279859.76,56.6,13,1,6,0,9,5,28.0,22.92,66.2,60.4,61.6,64.43,60.0,5.8,-2.83
CP003,Men,Libera,Men,1,5,66.0,3444.35,0.14,240100.54,52.2,19,0,0,10,9,3,14.0,12.0,51.8,49.1,45.53,43.87,48.0,2.7,1.67
CP003,Men,Libera,Men,2,5,58.2,3432.21,0.0,214529.98,45.8,17,1,0,0,8,0,0.0,0.0,66.0,53.7,51.27,46.63,46.6,12.3,4.63
CP003,Men,Libera,Men,3,5,57.4,3462.01,0.0,213027.99,47.4,18,0,0,0,9,0,0.0,0.0,58.2,62.1,51.93,47.23,45.2,-3.9,4.7
CP003,Men,Libera,Men,4,5,65.2,3791.94,0.0,261270.87,53.8,18,2,9,0,9,5,23.0,17.19,57.4,57.8,60.53,47.8,53.8,-0.4,12.73
CP003,Men,Libera,Men,5,5,65.4,3462.9,0.0,253050.33,53.4,19,2,1,0,9,3,15.0,12.83,65.2,61.3,60.27,50.33,53.2,3.9,9.93
CP003,Men,Libera,Men,6,5,54.6,3734.72,0.0,216116.36,42.0,17,1,0,0,9,0,0.0,0.0,65.4,65.3,62.67,51.03,44.6,0.1,11.63
CP003,Men,Libera,Men,7,5,48.4,3633.85,0.24,184999.46,38.6,18,0,0,0,9,4,19.0,14.08,54.6,60.0,61.73,61.13,39.0,-5.4,0.6
CP003,Men,Libera,Men,8,5,57.4,3863.15,0.12,225570.36,45.2,18,0,0,21,9,4,19.0,16.92,48.4,51.5,56.13,58.2,44.8,-3.1,-2.07
CP003,Men,Libera,Men,9,5,52.8,3460.23,0.0,200879.2,43.4,16,0,0,5,8,0,0.0,0.0,57.4,52.9,53.47,58.07,42.8,4.5,-4.6
CP003,Men,Libera,Men,10,5,50.0,3504.83,0.0,182218.91,40.4,17,1,0,0,9,0,0.0,0.0,52.8,55.1,52.87,57.3,38.4,-2.3,-4.43
CP003,Men,Libera,Men,11,5,56.0,3425.58,0.0,207413.13,43.0,16,0,0,0,9,2,22.0,19.0,50.0,51.4,53.4,54.77,46.4,-1.4,-1.37
CP003,Men,Libera,Men,12,5,63.0,3538.72,0.09,232094.93,51.2,17,1,6,0,9,7,27.0,19.8,56.0,53.0,52.93,53.2,51.8,3.0,-0.27
CP003,Men,Miss Modano,Men,1,5,175.8,3670.81,0.08,633127.93,141.0,34,0,0,10,9,7,15.0,12.15,172.6,151.8,150.2,151.73,140.4,20.8,-1.53
CP003,Men,Miss Modano,Men,2,5,151.4,3575.6,0.0,539225.53,121.0,29,1,0,0,8,0,0.0,0.0,175.8,160.8,150.87,147.67,118.0,15.0,3.2
CP003,Men,Miss Modano,Men,3,5,177.8,3699.46,0.0,662214.44,139.6,32,0,0,0,9,0,0.0,0.0,151.4,163.6,147.67,143.67,148.6,-12.2,4.0
CP003,Men,Miss Modano,Men,4,5,208.8,3542.91,0.05,736341.72,168.6,34,2,9,0,9,10,25.0,17.14,177.8,164.6,168.33,144.7,176.2,13.2,23.63
CP003,Men,Miss Modano,Men,5,5,180.0,3513.81,0.0,633263.88,142.4,36,2,1,0,9,4,14.0,12.85,208.8,193.3,179.33,149.0,148.0,15.5,30.33
CP003,Men,Miss Modano,Men,6,5,159.8,3646.11,0.0,557543.37,127.2,33,1,0,0,9,0,0.0,0.0,180.0,194.4,188.87,149.9,134.0,-14.4,38.97
CP003,Men,Miss Modano,Men,7,5,224.6,3641.94,0.06,797538.25,180.8,36,0,0,0,9,7,19.0,13.79,159.8,169.9,182.87,175.6,173.4,-10.1,7.27
CP003,Men,Miss Modano,Men,8,5,182.0,3550.03,0.05,621464.55,146.0,32,0,0,21,9,7,20.0,14.42,224.6,192.2,188.13,183.73,145.4,32.4,4.4
CP003,Men,Miss Modano,Men,9,5,190.2,3573.53,0.0,669774.34,156.2,33,0,0,5,8,0,0.0,0.0,182.0,203.3,188.8,188.83,141.0,-21.3,-0.03
CP003,Men,Miss Modano,Men,10,5,168.2,3564.38,0.0,573101.51,132.2,32,1,0,0,9,0,0.0,0.0,190.2,186.1,198.93,190.9,147.0,4.1,8.03
CP003,Men,Miss Modano,Men,11,5,164.0,3528.78,0.09,575563.41,131.0,30,0,0,0,9,5,29.0,24.43,168.2,179.2,180.13,184.13,131.0,-11.0,-4.0
CP003,Men,Miss Modano,Men,12,5,204.8,3704.25,0.0,748526.81,164.4,31,1,6,0,9,16,29.0,22.39,164.0,166.1,174.13,181.47,172.6,-2.1,-7.33
CP003,Men,Modano,Men,1,5,84.0,3645.2,0.11,306535.35,63.2,26,0,0,10,9,6,15.0,12.37,74.0,69.7,67.53,64.57,66.2,4.3,2.97
CP003,Men,Modano,Men,2,5,72.4,3317.22,0.0,243105.74,53.2,21,1,0,0,8,0,0.0,0.0,84.0,69.9,68.4,65.3,59.0,14.1,3.1
CP003,Men,Modano,Men,3,5,76.4,3357.94,0.0,257123.02,57.4,24,0,0,0,9,0,0.0,0.0,72.4,78.2,66.27,65.07,62.2,-5.8,1.2
CP003,Men,Modano,Men,4,5,92.2,3593.54,0.0,328305.34,69.6,24,2,9,0,9,9,25.0,19.35,76.4,74.4,77.6,64.87,75.4,2.0,12.73
CP003,Men,Modano,Men,5,5,75.4,3642.3,0.0,275873.3,56.6,23,2,1,0,9,4,14.0,11.67,92.2,84.3,80.33,67.2,60.8,7.9,13.13
CP003,Men,Modano,Men,6,5,78.4,3679.19,0.0,284765.52,58.0,24,1,0,0,9,0,0.0,0.0,75.4,83.8,81.33,66.23,63.0,-8.4,15.1
CP003,Men,Modano,Men,7,5,76.8,3640.73,0.0,281480.15,56.0,25,0,0,0,9,5,19.0,15.45,78.4,76.9,82.0,79.8,61.4,1.5,2.2
CP003,Men,Modano,Men,8,5,77.2,3664.28,0.0,288988.6,56.6,23,0,0,21,9,5,18.0,13.02,76.8,77.6,76.87,78.6,60.4,-0.8,-1.73
CP003,Men,Modano,Men,9,5,77.8,3532.38,0.0,283094.77,58.4,24,0,0,5,8,0,0.0,0.0,77.2,77.0,77.47,79.4,63.0,0.2,-1.93
CP003,Men,Modano,Men,10,5,77.8,3450.51,0.0,269061.77,56.2,25,1,0,0,9,0,0.0,0.0,77.8,77.5,77.27,79.63,63.2,0.3,-2.37
CP003,Men,Modano,Men,11,5,80.6,3459.23,0.23,283962.47,58.4,25,0,0,0,9,4,29.0,25.37,77.8,77.8,77.6,77.23,65.4,0.0,0.37
CP003,Men,Modano,Men,12,5,94.8,3442.61,0.22,336656.09,70.6,24,1,6,0,9,14,30.0,21.46,80.6,79.2,78.73,78.1,74.0,1.4,0.63
CP003,Women,Emerald,Women,1,5,347.2,4022.96,0.1,1304108.07,285.8,41,0,0,10,9,9,14.0,12.63,370.2,315.7,294.0,270.27,285.4,54.5,23.73
CP003,Women,Emerald,Women,2,5,278.6,3982.98,0.0,1031829.64,222.8,34,1,0,0,8,0,0.0,0.0,347.2,328.0,305.73,276.37,208.2,19.2,29.37
CP003,Women,Emerald,Women,3,5,265.6,4178.79,0.0,1044820.02,213.6,36,0,0,0,9,0,0.0,0.0,278.6,312.9,297.27,276.13,226.2,-34.3,21.13
CP003,Women,Emerald,Women,4,5,391.0,4053.79,0.0,1479668.16,332.2,35,2,9,0,9,13,25.0,17.17,265.6,272.1,297.13,269.4,311.2,-6.5,27.73
CP003,Women,Emerald,Women,5,5,335.2,3909.61,0.06,1194196.15,271.0,39,2,1,0,9,6,14.0,12.55,391.0,328.3,311.73,280.9,272.4,62.7,30.83
CP003,Women,Emerald,Women,6,5,291.6,4056.83,0.0,1094989.14,240.8,37,1,0,0,9,0,0.0,0.0,335.2,363.1,330.6,279.63,246.0,-27.9,50.97
CP003,Women,Emerald,Women,7,5,314.2,4110.73,0.07,1224884.7,254.4,40,0,0,0,9,8,19.0,14.14,291.6,313.4,339.27,318.2,249.2,-21.8,21.07
CP003,Women,Emerald,Women,8,5,303.2,3990.67,0.08,1141432.15,246.4,37,0,0,21,9,9,20.0,16.86,314.2,302.9,313.67,312.7,237.2,11.3,0.97
CP003,Women,Emerald,Women,9,5,319.4,4073.46,0.0,1193313.18,263.2,38,0,0,5,8,0,0.0,0.0,303.2,308.7,303.0,316.8,253.2,-5.5,-13.8
CP003,Women,Emerald,Women,10,5,318.8,4144.97,0.0,1238479.41,258.0,41,1,0,0,9,0,0.0,0.0,319.4,311.3,312.27,325.77,250.6,8.1,-13.5
CP003,Women,Emerald,Women,11,5,333.0,4220.99,0.09,1336343.98,268.6,36,0,0,0,9,5,29.0,26.08,318.8,319.1,313.8,313.73,261.2,-0.3,0.07
CP003,Women,Emerald,Women,12,5,470.6,3917.27,0.16,1731111.76,400.2,40,1,6,0,9,19,30.0,23.44,333.0,325.9,323.73,313.37,370.2,7.1,10.37
CP003,Women,Hustle,Women,1,5,270.0,3574.02,0.1,984311.61,217.0,35,0,0,10,9,10,15.0,12.86,245.8,203.7,203.0,194.37,200.0,42.1,8.63
CP003,Women,Hustle,Women,2,5,241.0,3474.05,0.0,875964.13,192.4,33,1,0,0,8,0,0.0,0.0,270.0,242.5,215.53,205.87,194.6,27.5,9.67
CP003,Women,Hustle,Women,3,5,283.4,3719.36,0.0,1105735.83,232.4,35,0,0,0,9,0,0.0,0.0,241.0,255.5,224.4,207.2,217.8,-14.5,17.2
CP003,Women,Hustle,Women,4,5,302.4,3615.6,0.1,1155477.76,251.2,33,2,9,0,9,11,25.0,17.57,283.4,262.2,264.8,210.47,229.2,21.2,54.33
CP003,Women,Hustle,Women,5,5,227.4,3655.36,0.07,850028.32,185.2,32,2,1,0,9,6,15.0,11.73,302.4,292.9,275.6,217.8,169.4,9.5,57.8
CP003,Women,Hustle,Women,6,5,215.4,3703.3,0.0,822986.59,173.6,34,1,0,0,9,0,0.0,0.0,227.4,264.9,271.07,222.0,166.2,-37.5,49.07
CP003,Women,Hustle,Women,7,5,225.0,3660.3,0.0,865185.34,179.4,30,0,0,0,9,7,20.0,15.16,215.4,221.4,248.4,256.6,170.2,-6.0,-8.2
CP003,Women,Hustle,Women,8,5,245.8,3626.31,0.05,950236.94,199.2,32,0,0,21,9,5,19.0,14.82,225.0,220.2,222.6,249.1,180.2,4.8,-26.5
CP003,Women,Hustle,Women,9,5,242.6,3592.81,0.0,919570.76,194.0,33,0,0,5,8,0,0.0,0.0,245.8,235.4,228.73,249.9,206.8,10.4,-21.17
CP003,Women,Hustle,Women,10,5,260.6,3716.32,0.0,1023594.73,212.2,35,1,0,0,9,0,0.0,0.0,242.6,244.2,237.8,243.1,201.6,-1.6,-5.3
CP003,Women,Hustle,Women,11,5,206.6,3556.38,0.1,781946.31,167.4,29,0,0,0,9,5,30.0,24.7,260.6,251.6,249.67,236.13,161.6,9.0,13.53
CP003,Women,Hustle,Women,12,5,313.8,3557.76,0.28,1147547.01,261.8,34,1,6,0,9,14,30.0,23.51,206.6,233.6,236.6,232.67,245.8,-27.0,3.93
CP003,Women,King Street,Women,1,5,103.0,4322.43,0.0,435552.94,80.6,14,0,0,10,9,3,14.0,12.2,132.8,108.8,99.47,88.63,86.0,24.0,10.83
CP003,Women,King Street,Women,2,5,106.2,3794.47,0.0,407298.93,85.8,14,1,0,0,8,0,0.0,0.0,103.0,109.4,101.2,91.03,79.6,-6.4,10.17
CP003,Women,King Street,Women,3,5,88.2,3858.51,0.0,349562.62,70.8,13,0,0,0,9,0,0.0,0.0,106.2,104.6,105.53,95.2,71.6,1.6,10.33
CP003,Women,King Street,Women,4,5,155.6,4029.55,0.17,605852.59,126.2,16,2,9,0,9,4,23.0,18.53,88.2,97.2,99.13,92.23,123.0,-9.0,6.9
CP003,Women,King Street,Women,5,5,108.0,3840.9,0.2,418127.84,87.0,16,2,1,0,9,3,12.0,9.92,155.6,121.9,116.67,100.07,84.8,33.7,16.6
CP003,Women,King Street,Women,6,5,86.2,3982.2,0.0,343493.05,70.2,13,1,0,0,9,0,0.0,0.0,108.0,131.8,117.27,101.0,62.6,-23.8,16.27
CP003,Women,King Street,Women,7,5,99.4,3947.96,0.12,404735.0,82.4,14,0,0,0,9,3,18.0,14.5,86.2,97.1,116.6,107.87,71.6,-10.9,8.73
CP003,Women,King Street,Women,8,5,84.2,3998.79,0.0,341287.26,66.2,14,0,0,21,9,3,20.0,17.43,99.4,92.8,97.87,107.27,72.8,6.6,-9.4
CP003,Women,King Street,Women,9,5,104.4,3871.48,0.0,398173.29,85.6,16,0,0,5,8,0,0.0,0.0,84.2,91.8,89.93,103.6,89.0,-7.6,-13.67
CP003,Women,King Street,Women,10,5,108.0,4017.82,0.0,447086.34,89.0,15,1,0,0,9,0,0.0,0.0,104.4,94.3,96.0,106.3,80.8,10.1,-10.3
CP003,Women,King Street,Women,11,5,111.4,4080.73,0.0,444435.08,94.0,15,0,0,0,9,2,23.0,20.67,108.0,106.2,98.87,98.37,84.8,1.8,0.5
CP003,Women,King Street,Women,12,5,180.8,3967.18,0.11,734064.92,152.4,16,1,6,0,9,5,30.0,22.62,111.4,109.7,107.93,98.93,132.8,1.7,9.0
CP003,Women,Libera,Women,1,5,78.8,3897.0,0.0,287427.77,63.2,14,0,0,10,9,2,12.0,10.58,77.2,77.0,77.13,70.9,63.4,0.2,6.23
CP003,Women,Libera,Women,2,5,71.2,4456.7,0.0,278247.88,56.2,11,1,0,0,8,0,0.0,0.0,78.8,70.6,72.67,69.93,62.4,8.2,2.73
CP003,Women,Libera,Women,3,5,94.6,3752.35,0.0,333265.36,74.4,13,0,0,0,9,0,0.0,0.0,71.2,75.0,63.47,67.57,79.4,-3.8,-4.1
CP003,Women,Libera,Women,4,5,103.2,4332.61,0.38,430383.63,84.4,14,2,9,0,9,3,25.0,22.0,94.6,82.9,81.53,68.63,87.2,11.7,12.9
CP003,Women,Libera,Women,5,5,86.2,4006.91,0.0,324177.71,67.8,14,2,1,0,9,1,10.0,9.5,103.2,98.9,89.67,70.3,69.2,4.3,19.37
CP003,Women,Libera,Women,6,5,63.2,4053.05,0.0,218023.23,51.6,9,1,0,0,9,0,0.0,0.0,86.2,94.7,94.67,69.33,55.4,-8.5,25.33
CP003,Women,Libera,Women,7,5,78.0,4190.38,0.28,313600.75,61.4,14,0,0,0,9,4,19.0,14.78,63.2,74.7,84.2,82.87,69.8,-11.5,1.33
CP003,Women,Libera,Women,8,5,75.6,3923.92,0.0,269507.18,60.0,12,0,0,21,9,5,19.0,16.05,78.0,70.6,75.8,82.73,63.4,7.4,-6.93
CP003,Women,Libera,Women,9,5,68.4,3942.3,0.0,248467.19,54.2,12,0,0,5,8,0,0.0,0.0,75.6,76.8,72.27,83.47,60.8,-1.2,-11.2
CP003,Women,Libera,Women,10,5,92.6,3842.2,0.0,325160.61,73.6,12,1,0,0,9,0,0.0,0.0,68.4,72.0,74.0,79.1,77.4,-3.6,-5.1
CP003,Women,Libera,Women,11,5,91.8,4148.72,0.41,344733.58,72.0,14,0,0,0,9,3,27.0,25.58,92.6,80.5,78.87,77.33,76.8,12.1,1.53
CP003,Women,Libera,Women,12,5,91.2,3974.11,1.02,347688.01,74.2,13,1,6,0,9,7,27.0,21.65,91.8,92.2,84.27,78.27,77.2,-0.4,6.0
CP003,Women,Miss Modano,Women,1,5,195.8,3814.26,0.0,738062.55,162.2,27,0,0,10,9,6,15.0,12.41,233.2,211.2,186.73,164.13,151.4,22.0,22.6
CP003,Women,Miss Modano,Women,2,5,143.8,4234.73,0.0,611683.44,115.0,21,1,0,0,8,0,0.0,0.0,195.8,203.4,198.67,169.83,121.4,-7.6,28.83
CP003,Women,Miss Modano,Women,3,5,211.2,3974.69,0.0,853637.6,169.6,28,0,0,0,9,0,0.0,0.0,143.8,169.8,174.67,166.07,159.2,-26.0,8.6
CP003,Women,Miss Modano,Women,4,5,219.8,4142.75,0.05,872081.27,182.8,23,2,9,0,9,7,25.0,17.88,211.2,177.5,183.6,170.47,161.4,33.7,13.13
CP003,Women,Miss Modano,Women,5,5,193.6,4019.88,0.0,736758.96,159.6,24,2,1,0,9,4,14.0,11.68,219.8,215.5,191.6,178.63,149.0,4.3,12.97
CP003,Women,Miss Modano,Women,6,5,180.4,3827.31,0.0,658134.89,149.8,24,1,0,0,9,0,0.0,0.0,193.6,206.7,208.2,172.23,142.0,-13.1,35.97
CP003,Women,Miss Modano,Women,7,5,185.0,4114.17,0.0,737506.91,147.8,25,0,0,0,9,5,20.0,15.26,180.4,187.0,197.93,190.77,139.4,-6.6,7.17
CP003,Women,Miss Modano,Women,8,5,168.6,4168.79,0.08,675646.29,139.0,25,0,0,21,9,4,18.0,14.5,185.0,182.7,186.33,188.97,139.8,2.3,-2.63
CP003,Women,Miss Modano,Women,9,5,196.6,3840.24,0.0,741993.11,162.2,27,0,0,5,8,0,0.0,0.0,168.6,176.8,178.0,193.1,145.4,-8.2,-15.1
CP003,Women,Miss Modano,Women,10,5,171.2,3838.58,0.0,672186.11,139.0,26,1,0,0,9,0,0.0,0.0,196.6,182.6,183.4,190.67,137.8,14.0,-7.27
CP003,Women,Miss Modano,Women,11,5,217.6,4012.18,0.0,852330.71,179.2,26,0,0,0,9,3,28.0,25.5,171.2,183.9,178.8,182.57,189.2,-12.7,-3.77
CP003,Women,Miss Modano,Women,12,5,271.0,3985.7,0.09,1060597.93,224.6,26,1,6,0,9,15,30.0,22.78,217.6,194.4,195.13,186.57,233.2,23.2,8.57
CP003,Women,Modano,Women,1,5,187.8,3845.06,0.11,722210.46,147.0,30,0,0,10,9,8,15.0,12.6,173.2,149.6,144.47,130.93,155.2,23.6,13.53
CP003,Women,Modano,Women,2,5,156.8,4185.44,0.0,674092.56,125.6,28,1,0,0,8,0,0.0,0.0,187.8,159.3,148.2,134.37,117.8,28.5,13.83
CP003,Women,Modano,Women,3,5,185.8,4013.77,0.0,759883.93,148.8,30,0,0,0,9,0,0.0,0.0,156.8,172.3,147.53,135.1,148.6,-15.5,12.43
CP003,Women,Modano,Women,4,5,226.4,3929.02,0.0,913917.32,187.4,31,2,9,0,9,9,25.0,16.76,185.8,171.3,176.8,141.6,174.2,14.5,35.2
CP003,Women,Modano,Women,5,5,167.2,3979.82,0.0,687055.38,133.0,29,2,1,0,9,3,14.0,12.43,226.4,206.1,189.67,149.23,134.2,20.3,40.43
CP003,Women,Modano,Women,6,5,160.0,4166.62,0.0,677649.9,130.2,29,1,0,0,9,0,0.0,0.0,167.2,196.8,193.13,149.83,127.0,-29.6,43.3
CP003,Women,Modano,Women,7,5,158.0,3906.17,0.05,609228.01,125.0,30,0,0,0,9,9,19.0,14.67,160.0,163.6,184.53,180.67,124.8,-3.6,3.87
CP003,Women,Modano,Women,8,5,153.0,3815.94,0.0,594458.29,122.8,28,0,0,21,9,7,18.0,13.91,158.0,159.0,161.73,175.7,119.6,-1.0,-13.97
CP003,Women,Modano,Women,9,5,130.6,3991.29,0.0,535294.35,103.2,26,0,0,5,8,0,0.0,0.0,153.0,155.5,157.0,175.07,107.8,-2.5,-18.07
CP003,Women,Modano,Women,10,5,160.4,4103.27,0.0,651467.58,123.8,29,1,0,0,9,0,0.0,0.0,130.6,141.8,147.2,165.87,134.2,-11.2,-18.67
CP003,Women,Modano,Women,11,5,173.0,3936.64,0.32,701750.97,141.8,29,0,0,0,9,6,30.0,25.08,160.4,145.5,148.0,154.87,126.0,14.9,-6.87
CP003,Women,Modano,Women,12,5,208.8,4142.8,0.2,899166.63,172.0,27,1,6,0,9,15,30.0,21.43,173.0,166.7,154.67,155.83,173.2,6.3,-1.17
CP004,Accessories,Emerald,Men,1,5,13.2,2600.86,0.0,32688.57,11.0,5,0,0,10,9,0,2.0,2.0,9.6,8.9,8.13,9.27,10.2,0.7,-1.13
CP004,Accessories,Emerald,Men,2,5,11.6,3377.32,0.0,38381.94,9.4,4,1,0,0,8,0,0.0,0.0,13.2,10.6,9.8,9.9,9.6,2.6,-0.1
CP004,Accessories,Emerald,Men,3,5,14.8,2617.45,0.0,35269.04,11.8,5,0,0,0,9,0,0.0,0.0,11.6,12.4,10.2,9.2,10.0,-0.8,1.0
CP004,Accessories,Emerald,Men,4,5,11.6,2676.38,0.0,29784.66,9.2,4,2,9,0,9,1,8.0,8.0,14.8,13.2,13.2,9.8,9.2,1.6,3.4
CP004,Accessories,Emerald,Men,5,5,14.6,2645.69,0.5,37540.05,11.4,4,2,1,0,9,1,9.0,9.0,11.6,13.2,12.67,10.1,12.8,-1.6,2.57
CP004,Accessories,Emerald,Men,6,5,13.8,2858.43,0.0,38071.53,10.8,4,1,0,0,9,0,0.0,0.0,14.6,13.1,13.67,10.8,13.0,1.5,2.87
CP004,Accessories,Emerald,Men,7,5,11.8,2487.99,0.0,28976.73,9.4,4,0,0,0,9,1,10.0,9.0,13.8,14.2,13.33,13.27,7.8,-0.4,0.07
CP004,Accessories,Emerald,Men,8,5,16.8,2971.14,0.0,45973.9,13.4,5,0,0,21,9,1,10.0,9.5,11.8,12.8,13.4,13.03,13.6,-1.0,0.37
CP004,Accessories,Emerald,Men,9,5,10.6,3507.83,0.0,33975.25,8.6,3,0,0,5,8,0,0.0,0.0,16.8,14.3,14.13,13.9,9.8,2.5,0.23
CP004,Accessories,Emerald,Men,10,5,8.6,2349.37,0.0,19524.22,6.2,4,1,0,0,9,0,0.0,0.0,10.6,13.7,13.07,13.2,6.6,-3.1,-0.13
CP004,Accessories,Emerald,Men,11,5,15.0,2548.54,0.0,36643.53,11.8,4,0,0,0,9,1,10.0,10.0,8.6,9.6,12.0,12.7,8.2,-1.0,-0.7
CP004,Accessories,Emerald,Men,12,5,13.8,2129.33,0.57,28804.45,10.0,3,1,6,0,9,2,26.0,22.67,15.0,11.8,11.4,12.77,9.6,3.2,-1.37
CP004,Accessories,Emerald,Unisex,1,5,22.6,2177.86,0.14,52078.92,18.6,9,0,0,10,9,2,14.0,13.42,26.6,25.6,23.2,21.0,17.0,1.0,2.2
CP004,Accessories,Emerald,Unisex,2,5,26.4,2325.49,0.0,61306.18,21.6,10,1,0,0,8,0,0.0,0.0,22.6,23.4,23.8,20.43,21.0,-0.8,3.37
CP004,Accessories,Emerald,Unisex,3,5,20.4,2313.23,0.0,45028.78,18.0,9,0,0,0,9,0,0.0,0.0,26.4,24.5,22.73,21.03,16.6,1.9,1.7
CP004,Accessories,Emerald,Unisex,4,5,33.4,2113.8,0.0,70534.77,25.8,11,2,9,0,9,3,23.0,18.25,20.4,23.4,23.13,21.5,24.8,-3.0,1.63
CP004,Accessories,Emerald,Unisex,5,5,19.2,2261.78,0.0,45395.81,16.0,9,2,1,0,9,2,13.0,11.33,33.4,26.9,26.73,22.93,16.8,6.5,3.8
CP004,Accessories,Emerald,Unisex,6,5,23.4,2294.03,0.0,53787.23,19.0,9,1,0,0,9,0,0.0,0.0,19.2,26.3,24.33,21.33,16.2,-7.1,3.0
CP004,Accessories,Emerald,Unisex,7,5,25.6,2090.14,0.27,49796.28,20.4,10,0,0,0,9,2,19.0,17.5,23.4,21.3,25.33,24.23,23.6,2.1,1.1
CP004,Accessories,Emerald,Unisex,8,5,21.8,2287.45,0.2,48745.91,18.4,10,0,0,21,9,2,19.0,16.83,25.6,24.5,22.73,24.73,17.8,1.1,-2.0
CP004,Accessories,Emerald,Unisex,9,5,21.0,2358.62,0.0,50452.59,17.6,9,0,0,5,8,0,0.0,0.0,21.8,23.7,23.6,23.97,15.0,-1.9,-0.37
CP004,Accessories,Emerald,Unisex,10,5,23.0,2379.98,0.0,55930.51,19.0,9,1,0,0,9,0,0.0,0.0,21.0,21.4,22.8,24.07,18.4,-0.4,-1.27
CP004,Accessories,Emerald,Unisex,11,5,30.2,2369.9,0.4,68746.75,24.2,10,0,0,0,9,2,29.0,26.5,23.0,22.0,21.93,22.33,24.6,1.0,-0.4
CP004,Accessories,Emerald,Unisex,12,5,30.8,2072.22,0.5,61646.33,23.6,8,1,6,0,9,5,27.0,20.83,30.2,26.6,24.73,24.17,26.6,3.6,0.57
CP004,Accessories,Emerald,Women,1,5,5.6,2688.49,0.0,16865.78,4.4,3,0,0,10,9,0,6.0,6.0,9.0,6.8,6.47,4.97,4.8,2.2,1.5
CP004,Accessories,Emerald,Women,2,5,3.0,2670.02,0.0,7789.62,2.4,2,1,0,0,8,0,0.0,0.0,5.6,6.7,6.0,5.17,2.4,-1.1,0.83
CP004,Accessories,Emerald,Women,3,4,2.5,2197.81,0.0,6750.93,2.25,2,0,0,0,8,0,0.0,0.0,3.0,4.5,4.58,4.5,2.0,-1.5,0.08
CP004,Accessories,Emerald,Women,4,5,10.6,3145.46,0.0,33893.54,8.2,3,2,9,0,9,2,19.0,15.75,2.6,2.9,4.67,4.67,6.8,-0.3,0.0
CP004,Accessories,Emerald,Women,5,5,7.2,3549.69,0.0,27053.71,5.8,2,2,1,0,9,1,5.0,4.5,10.6,6.6,5.47,5.17,8.4,4.0,0.3
CP004,Accessories,Emerald,Women,6,5,8.2,2630.07,0.0,26200.29,6.4,3,1,0,0,9,0,0.0,0.0,7.2,8.9,6.8,5.4,4.8,-1.7,1.4
CP004,Accessories,Emerald,Women,7,4,4.0,2606.51,0.0,10604.33,3.25,2,0,0,0,9,0,10.0,10.0,7.5,7.75,9.0,6.42,3.5,-0.25,2.58
CP004,Accessories,Emerald,Women,8,5,4.8,2748.93,0.0,14469.75,3.4,2,0,0,21,9,0,4.0,4.0,5.4,6.1,6.67,6.4,5.4,-0.7,0.27
CP004,Accessories,Emerald,Women,9,5,4.6,2211.94,0.0,10886.3,3.4,2,0,0,5,8,0,0.0,0.0,4.8,5.1,5.67,6.23,3.0,-0.3,-0.57
CP004,Accessories,Emerald,Women,10,5,6.2,2852.92,0.0,19802.39,5.0,3,1,0,0,9,0,0.0,0.0,4.6,4.7,4.93,6.53,5.0,-0.1,-1.6
CP004,Accessories,Emerald,Women,11,5,5.6,3092.93,0.0,19592.98,4.4,3,0,0,0,9,0,4.0,4.0,6.2,5.4,5.2,5.93,4.2,0.8,-0.73
CP004,Accessories,Emerald,Women,12,5,10.6,3010.71,1.0,35922.27,8.0,3,1,6,0,9,1,13.0,13.0,5.6,5.9,5.47,5.57,6.8,-0.3,-0.1
CP004,Accessories,Hustle,Men,1,5,12.2,2755.68,0.43,31396.37,9.8,6,0,0,10,9,1,7.0,7.0,11.6,9.5,9.67,8.6,10.0,2.1,1.07
CP004,Accessories,Hustle,Men,2,5,13.6,2545.64,0.0,31727.95,11.0,6,1,0,0,8,0,0.0,0.0,12.2,11.2,9.93,9.27,9.0,1.0,0.67
CP004,Accessories,Hustle,Men,3,5,12.8,2975.02,0.0,37805.12,10.8,6,0,0,0,9,0,0.0,0.0,13.6,12.9,11.27,9.8,8.6,0.7,1.47
CP004,Accessories,Hustle,Men,4,5,16.6,2822.88,0.44,43129.1,13.4,7,2,9,0,9,1,18.0,16.33,12.8,13.2,12.87,10.2,12.4,-0.4,2.67
CP004,Accessories,Hustle,Men,5,5,12.0,2464.69,0.0,26828.67,9.2,5,2,1,0,9,1,8.0,8.0,16.6,14.7,14.33,10.73,9.8,1.9,3.6
CP004,Accessories,Hustle,Men,6,5,10.0,3113.62,0.0,29207.74,8.2,5,1,0,0,9,0,0.0,0.0,12.0,14.3,13.8,11.2,9.0,-2.3,2.6
CP004,Accessories,Hustle,Men,7,5,10.0,2794.79,0.0,25323.51,8.6,5,0,0,0,9,1,16.0,15.5,10.0,11.0,12.87,12.87,6.8,-1.0,0.0
CP004,Accessories,Hustle,Men,8,5,9.6,3222.02,0.0,29764.35,8.0,5,0,0,21,9,2,15.0,14.0,10.0,10.0,10.67,12.5,8.2,0.0,-1.83
CP004,Accessories,Hustle,Men,9,5,9.2,2964.51,0.0,26650.36,7.0,4,0,0,5,8,0,0.0,0.0,9.6,9.8,9.87,11.83,7.6,-0.2,-1.97
CP004,Accessories,Hustle,Men,10,5,12.4,2865.79,0.0,34020.19,10.6,6,1,0,0,9,0,0.0,0.0,9.2,9.4,9.6,11.23,10.0,-0.2,-1.63
CP004,Accessories,Hustle,Men,11,5,9.2,2581.66,0.0,22136.38,7.4,5,0,0,0,9,1,15.0,13.5,12.4,10.8,10.4,10.53,7.4,1.6,-0.13
CP004,Accessories,Hustle,Men,12,5,16.8,2747.75,0.0,44403.16,13.4,6,1,6,0,9,2,21.0,18.5,9.2,10.8,10.27,10.07,11.6,-1.6,0.2
CP004,Accessories,Hustle,Unisex,1,5,12.2,2557.35,0.0,31375.38,10.4,5,0,0,10,9,1,9.0,7.83,8.4,8.3,7.53,7.1,9.4,0.1,0.43
CP004,Accessories,Hustle,Unisex,2,5,10.2,2831.91,0.0,27885.7,9.2,5,1,0,0,8,0,0.0,0.0,12.2,8.7,8.53,7.67,9.2,3.5,0.87
CP004,Accessories,Hustle,Unisex,3,5,10.4,2502.44,0.0,26625.57,9.8,5,0,0,0,9,0,0.0,0.0,10.2,11.2,8.67,8.1,9.0,-1.0,0.57
CP004,Accessories,Hustle,Unisex,4,5,7.6,2721.07,0.0,20130.24,6.2,4,2,9,0,9,1,14.0,12.0,10.4,10.3,10.93,8.27,5.4,0.1,2.67
CP004,Accessories,Hustle,Unisex,5,5,8.4,2745.43,0.5,22963.29,6.6,4,2,1,0,9,1,7.0,7.0,7.6,9.0,9.4,8.4,6.8,-1.4,1.0
CP004,Accessories,Hustle,Unisex,6,5,10.0,2932.83,0.0,27522.93,8.4,4,1,0,0,9,0,0.0,0.0,8.4,8.0,8.8,8.1,8.2,0.4,0.7
CP004,Accessories,Hustle,Unisex,7,5,7.6,2951.43,0.0,22010.18,7.0,4,0,0,0,9,1,4.0,2.67,10.0,9.2,8.67,9.8,5.6,0.8,-1.13
CP004,Accessories,Hustle,Unisex,8,5,8.8,2497.0,0.0,22965.11,8.2,5,0,0,21,9,1,13.0,12.5,7.6,8.8,8.67,9.03,6.0,-1.2,-0.37
CP004,Accessories,Hustle,Unisex,9,5,12.2,2591.51,0.0,32071.61,9.8,5,0,0,5,8,0,0.0,0.0,8.8,8.2,8.8,8.8,8.4,0.6,-0.0
CP004,Accessories,Hustle,Unisex,10,5,7.4,2321.97,0.0,18390.08,6.2,4,1,0,0,9,0,0.0,0.0,12.2,10.5,9.53,9.1,6.0,1.7,0.43
CP004,Accessories,Hustle,Unisex,11,5,11.6,2647.52,0.0,30647.72,9.6,5,0,0,0,9,1,18.0,15.5,7.4,9.8,9.47,9.07,8.2,-2.4,0.4
CP004,Accessories,Hustle,Unisex,12,5,11.8,2787.47,0.88,30530.85,9.8,4,1,6,0,9,3,25.0,22.08,11.6,9.5,10.4,9.6,8.4,2.1,0.8
CP004,Accessories,Hustle,Women,1,5,17.4,2786.27,0.11,54908.89,16.4,9,0,0,10,9,2,11.0,9.9,10.4,10.4,11.0,11.43,14.4,0.0,-0.43
CP004,Accessories,Hustle,Women,2,5,16.8,2963.46,0.0,58519.59,14.4,8,1,0,0,8,0,0.0,0.0,17.4,11.9,11.4,11.63,13.4,5.5,-0.23
CP004,Accessories,Hustle,Women,3,5,17.0,2920.66,0.0,55933.76,15.4,8,0,0,0,9,0,0.0,0.0,16.8,17.1,12.2,11.47,13.2,-0.3,0.73
CP004,Accessories,Hustle,Women,4,5,18.6,2826.99,0.0,59588.47,15.8,7,2,9,0,9,2,17.0,12.83,17.0,16.9,17.07,12.27,14.6,0.1,4.8
CP004,Accessories,Hustle,Women,5,5,17.0,2844.33,0.0,54615.63,15.2,8,2,1,0,9,1,5.0,4.33,18.6,17.8,17.47,12.67,14.4,0.8,4.8
CP004,Accessories,Hustle,Women,6,5,13.0,2498.88,0.0,37704.44,12.4,7,1,0,0,9,0,0.0,0.0,17.0,17.8,17.53,13.37,10.4,-0.8,4.17
CP004,Accessories,Hustle,Women,7,5,15.8,2835.65,0.25,51844.95,13.8,8,0,0,0,9,3,19.0,16.3,13.0,15.0,16.2,16.63,12.2,-2.0,-0.43
CP004,Accessories,Hustle,Women,8,5,16.2,2967.76,0.0,55623.09,14.4,8,0,0,21,9,2,16.0,14.53,15.8,14.4,15.27,16.37,13.8,1.4,-1.1
CP004,Accessories,Hustle,Women,9,5,12.0,2812.09,0.0,40445.94,10.0,7,0,0,5,8,0,0.0,0.0,16.2,16.0,15.0,16.27,9.6,0.2,-1.27
CP004,Accessories,Hustle,Women,10,5,15.2,2939.83,0.0,53644.56,12.8,7,1,0,0,9,0,0.0,0.0,12.0,14.1,14.67,15.43,12.2,-2.1,-0.77
CP004,Accessories,Hustle,Women,11,5,13.2,2838.26,0.0,41060.63,11.8,6,0,0,0,9,1,12.0,11.33,15.2,13.6,14.47,14.87,10.4,1.6,-0.4
CP004,Accessories,Hustle,Women,12,5,14.2,2871.29,0.38,41879.2,11.6,7,1,6,0,9,4,27.0,21.92,13.2,14.2,13.47,14.23,10.4,-1.0,-0.77
CP004,Accessories,King Street,Men,1,5,12.2,3175.85,0.5,41446.39,10.2,7,0,0,10,9,2,10.0,9.0,14.6,14.0,13.27,12.23,10.2,0.6,1.03
CP004,Accessories,King Street,Men,2,5,13.8,2762.02,0.0,41217.07,11.0,5,1,0,0,8,0,0.0,0.0,12.2,11.7,12.27,11.97,10.6,0.5,0.3
CP004,Accessories,King Street,Men,3,5,11.0,3326.53,0.0,39625.86,8.8,5,0,0,0,9,0,0.0,0.0,13.8,13.0,12.07,11.8,10.0,0.8,0.27
CP004,Accessories,King Street,Men,4,5,13.0,3015.55,0.0,38122.67,10.4,6,2,9,0,9,2,19.0,14.33,11.0,12.4,12.33,11.73,11.0,-1.4,0.6
CP004,Accessories,King Street,Men,5,5,17.6,2758.29,0.0,48611.9,13.8,7,2,1,0,9,2,12.0,11.25,13.0,12.0,12.6,11.8,11.4,1.0,0.8
CP004,Accessories,King Street,Men,6,5,11.8,3069.47,0.0,36740.83,9.2,6,1,0,0,9,0,0.0,0.0,17.6,15.3,13.87,12.13,9.6,2.3,1.73
CP004,Accessories,King Street,Men,7,5,13.0,3144.36,0.0,40439.6,10.8,6,0,0,0,9,1,14.0,12.0,11.8,14.7,14.13,13.23,10.4,-2.9,0.9
CP004,Accessories,King Street,Men,8,5,18.4,2885.53,0.31,53197.4,14.2,7,0,0,21,9,2,18.0,16.4,13.0,12.4,14.13,13.37,13.8,0.6,0.77
CP004,Accessories,King Street,Men,9,5,12.2,2945.76,0.0,36162.1,9.8,6,0,0,5,8,0,0.0,0.0,18.4,15.7,14.4,14.13,9.4,2.7,0.27
CP004,Accessories,King Street,Men,10,5,15.2,3088.16,0.0,48578.73,12.0,7,1,0,0,9,0,0.0,0.0,12.2,15.3,14.53,14.33,11.8,-3.1,0.2
CP004,Accessories,King Street,Men,11,5,17.0,2942.75,0.0,50541.84,14.2,7,0,0,0,9,1,17.0,15.5,15.2,13.7,15.27,14.7,13.4,1.5,0.57
CP004,Accessories,King Street,Men,12,5,20.8,2936.87,0.56,64247.92,15.4,7,1,6,0,9,3,26.0,22.67,17.0,16.1,14.8,14.6,14.6,0.9,0.2
CP004,Accessories,King Street,Unisex,1,5,6.6,2722.33,0.6,17917.89,5.2,3,0,0,10,9,1,8.0,8.0,3.2,4.1,3.93,4.57,4.2,-0.9,-0.63
CP004,Accessories,King Street,Unisex,2,5,6.0,2737.76,0.0,16947.5,4.4,3,1,0,0,8,0,0.0,0.0,6.6,4.5,4.67,4.97,3.8,2.1,-0.3
CP004,Accessories,King Street,Unisex,3,4,6.25,2932.65,0.0,17753.53,5.5,2,0,0,0,9,0,0.0,0.0,6.75,7.0,6.0,6.08,7.0,-0.25,-0.08
CP004,Accessories,King Street,Unisex,4,5,7.4,2730.11,0.0,20235.75,5.2,2,2,9,0,9,1,9.0,8.5,5.6,5.9,5.4,4.67,4.4,-0.3,0.73
CP004,Accessories,King Street,Unisex,5,5,4.2,2620.74,0.0,11519.7,3.2,2,2,1,0,9,1,7.0,7.0,7.4,6.5,6.4,5.0,4.8,0.9,1.4
CP004,Accessories,King Street,Unisex,6,5,5.0,2789.44,0.0,14071.16,4.0,2,1,0,0,9,0,0.0,0.0,4.2,5.8,5.73,4.8,2.8,-1.6,0.93
CP004,Accessories,King Street,Unisex,7,5,4.4,2610.58,0.0,11716.24,3.4,2,0,0,0,9,0,2.0,2.0,5.0,4.6,5.53,4.87,3.4,0.4,0.67
CP004,Accessories,King Street,Unisex,8,5,6.4,2668.38,0.0,18261.26,5.2,2,0,0,21,9,0,5.0,5.0,4.4,4.7,4.53,5.47,6.0,-0.3,-0.93
CP004,Accessories,King Street,Unisex,9,5,6.6,2674.1,0.0,18530.48,5.2,3,0,0,5,8,0,0.0,0.0,6.4,5.4,5.27,5.5,6.2,1.0,-0.23
CP004,Accessories,King Street,Unisex,10,5,4.4,2817.56,0.0,12675.68,3.4,2,1,0,0,9,0,0.0,0.0,6.6,6.5,5.8,5.67,3.6,0.1,0.13
CP004,Accessories,King Street,Unisex,11,5,6.0,2597.01,0.0,15739.82,5.4,2,0,0,0,9,0,9.0,9.0,4.4,5.5,5.8,5.17,5.0,-1.1,0.63
CP004,Accessories,King Street,Unisex,12,4,6.25,2584.92,1.25,17123.62,4.75,2,1,6,0,9,2,21.25,18.96,6.75,5.38,5.67,5.12,4.0,1.38,0.54
CP004,Accessories,King Street,Women,1,5,8.0,3207.88,0.0,26256.45,6.6,4,0,0,10,9,1,7.0,7.0,10.6,10.9,10.67,9.1,6.4,-0.3,1.57
CP004,Accessories,King Street,Women,2,5,11.6,3351.64,0.0,42771.72,9.8,4,1,0,0,8,0,0.0,0.0,8.0,8.4,9.33,9.07,7.6,-0.4,0.27
CP004,Accessories,King Street,Women,3,5,9.6,3212.34,0.0,32440.39,7.8,4,0,0,0,9,0,0.0,0.0,11.6,9.8,8.93,9.57,6.4,1.8,-0.63
CP004,Accessories,King Street,Women,4,5,11.2,3150.52,0.0,37154.47,9.4,4,2,9,0,9,2,22.0,17.5,9.6,10.6,9.73,9.37,9.4,-1.0,0.37
CP004,Accessories,King Street,Women,5,5,12.2,3124.52,0.0,40200.47,9.4,5,2,1,0,9,1,9.0,9.0,11.2,10.4,10.8,9.3,10.2,0.8,1.5
CP004,Accessories,King Street,Women,6,5,11.4,3176.38,0.0,38549.57,9.6,5,1,0,0,9,0,0.0,0.0,12.2,11.7,11.0,9.37,9.2,0.5,1.63
CP004,Accessories,King Street,Women,7,5,8.0,3569.82,0.0,29889.17,6.4,4,0,0,0,9,1,7.0,6.5,11.4,11.8,11.6,10.67,6.4,-0.4,0.93
CP004,Accessories,King Street,Women,8,5,9.0,3307.37,0.38,31263.37,7.2,5,0,0,21,9,1,11.0,10.0,8.0,9.7,10.53,10.67,7.0,-1.7,-0.13
CP004,Accessories,King Street,Women,9,5,12.0,3179.18,0.0,42259.91,9.0,4,0,0,5,8,0,0.0,0.0,9.0,8.5,9.47,10.23,9.2,0.5,-0.77
CP004,Accessories,King Street,Women,10,5,12.2,3144.11,0.0,40782.11,10.8,6,1,0,0,9,0,0.0,0.0,12.0,10.5,9.67,10.63,10.2,1.5,-0.97
CP004,Accessories,King Street,Women,11,5,12.4,3082.52,0.67,40951.37,9.8,5,0,0,0,9,1,9.0,9.0,12.2,12.1,11.07,10.8,11.2,0.1,0.27
CP004,Accessories,King Street,Women,12,5,13.0,3063.4,0.27,41955.96,11.0,5,1,6,0,9,3,26.0,21.35,12.4,12.3,12.2,10.83,10.6,0.1,1.37
CP004,Accessories,Libera,Men,1,5,1.8,306.58,0.0,551.84,1.8,1,0,0,10,9,0,0.0,0.0,1.4,1.2,1.47,1.43,1.8,0.2,0.03
CP004,Accessories,Libera,Men,2,3,1.33,306.58,0.0,408.77,1.33,1,1,0,0,8,0,0.0,0.0,1.67,1.17,1.0,1.06,0.33,0.5,-0.06
CP004,Accessories,Libera,Men,3,2,1.5,306.58,0.0,459.87,1.5,1,0,0,0,9,0,0.0,0.0,1.5,1.5,0.83,0.83,1.0,0.0,0.0
CP004,Accessories,Libera,Men,4,3,2.67,306.58,0.0,817.55,2.67,1,2,9,0,9,0,6.67,6.67,1.67,1.5,1.56,1.33,0.67,0.17,0.22
CP004,Accessories,Libera,Men,5,2,1.5,306.58,0.0,459.87,1.5,1,2,1,0,8,0,7.5,7.5,1.0,1.5,1.67,1.83,1.0,-0.5,-0.17
CP004,Accessories,Libera,Men,6,4,1.75,306.58,0.0,536.52,1.75,1,1,0,0,8,0,0.0,0.0,2.5,1.88,1.75,1.46,0.75,0.62,0.29
CP004,Accessories,Libera,Men,7,4,1.25,306.58,0.0,383.22,1.25,1,0,0,0,9,1,10.0,9.38,2.0,1.88,1.58,1.21,1.5,0.12,0.38
CP004,Accessories,Libera,Men,8,3,2.0,306.58,0.0,613.16,2.0,1,0,0,21,9,0,0.0,0.0,1.33,1.67,1.67,1.61,1.33,-0.33,0.06
CP004,Accessories,Libera,Men,9,3,1.33,306.58,0.0,408.77,1.33,1,0,0,5,8,0,0.0,0.0,1.67,1.67,1.78,1.67,0.67,0.0,0.11
CP004,Accessories,Libera,Men,10,3,2.33,306.58,0.0,715.35,2.33,1,1,0,0,8,0,0.0,0.0,1.33,2.0,1.89,1.72,2.0,-0.67,0.17
CP004,Accessories,Libera,Men,11,3,1.33,306.58,0.0,408.77,1.33,1,0,0,0,9,0,10.0,10.0,2.33,2.0,1.89,1.72,1.33,0.33,0.17
CP004,Accessories,Libera,Men,12,2,2.0,306.58,0.0,613.16,2.0,1,1,6,0,8,0,15.0,15.0,1.0,1.25,1.5,1.42,1.0,-0.25,0.08
CP004,Accessories,Libera,Unisex,1,5,7.0,2920.65,0.0,20356.95,7.0,4,0,0,10,9,1,11.0,11.0,6.0,6.8,6.73,5.6,6.0,-0.8,1.13
CP004,Accessories,Libera,Unisex,2,5,6.2,2712.93,0.0,16814.41,6.2,4,1,0,0,8,0,0.0,0.0,7.0,5.4,6.13,5.57,4.8,1.6,0.57
CP004,Accessories,Libera,Unisex,3,5,6.0,2925.48,0.0,17051.15,6.0,4,0,0,0,9,0,0.0,0.0,6.2,6.6,5.27,5.83,5.0,-0.4,-0.57
CP004,Accessories,Libera,Unisex,4,5,6.6,2448.42,0.0,15910.72,6.2,4,2,9,0,9,1,13.0,13.0,6.0,6.1,6.4,5.87,5.6,-0.1,0.53
CP004,Accessories,Libera,Unisex,5,5,6.6,2462.74,0.9,16052.21,6.6,4,2,1,0,9,1,6.0,6.0,6.6,6.3,6.27,5.67,5.8,0.3,0.6
CP004,Accessories,Libera,Unisex,6,5,4.4,2990.91,0.0,12594.16,4.4,3,1,0,0,9,0,0.0,0.0,6.6,6.6,6.4,5.17,3.8,0.0,1.23
CP004,Accessories,Libera,Unisex,7,5,6.4,2315.37,0.0,14453.83,6.4,4,0,0,0,9,1,8.0,8.0,4.4,5.5,5.87,6.13,5.0,-1.1,-0.27
CP004,Accessories,Libera,Unisex,8,5,5.0,2753.97,0.0,14129.33,5.0,3,0,0,21,9,1,10.0,8.5,6.4,5.4,5.8,6.03,3.4,1.0,-0.23
CP004,Accessories,Libera,Unisex,9,5,5.6,2245.92,0.0,13731.35,5.6,4,0,0,5,8,0,0.0,0.0,5.0,5.7,5.27,5.83,5.0,-0.7,-0.57
CP004,Accessories,Libera,Unisex,10,5,7.8,2223.8,0.0,17550.23,7.8,4,1,0,0,9,0,0.0,0.0,5.6,5.3,5.67,5.77,6.6,0.3,-0.1
CP004,Accessories,Libera,Unisex,11,5,9.2,2675.95,0.0,23239.06,9.2,5,0,0,0,9,1,12.0,11.33,7.8,6.7,6.13,5.97,7.6,1.1,0.17
CP004,Accessories,Libera,Unisex,12,5,7.0,2674.87,0.0,17553.34,6.6,4,1,6,0,9,2,26.0,21.17,9.2,8.5,7.53,6.4,6.0,0.7,1.13
CP004,Accessories,Libera,Women,1,5,8.0,2727.8,0.0,22116.68,6.6,4,0,0,10,9,0,6.0,6.0,8.0,8.4,7.6,6.83,7.8,-0.4,0.77
CP004,Accessories,Libera,Women,2,5,7.4,2691.26,0.0,20079.09,5.8,4,1,0,0,8,0,0.0,0.0,8.0,7.1,7.67,6.27,6.4,0.9,1.4
CP004,Accessories,Libera,Women,3,5,8.2,3027.82,0.0,26620.29,6.2,4,0,0,0,9,0,0.0,0.0,7.4,7.7,6.53,6.33,6.4,-0.3,0.2
CP004,Accessories,Libera,Women,4,5,6.8,2989.89,0.0,21296.33,5.6,3,2,9,0,9,1,9.0,9.0,8.2,7.8,7.87,6.77,5.8,0.4,1.1
CP004,Accessories,Libera,Women,5,5,8.2,2874.23,0.0,24273.36,7.0,4,2,1,0,9,2,9.0,8.5,6.8,7.5,7.47,6.73,6.2,-0.7,0.73
CP004,Accessories,Libera,Women,6,5,8.8,2928.7,0.0,26662.28,6.8,4,1,0,0,9,0,0.0,0.0,8.2,7.5,7.73,6.33,6.6,0.7,1.4
CP004,Accessories,Libera,Women,7,5,11.2,2685.95,0.57,32318.35,9.6,5,0,0,0,9,1,8.0,7.0,8.8,8.5,7.93,7.9,9.6,0.3,0.03
CP004,Accessories,Libera,Women,8,5,5.8,2769.63,0.0,17481.42,5.0,3,0,0,21,9,1,14.0,12.33,11.2,10.0,9.4,8.43,5.0,1.2,0.97
CP004,Accessories,Libera,Women,9,5,5.8,2794.0,0.0,16731.5,4.6,3,0,0,5,8,0,0.0,0.0,5.8,8.5,8.6,8.17,3.6,-2.7,0.43
CP004,Accessories,Libera,Women,10,5,7.6,2772.86,0.0,21952.54,5.8,4,1,0,0,9,0,0.0,0.0,5.8,5.8,7.6,7.77,6.0,0.0,-0.17
CP004,Accessories,Libera,Women,11,5,10.2,2838.94,0.0,31656.38,8.6,4,0,0,0,9,1,17.0,16.0,7.6,6.7,6.4,7.9,8.8,0.9,-1.5
CP004,Accessories,Libera,Women,12,5,10.8,2711.15,0.67,30069.35,9.2,4,1,6,0,9,3,24.0,18.17,10.2,8.9,7.87,8.23,8.0,1.3,-0.37
CP004,Accessories,Miss Modano,Men,1,5,21.2,2065.33,0.0,43630.47,16.8,7,0,0,10,9,2,13.0,12.5,20.2,19.4,18.6,18.4,15.8,0.8,0.2
CP004,Accessories,Miss Modano,Men,2,5,24.0,2489.63,0.0,56639.62,19.4,7,1,0,0,8,0,0.0,0.0,21.2,17.6,17.93,17.4,18.8,3.6,0.53
CP004,Accessories,Miss Modano,Men,3,5,24.0,2322.2,0.0,52427.89,19.6,7,0,0,0,9,0,0.0,0.0,24.0,22.6,18.67,17.5,18.8,1.4,1.17
CP004,Accessories,Miss Modano,Men,4,5,24.0,2580.23,0.0,55209.6,18.4,7,2,9,0,9,1,12.0,10.75,24.0,24.0,23.07,18.77,20.8,0.0,4.3
CP004,Accessories,Miss Modano,Men,5,5,17.6,1870.53,0.0,34453.1,13.8,6,2,1,0,9,0,4.0,4.0,24.0,24.0,24.0,19.13,13.4,0.0,4.87
CP004,Accessories,Miss Modano,Men,6,5,19.0,2355.4,0.0,43130.13,15.6,8,1,0,0,9,0,0.0,0.0,17.6,20.8,21.87,18.2,15.0,-3.2,3.67
CP004,Accessories,Miss Modano,Men,7,5,25.0,2326.92,0.0,57678.09,19.4,8,0,0,0,9,2,13.0,12.0,19.0,18.3,20.2,21.63,21.0,0.7,-1.43
CP004,Accessories,Miss Modano,Men,8,5,24.6,2300.83,0.0,55029.94,18.2,8,0,0,21,9,1,15.0,14.0,25.0,22.0,20.53,22.27,20.2,3.0,-1.73
CP004,Accessories,Miss Modano,Men,9,5,19.4,2134.41,0.0,37760.64,14.4,6,0,0,5,8,0,0.0,0.0,24.6,24.8,22.87,22.37,13.4,-0.2,0.5
CP004,Accessories,Miss Modano,Men,10,5,22.2,2425.5,0.0,50501.17,18.2,7,1,0,0,9,0,0.0,0.0,19.4,22.0,23.0,21.6,17.0,-2.6,1.4
CP004,Accessories,Miss Modano,Men,11,5,24.8,2209.85,0.0,53018.43,20.2,7,0,0,0,9,2,21.0,19.25,22.2,20.8,22.07,21.3,18.6,1.4,0.77
CP004,Accessories,Miss Modano,Men,12,5,27.6,2351.5,0.0,60997.28,21.8,7,1,6,0,9,4,26.0,22.68,24.8,23.5,22.13,22.5,20.2,1.3,-0.37
CP004,Accessories,Miss Modano,Unisex,1,5,12.2,2633.12,0.0,29104.59,11.0,7,0,0,10,9,3,13.0,11.4,11.8,12.7,11.27,11.17,9.0,-0.9,0.1
CP004,Accessories,Miss Modano,Unisex,2,5,11.4,2475.38,0.0,27239.61,10.4,6,1,0,0,8,0,0.0,0.0,12.2,10.7,11.67,11.0,8.8,1.5,0.67
CP004,Accessories,Miss Modano,Unisex,3,5,14.0,2822.45,0.0,37763.34,13.4,8,0,0,0,9,0,0.0,0.0,11.4,11.8,10.13,10.33,10.0,-0.4,-0.2
CP004,Accessories,Miss Modano,Unisex,4,5,15.2,2893.67,0.74,38727.37,13.2,7,2,9,0,9,1,14.0,12.17,14.0,12.7,12.53,10.7,11.0,1.3,1.83
CP004,Accessories,Miss Modano,Unisex,5,5,10.4,2501.9,0.0,23924.61,9.8,7,2,1,0,9,2,14.0,13.33,15.2,14.6,13.53,11.33,7.6,0.6,2.2
CP004,Accessories,Miss Modano,Unisex,6,5,13.8,2709.86,0.0,35283.41,12.8,8,1,0,0,9,0,0.0,0.0,10.4,12.8,13.2,10.27,10.6,-2.4,2.93
CP004,Accessories,Miss Modano,Unisex,7,5,13.0,2994.04,0.0,34232.82,12.2,7,0,0,0,9,2,12.0,11.0,13.8,12.1,13.13,12.83,10.6,1.7,0.3
CP004,Accessories,Miss Modano,Unisex,8,5,15.8,2523.7,0.0,35977.3,14.2,8,0,0,21,9,1,10.0,9.0,13.0,13.4,12.4,12.97,13.0,-0.4,-0.57
CP004,Accessories,Miss Modano,Unisex,9,5,13.2,2594.61,0.0,31892.37,12.6,7,0,0,5,8,0,0.0,0.0,15.8,14.4,14.2,13.7,9.6,1.4,0.5
CP004,Accessories,Miss Modano,Unisex,10,5,13.8,2898.49,0.0,36076.88,12.6,7,1,0,0,9,0,0.0,0.0,13.2,14.5,14.0,13.57,8.4,-1.3,0.43
CP004,Accessories,Miss Modano,Unisex,11,5,15.6,2932.71,0.0,42294.37,14.4,8,0,0,0,9,0,10.0,10.0,13.8,13.5,14.27,13.33,13.6,0.3,0.93
CP004,Accessories,Miss Modano,Unisex,12,5,13.8,2884.32,0.0,38570.19,11.4,7,1,6,0,9,3,28.0,24.1,15.6,14.7,14.2,14.2,11.8,0.9,-0.0
CP004,Accessories,Miss Modano,Women,1,5,8.0,2434.98,0.0,17256.67,7.0,3,0,0,10,9,1,9.0,8.67,14.0,10.0,9.6,9.57,6.8,4.0,0.03
CP004,Accessories,Miss Modano,Women,2,5,9.6,2403.49,0.0,21460.59,8.0,5,1,0,0,8,0,0.0,0.0,8.0,10.0,8.67,8.6,8.0,-2.0,0.07
CP004,Accessories,Miss Modano,Women,3,5,10.8,1740.23,0.0,19974.14,9.8,4,0,0,0,9,0,0.0,0.0,9.6,8.8,9.2,8.3,10.0,0.8,0.9
CP004,Accessories,Miss Modano,Women,4,5,14.0,2177.2,0.0,25826.32,11.8,5,2,9,0,9,2,19.0,16.17,10.8,10.2,9.47,8.23,10.6,0.6,1.23
CP004,Accessories,Miss Modano,Women,5,5,11.4,2365.51,0.0,23512.68,9.2,5,2,1,0,9,1,5.0,5.0,14.0,12.4,11.47,8.67,8.8,1.6,2.8
CP004,Accessories,Miss Modano,Women,6,5,10.0,2055.56,0.0,18656.31,8.6,4,1,0,0,9,0,0.0,0.0,11.4,12.7,12.07,9.17,6.8,-1.3,2.9
CP004,Accessories,Miss Modano,Women,7,5,15.4,1856.38,0.0,26600.89,11.8,5,0,0,0,9,1,4.0,4.0,10.0,10.7,11.8,10.63,11.8,-0.7,1.17
CP004,Accessories,Miss Modano,Women,8,5,10.6,2341.45,0.3,21258.74,8.6,5,0,0,21,9,1,8.0,7.5,15.4,12.7,12.27,11.87,9.4,2.7,0.4
CP004,Accessories,Miss Modano,Women,9,5,8.2,2110.18,0.0,17597.03,6.2,4,0,0,5,8,0,0.0,0.0,10.6,13.0,12.0,12.03,7.4,-2.4,-0.03
CP004,Accessories,Miss Modano,Women,10,5,10.0,2844.68,0.0,26478.48,7.6,4,1,0,0,9,0,0.0,0.0,8.2,9.4,11.4,11.6,8.8,-1.2,-0.2
CP004,Accessories,Miss Modano,Women,11,5,7.8,2492.7,0.0,19362.23,6.6,4,0,0,0,9,1,14.0,14.0,10.0,9.1,9.6,10.93,6.0,0.9,-1.33
CP004,Accessories,Miss Modano,Women,12,5,18.0,2098.14,0.0,35224.9,14.2,5,1,6,0,9,1,17.0,15.67,7.8,8.9,8.67,10.33,14.0,-1.1,-1.67
CP004,Accessories,Modano,Men,1,5,5.4,3353.58,0.29,18532.51,5.4,3,0,0,10,9,1,7.0,7.0,10.2,8.1,8.0,6.27,3.6,2.1,1.73
CP004,Accessories,Modano,Men,2,4,8.25,3386.54,0.0,30721.78,7.0,3,1,0,0,8,0,0.0,0.0,5.5,7.38,7.0,6.08,7.25,-1.88,0.92
CP004,Accessories,Modano,Men,3,5,7.2,3430.15,0.0,26066.29,6.4,3,0,0,0,9,0,0.0,0.0,7.6,6.6,6.67,6.37,4.4,1.0,0.3
CP004,Accessories,Modano,Men,4,5,9.8,3360.84,0.43,34446.77,8.2,3,2,9,0,9,1,16.0,15.5,7.2,7.4,6.8,6.63,7.8,-0.2,0.17
CP004,Accessories,Modano,Men,5,5,8.0,3450.93,0.0,29001.72,7.2,4,2,1,0,9,0,6.0,6.0,9.8,8.5,8.2,6.87,5.0,1.3,1.33
CP004,Accessories,Modano,Men,6,5,5.8,3231.43,0.0,20044.27,5.2,3,1,0,0,9,0,0.0,0.0,8.0,8.9,8.33,6.9,3.8,-0.9,1.43
CP004,Accessories,Modano,Men,7,5,6.8,3426.72,0.0,24495.29,5.8,3,0,0,0,9,1,10.0,8.5,5.8,6.9,7.87,7.33,5.4,-1.1,0.53
CP004,Accessories,Modano,Men,8,5,5.2,3344.83,0.0,17746.43,4.6,3,0,0,21,9,1,8.0,7.0,6.8,6.3,6.87,7.53,4.4,0.5,-0.67
CP004,Accessories,Modano,Men,9,5,6.2,3356.51,0.0,21366.8,6.2,3,0,0,5,8,0,0.0,0.0,5.2,6.0,5.93,7.13,4.2,-0.8,-1.2
CP004,Accessories,Modano,Men,10,4,9.5,3581.79,0.0,35615.19,8.5,4,1,0,0,9,0,0.0,0.0,6.0,5.38,5.92,7.17,9.0,0.62,-1.25
CP004,Accessories,Modano,Men,11,5,7.0,3366.95,0.0,24304.67,6.4,3,0,0,0,9,1,15.0,14.25,9.0,7.6,6.73,6.8,6.8,1.4,-0.07
CP004,Accessories,Modano,Men,12,5,11.8,3528.55,1.25,43770.6,10.4,4,1,6,0,9,1,12.0,10.5,7.0,8.0,7.4,6.6,10.0,-1.0,0.8
CP004,Accessories,Modano,Unisex,1,5,4.6,2420.31,0.0,12300.8,4.4,3,0,0,10,9,1,10.0,10.0,7.0,6.1,5.33,4.63,3.6,0.9,0.7
CP004,Accessories,Modano,Unisex,2,5,5.2,2596.86,0.0,15104.14,4.6,3,1,0,0,8,0,0.0,0.0,4.6,5.4,5.33,4.53,3.6,-0.8,0.8
CP004,Accessories,Modano,Unisex,3,5,4.6,2248.82,0.0,12245.13,4.4,2,0,0,0,9,0,0.0,0.0,5.2,4.9,5.27,4.57,4.2,0.3,0.7
CP004,Accessories,Modano,Unisex,4,5,7.4,2872.91,1.67,23832.28,5.6,4,2,9,0,9,1,19.0,18.0,4.6,4.9,4.8,4.7,6.6,-0.3,0.1
CP004,Accessories,Modano,Unisex,5,5,5.8,2582.78,0.0,16167.56,5.4,3,2,1,0,9,1,6.0,5.5,7.4,6.0,5.73,5.03,5.0,1.4,0.7
CP004,Accessories,Modano,Unisex,6,5,5.0,2805.06,0.0,15071.64,4.6,3,1,0,0,9,0,0.0,0.0,5.8,6.6,5.93,4.87,4.6,-0.8,1.07
CP004,Accessories,Modano,Unisex,7,5,6.4,2478.0,0.0,18103.18,5.6,3,0,0,0,9,2,17.0,15.5,5.0,5.4,6.07,5.43,4.4,-0.4,0.63
CP004,Accessories,Modano,Unisex,8,5,5.6,2894.8,0.0,17015.18,5.2,3,0,0,21,9,1,11.0,10.0,6.4,5.7,5.73,5.73,4.8,0.7,0.0
CP004,Accessories,Modano,Unisex,9,5,3.0,2063.68,0.0,7442.57,2.6,2,0,0,5,8,0,0.0,0.0,5.6,6.0,5.67,5.8,2.6,-0.4,-0.13
CP004,Accessories,Modano,Unisex,10,5,4.8,2933.4,0.0,13936.5,4.6,3,1,0,0,9,0,0.0,0.0,3.0,4.3,5.0,5.53,3.8,-1.3,-0.53
CP004,Accessories,Modano,Unisex,11,5,5.6,2465.19,0.0,17021.55,5.0,3,0,0,0,9,1,10.0,9.0,4.8,3.9,4.47,5.1,5.2,0.9,-0.63
CP004,Accessories,Modano,Unisex,12,5,8.4,2679.95,1.2,27128.56,7.4,4,1,6,0,9,2,19.0,17.75,5.6,5.2,4.47,5.07,7.0,0.4,-0.6
CP004,Accessories,Modano,Women,1,5,8.6,2079.26,0.0,18512.18,7.6,5,0,0,10,9,1,6.0,5.5,6.4,6.4,6.33,7.17,6.6,0.0,-0.83
CP004,Accessories,Modano,Women,2,5,8.0,1945.8,0.0,16945.43,7.4,5,1,0,0,8,0,0.0,0.0,8.6,6.9,6.73,7.17,6.0,1.7,-0.43
CP004,Accessories,Modano,Women,3,5,7.8,2131.39,0.0,17913.15,7.0,4,0,0,0,9,0,0.0,0.0,8.0,8.3,6.53,6.6,4.4,-0.3,-0.07
CP004,Accessories,Modano,Women,4,5,6.8,2097.49,0.5,15376.13,6.2,4,2,9,0,9,2,14.0,9.9,7.8,7.9,8.13,6.33,6.2,-0.1,1.8
CP004,Accessories,Modano,Women,5,5,10.0,2200.36,0.18,22361.39,9.6,4,2,1,0,9,1,9.0,7.83,6.8,7.3,7.53,6.17,7.4,-0.5,1.37
CP004,Accessories,Modano,Women,6,5,7.4,2167.78,0.0,16065.49,7.0,4,1,0,0,9,0,0.0,0.0,10.0,8.4,8.2,6.47,6.6,1.6,1.73
CP004,Accessories,Modano,Women,7,5,9.2,2564.24,0.0,24046.07,9.0,5,0,0,0,9,2,18.0,17.5,7.4,8.7,8.07,8.1,7.4,-1.3,-0.03
CP004,Accessories,Modano,Women,8,5,10.6,2137.59,0.0,23036.8,9.8,6,0,0,21,9,1,10.0,10.0,9.2,8.3,8.87,8.2,9.2,0.9,0.67
CP004,Accessories,Modano,Women,9,5,10.8,2214.67,0.0,23498.36,10.2,6,0,0,5,8,0,0.0,0.0,10.6,9.9,9.07,8.63,7.4,0.7,0.43
CP004,Accessories,Modano,Women,10,5,8.2,2104.06,0.0,18292.36,7.2,4,1,0,0,9,0,0.0,0.0,10.8,10.7,10.2,9.13,6.2,0.1,1.07
CP004,Accessories,Modano,Women,11,5,8.4,2217.22,0.56,19187.82,7.4,5,0,0,0,9,1,18.0,18.0,8.2,9.5,9.87,9.37,6.4,-1.3,0.5
CP004,Accessories,Modano,Women,12,5,8.4,2452.73,0.0,20649.98,6.8,4,1,6,0,9,1,23.0,20.0,8.4,8.3,9.13,9.1,6.4,0.1,0.03
CP004,Footwear,Emerald,Kids,1,5,48.6,8164.72,0.19,411915.9,38.2,13,0,0,10,9,2,13.0,12.1,36.4,36.3,38.0,36.67,41.2,0.1,1.33
CP004,Footwear,Emerald,Kids,2,5,43.0,8051.92,0.0,349769.24,32.0,12,1,0,0,8,0,0.0,0.0,48.6,36.3,36.27,37.17,32.8,12.3,-0.9
CP004,Footwear,Emerald,Kids,3,5,48.6,7645.27,0.0,386061.05,38.2,13,0,0,0,9,0,0.0,0.0,43.0,45.8,36.0,37.33,38.8,-2.8,-1.33
CP004,Footwear,Emerald,Kids,4,5,47.6,7477.66,0.0,387973.65,39.8,12,2,9,0,9,5,22.0,15.96,48.6,45.8,46.73,37.47,36.0,2.8,9.27
CP004,Footwear,Emerald,Kids,5,5,51.2,7853.96,0.0,430183.16,39.6,15,2,1,0,9,2,15.0,13.33,47.6,48.1,46.4,36.9,40.0,-0.5,9.5
CP004,Footwear,Emerald,Kids,6,5,35.8,7679.08,0.0,295447.54,28.2,12,1,0,0,9,0,0.0,0.0,51.2,49.4,49.13,37.47,27.8,1.8,11.67
CP004,Footwear,Emerald,Kids,7,5,43.6,7529.86,0.44,342264.83,33.8,14,0,0,0,9,4,20.0,15.68,35.8,43.5,44.87,45.8,33.2,-7.7,-0.93
CP004,Footwear,Emerald,Kids,8,5,44.4,8063.76,0.18,381835.61,35.0,13,0,0,21,9,4,18.0,16.5,43.6,39.7,43.53,44.97,34.4,3.9,-1.43
CP004,Footwear,Emerald,Kids,9,5,49.6,8034.61,0.0,430606.79,38.8,13,0,0,5,8,0,0.0,0.0,44.4,44.0,41.27,45.2,38.4,0.4,-3.93
CP004,Footwear,Emerald,Kids,10,5,50.2,7540.11,0.0,388939.38,39.0,14,1,0,0,9,0,0.0,0.0,49.6,47.0,45.87,45.37,41.4,2.6,0.5
CP004,Footwear,Emerald,Kids,11,5,46.2,7730.29,0.29,383227.74,36.2,12,0,0,0,9,2,24.0,21.5,50.2,49.9,48.07,45.8,36.2,0.3,2.27
CP004,Footwear,Emerald,Kids,12,5,44.2,7648.13,0.25,352524.42,35.6,13,1,6,0,9,6,28.0,22.16,46.2,48.2,48.67,44.97,36.4,-2.0,3.7
CP004,Footwear,Emerald,Men,1,5,13.6,5349.18,0.0,55038.32,11.2,4,0,0,10,9,1,9.0,9.0,10.8,10.3,9.6,9.87,9.0,0.5,-0.27
CP004,Footwear,Emerald,Men,2,5,9.8,5081.11,0.0,37725.74,7.6,4,1,0,0,8,0,0.0,0.0,13.6,11.4,10.87,10.03,8.6,2.2,0.83
CP004,Footwear,Emerald,Men,3,5,15.4,5264.12,0.0,65196.42,12.4,4,0,0,0,9,0,0.0,0.0,9.8,11.7,10.07,9.47,12.2,-1.9,0.6
CP004,Footwear,Emerald,Men,4,5,19.2,5699.74,0.0,79935.39,15.8,5,2,9,0,9,1,11.0,9.5,15.4,12.6,12.93,10.23,11.6,2.8,2.7
CP004,Footwear,Emerald,Men,5,5,15.6,6255.35,0.25,73532.17,12.0,4,2,1,0,9,1,11.0,10.5,19.2,17.3,14.8,11.97,9.2,1.9,2.83
CP004,Footwear,Emerald,Men,6,5,9.2,6605.67,0.0,53430.69,7.4,4,1,0,0,9,0,0.0,0.0,15.6,17.4,16.73,12.67,6.2,-1.8,4.07
CP004,Footwear,Emerald,Men,7,5,16.2,4316.78,0.38,50979.96,12.8,5,0,0,0,9,1,14.0,13.33,9.2,12.4,14.67,13.8,11.0,-3.2,0.87
CP004,Footwear,Emerald,Men,8,5,13.4,3729.77,0.0,39362.71,10.6,4,0,0,21,9,1,7.0,7.0,16.2,12.7,13.67,14.23,10.8,3.5,-0.57
CP004,Footwear,Emerald,Men,9,5,12.0,4582.94,0.0,42099.14,9.2,4,0,0,5,8,0,0.0,0.0,13.4,14.8,12.93,14.83,8.6,-1.4,-1.9
CP004,Footwear,Emerald,Men,10,5,10.2,6380.59,0.0,50947.3,8.2,4,1,0,0,9,0,0.0,0.0,12.0,12.7,13.87,14.27,8.2,-0.7,-0.4
CP004,Footwear,Emerald,Men,11,5,11.8,5402.29,0.0,45849.05,8.8,4,0,0,0,9,1,21.0,21.0,10.2,11.1,11.87,12.77,9.8,-0.9,-0.9
CP004,Footwear,Emerald,Men,12,5,13.2,5865.66,0.0,57564.42,10.6,4,1,6,0,9,3,25.0,22.17,11.8,11.0,11.33,12.13,10.8,0.8,-0.8
CP004,Footwear,Emerald,Unisex,1,5,11.4,8715.0,0.0,94754.13,8.2,4,0,0,10,9,1,13.0,12.5,11.4,10.9,14.07,12.73,8.0,0.5,1.33
CP004,Footwear,Emerald,Unisex,2,5,19.2,6114.81,0.0,128705.9,13.6,5,1,0,0,8,0,0.0,0.0,11.4,11.2,10.93,12.93,16.0,0.2,-2.0
CP004,Footwear,Emerald,Unisex,3,5,22.2,6481.22,0.0,155951.49,16.2,6,0,0,0,9,0,0.0,0.0,19.2,15.3,12.8,13.5,16.0,3.9,-0.7
CP004,Footwear,Emerald,Unisex,4,5,19.2,6981.68,0.0,138277.58,13.4,5,2,9,0,9,1,11.0,11.0,22.2,20.7,17.6,14.93,15.0,1.5,2.67
CP004,Footwear,Emerald,Unisex,5,5,17.4,6978.09,0.0,123533.09,12.8,4,2,1,0,9,0,5.0,5.0,19.2,20.7,20.2,14.17,12.2,-1.5,6.03
CP004,Footwear,Emerald,Unisex,6,5,15.8,6590.62,0.0,114163.35,12.0,5,1,0,0,9,0,0.0,0.0,17.4,18.3,19.6,14.87,11.2,-0.9,4.73
CP004,Footwear,Emerald,Unisex,7,5,14.8,5721.11,0.0,94745.78,10.4,4,0,0,0,9,0,3.0,2.5,15.8,16.6,17.47,17.53,9.8,-0.8,-0.07
CP004,Footwear,Emerald,Unisex,8,5,14.8,5728.81,0.0,95345.35,11.2,5,0,0,21,9,2,10.0,8.58,14.8,15.3,16.0,18.1,12.6,-0.5,-2.1
CP004,Footwear,Emerald,Unisex,9,5,17.0,6346.71,0.0,116592.42,12.6,4,0,0,5,8,0,0.0,0.0,14.8,14.8,15.13,17.37,11.8,0.0,-2.23
CP004,Footwear,Emerald,Unisex,10,5,25.4,6543.59,0.0,178772.04,19.0,6,1,0,0,9,0,0.0,0.0,17.0,15.9,15.53,16.5,20.4,1.1,-0.97
CP004,Footwear,Emerald,Unisex,11,5,13.2,7193.88,0.0,95802.91,9.2,5,0,0,0,9,1,14.0,14.0,25.4,21.2,19.07,17.53,10.4,4.2,1.53
CP004,Footwear,Emerald,Unisex,12,5,13.4,6042.59,0.0,86536.44,9.6,5,1,6,0,9,2,25.0,22.67,13.2,19.3,18.53,16.83,11.4,-6.1,1.7
CP004,Footwear,Emerald,Women,1,5,34.2,7784.58,0.0,263900.9,26.4,8,0,0,10,9,2,11.0,10.5,28.8,29.0,28.2,25.07,27.2,-0.2,3.13
CP004,Footwear,Emerald,Women,2,5,29.2,8064.98,0.0,228696.61,23.0,7,1,0,0,8,0,0.0,0.0,34.2,29.2,29.2,26.2,22.0,5.0,3.0
CP004,Footwear,Emerald,Women,3,5,35.4,7479.72,0.0,271054.83,27.8,8,0,0,0,9,0,0.0,0.0,29.2,31.7,26.73,26.03,29.2,-2.5,0.7
CP004,Footwear,Emerald,Women,4,5,37.2,7289.46,0.0,269063.14,28.6,7,2,9,0,9,2,20.0,16.17,35.4,32.3,32.93,27.67,30.6,3.1,5.27
CP004,Footwear,Emerald,Women,5,5,30.6,7200.33,0.0,232792.7,22.6,8,2,1,0,9,1,10.0,10.0,37.2,36.3,33.93,28.23,22.2,0.9,5.7
CP004,Footwear,Emerald,Women,6,5,36.8,7787.43,0.0,295771.98,29.2,9,1,0,0,9,0,0.0,0.0,30.6,33.9,34.4,27.53,28.2,-3.3,6.87
CP004,Footwear,Emerald,Women,7,5,27.8,6945.11,0.0,193107.5,22.0,7,0,0,0,9,2,15.0,14.07,36.8,33.7,34.87,33.9,22.8,3.1,0.97
CP004,Footwear,Emerald,Women,8,5,30.2,6657.73,0.25,199140.21,24.8,7,0,0,21,9,2,14.0,12.0,27.8,32.3,31.73,32.83,22.8,-4.5,-1.1
CP004,Footwear,Emerald,Women,9,5,31.2,6891.48,0.0,225381.32,24.6,7,0,0,5,8,0,0.0,0.0,30.2,29.0,31.6,33.0,20.2,1.2,-1.4
CP004,Footwear,Emerald,Women,10,5,35.0,7307.89,0.0,259553.86,25.4,8,1,0,0,9,0,0.0,0.0,31.2,30.7,29.73,32.3,26.6,0.5,-2.57
CP004,Footwear,Emerald,Women,11,5,39.0,7568.83,0.0,299748.14,32.0,9,0,0,0,9,2,21.0,19.0,35.0,33.1,32.13,31.93,29.2,1.9,0.2
CP004,Footwear,Emerald,Women,12,5,41.0,7712.94,0.36,318924.14,32.6,8,1,6,0,9,4,30.0,23.63,39.0,37.0,35.07,33.33,28.8,2.0,1.73
CP004,Footwear,Hustle,Kids,1,5,22.4,7881.47,0.0,151605.89,17.2,7,0,0,10,9,2,14.0,12.75,19.2,16.3,16.27,17.67,15.0,2.9,-1.4
CP004,Footwear,Hustle,Kids,2,5,21.2,8159.45,0.0,155085.98,16.6,6,1,0,0,8,0,0.0,0.0,22.4,17.9,16.4,18.43,17.0,4.5,-2.03
CP004,Footwear,Hustle,Kids,3,5,18.8,7313.89,0.0,126574.23,15.0,5,0,0,0,9,0,0.0,0.0,21.2,21.8,17.33,16.77,13.0,-0.6,0.57
CP004,Footwear,Hustle,Kids,4,5,21.4,6299.09,0.0,122924.14,15.0,6,2,9,0,9,1,18.0,17.0,18.8,20.0,20.8,16.13,17.2,-1.2,4.67
CP004,Footwear,Hustle,Kids,5,5,22.0,6575.47,0.0,130135.78,17.0,7,2,1,0,9,1,10.0,10.0,21.4,20.1,20.47,16.33,17.6,1.3,4.13
CP004,Footwear,Hustle,Kids,6,5,20.4,6736.18,0.0,125740.36,16.2,7,1,0,0,9,0,0.0,0.0,22.0,21.7,20.73,17.23,17.4,0.3,3.5
CP004,Footwear,Hustle,Kids,7,5,16.6,6336.35,0.0,99472.72,12.6,6,0,0,0,9,2,17.0,14.5,20.4,21.2,21.27,21.03,12.0,-0.8,0.23
CP004,Footwear,Hustle,Kids,8,5,31.2,6474.38,0.1,177579.35,25.2,8,0,0,21,9,2,9.0,7.33,16.6,18.5,19.67,20.07,26.2,-1.9,-0.4
CP004,Footwear,Hustle,Kids,9,5,20.2,7232.31,0.0,128228.04,16.8,6,0,0,5,8,0,0.0,0.0,31.2,23.9,22.73,21.73,19.0,7.3,1.0
CP004,Footwear,Hustle,Kids,10,5,20.2,7518.43,0.0,130060.16,15.6,7,1,0,0,9,0,0.0,0.0,20.2,25.7,22.67,21.97,16.2,-5.5,0.7
CP004,Footwear,Hustle,Kids,11,5,19.0,6895.64,0.0,123685.27,14.6,6,0,0,0,9,1,22.0,20.0,20.2,20.2,23.87,21.77,13.4,0.0,2.1
CP004,Footwear,Hustle,Kids,12,5,20.8,7939.06,0.0,143292.82,16.4,7,1,6,0,9,4,28.0,22.75,19.0,19.6,19.8,21.27,19.2,-0.6,-1.47
CP004,Footwear,Hustle,Men,1,5,27.6,4956.58,0.0,132374.03,21.2,9,0,0,10,9,2,10.0,9.17,20.0,19.8,20.53,18.0,21.2,0.2,2.53
CP004,Footwear,Hustle,Men,2,5,21.0,5191.67,0.0,103376.54,15.4,8,1,0,0,8,0,0.0,0.0,27.6,21.0,20.53,18.93,16.6,6.6,1.6
CP004,Footwear,Hustle,Men,3,5,22.6,5206.63,0.0,111816.47,16.8,8,0,0,0,9,0,0.0,0.0,21.0,24.3,19.33,19.6,16.6,-3.3,-0.27
CP004,Footwear,Hustle,Men,4,5,26.2,6641.33,0.0,162389.89,19.0,7,2,9,0,9,2,18.0,15.07,22.6,21.8,23.73,19.63,20.0,0.8,4.1
CP004,Footwear,Hustle,Men,5,5,24.0,5461.43,0.11,120802.84,19.0,9,2,1,0,9,1,3.0,2.67,26.2,24.4,23.27,19.73,19.4,1.8,3.53
CP004,Footwear,Hustle,Men,6,5,19.6,4952.3,0.0,94562.19,16.6,8,1,0,0,9,0,0.0,0.0,24.0,25.1,24.27,19.43,16.8,-1.1,4.83
CP004,Footwear,Hustle,Men,7,5,21.2,6011.43,0.13,117157.32,15.6,8,0,0,0,9,3,15.0,13.17,19.6,21.8,23.27,23.5,16.4,-2.2,-0.23
CP004,Footwear,Hustle,Men,8,5,15.0,4730.63,0.0,73194.74,12.4,7,0,0,21,9,2,16.0,13.58,21.2,20.4,21.6,22.43,12.0,0.8,-0.83
CP004,Footwear,Hustle,Men,9,5,21.0,5612.71,0.0,115435.48,16.2,8,0,0,5,8,0,0.0,0.0,15.0,18.1,18.6,21.43,18.0,-3.1,-2.83
CP004,Footwear,Hustle,Men,10,5,27.0,5060.98,0.0,127733.87,21.8,9,1,0,0,9,0,0.0,0.0,21.0,18.0,19.07,21.17,22.0,3.0,-2.1
CP004,Footwear,Hustle,Men,11,5,23.8,5641.42,0.0,127988.45,18.8,8,0,0,0,9,2,19.0,17.83,27.0,24.0,21.0,21.3,19.6,3.0,-0.3
CP004,Footwear,Hustle,Men,12,5,26.4,5792.68,0.0,141231.23,20.6,7,1,6,0,9,4,29.0,25.22,23.8,25.4,23.93,21.27,20.0,-1.6,2.67
CP004,Footwear,Hustle,Unisex,1,5,6.0,5511.68,0.0,37885.14,5.2,2,0,0,10,9,1,5.0,4.5,4.4,4.3,4.0,3.73,3.6,0.1,0.27
CP004,Footwear,Hustle,Unisex,2,5,5.6,6064.27,0.0,36339.62,4.2,3,1,0,0,8,0,0.0,0.0,6.0,4.5,4.4,3.97,4.8,1.5,0.43
CP004,Footwear,Hustle,Unisex,3,5,6.2,6736.52,0.0,34827.22,5.0,3,0,0,0,9,0,0.0,0.0,5.6,5.8,4.4,4.1,5.8,-0.2,0.3
CP004,Footwear,Hustle,Unisex,4,5,7.8,6137.89,0.0,52712.59,6.0,3,2,9,0,9,1,15.0,15.0,6.2,5.9,5.93,4.13,5.6,0.3,1.8
CP004,Footwear,Hustle,Unisex,5,5,6.8,6742.61,0.0,54276.79,5.6,3,2,1,0,9,1,6.0,6.0,7.8,7.0,6.53,4.53,4.0,0.8,2.0
CP004,Footwear,Hustle,Unisex,6,5,4.2,5277.84,0.0,24876.8,3.2,2,1,0,0,9,0,0.0,0.0,6.8,7.3,6.93,4.9,4.6,-0.5,2.03
CP004,Footwear,Hustle,Unisex,7,5,4.4,8766.86,0.0,35493.25,3.6,2,0,0,0,9,0,2.0,2.0,4.2,5.5,6.27,6.1,3.2,-1.3,0.17
CP004,Footwear,Hustle,Unisex,8,5,5.4,6299.68,0.0,34488.48,5.0,3,0,0,21,9,1,10.0,10.0,4.4,4.3,5.13,5.83,3.4,0.1,-0.7
CP004,Footwear,Hustle,Unisex,9,5,3.8,6171.84,0.0,25972.71,3.0,2,0,0,5,8,0,0.0,0.0,5.4,4.9,4.67,5.8,3.8,0.5,-1.13
CP004,Footwear,Hustle,Unisex,10,5,4.4,8437.93,0.0,37456.89,3.8,3,1,0,0,9,0,0.0,0.0,3.8,4.6,4.53,5.4,3.4,-0.8,-0.87
CP004,Footwear,Hustle,Unisex,11,4,4.75,5661.1,0.0,34895.52,3.5,2,0,0,0,9,1,12.5,12.5,4.5,4.25,4.33,4.46,4.75,0.25,-0.12
CP004,Footwear,Hustle,Unisex,12,5,5.0,6861.85,0.0,37241.52,4.0,3,1,6,0,9,2,19.0,17.0,4.6,4.4,4.6,4.7,4.0,0.2,-0.1
CP004,Footwear,Hustle,Women,1,5,18.6,5085.7,0.0,86563.47,14.8,4,0,0,10,9,0,5.0,5.0,16.6,15.9,15.87,12.87,17.0,0.7,3.0
CP004,Footwear,Hustle,Women,2,5,18.0,5796.92,0.0,94368.03,15.0,5,1,0,0,8,0,0.0,0.0,18.6,15.9,15.67,13.57,14.6,2.7,2.1
CP004,Footwear,Hustle,Women,3,5,13.0,4730.0,0.0,57253.36,10.6,4,0,0,0,9,0,0.0,0.0,18.0,18.3,15.4,14.4,10.2,-0.3,1.0
CP004,Footwear,Hustle,Women,4,5,15.8,5809.24,0.0,81241.76,11.6,4,2,9,0,9,1,7.0,6.0,13.0,15.5,16.53,14.53,12.4,-2.5,2.0
CP004,Footwear,Hustle,Women,5,5,19.8,5268.45,0.0,95793.35,15.2,5,2,1,0,9,1,8.0,8.0,15.8,14.4,15.6,14.23,16.4,1.4,1.37
CP004,Footwear,Hustle,Women,6,5,14.6,6166.55,0.0,81236.98,11.6,5,1,0,0,9,0,0.0,0.0,19.8,17.8,16.2,14.37,10.8,2.0,1.83
CP004,Footwear,Hustle,Women,7,5,13.8,4617.85,0.0,61226.84,11.8,4,0,0,0,9,1,8.0,6.5,14.6,17.2,16.73,16.63,11.0,-2.6,0.1
CP004,Footwear,Hustle,Women,8,5,10.4,5782.41,0.0,54165.39,8.4,3,0,0,21,9,1,12.0,10.5,13.8,14.2,16.07,15.83,9.4,-0.4,0.23
CP004,Footwear,Hustle,Women,9,5,12.8,6035.16,0.0,68815.85,9.8,4,0,0,5,8,0,0.0,0.0,10.4,12.1,12.93,14.57,9.2,-1.7,-1.63
CP004,Footwear,Hustle,Women,10,5,19.0,5842.35,0.0,98325.02,15.0,5,1,0,0,9,0,0.0,0.0,12.8,11.6,12.33,14.53,15.8,1.2,-2.2
CP004,Footwear,Hustle,Women,11,5,20.6,6161.04,0.0,112011.9,15.6,5,0,0,0,9,1,16.0,14.5,19.0,15.9,14.07,15.07,15.2,3.1,-1.0
CP004,Footwear,Hustle,Women,12,5,18.8,5246.2,0.0,98156.57,15.6,5,1,6,0,9,3,27.0,21.97,20.6,19.8,17.47,15.2,16.6,0.8,2.27
CP004,Footwear,King Street,Kids,1,5,16.4,6118.55,0.23,106115.02,14.0,7,0,0,10,9,2,12.0,10.67,14.2,12.5,11.6,11.23,13.0,1.7,0.37
CP004,Footwear,King Street,Kids,2,5,12.8,6026.96,0.0,87238.38,10.6,7,1,0,0,8,0,0.0,0.0,16.4,13.7,12.73,11.47,9.4,2.7,1.27
CP004,Footwear,King Street,Kids,3,5,12.6,4920.66,0.0,71702.26,10.4,7,0,0,0,9,0,0.0,0.0,12.8,14.6,13.07,11.27,9.6,-1.8,1.8
CP004,Footwear,King Street,Kids,4,5,19.2,4893.55,0.0,115959.94,16.2,8,2,9,0,9,1,14.0,13.67,12.6,12.7,13.93,11.83,15.4,-0.1,2.1
CP004,Footwear,King Street,Kids,5,5,14.2,5740.42,0.0,90236.14,12.4,7,2,1,0,9,1,9.0,7.83,19.2,15.9,14.87,12.8,11.4,3.3,2.07
CP004,Footwear,King Street,Kids,6,5,15.4,5688.87,0.0,99684.42,13.6,8,1,0,0,9,0,0.0,0.0,14.2,16.7,15.33,12.67,13.2,-2.5,2.67
CP004,Footwear,King Street,Kids,7,5,16.0,5646.94,0.0,98342.42,14.2,7,0,0,0,9,1,11.0,9.5,15.4,14.8,16.27,15.1,11.8,0.6,1.17
CP004,Footwear,King Street,Kids,8,5,18.2,5031.39,0.0,99711.2,14.4,8,0,0,21,9,1,9.0,8.0,16.0,15.7,15.2,15.03,13.0,0.3,0.17
CP004,Footwear,King Street,Kids,9,5,12.4,6572.52,0.0,89760.04,10.8,6,0,0,5,8,0,0.0,0.0,18.2,17.1,16.53,15.93,7.8,1.1,0.6
CP004,Footwear,King Street,Kids,10,5,14.8,5768.25,0.0,95746.23,12.8,7,1,0,0,9,0,0.0,0.0,12.4,15.3,15.53,15.9,9.8,-2.9,-0.37
CP004,Footwear,King Street,Kids,11,5,14.2,6101.3,0.0,96195.34,11.4,6,0,0,0,9,1,19.0,19.0,14.8,13.6,15.13,15.17,10.8,1.2,-0.03
CP004,Footwear,King Street,Kids,12,5,19.2,6265.49,0.0,133150.17,14.2,7,1,6,0,9,3,27.0,21.35,14.2,14.5,13.8,15.17,14.2,-0.3,-1.37
CP004,Footwear,King Street,Men,1,5,7.4,6391.23,0.0,46461.06,6.4,4,0,0,10,9,1,7.0,7.0,6.6,7.3,6.53,5.83,4.2,-0.7,0.7
CP004,Footwear,King Street,Men,2,4,6.25,4944.67,0.0,36477.22,5.25,2,1,0,0,8,0,0.0,0.0,7.0,7.62,8.42,6.88,8.0,-0.62,1.54
CP004,Footwear,King Street,Men,3,5,9.4,6575.85,0.0,62487.55,7.6,4,0,0,0,9,0,0.0,0.0,6.8,5.3,5.73,5.7,8.4,1.5,0.03
CP004,Footwear,King Street,Men,4,5,13.4,6805.57,0.0,86746.7,11.4,3,2,9,0,9,1,11.0,11.0,9.4,8.1,5.2,5.87,11.0,1.3,-0.67
CP004,Footwear,King Street,Men,5,5,11.6,6591.08,0.0,74021.34,10.0,4,2,1,0,9,1,5.0,5.0,13.4,11.4,9.87,7.1,8.8,2.0,2.77
CP004,Footwear,King Street,Men,6,5,8.0,6381.75,0.0,53773.65,6.8,3,1,0,0,9,0,0.0,0.0,11.6,12.5,11.47,7.13,6.4,-0.9,4.33
CP004,Footwear,King Street,Men,7,5,9.4,6437.12,0.0,59980.34,8.8,3,0,0,0,9,1,13.0,12.33,8.0,9.8,11.0,7.1,7.6,-1.8,3.9
CP004,Footwear,King Street,Men,8,5,6.4,6294.56,0.5,40230.53,6.0,3,0,0,21,9,0,2.0,2.0,9.4,8.7,9.67,9.77,3.8,0.7,-0.1
CP004,Footwear,King Street,Men,9,5,5.2,6908.13,0.0,34514.35,4.6,2,0,0,5,8,0,0.0,0.0,6.4,7.9,7.93,9.7,4.0,-1.5,-1.77
CP004,Footwear,King Street,Men,10,5,6.0,5553.2,0.0,34763.77,5.4,3,1,0,0,9,0,0.0,0.0,5.2,5.8,7.0,9.0,5.0,-0.6,-2.0
CP004,Footwear,King Street,Men,11,5,9.4,6769.34,0.0,62881.66,8.2,4,0,0,0,9,1,20.0,19.5,6.0,5.6,5.87,7.77,8.0,0.4,-1.9
CP004,Footwear,King Street,Men,12,5,8.4,6673.12,0.0,57368.12,7.6,3,1,6,0,9,3,24.0,19.73,9.4,7.7,6.87,7.4,6.6,1.7,-0.53
CP004,Footwear,King Street,Unisex,1,5,3.6,8319.19,0.0,29508.93,3.6,3,0,0,10,9,1,7.0,6.5,4.6,3.4,3.33,3.2,2.6,1.2,0.13
CP004,Footwear,King Street,Unisex,2,5,4.0,7884.91,0.0,31612.92,4.0,2,1,0,0,8,0,0.0,0.0,3.6,4.0,3.4,3.2,3.6,-0.4,0.2
CP004,Footwear,King Street,Unisex,3,5,3.6,7317.81,0.0,26724.57,3.6,2,0,0,0,9,0,0.0,0.0,4.0,3.8,3.67,3.27,2.8,0.2,0.4
CP004,Footwear,King Street,Unisex,4,5,4.4,7299.58,0.0,31359.56,3.6,3,2,9,0,9,1,7.0,5.5,3.6,3.8,3.73,3.3,3.6,-0.2,0.43
CP004,Footwear,King Street,Unisex,5,5,3.6,8377.47,0.0,28419.1,3.4,2,2,1,0,9,0,5.0,5.0,4.4,4.0,4.0,3.37,3.2,0.4,0.63
CP004,Footwear,King Street,Unisex,6,5,3.4,7989.05,0.0,26712.48,3.2,3,1,0,0,9,0,0.0,0.0,3.6,4.0,3.87,3.43,3.0,-0.4,0.43
CP004,Footwear,King Street,Unisex,7,5,4.2,7461.92,0.0,32140.87,4.2,3,0,0,0,9,1,10.0,9.0,3.4,3.5,3.8,3.77,3.4,-0.1,0.03
CP004,Footwear,King Street,Unisex,8,5,3.0,7030.84,0.0,19791.44,2.8,2,0,0,21,9,0,4.0,4.0,4.2,3.8,3.73,3.87,2.6,0.4,-0.13
CP004,Footwear,King Street,Unisex,9,5,4.6,7385.82,0.0,33045.32,4.2,3,0,0,5,8,0,0.0,0.0,3.0,3.6,3.53,3.7,3.2,-0.6,-0.17
CP004,Footwear,King Street,Unisex,10,5,4.4,7598.68,0.0,33458.26,4.2,3,1,0,0,9,0,0.0,0.0,4.6,3.8,3.93,3.87,3.2,0.8,0.07
CP004,Footwear,King Street,Unisex,11,5,4.2,6818.68,0.0,29225.93,3.8,2,0,0,0,9,0,5.0,4.5,4.4,4.5,4.0,3.87,2.2,-0.1,0.13
CP004,Footwear,King Street,Unisex,12,5,7.4,7679.09,0.0,57919.26,5.6,3,1,6,0,9,1,20.0,18.83,4.2,4.3,4.4,3.97,4.6,-0.1,0.43
CP004,Footwear,King Street,Women,1,5,12.0,5270.55,0.0,62716.28,9.2,3,0,0,10,9,1,8.0,8.0,12.4,12.3,11.27,10.63,9.8,0.1,0.63
CP004,Footwear,King Street,Women,2,5,11.2,5699.77,0.0,65477.69,9.0,5,1,0,0,8,0,0.0,0.0,12.0,11.4,11.67,11.17,9.6,0.6,0.5
CP004,Footwear,King Street,Women,3,5,17.2,5347.64,0.0,90488.73,13.8,4,0,0,0,9,0,0.0,0.0,11.2,11.6,10.33,10.5,15.2,-0.4,-0.17
CP004,Footwear,King Street,Women,4,5,12.0,4971.61,0.0,68487.13,9.2,3,2,9,0,9,1,8.0,7.5,17.2,14.2,13.47,11.1,9.6,3.0,2.37
CP004,Footwear,King Street,Women,5,5,12.2,5389.69,0.0,68618.53,10.6,4,2,1,0,9,0,4.0,4.0,12.0,14.6,13.47,11.13,9.8,-2.6,2.33
CP004,Footwear,King Street,Women,6,5,14.0,5464.55,0.0,80735.1,10.4,4,1,0,0,9,0,0.0,0.0,12.2,12.1,13.8,10.83,12.4,0.1,2.97
CP004,Footwear,King Street,Women,7,5,10.0,5320.61,0.0,55899.83,8.4,4,0,0,0,9,1,12.0,11.0,14.0,13.1,12.73,13.1,7.2,0.9,-0.37
CP004,Footwear,King Street,Women,8,5,13.4,5262.61,0.0,74988.24,10.8,4,0,0,21,9,1,17.0,16.5,10.0,12.0,12.07,12.77,12.2,-2.0,-0.7
CP004,Footwear,King Street,Women,9,5,13.6,5350.72,0.0,72451.01,10.2,5,0,0,5,8,0,0.0,0.0,13.4,11.7,12.47,13.13,10.6,1.7,-0.67
CP004,Footwear,King Street,Women,10,5,10.2,3976.67,0.0,41484.67,7.8,3,1,0,0,9,0,0.0,0.0,13.6,13.5,12.33,12.53,9.2,0.1,-0.2
CP004,Footwear,King Street,Women,11,5,15.8,4563.28,0.0,73994.86,12.2,4,0,0,0,9,0,9.0,9.0,10.2,11.9,12.4,12.23,12.2,-1.7,0.17
CP004,Footwear,King Street,Women,12,5,14.0,5641.45,0.0,74283.94,10.4,4,1,6,0,9,2,16.0,13.5,15.8,13.0,13.2,12.83,12.4,2.8,0.37
CP004,Footwear,Libera,Kids,1,5,9.8,6897.15,0.0,71464.09,8.6,4,0,0,10,9,2,8.0,7.17,6.2,6.0,5.53,5.33,8.4,0.2,0.2
CP004,Footwear,Libera,Kids,2,5,7.4,8604.82,0.0,62019.33,6.0,4,1,0,0,8,0,0.0,0.0,9.8,6.7,6.4,5.8,6.4,3.1,0.6
CP004,Footwear,Libera,Kids,3,5,6.4,6869.96,0.0,44880.3,5.6,4,0,0,0,9,0,0.0,0.0,7.4,8.6,6.13,5.4,4.8,-1.2,0.73
CP004,Footwear,Libera,Kids,4,5,9.6,8205.58,0.36,78387.42,7.6,4,2,9,0,9,1,16.0,14.67,6.4,6.9,7.87,5.57,8.4,-0.5,2.3
CP004,Footwear,Libera,Kids,5,5,7.4,6556.27,0.0,49169.53,6.4,3,2,1,0,9,0,5.0,5.0,9.6,8.0,7.8,6.17,6.4,1.6,1.63
CP004,Footwear,Libera,Kids,6,5,3.6,7397.18,0.0,26099.48,3.2,2,1,0,0,9,0,0.0,0.0,7.4,8.5,7.8,6.1,2.8,-1.1,1.7
CP004,Footwear,Libera,Kids,7,5,5.2,6440.48,0.0,34829.3,5.0,3,0,0,0,9,1,9.0,8.5,3.6,5.5,6.87,7.37,4.4,-1.9,-0.5
CP004,Footwear,Libera,Kids,8,5,9.2,6418.49,0.0,57422.33,8.0,4,0,0,21,9,0,4.0,4.0,5.2,4.4,5.4,6.6,7.4,0.8,-1.2
CP004,Footwear,Libera,Kids,9,5,4.6,5680.31,0.0,27529.94,4.2,3,0,0,5,8,0,0.0,0.0,9.2,7.2,6.0,6.9,3.6,2.0,-0.9
CP004,Footwear,Libera,Kids,10,5,6.0,6352.21,0.0,40993.28,5.2,3,1,0,0,9,0,0.0,0.0,4.6,6.9,6.33,6.6,4.6,-2.3,-0.27
CP004,Footwear,Libera,Kids,11,5,6.4,6806.37,0.0,49034.95,6.2,3,0,0,0,9,0,8.0,8.0,6.0,5.3,6.6,6.0,5.8,0.7,0.6
CP004,Footwear,Libera,Kids,12,5,7.2,7264.91,1.0,57252.1,5.6,3,1,6,0,9,2,24.0,22.5,6.4,6.2,5.67,5.83,6.2,0.2,-0.17
CP004,Footwear,Libera,Men,1,5,6.2,6798.43,0.0,43239.57,5.0,2,0,0,10,9,0,3.0,3.0,9.0,7.4,6.33,6.13,5.0,1.6,0.2
CP004,Footwear,Libera,Men,2,5,6.2,7145.54,0.0,40994.28,5.2,2,1,0,0,8,0,0.0,0.0,6.2,6.7,6.4,5.63,5.6,-0.5,0.77
CP004,Footwear,Libera,Men,3,5,6.8,7447.44,0.0,50749.15,5.6,2,0,0,0,9,0,0.0,0.0,6.2,6.2,6.2,5.87,3.4,0.0,0.33
CP004,Footwear,Libera,Men,4,5,5.2,6873.79,0.0,34223.04,3.8,2,2,9,0,9,1,12.0,11.5,6.8,6.5,6.4,5.63,3.6,0.3,0.77
CP004,Footwear,Libera,Men,5,5,11.8,6818.33,0.0,77103.43,9.0,4,2,1,0,9,1,5.0,5.0,5.2,6.0,6.07,5.63,7.0,-0.8,0.43
CP004,Footwear,Libera,Men,6,5,6.2,7354.64,0.0,45259.16,5.0,3,1,0,0,9,0,0.0,0.0,11.8,8.5,7.93,6.33,6.6,3.3,1.6
CP004,Footwear,Libera,Men,7,4,7.5,6620.89,0.0,48661.75,6.25,2,0,0,0,9,0,5.0,5.0,6.75,9.62,8.17,7.17,9.25,-2.88,1.0
CP004,Footwear,Libera,Men,8,5,7.6,7481.63,0.0,50735.46,6.0,2,0,0,21,9,1,7.0,5.5,6.8,7.0,8.33,7.33,3.8,-0.2,1.0
CP004,Footwear,Libera,Men,9,5,4.8,7537.7,0.0,36585.56,4.0,2,0,0,5,8,0,0.0,0.0,7.6,7.2,7.2,7.43,6.6,0.4,-0.23
CP004,Footwear,Libera,Men,10,5,6.8,7775.37,0.0,53044.34,5.4,3,1,0,0,9,0,0.0,0.0,4.8,6.2,6.4,7.2,4.2,-1.4,-0.8
CP004,Footwear,Libera,Men,11,4,8.75,7190.56,0.0,63148.56,7.0,3,0,0,0,8,1,17.5,17.5,7.0,6.38,6.25,7.21,6.25,0.62,-0.96
CP004,Footwear,Libera,Men,12,5,10.8,7777.91,0.0,83410.65,8.6,3,1,6,0,9,1,12.0,11.5,8.2,7.0,7.13,7.13,7.4,1.2,0.0
CP004,Footwear,Libera,Unisex,1,5,6.6,3750.14,0.0,30456.61,5.6,3,0,0,10,9,1,7.0,7.0,6.0,6.0,5.4,4.93,4.8,0.0,0.47
CP004,Footwear,Libera,Unisex,2,4,4.75,2880.7,0.0,16484.04,4.0,3,1,0,0,8,0,0.0,0.0,5.0,4.38,4.83,4.33,5.5,0.62,0.5
CP004,Footwear,Libera,Unisex,3,5,5.4,2910.4,0.0,19217.04,4.6,3,0,0,0,9,0,0.0,0.0,6.4,6.0,5.0,5.0,5.6,0.4,-0.0
CP004,Footwear,Libera,Unisex,4,5,6.2,3240.72,0.0,24215.34,5.4,3,2,9,0,9,0,5.0,5.0,5.4,5.9,5.8,4.93,4.0,-0.5,0.87
CP004,Footwear,Libera,Unisex,5,5,6.4,4169.42,0.0,29283.63,5.4,3,2,1,0,9,0,6.0,6.0,6.2,5.8,6.0,5.1,4.8,0.4,0.9
CP004,Footwear,Libera,Unisex,6,5,5.6,4189.39,0.0,25035.77,5.0,3,1,0,0,9,0,0.0,0.0,6.4,6.3,6.0,5.0,3.8,0.1,1.0
CP004,Footwear,Libera,Unisex,7,4,6.75,3656.98,0.0,28501.82,5.75,3,0,0,0,9,1,5.0,4.17,4.75,5.38,5.33,5.92,4.75,-0.62,-0.58
CP004,Footwear,Libera,Unisex,8,5,4.8,3924.33,0.0,22031.39,4.2,2,0,0,21,9,1,11.0,11.0,7.2,6.3,6.47,6.0,4.4,0.9,0.47
CP004,Footwear,Libera,Unisex,9,5,6.6,3783.25,0.0,29195.07,5.4,3,0,0,5,8,0,0.0,0.0,4.8,6.0,5.8,5.7,3.6,-1.2,0.1
CP004,Footwear,Libera,Unisex,10,4,6.0,3898.13,0.0,24434.28,5.0,3,1,0,0,9,0,0.0,0.0,7.5,6.12,6.75,6.25,5.0,1.38,0.5
CP004,Footwear,Libera,Unisex,11,5,8.4,4398.0,0.0,41022.55,7.2,3,0,0,0,9,0,11.0,11.0,5.4,6.2,5.67,6.13,6.0,-0.8,-0.47
CP004,Footwear,Libera,Unisex,12,5,7.4,3973.96,1.67,34589.78,6.0,3,1,6,0,9,0,9.0,9.0,8.4,6.9,6.93,6.43,5.8,1.5,0.5
CP004,Footwear,Libera,Women,1,5,5.0,7884.79,0.0,38654.63,3.8,2,0,0,10,9,1,8.0,8.0,7.8,6.9,6.93,6.4,3.8,0.9,0.53
CP004,Footwear,Libera,Women,2,5,7.8,8042.07,0.0,64870.13,5.6,3,1,0,0,8,0,0.0,0.0,5.0,5.9,5.93,6.03,6.4,-0.9,-0.1
CP004,Footwear,Libera,Women,3,4,6.0,7560.63,0.0,50642.31,4.5,2,0,0,0,8,0,0.0,0.0,8.0,6.38,5.08,5.17,4.25,1.62,-0.08
CP004,Footwear,Libera,Women,4,5,13.2,6775.39,0.0,105462.31,10.6,3,2,9,0,9,2,16.0,13.5,6.2,6.9,6.73,5.9,11.4,-0.7,0.83
CP004,Footwear,Libera,Women,5,4,7.5,7487.9,0.0,58422.23,5.5,3,2,1,0,9,0,5.0,5.0,15.0,10.5,9.67,5.58,4.75,4.5,4.08
CP004,Footwear,Libera,Women,6,5,5.2,6367.9,0.0,35891.24,4.0,2,1,0,0,9,0,0.0,0.0,7.2,10.3,8.87,6.23,4.4,-3.1,2.63
CP004,Footwear,Libera,Women,7,5,8.2,6902.79,0.0,59375.02,6.0,3,0,0,0,9,1,10.0,9.5,5.2,6.2,8.6,7.7,6.8,-1.0,0.9
CP004,Footwear,Libera,Women,8,5,7.4,7302.48,0.0,60550.78,5.8,3,0,0,21,9,0,5.0,5.0,8.2,6.7,6.87,8.17,6.6,1.5,-1.3
CP004,Footwear,Libera,Women,9,5,6.8,6761.3,0.0,47807.44,4.6,3,0,0,5,8,0,0.0,0.0,7.4,7.8,6.93,7.9,4.0,-0.4,-0.97
CP004,Footwear,Libera,Women,10,5,8.2,7942.76,0.0,68290.67,6.2,3,1,0,0,9,0,0.0,0.0,6.8,7.1,7.47,8.03,7.0,-0.3,-0.57
CP004,Footwear,Libera,Women,11,5,8.8,7817.53,0.0,74974.81,6.2,3,0,0,0,9,0,9.0,9.0,8.2,7.5,7.47,7.17,7.0,0.7,0.3
CP004,Footwear,Libera,Women,12,5,9.8,7612.05,0.0,78397.99,7.6,2,1,6,0,9,1,13.0,11.5,8.8,8.5,7.93,7.43,6.4,0.3,0.5
CP004,Footwear,Miss Modano,Kids,1,5,14.0,7670.11,0.0,110187.18,11.0,4,0,0,10,9,1,7.0,6.5,17.0,15.5,15.13,14.33,11.4,1.5,0.8
CP004,Footwear,Miss Modano,Kids,2,5,18.6,6081.86,0.0,119414.3,14.8,5,1,0,0,8,0,0.0,0.0,14.0,14.6,14.4,14.63,16.8,-0.6,-0.23
CP004,Footwear,Miss Modano,Kids,3,5,17.2,6716.11,0.0,118326.16,13.2,6,0,0,0,9,0,0.0,0.0,18.6,16.3,14.47,13.23,13.0,2.3,1.23
CP004,Footwear,Miss Modano,Kids,4,5,19.8,7035.22,0.0,135431.86,15.6,5,2,9,0,9,2,20.0,19.5,17.2,17.9,16.6,14.43,14.0,-0.7,2.17
CP004,Footwear,Miss Modano,Kids,5,5,14.4,6671.53,0.0,100944.99,11.6,5,2,1,0,9,1,7.0,7.0,19.8,18.5,18.53,14.6,11.6,1.3,3.93
CP004,Footwear,Miss Modano,Kids,6,5,13.4,6314.1,0.0,87471.41,10.2,4,1,0,0,9,0,0.0,0.0,14.4,17.1,17.13,14.5,9.2,-2.7,2.63
CP004,Footwear,Miss Modano,Kids,7,5,14.2,6860.34,0.0,102176.17,11.4,5,0,0,0,9,0,6.0,6.0,13.4,13.9,15.87,16.23,10.4,-0.5,-0.37
CP004,Footwear,Miss Modano,Kids,8,5,24.0,6347.07,0.0,164253.15,17.6,5,0,0,21,9,1,8.0,7.5,14.2,13.8,14.0,16.27,22.6,0.4,-2.27
CP004,Footwear,Miss Modano,Kids,9,5,9.2,5916.35,0.0,59392.58,7.4,4,0,0,5,8,0,0.0,0.0,24.0,19.1,17.2,17.17,7.6,4.9,0.03
CP004,Footwear,Miss Modano,Kids,10,5,17.4,6952.51,0.0,129696.0,14.2,5,1,0,0,9,0,0.0,0.0,9.2,16.6,15.8,15.83,14.4,-7.4,-0.03
CP004,Footwear,Miss Modano,Kids,11,5,20.2,6504.42,0.0,138751.65,15.0,5,0,0,0,9,1,19.0,18.5,17.4,13.3,16.87,15.43,14.0,4.1,1.43
CP004,Footwear,Miss Modano,Kids,12,5,19.8,7042.8,0.0,139675.73,15.0,5,1,6,0,9,2,19.0,16.67,20.2,18.8,15.6,16.4,17.0,1.4,-0.8
CP004,Footwear,Miss Modano,Men,1,5,31.6,7118.31,0.0,200720.66,24.2,9,0,0,10,9,2,12.0,11.5,26.2,27.0,25.13,23.17,21.4,-0.8,1.97
CP004,Footwear,Miss Modano,Men,2,5,32.4,6436.54,0.0,191861.47,24.4,9,1,0,0,8,0,0.0,0.0,31.6,24.5,25.6,22.93,25.4,7.1,2.67
CP004,Footwear,Miss Modano,Men,3,5,28.2,6356.42,0.0,162013.84,21.6,8,0,0,0,9,0,0.0,0.0,32.4,32.0,24.47,23.53,24.2,0.4,0.93
CP004,Footwear,Miss Modano,Men,4,5,29.6,7442.22,0.0,199909.18,23.2,9,2,9,0,9,2,17.0,13.5,28.2,30.3,30.73,24.1,22.8,-2.1,6.63
CP004,Footwear,Miss Modano,Men,5,5,29.4,7241.48,0.0,199004.28,22.8,9,2,1,0,9,1,10.0,10.0,29.6,28.9,30.07,24.8,24.6,0.7,5.27
CP004,Footwear,Miss Modano,Men,6,5,27.0,6831.21,0.0,167058.12,21.4,9,1,0,0,9,0,0.0,0.0,29.4,29.5,29.07,24.4,20.8,-0.1,4.67
CP004,Footwear,Miss Modano,Men,7,5,31.6,7612.34,0.0,221004.5,24.4,10,0,0,0,9,3,17.0,15.75,27.0,28.2,28.67,29.7,24.2,-1.2,-1.03
CP004,Footwear,Miss Modano,Men,8,5,25.4,6916.3,0.0,158420.23,20.2,8,0,0,21,9,2,18.0,16.33,31.6,29.3,29.33,29.7,20.8,2.3,-0.37
CP004,Footwear,Miss Modano,Men,9,5,23.2,7060.28,0.0,148784.56,18.6,9,0,0,5,8,0,0.0,0.0,25.4,28.5,28.0,28.53,18.6,-3.1,-0.53
CP004,Footwear,Miss Modano,Men,10,5,25.2,7715.26,0.0,181689.58,20.0,9,1,0,0,9,0,0.0,0.0,23.2,24.3,26.73,27.7,21.4,-1.1,-0.97
CP004,Footwear,Miss Modano,Men,11,5,35.8,7791.57,0.0,261669.92,27.6,10,0,0,0,9,2,28.0,26.5,25.2,24.2,24.6,26.97,27.8,1.0,-2.37
CP004,Footwear,Miss Modano,Men,12,5,34.6,7282.9,0.0,232702.47,27.4,8,1,6,0,9,4,27.0,21.72,35.8,30.5,28.07,28.03,26.2,5.3,0.03
CP004,Footwear,Miss Modano,Unisex,1,5,15.0,7836.61,0.75,120672.58,11.8,4,0,0,10,9,2,11.0,10.6,9.6,12.4,12.8,13.43,11.6,-2.8,-0.63
CP004,Footwear,Miss Modano,Unisex,2,5,21.6,7100.44,0.0,150030.17,16.2,5,1,0,0,8,0,0.0,0.0,15.0,11.2,12.53,13.23,18.0,3.8,-0.7
CP004,Footwear,Miss Modano,Unisex,3,5,17.8,7527.37,0.0,127847.86,14.0,5,0,0,0,9,0,0.0,0.0,21.6,18.3,13.53,13.9,12.4,3.3,-0.37
CP004,Footwear,Miss Modano,Unisex,4,5,15.0,7935.85,0.62,120432.74,10.2,4,2,9,0,9,1,13.0,11.5,17.8,19.7,18.13,13.87,11.4,-1.9,4.27
CP004,Footwear,Miss Modano,Unisex,5,5,16.8,7161.6,0.0,119191.3,13.0,5,2,1,0,9,1,7.0,6.5,15.0,16.4,18.13,13.77,15.2,-1.4,4.37
CP004,Footwear,Miss Modano,Unisex,6,5,19.0,7537.92,0.0,138678.99,14.0,5,1,0,0,9,0,0.0,0.0,16.8,15.9,16.53,13.43,15.4,0.9,3.1
CP004,Footwear,Miss Modano,Unisex,7,5,15.6,7361.96,0.0,114938.15,12.6,5,0,0,0,9,0,3.0,3.0,19.0,17.9,16.93,17.53,14.0,1.1,-0.6
CP004,Footwear,Miss Modano,Unisex,8,5,18.2,8264.82,0.0,145366.36,13.2,4,0,0,21,9,0,8.0,8.0,15.6,17.3,17.13,17.63,14.2,-1.7,-0.5
CP004,Footwear,Miss Modano,Unisex,9,5,16.2,7134.79,0.0,114751.3,12.6,4,0,0,5,8,0,0.0,0.0,18.2,16.9,17.6,17.07,14.0,1.3,0.53
CP004,Footwear,Miss Modano,Unisex,10,5,15.4,7064.1,0.0,105720.72,12.0,5,1,0,0,9,0,0.0,0.0,16.2,17.2,16.67,16.8,13.6,-1.0,-0.13
CP004,Footwear,Miss Modano,Unisex,11,5,21.2,8461.58,0.0,176029.87,15.0,5,0,0,0,9,1,15.0,14.5,15.4,15.8,16.6,16.87,15.2,-0.4,-0.27
CP004,Footwear,Miss Modano,Unisex,12,5,13.6,7599.64,0.43,105616.86,10.4,3,1,6,0,9,2,20.0,17.7,21.2,18.3,17.6,17.6,9.6,2.9,0.0
CP004,Footwear,Miss Modano,Women,1,5,17.4,7403.65,0.0,113995.33,13.6,5,0,0,10,9,1,11.0,10.5,16.4,13.3,14.47,13.73,14.8,3.1,0.73
CP004,Footwear,Miss Modano,Women,2,5,14.4,7943.39,0.0,105534.07,11.6,4,1,0,0,8,0,0.0,0.0,17.4,14.7,13.2,14.5,10.6,2.7,-1.3
CP004,Footwear,Miss Modano,Women,3,5,19.6,6935.69,0.0,127513.52,16.4,5,0,0,0,9,0,0.0,0.0,14.4,15.9,13.73,14.17,16.0,-1.5,-0.43
CP004,Footwear,Miss Modano,Women,4,5,26.4,7835.46,0.0,183083.71,20.6,5,2,9,0,9,1,11.0,10.5,19.6,17.0,17.13,14.23,18.2,2.6,2.9
CP004,Footwear,Miss Modano,Women,5,5,26.4,7804.48,0.0,191611.21,19.8,6,2,1,0,9,1,8.0,7.33,26.4,23.0,20.13,15.2,20.6,3.4,4.93
CP004,Footwear,Miss Modano,Women,6,5,15.0,7573.99,0.0,108389.55,11.8,4,1,0,0,9,0,0.0,0.0,26.4,26.4,24.13,17.23,13.2,0.0,6.9
CP004,Footwear,Miss Modano,Women,7,5,15.6,7758.72,0.0,110732.6,12.4,3,0,0,0,9,1,10.0,9.0,15.0,20.7,22.6,19.87,8.4,-5.7,2.73
CP004,Footwear,Miss Modano,Women,8,5,17.2,8213.37,0.0,119091.16,13.2,4,0,0,21,9,1,14.0,13.33,15.6,15.3,19.0,19.57,13.8,0.3,-0.57
CP004,Footwear,Miss Modano,Women,9,5,18.6,7682.1,0.0,131372.67,13.2,4,0,0,5,8,0,0.0,0.0,17.2,16.4,15.93,20.03,16.8,0.8,-4.1
CP004,Footwear,Miss Modano,Women,10,5,20.0,7230.42,0.0,131688.57,15.8,4,1,0,0,9,0,0.0,0.0,18.6,17.9,17.13,19.87,16.8,0.7,-2.73
CP004,Footwear,Miss Modano,Women,11,5,12.4,9404.75,0.0,101775.79,9.2,3,0,0,0,9,0,0.0,0.0,20.0,19.3,18.6,18.8,10.2,0.7,-0.2
CP004,Footwear,Miss Modano,Women,12,5,20.6,8197.33,0.62,152299.16,16.8,5,1,6,0,9,2,22.0,18.93,12.4,16.2,17.0,16.47,16.4,-3.8,0.53
CP004,Footwear,Modano,Kids,1,5,26.2,7378.09,0.0,186537.34,21.0,9,0,0,10,9,3,15.0,13.67,24.4,20.6,20.67,18.17,20.2,3.8,2.5
CP004,Footwear,Modano,Kids,2,5,20.4,6780.04,0.0,134980.95,16.4,7,1,0,0,8,0,0.0,0.0,26.2,22.6,20.67,19.73,17.4,3.6,0.93
CP004,Footwear,Modano,Kids,3,5,23.6,6813.33,0.0,161829.27,18.0,8,0,0,0,9,0,0.0,0.0,20.4,23.3,20.67,19.5,16.8,-2.9,1.17
CP004,Footwear,Modano,Kids,4,5,33.0,6763.84,0.0,226529.41,26.6,10,2,9,0,9,2,24.0,20.5,23.6,22.0,23.4,19.67,25.8,1.6,3.73
CP004,Footwear,Modano,Kids,5,5,18.6,6748.25,0.18,126561.33,15.4,9,2,1,0,9,1,11.0,10.17,33.0,28.3,25.67,20.87,15.8,4.7,4.8
CP004,Footwear,Modano,Kids,6,5,25.6,6978.97,0.0,175638.44,20.0,9,1,0,0,9,0,0.0,0.0,18.6,25.8,25.07,20.77,20.2,-7.2,4.3
CP004,Footwear,Modano,Kids,7,5,16.6,6578.59,0.0,107039.4,14.4,7,0,0,0,9,1,12.0,11.33,25.6,22.1,25.73,24.57,11.4,3.5,1.17
CP004,Footwear,Modano,Kids,8,5,22.2,6591.88,0.0,141866.31,16.6,8,0,0,21,9,3,13.0,10.25,16.6,21.1,20.27,22.97,18.2,-4.5,-2.7
CP004,Footwear,Modano,Kids,9,5,22.8,6949.24,0.0,155247.23,18.6,8,0,0,5,8,0,0.0,0.0,22.2,19.4,21.47,23.27,17.4,2.8,-1.8
CP004,Footwear,Modano,Kids,10,5,25.0,6508.14,0.0,164789.29,20.6,7,1,0,0,9,0,0.0,0.0,22.8,22.5,20.53,23.13,20.8,0.3,-2.6
CP004,Footwear,Modano,Kids,11,5,21.6,6691.6,0.0,145582.48,17.8,8,0,0,0,9,1,26.0,25.0,25.0,23.9,23.33,21.8,16.8,1.1,1.53
CP004,Footwear,Modano,Kids,12,5,32.2,7235.81,0.0,239807.21,26.0,9,1,6,0,9,4,26.0,20.91,21.6,23.3,23.13,22.3,24.4,-1.7,0.83
CP004,Footwear,Modano,Men,1,5,15.6,5812.84,0.2,92287.78,14.0,7,0,0,10,9,2,10.0,9.33,11.0,9.4,8.93,9.23,11.2,1.6,-0.3
CP004,Footwear,Modano,Men,2,5,12.8,6049.12,0.0,80277.95,10.6,6,1,0,0,8,0,0.0,0.0,15.6,11.9,10.53,9.8,11.0,3.7,0.73
CP004,Footwear,Modano,Men,3,5,11.4,6244.99,0.0,72015.11,9.8,6,0,0,0,9,0,0.0,0.0,12.8,14.2,11.47,9.7,10.0,-1.4,1.77
CP004,Footwear,Modano,Men,4,5,15.0,5982.01,0.0,94267.31,12.0,6,2,9,0,9,1,11.0,10.0,11.4,12.1,13.27,9.9,11.0,-0.7,3.37
CP004,Footwear,Modano,Men,5,5,9.0,6132.65,0.0,54099.4,8.0,5,2,1,0,9,1,12.0,11.33,15.0,13.2,13.07,10.47,7.6,1.8,2.6
CP004,Footwear,Modano,Men,6,5,11.4,5664.83,0.0,67622.9,10.2,6,1,0,0,9,0,0.0,0.0,9.0,12.0,11.8,10.47,7.8,-3.0,1.33
CP004,Footwear,Modano,Men,7,5,11.8,6169.27,0.0,78308.52,10.2,6,0,0,0,9,3,19.0,16.93,11.4,10.2,11.8,12.53,9.4,1.2,-0.73
CP004,Footwear,Modano,Men,8,5,13.2,6024.43,0.0,81363.09,12.2,7,0,0,21,9,1,13.0,11.67,11.8,11.6,10.73,11.9,11.2,0.2,-1.17
CP004,Footwear,Modano,Men,9,5,11.6,5901.55,0.0,70218.27,10.0,6,0,0,5,8,0,0.0,0.0,13.2,12.5,12.13,11.97,8.0,0.7,0.17
CP004,Footwear,Modano,Men,10,5,10.4,5379.89,0.0,57591.53,9.6,5,1,0,0,9,0,0.0,0.0,11.6,12.4,12.2,12.0,8.0,-0.8,0.2
CP004,Footwear,Modano,Men,11,5,8.8,5792.13,0.0,51332.92,7.6,5,0,0,0,9,2,22.0,19.33,10.4,11.0,11.73,11.23,7.8,-0.6,0.5
CP004,Footwear,Modano,Men,12,5,14.0,6225.37,0.38,92316.69,11.4,5,1,6,0,9,3,28.0,24.6,8.8,9.6,10.27,11.2,11.0,-0.8,-0.93
CP004,Footwear,Modano,Unisex,1,5,4.4,3041.01,0.0,12977.53,4.0,3,0,0,10,9,0,5.0,5.0,5.0,4.3,3.87,4.07,2.8,0.7,-0.2
CP004,Footwear,Modano,Unisex,2,5,4.2,2879.24,0.0,10251.9,3.2,2,1,0,0,8,0,0.0,0.0,4.4,4.4,4.13,4.03,3.8,0.0,0.1
CP004,Footwear,Modano,Unisex,3,5,7.4,2825.49,0.0,19572.79,6.6,3,0,0,0,9,0,0.0,0.0,4.2,4.3,4.07,3.8,5.2,-0.1,0.27
CP004,Footwear,Modano,Unisex,4,5,5.4,2508.71,0.0,12848.79,4.4,2,2,9,0,9,0,7.0,7.0,7.4,5.8,5.33,4.2,5.4,1.6,1.13
CP004,Footwear,Modano,Unisex,5,5,6.2,2734.64,0.5,15389.36,5.0,3,2,1,0,9,0,6.0,6.0,5.4,6.4,5.67,4.53,4.8,-1.0,1.13
CP004,Footwear,Modano,Unisex,6,5,3.6,2981.69,0.0,9735.5,3.0,2,1,0,0,9,0,0.0,0.0,6.2,5.8,6.33,4.83,3.8,0.4,1.5
CP004,Footwear,Modano,Unisex,7,5,7.0,2982.69,0.0,18572.88,5.8,3,0,0,0,9,1,11.0,11.0,3.6,4.9,5.07,5.2,4.0,-1.3,-0.13
CP004,Footwear,Modano,Unisex,8,5,7.4,2756.5,0.0,17777.13,6.2,3,0,0,21,9,0,4.0,4.0,7.0,5.3,5.6,5.63,4.8,1.7,-0.03
CP004,Footwear,Modano,Unisex,9,5,5.0,2696.29,0.0,11338.06,4.2,3,0,0,5,8,0,0.0,0.0,7.4,7.2,6.0,6.17,4.0,0.2,-0.17
CP004,Footwear,Modano,Unisex,10,4,4.5,3151.77,0.0,12766.28,3.75,3,1,0,0,9,0,0.0,0.0,5.0,6.62,6.83,6.29,3.75,-1.62,0.54
CP004,Footwear,Modano,Unisex,11,5,5.2,2932.23,0.0,13078.53,4.4,3,0,0,0,9,0,10.0,10.0,4.6,4.7,5.73,5.53,3.6,-0.1,0.2
CP004,Footwear,Modano,Unisex,12,5,6.2,2837.72,0.0,15395.99,5.4,3,1,6,0,9,1,25.0,24.0,5.2,4.9,4.87,5.43,5.0,0.3,-0.57
CP004,Footwear,Modano,Women,1,5,10.0,7168.68,0.0,81666.51,8.4,5,0,0,10,9,1,9.0,8.5,15.8,14.0,12.33,11.37,8.4,1.8,0.97
CP004,Footwear,Modano,Women,2,5,10.0,7087.01,0.0,80136.47,9.0,6,1,0,0,8,0,0.0,0.0,10.0,11.7,11.87,11.1,9.0,-1.7,0.77
CP004,Footwear,Modano,Women,3,5,17.0,7957.38,0.0,154229.29,14.8,7,0,0,0,9,0,0.0,0.0,10.0,10.0,10.6,10.53,13.2,0.0,0.07
CP004,Footwear,Modano,Women,4,5,16.2,7028.94,0.0,140454.55,13.0,5,2,9,0,9,1,14.0,13.5,17.0,13.5,12.33,11.03,14.4,3.5,1.3
CP004,Footwear,Modano,Women,5,5,14.4,8391.59,0.0,132485.77,12.8,6,2,1,0,9,1,11.0,10.67,16.2,16.6,14.4,11.83,12.2,-0.4,2.57
CP004,Footwear,Modano,Women,6,5,13.8,8413.32,0.0,125855.17,11.6,6,1,0,0,9,0,0.0,0.0,14.4,15.3,15.87,11.67,12.2,-0.9,4.2
CP004,Footwear,Modano,Women,7,5,11.8,8428.41,0.0,108695.94,10.8,5,0,0,0,9,2,12.0,9.5,13.8,14.1,14.8,13.57,9.2,-0.3,1.23
CP004,Footwear,Modano,Women,8,5,13.6,7516.3,0.0,113893.32,11.4,5,0,0,21,9,1,14.0,11.67,11.8,12.8,13.33,13.87,11.8,-1.0,-0.53
CP004,Footwear,Modano,Women,9,5,12.8,7670.01,0.0,107212.71,10.2,6,0,0,5,8,0,0.0,0.0,13.6,12.7,13.07,14.47,10.2,0.9,-1.4
CP004,Footwear,Modano,Women,10,5,12.6,7840.59,0.0,103563.54,11.0,6,1,0,0,9,0,0.0,0.0,12.8,13.2,12.73,13.77,9.0,-0.4,-1.03
CP004,Footwear,Modano,Women,11,5,16.0,7301.77,0.0,129159.16,13.6,6,0,0,0,9,1,16.0,15.0,12.6,12.7,13.0,13.17,12.2,-0.1,-0.17
CP004,Footwear,Modano,Women,12,5,18.4,8035.35,0.0,161628.58,14.4,6,1,6,0,9,3,26.0,22.4,16.0,14.3,13.8,13.43,15.8,1.7,0.37
CP004,Kids,Emerald,Kids,1,5,161.6,1817.96,0.04,307837.66,124.0,33,0,0,10,9,7,15.0,12.76,168.8,139.4,133.67,125.6,129.4,29.4,8.07
CP004,Kids,Emerald,Kids,2,5,125.4,1861.35,0.0,249381.56,98.4,29,1,0,0,8,0,0.0,0.0,161.6,146.3,134.2,127.1,97.6,15.3,7.1
CP004,Kids,Emerald,Kids,3,5,163.4,1958.16,0.0,336874.81,126.6,31,0,0,0,9,0,0.0,0.0,125.4,143.5,130.53,121.8,131.0,-18.1,8.73
CP004,Kids,Emerald,Kids,4,5,208.8,1790.86,0.0,390797.31,163.8,32,2,9,0,9,8,23.0,17.68,163.4,144.4,150.13,124.33,165.6,19.0,25.8
CP004,Kids,Emerald,Kids,5,5,165.8,1832.35,0.03,316867.13,127.0,35,2,1,0,9,4,15.0,12.9,208.8,186.1,165.87,132.97,141.4,22.7,32.9
CP004,Kids,Emerald,Kids,6,5,138.2,1867.29,0.0,271328.66,101.4,33,1,0,0,9,0,0.0,0.0,165.8,187.3,179.33,137.6,111.2,-21.5,41.73
CP004,Kids,Emerald,Kids,7,5,146.2,1884.12,0.0,293491.11,109.4,33,0,0,0,9,8,20.0,16.39,138.2,152.0,170.93,160.53,114.8,-13.8,10.4
CP004,Kids,Emerald,Kids,8,5,173.4,1848.06,0.0,342571.47,135.6,31,0,0,21,9,7,20.0,15.15,146.2,142.2,150.07,157.97,130.8,4.0,-7.9
CP004,Kids,Emerald,Kids,9,5,131.8,2010.49,0.0,274680.79,96.6,29,0,0,5,8,0,0.0,0.0,173.4,159.8,152.6,165.97,107.0,13.6,-13.37
CP004,Kids,Emerald,Kids,10,5,150.0,1897.92,0.0,297703.6,113.6,33,1,0,0,9,0,0.0,0.0,131.8,152.6,150.47,160.7,122.2,-20.8,-10.23
CP004,Kids,Emerald,Kids,11,5,142.2,1879.76,0.08,281825.64,109.8,31,0,0,0,9,4,30.0,26.73,150.0,140.9,151.73,150.9,110.0,9.1,0.83
CP004,Kids,Emerald,Kids,12,5,212.8,1855.63,0.28,409936.46,169.6,31,1,6,0,9,13,30.0,22.78,142.2,146.1,141.33,146.97,168.8,-3.9,-5.63
CP004,Kids,Hustle,Kids,1,5,106.8,1913.2,0.12,219050.97,80.8,27,0,0,10,9,5,13.0,12.0,109.4,95.2,87.6,82.67,87.2,14.2,4.93
CP004,Kids,Hustle,Kids,2,5,94.8,1951.1,0.0,189481.0,71.2,26,1,0,0,8,0,0.0,0.0,106.8,98.4,92.6,86.13,74.2,8.4,6.47
CP004,Kids,Hustle,Kids,3,5,98.2,1852.26,0.0,192149.31,72.6,26,0,0,0,9,0,0.0,0.0,94.8,100.8,90.33,82.97,82.2,-6.0,7.37
CP004,Kids,Hustle,Kids,4,5,137.6,1953.67,0.07,277371.67,105.0,29,2,9,0,9,7,22.0,17.27,98.2,96.5,99.93,84.5,105.0,1.7,15.43
CP004,Kids,Hustle,Kids,5,5,93.4,1933.79,0.0,189724.46,68.8,24,2,1,0,9,6,15.0,12.58,137.6,117.9,110.2,90.9,74.0,19.7,19.3
CP004,Kids,Hustle,Kids,6,5,87.4,1808.0,0.0,167342.19,64.4,26,1,0,0,9,0,0.0,0.0,93.4,115.5,109.73,90.27,73.0,-22.1,19.47
CP004,Kids,Hustle,Kids,7,5,86.4,1924.18,0.17,170897.28,66.0,27,0,0,0,9,8,20.0,15.86,87.4,90.4,106.13,103.03,66.6,-3.0,3.1
CP004,Kids,Hustle,Kids,8,5,116.6,1915.33,0.0,231188.19,88.4,29,0,0,21,9,7,18.0,13.08,86.4,86.9,89.07,99.63,93.2,-0.5,-10.57
CP004,Kids,Hustle,Kids,9,5,91.4,1771.15,0.0,171081.37,67.0,25,0,0,5,8,0,0.0,0.0,116.6,101.5,96.8,103.27,73.4,15.1,-6.47
CP004,Kids,Hustle,Kids,10,5,94.4,1775.36,0.0,175753.53,68.6,28,1,0,0,9,0,0.0,0.0,91.4,104.0,98.13,102.13,72.4,-12.6,-4.0
CP004,Kids,Hustle,Kids,11,5,98.0,1844.19,0.33,192160.89,73.2,24,0,0,0,9,4,29.0,25.3,94.4,92.9,100.8,94.93,81.0,1.5,5.87
CP004,Kids,Hustle,Kids,12,5,132.2,1828.59,0.36,265170.93,101.8,24,1,6,0,9,13,30.0,22.32,98.0,96.2,94.6,95.7,109.4,1.8,-1.1
CP004,Kids,King Street,Kids,1,5,35.0,2288.24,0.12,78591.19,24.4,12,0,0,10,9,2,14.0,12.8,44.6,39.1,35.67,30.33,29.4,5.5,5.33
CP004,Kids,King Street,Kids,2,5,31.4,2291.14,0.0,71203.58,22.6,11,1,0,0,8,0,0.0,0.0,35.0,37.8,36.4,31.1,22.0,-2.8,5.3
CP004,Kids,King Street,Kids,3,5,39.2,2220.02,0.0,83872.95,28.8,12,0,0,0,9,0,0.0,0.0,31.4,33.2,33.67,31.2,27.2,-1.8,2.47
CP004,Kids,King Street,Kids,4,5,44.0,2130.48,0.0,90293.43,35.0,11,2,9,0,9,4,23.0,17.67,39.2,35.3,35.2,32.77,32.4,3.9,2.43
CP004,Kids,King Street,Kids,5,5,37.0,2267.7,0.08,81028.57,26.2,13,2,1,0,9,2,13.0,11.83,44.0,41.6,38.2,33.43,30.4,2.4,4.77
CP004,Kids,King Street,Kids,6,5,36.4,2194.13,0.0,80880.63,27.6,12,1,0,0,9,0,0.0,0.0,37.0,40.5,40.07,32.7,26.0,-3.5,7.37
CP004,Kids,King Street,Kids,7,5,34.2,2238.11,0.0,74227.03,24.8,12,0,0,0,9,4,19.0,14.33,36.4,36.7,39.13,37.17,26.4,-0.3,1.97
CP004,Kids,King Street,Kids,8,5,36.8,2320.87,0.0,87000.47,27.0,12,0,0,21,9,3,17.0,14.55,34.2,35.3,35.87,37.03,24.8,-1.1,-1.17
CP004,Kids,King Street,Kids,9,5,32.6,2247.66,0.0,75432.33,24.6,12,0,0,5,8,0,0.0,0.0,36.8,35.5,35.8,37.93,23.8,1.3,-2.13
CP004,Kids,King Street,Kids,10,5,38.6,2302.92,0.0,86572.71,28.6,14,1,0,0,9,0,0.0,0.0,32.6,34.7,34.53,36.83,28.8,-2.1,-2.3
CP004,Kids,King Street,Kids,11,5,42.2,2211.74,0.28,90999.64,30.4,13,0,0,0,9,2,23.0,19.8,38.6,35.6,36.0,35.93,33.6,3.0,0.07
CP004,Kids,King Street,Kids,12,5,53.8,2120.22,0.0,111664.07,39.0,13,1,6,0,9,6,28.0,22.23,42.2,40.4,37.8,36.8,44.6,1.8,1.0
CP004,Kids,Libera,Kids,1,5,39.0,1913.11,0.0,71030.14,30.8,11,0,0,10,9,2,11.0,10.33,47.0,43.1,39.0,34.57,30.2,3.9,4.43
CP004,Kids,Libera,Kids,2,5,57.6,1989.59,0.0,111459.74,44.0,13,1,0,0,8,0,0.0,0.0,39.0,39.7,39.53,34.87,48.2,-0.7,4.67
CP004,Kids,Libera,Kids,3,5,52.6,2072.09,0.0,105595.0,43.2,11,0,0,0,9,0,0.0,0.0,57.6,48.3,42.0,37.33,38.2,9.3,4.67
CP004,Kids,Libera,Kids,4,5,59.4,1967.01,0.23,112806.61,49.4,11,2,9,0,9,3,21.0,16.53,52.6,55.1,49.73,39.7,50.2,-2.5,10.03
CP004,Kids,Libera,Kids,5,5,47.0,1978.37,0.11,95304.28,36.6,12,2,1,0,9,2,11.0,9.83,59.4,56.0,56.53,41.93,36.2,3.4,14.6
CP004,Kids,Libera,Kids,6,5,43.4,1964.98,0.0,87573.83,33.6,11,1,0,0,9,0,0.0,0.0,47.0,53.2,53.0,41.93,33.4,-6.2,11.07
CP004,Kids,Libera,Kids,7,5,41.4,2163.61,0.0,85181.0,31.0,11,0,0,0,9,3,19.0,15.42,43.4,45.2,49.93,49.83,30.6,-1.8,0.1
CP004,Kids,Libera,Kids,8,5,40.6,1820.84,0.0,74332.44,30.4,11,0,0,21,9,2,19.0,16.83,41.4,42.4,43.93,50.23,31.8,-1.0,-6.3
CP004,Kids,Libera,Kids,9,5,39.4,1896.43,0.0,76820.14,30.4,11,0,0,5,8,0,0.0,0.0,40.6,41.0,41.8,47.4,28.0,-0.4,-5.6
CP004,Kids,Libera,Kids,10,5,43.8,2057.07,0.0,90550.62,33.8,12,1,0,0,9,0,0.0,0.0,39.4,40.0,40.47,45.2,30.8,-0.6,-4.73
CP004,Kids,Libera,Kids,11,5,50.6,2055.09,0.0,102924.05,40.0,13,0,0,0,9,1,16.0,16.0,43.8,41.6,41.27,42.6,39.2,2.2,-1.33
CP004,Kids,Libera,Kids,12,5,62.4,2172.0,0.25,133927.24,50.6,12,1,6,0,9,5,28.0,22.73,50.6,47.2,44.6,43.2,47.0,3.4,1.4
CP004,Kids,Miss Modano,Kids,1,5,92.6,2078.62,0.04,184052.71,68.6,21,0,0,10,9,5,15.0,12.7,94.8,78.8,77.6,70.73,69.0,16.0,6.87
CP004,Kids,Miss Modano,Kids,2,5,79.0,1842.44,0.0,144544.53,58.8,22,1,0,0,8,0,0.0,0.0,92.6,84.9,77.53,72.9,62.6,7.7,4.63
CP004,Kids,Miss Modano,Kids,3,5,93.2,2019.43,0.0,191498.67,72.6,23,0,0,0,9,0,0.0,0.0,79.0,85.8,79.07,72.9,76.8,-6.8,6.17
CP004,Kids,Miss Modano,Kids,4,5,103.8,1954.1,0.0,192581.52,81.0,22,2,9,0,9,8,24.0,18.56,93.2,86.1,88.27,75.07,83.6,7.1,13.2
CP004,Kids,Miss Modano,Kids,5,5,92.4,1918.34,0.0,173996.79,70.4,23,2,1,0,9,3,14.0,12.28,103.8,98.5,92.0,75.6,74.8,5.3,16.4
CP004,Kids,Miss Modano,Kids,6,5,88.4,1939.61,0.0,169242.75,61.8,24,1,0,0,9,0,0.0,0.0,92.4,98.1,96.47,76.8,66.8,-5.7,19.67
CP004,Kids,Miss Modano,Kids,7,5,78.0,2026.95,0.0,155971.97,59.6,23,0,0,0,9,4,19.0,13.83,88.4,90.4,94.87,91.57,62.0,-2.0,3.3
CP004,Kids,Miss Modano,Kids,8,5,88.6,2051.65,0.09,176063.95,67.0,22,0,0,21,9,6,18.0,13.75,78.0,83.2,86.27,89.13,67.4,-5.2,-2.87
CP004,Kids,Miss Modano,Kids,9,5,76.2,1949.77,0.0,150844.52,56.4,22,0,0,5,8,0,0.0,0.0,88.6,83.3,85.0,90.73,62.2,5.3,-5.73
CP004,Kids,Miss Modano,Kids,10,5,100.4,1942.84,0.0,188593.53,74.8,25,1,0,0,9,0,0.0,0.0,76.2,82.4,80.93,87.9,75.2,-6.2,-6.97
CP004,Kids,Miss Modano,Kids,11,5,85.0,1922.41,0.22,159481.69,62.6,22,0,0,0,9,4,28.0,23.9,100.4,88.3,88.4,87.33,62.8,12.1,1.07
CP004,Kids,Miss Modano,Kids,12,5,119.2,2030.25,0.14,232011.39,93.2,25,1,6,0,9,11,30.0,22.28,85.0,92.7,87.2,86.1,94.8,-7.7,1.1
CP004,Kids,Modano,Kids,1,5,66.2,2028.74,0.17,137376.46,49.8,22,0,0,10,9,4,14.0,12.14,55.2,53.4,53.73,53.63,53.8,1.8,0.1
CP004,Kids,Modano,Kids,2,5,63.4,2097.68,0.0,134646.4,47.8,21,1,0,0,8,0,0.0,0.0,66.2,52.5,52.2,52.97,50.2,13.7,-0.77
CP004,Kids,Modano,Kids,3,5,66.6,2063.13,0.0,136051.9,49.6,21,0,0,0,9,0,0.0,0.0,63.4,64.8,51.73,51.37,55.6,-1.4,0.37
CP004,Kids,Modano,Kids,4,5,79.0,1985.99,0.16,162165.25,57.6,20,2,9,0,9,7,24.0,17.75,66.6,65.0,65.4,52.57,64.8,1.6,12.83
CP004,Kids,Modano,Kids,5,5,70.8,2090.23,0.0,146885.32,53.8,23,2,1,0,9,5,15.0,12.75,79.0,72.8,69.67,54.07,58.0,6.2,15.6
CP004,Kids,Modano,Kids,6,5,61.4,1927.29,0.0,118160.23,46.6,20,1,0,0,9,0,0.0,0.0,70.8,74.9,72.13,54.87,49.0,-4.1,17.27
CP004,Kids,Modano,Kids,7,5,66.0,2033.24,0.06,134162.48,49.8,22,0,0,0,9,5,19.0,14.14,61.4,66.1,70.4,67.9,53.8,-4.7,2.5
CP004,Kids,Modano,Kids,8,5,73.2,2107.21,0.29,151478.4,53.4,21,0,0,21,9,5,20.0,15.25,66.0,63.7,66.07,67.87,59.8,2.3,-1.8
CP004,Kids,Modano,Kids,9,5,60.6,2067.58,0.0,128309.8,45.0,20,0,0,5,8,0,0.0,0.0,73.2,69.6,66.87,69.5,47.0,3.6,-2.63
CP004,Kids,Modano,Kids,10,5,66.0,2147.14,0.0,137891.72,51.0,22,1,0,0,9,0,0.0,0.0,60.6,66.9,66.6,68.5,54.4,-6.3,-1.9
CP004,Kids,Modano,Kids,11,5,64.2,2040.03,0.0,132212.45,45.6,20,0,0,0,9,2,29.0,25.5,66.0,63.3,66.6,66.33,51.6,2.7,0.27
CP004,Kids,Modano,Kids,12,5,66.2,2134.1,0.09,134650.51,51.0,20,1,6,0,9,10,30.0,23.13,64.2,65.1,63.6,65.23,55.2,-0.9,-1.63
CP004,Men,Emerald,Men,1,5,108.2,3604.12,0.1,391484.57,82.8,32,0,0,10,9,7,15.0,13.07,102.6,91.5,88.93,84.53,88.8,11.1,4.4
CP004,Men,Emerald,Men,2,5,93.6,3552.99,0.0,337219.1,72.4,28,1,0,0,8,0,0.0,0.0,108.2,95.4,90.4,86.2,74.0,12.8,4.2
CP004,Men,Emerald,Men,3,5,123.4,3647.28,0.0,457861.83,91.8,33,0,0,0,9,0,0.0,0.0,93.6,100.9,90.0,86.3,96.6,-7.3,3.7
CP004,Men,Emerald,Men,4,5,138.0,3615.17,0.03,521056.36,106.0,34,2,9,0,9,8,24.0,16.84,123.4,108.5,108.4,88.9,107.4,14.9,19.5
CP004,Men,Emerald,Men,5,5,133.6,3654.75,0.0,491495.95,106.4,35,2,1,0,9,5,14.0,11.93,138.0,130.7,118.33,93.63,110.0,7.3,24.7
CP004,Men,Emerald,Men,6,5,102.8,3581.8,0.0,387650.48,74.8,30,1,0,0,9,0,0.0,0.0,133.6,135.8,131.67,98.6,82.4,-2.2,33.07
CP004,Men,Emerald,Men,7,5,99.4,3628.63,0.06,366054.98,75.6,32,0,0,0,9,6,20.0,14.9,102.8,118.2,124.8,116.6,78.2,-15.4,8.2
CP004,Men,Emerald,Men,8,5,103.4,3509.26,0.04,368526.42,80.6,32,0,0,21,9,7,20.0,16.03,99.4,101.1,111.93,115.13,78.6,-1.7,-3.2
CP004,Men,Emerald,Men,9,5,108.8,3555.64,0.0,399541.05,83.2,33,0,0,5,8,0,0.0,0.0,103.4,101.4,101.87,116.77,83.6,2.0,-14.9
CP004,Men,Emerald,Men,10,5,103.6,3775.75,0.0,400384.72,78.4,32,1,0,0,9,0,0.0,0.0,108.8,106.1,103.87,114.33,83.8,2.7,-10.47
CP004,Men,Emerald,Men,11,5,107.4,3620.11,0.0,396153.89,83.6,32,0,0,0,9,6,30.0,26.26,103.6,106.2,105.27,108.6,80.4,-2.6,-3.33
CP004,Men,Emerald,Men,12,5,137.2,3616.25,0.47,503355.33,107.0,33,1,6,0,9,15,30.0,22.77,107.4,105.5,106.6,104.23,102.6,1.9,2.37
CP004,Men,Hustle,Men,1,5,86.2,3572.65,0.0,301574.22,65.0,32,0,0,10,9,8,15.0,12.95,99.4,81.3,81.33,78.73,63.8,18.1,2.6
CP004,Men,Hustle,Men,2,5,83.0,3506.19,0.0,287763.33,65.6,30,1,0,0,8,0,0.0,0.0,86.2,84.5,77.4,77.17,66.4,1.7,0.23
CP004,Men,Hustle,Men,3,5,114.0,3512.86,0.0,387951.46,87.4,38,0,0,0,9,0,0.0,0.0,83.0,84.6,78.67,74.67,91.4,-1.6,4.0
CP004,Men,Hustle,Men,4,5,110.0,3465.96,0.15,369878.6,83.6,31,2,9,0,9,9,25.0,17.91,114.0,98.5,94.4,78.83,91.6,15.5,15.57
CP004,Men,Hustle,Men,5,5,94.8,3503.83,0.0,319855.87,75.2,33,2,1,0,9,8,15.0,12.74,110.0,112.0,102.33,80.23,75.6,-2.0,22.1
CP004,Men,Hustle,Men,6,5,84.4,3457.44,0.0,283941.33,64.4,31,1,0,0,9,0,0.0,0.0,94.8,102.4,106.27,82.43,61.6,-7.6,23.83
CP004,Men,Hustle,Men,7,5,98.2,3580.9,0.15,335227.23,77.6,35,0,0,0,9,9,20.0,15.84,84.4,89.6,96.4,95.4,79.0,-5.2,1.0
CP004,Men,Hustle,Men,8,5,100.4,3614.32,0.07,343195.85,78.2,34,0,0,21,9,9,19.0,15.08,98.2,91.3,92.47,97.4,82.0,6.9,-4.93
CP004,Men,Hustle,Men,9,5,83.0,3504.37,0.0,282684.4,66.2,31,0,0,5,8,0,0.0,0.0,100.4,99.3,94.33,100.3,67.4,1.1,-5.97
CP004,Men,Hustle,Men,10,5,100.8,3587.08,0.0,348412.03,78.6,34,1,0,0,9,0,0.0,0.0,83.0,91.7,93.87,95.13,81.4,-8.7,-1.27
CP004,Men,Hustle,Men,11,5,79.6,3571.71,0.0,272045.48,61.0,31,0,0,0,9,6,30.0,24.25,100.8,91.9,94.73,93.6,63.2,8.9,1.13
CP004,Men,Hustle,Men,12,5,123.8,3455.72,0.32,409292.07,95.6,35,1,6,0,9,15,30.0,21.77,79.6,90.2,87.8,91.07,99.4,-10.6,-3.27
CP004,Men,King Street,Men,1,5,32.4,3666.66,0.0,114447.56,25.8,13,0,0,10,9,3,13.0,11.83,43.4,36.9,33.87,29.93,26.2,6.5,3.93
CP004,Men,King Street,Men,2,5,31.4,3669.85,0.0,110821.31,23.6,12,1,0,0,8,0,0.0,0.0,32.4,34.9,33.4,29.23,23.4,-2.5,4.17
CP004,Men,King Street,Men,3,5,41.4,3760.38,0.0,153688.0,32.8,15,0,0,0,9,0,0.0,0.0,31.4,31.9,31.33,28.97,33.6,-0.5,2.37
CP004,Men,King Street,Men,4,5,42.8,3800.01,0.23,165470.8,31.4,14,2,9,0,9,3,18.0,12.87,41.4,36.4,35.07,31.37,33.2,5.0,3.7
CP004,Men,King Street,Men,5,5,36.8,3552.19,0.0,129667.32,29.6,13,2,1,0,9,2,15.0,14.17,42.8,42.1,38.53,32.13,29.2,0.7,6.4
CP004,Men,King Street,Men,6,5,32.2,3406.02,0.0,110052.36,25.8,13,1,0,0,9,0,0.0,0.0,36.8,39.8,40.33,32.33,27.6,-3.0,8.0
CP004,Men,King Street,Men,7,5,39.2,3760.75,0.14,145539.64,32.0,14,0,0,0,9,4,19.0,16.0,32.2,34.5,37.27,36.17,30.6,-2.3,1.1
CP004,Men,King Street,Men,8,5,35.6,4007.85,0.0,140677.95,29.4,13,0,0,21,9,3,14.0,10.92,39.2,35.7,36.07,37.3,25.8,3.5,-1.23
CP004,Men,King Street,Men,9,5,30.4,3626.95,0.0,106399.41,24.0,12,0,0,5,8,0,0.0,0.0,35.6,37.4,35.67,38.0,21.6,-1.8,-2.33
CP004,Men,King Street,Men,10,5,33.8,3562.91,0.0,116727.98,26.6,14,1,0,0,9,0,0.0,0.0,30.4,33.0,35.07,36.17,27.8,-2.6,-1.1
CP004,Men,King Street,Men,11,5,37.8,3766.47,0.0,140127.65,28.6,14,0,0,0,9,3,30.0,25.75,33.8,32.1,33.27,34.67,30.4,1.7,-1.4
CP004,Men,King Street,Men,12,5,53.4,3536.56,0.0,187291.7,42.6,15,1,6,0,9,7,30.0,22.17,37.8,35.8,34.0,34.83,43.4,2.0,-0.83
CP004,Men,Libera,Men,1,5,35.0,3629.82,0.19,131581.02,31.4,16,0,0,10,9,3,11.0,10.4,34.8,33.0,32.47,30.67,30.4,1.8,1.8
CP004,Men,Libera,Men,2,5,38.6,3515.29,0.0,152709.88,33.4,16,1,0,0,8,0,0.0,0.0,35.0,31.2,31.2,30.57,31.0,3.8,0.63
CP004,Men,Libera,Men,3,5,30.8,3442.95,0.0,111365.86,27.4,17,0,0,0,9,0,0.0,0.0,38.6,36.8,30.33,31.2,26.0,1.8,-0.87
CP004,Men,Libera,Men,4,5,42.4,3543.83,0.21,160516.41,36.8,18,2,9,0,9,6,25.0,17.76,30.8,34.7,34.8,29.5,36.0,-3.9,5.3
CP004,Men,Libera,Men,5,5,38.4,3474.87,0.0,141424.8,34.4,19,2,1,0,9,3,12.0,11.6,42.4,36.6,37.27,30.03,30.0,5.8,7.23
CP004,Men,Libera,Men,6,5,37.4,3324.01,0.0,135297.92,33.8,19,1,0,0,9,0,0.0,0.0,38.4,40.4,37.2,29.97,30.4,-2.0,7.23
CP004,Men,Libera,Men,7,5,34.6,3514.57,0.28,128108.67,30.6,18,0,0,0,9,5,19.0,15.35,37.4,37.9,39.4,37.1,28.2,-0.5,2.3
CP004,Men,Libera,Men,8,5,30.2,3592.52,0.0,113293.76,27.0,14,0,0,21,9,4,20.0,15.73,34.6,36.0,36.8,37.03,24.8,-1.4,-0.23
CP004,Men,Libera,Men,9,5,38.2,3581.35,0.0,152424.88,31.8,17,0,0,5,8,0,0.0,0.0,30.2,32.4,34.07,35.63,33.6,-2.2,-1.57
CP004,Men,Libera,Men,10,5,38.0,3707.04,0.0,147694.78,33.4,17,1,0,0,9,0,0.0,0.0,38.2,34.2,34.33,36.87,31.4,4.0,-2.53
CP004,Men,Libera,Men,11,5,38.0,3747.4,0.17,145666.97,32.6,18,0,0,0,9,3,28.0,25.57,38.0,38.1,35.47,36.13,31.2,-0.1,-0.67
CP004,Men,Libera,Men,12,5,42.8,3590.3,0.15,159129.23,35.2,17,1,6,0,9,5,27.0,21.71,38.0,38.0,38.07,36.07,34.8,0.0,2.0
CP004,Men,Miss Modano,Men,1,5,107.0,3665.37,0.19,370814.11,83.8,32,0,0,10,9,9,15.0,11.63,97.6,101.6,94.67,88.33,83.8,-4.0,6.33
CP004,Men,Miss Modano,Men,2,5,103.2,3545.01,0.0,362490.45,79.6,33,1,0,0,8,0,0.0,0.0,107.0,92.9,97.13,90.07,83.4,14.1,7.07
CP004,Men,Miss Modano,Men,3,5,99.8,3517.43,0.0,345259.98,78.0,31,0,0,0,9,0,0.0,0.0,103.2,105.1,90.33,89.07,80.4,-1.9,1.27
CP004,Men,Miss Modano,Men,4,5,123.0,3678.49,0.0,447771.98,94.2,33,2,9,0,9,12,25.0,17.63,99.8,101.5,103.33,89.9,103.6,-1.7,13.43
CP004,Men,Miss Modano,Men,5,5,119.4,3475.99,0.06,403658.33,93.6,34,2,1,0,9,6,15.0,13.01,123.0,111.4,108.67,92.2,93.6,11.6,16.47
CP004,Men,Miss Modano,Men,6,5,102.2,3615.95,0.0,357490.45,78.2,28,1,0,0,9,0,0.0,0.0,119.4,121.2,114.07,91.13,74.6,-1.8,22.93
CP004,Men,Miss Modano,Men,7,5,96.6,3584.25,0.11,337575.72,74.0,32,0,0,0,9,8,20.0,15.42,102.2,110.8,114.87,109.1,77.8,-8.6,5.77
CP004,Men,Miss Modano,Men,8,5,115.4,3524.23,0.22,402721.71,89.8,33,0,0,21,9,8,19.0,14.85,96.6,99.4,106.07,107.37,91.2,-2.8,-1.3
CP004,Men,Miss Modano,Men,9,5,104.8,3770.49,0.0,381890.95,82.4,34,0,0,5,8,0,0.0,0.0,115.4,106.0,104.73,109.4,77.0,9.4,-4.67
CP004,Men,Miss Modano,Men,10,5,103.6,3497.19,0.0,350451.33,82.8,30,1,0,0,9,0,0.0,0.0,104.8,110.1,105.6,110.23,80.8,-5.3,-4.63
CP004,Men,Miss Modano,Men,11,5,131.2,3453.59,0.08,450246.14,102.6,34,0,0,0,9,6,29.0,23.75,103.6,104.2,107.93,107.0,105.6,-0.6,0.93
CP004,Men,Miss Modano,Men,12,5,124.8,3569.16,0.07,434485.27,98.8,32,1,6,0,9,18,30.0,21.43,131.2,117.4,113.2,108.97,97.6,13.8,4.23
CP004,Men,Modano,Men,1,5,48.6,3762.85,0.08,184693.98,42.0,25,0,0,10,9,5,15.0,11.58,44.0,40.5,39.47,35.7,39.2,3.5,3.77
CP004,Men,Modano,Men,2,5,48.0,3549.91,0.0,170163.42,39.2,24,1,0,0,8,0,0.0,0.0,48.6,41.8,40.2,36.83,38.4,6.8,3.37
CP004,Men,Modano,Men,3,5,41.2,3634.53,0.0,150577.92,33.2,22,0,0,0,9,0,0.0,0.0,48.0,48.3,41.2,38.27,33.6,-0.3,2.93
CP004,Men,Modano,Men,4,5,50.6,3671.4,0.1,188578.79,40.2,24,2,9,0,9,8,24.0,16.76,41.2,44.6,45.93,38.47,42.4,-3.4,7.47
CP004,Men,Modano,Men,5,5,53.8,3451.75,0.05,188531.78,43.4,25,2,1,0,9,5,15.0,12.26,50.6,45.9,46.6,39.17,38.8,4.7,7.43
CP004,Men,Modano,Men,6,5,45.4,3719.67,0.0,165809.06,38.0,24,1,0,0,9,0,0.0,0.0,53.8,52.2,48.53,40.93,34.6,1.6,7.6
CP004,Men,Modano,Men,7,5,45.0,3668.79,0.1,162790.91,38.2,24,0,0,0,9,10,20.0,14.47,45.4,49.6,49.93,47.93,32.8,-4.2,2.0
CP004,Men,Modano,Men,8,5,40.0,3545.5,0.0,147710.85,35.4,21,0,0,21,9,6,19.0,14.68,45.0,45.2,48.07,47.33,31.4,-0.2,0.73
CP004,Men,Modano,Men,9,5,44.4,3466.43,0.0,157422.04,37.8,23,0,0,5,8,0,0.0,0.0,40.0,42.5,43.47,46.0,31.6,-2.5,-2.53
CP004,Men,Modano,Men,10,5,49.6,3740.74,0.0,188971.65,43.2,26,1,0,0,9,0,0.0,0.0,44.4,42.2,43.13,46.53,37.4,2.2,-3.4
CP004,Men,Modano,Men,11,5,47.6,3478.9,0.12,165944.84,37.8,23,0,0,0,9,3,28.0,25.13,49.6,47.0,44.67,46.37,37.0,2.6,-1.7
CP004,Men,Modano,Men,12,5,61.8,3527.63,0.19,224024.45,49.2,23,1,6,0,9,11,30.0,21.63,47.6,48.6,47.2,45.33,44.0,-1.0,1.87
CP004,Women,Emerald,Women,1,5,191.0,3928.93,0.0,684033.43,145.8,40,0,0,10,9,7,15.0,12.7,207.6,178.1,165.87,158.33,154.4,29.5,7.53
CP004,Women,Emerald,Women,2,5,168.8,3928.83,0.0,628474.12,131.2,35,1,0,0,8,0,0.0,0.0,191.0,178.3,168.4,156.43,130.2,12.7,11.97
CP004,Women,Emerald,Women,3,5,197.0,3962.77,0.0,728183.84,154.8,38,0,0,0,9,0,0.0,0.0,168.8,179.9,164.8,154.03,153.0,-11.1,10.77
CP004,Women,Emerald,Women,4,5,247.4,4057.76,0.14,975886.29,199.4,38,2,9,0,9,11,24.0,15.92,197.0,182.9,185.6,157.43,199.8,14.1,28.17
CP004,Women,Emerald,Women,5,5,201.6,4046.81,0.14,745916.22,156.6,40,2,1,0,9,7,14.0,11.66,247.4,222.2,204.4,167.27,170.2,25.2,37.13
CP004,Women,Emerald,Women,6,5,194.6,4265.63,0.0,800278.13,147.0,40,1,0,0,9,0,0.0,0.0,201.6,224.5,215.33,169.63,153.2,-22.9,45.7
CP004,Women,Emerald,Women,7,5,194.4,4008.15,0.06,719859.27,151.2,37,0,0,0,9,10,19.0,14.8,194.6,198.1,214.53,200.07,160.4,-3.5,14.47
CP004,Women,Emerald,Women,8,5,183.8,4115.25,0.05,723238.41,142.6,40,0,0,21,9,8,18.0,14.88,194.4,194.5,196.87,200.63,152.2,-0.1,-3.77
CP004,Women,Emerald,Women,9,5,187.4,3944.73,0.0,688422.02,144.0,36,0,0,5,8,0,0.0,0.0,183.8,189.1,190.93,203.13,139.8,-5.3,-12.2
CP004,Women,Emerald,Women,10,5,172.6,4290.15,0.0,714299.23,132.2,39,1,0,0,9,0,0.0,0.0,187.4,185.6,188.53,201.53,141.4,1.8,-13.0
CP004,Women,Emerald,Women,11,5,185.4,3967.01,0.17,682930.85,139.6,37,0,0,0,9,8,30.0,24.73,172.6,180.0,181.27,189.07,148.6,-7.4,-7.8
CP004,Women,Emerald,Women,12,5,266.8,3851.06,0.32,983444.84,217.6,38,1,6,0,9,17,28.0,21.81,185.4,179.0,181.8,186.37,207.6,6.4,-4.57
CP004,Women,Hustle,Women,1,5,156.0,3628.22,0.08,583622.49,116.2,36,0,0,10,9,6,15.0,12.78,151.4,132.8,126.07,118.13,128.0,18.6,7.93
CP004,Women,Hustle,Women,2,5,131.6,3412.18,0.0,463071.05,100.8,31,1,0,0,8,0,0.0,0.0,156.0,134.5,127.73,119.37,105.6,21.5,8.37
CP004,Women,Hustle,Women,3,5,148.4,3375.73,0.0,526680.11,109.4,34,0,0,0,9,0,0.0,0.0,131.6,143.8,125.6,116.63,118.2,-12.2,8.97
CP004,Women,Hustle,Women,4,5,173.6,3597.38,0.05,639868.27,136.0,31,2,9,0,9,8,24.0,17.0,148.4,140.0,145.33,120.03,133.4,8.4,25.3
CP004,Women,Hustle,Women,5,5,151.2,3469.31,0.03,548987.53,111.8,34,2,1,0,9,7,15.0,12.13,173.6,161.0,151.2,124.13,126.4,12.6,27.07
CP004,Women,Hustle,Women,6,5,149.4,3559.35,0.0,560060.97,110.4,33,1,0,0,9,0,0.0,0.0,151.2,162.4,157.73,124.03,122.0,-11.2,33.7
CP004,Women,Hustle,Women,7,5,144.2,3484.9,0.06,517400.67,110.2,35,0,0,0,9,9,19.0,15.02,149.4,150.3,158.07,151.7,110.2,-0.9,6.37
CP004,Women,Hustle,Women,8,5,157.0,3554.77,0.19,600483.77,119.0,37,0,0,21,9,9,20.0,15.03,144.2,146.8,148.27,149.73,124.2,-2.6,-1.47
CP004,Women,Hustle,Women,9,5,133.6,3484.38,0.0,489209.26,104.4,29,0,0,5,8,0,0.0,0.0,157.0,150.6,150.2,153.97,96.2,6.4,-3.77
CP004,Women,Hustle,Women,10,5,145.4,3663.77,0.0,564853.41,114.2,33,1,0,0,9,0,0.0,0.0,133.6,145.3,144.93,151.5,112.6,-11.7,-6.57
CP004,Women,Hustle,Women,11,5,143.0,3495.76,0.12,506201.87,107.4,29,0,0,0,9,5,29.0,26.07,145.4,139.5,145.33,146.8,114.2,5.9,-1.47
CP004,Women,Hustle,Women,12,5,191.2,3555.17,0.16,696295.97,152.4,33,1,6,0,9,16,30.0,21.53,143.0,144.2,140.67,145.43,151.4,-1.2,-4.77
CP004,Women,King Street,Women,1,5,64.2,3927.44,0.07,262852.07,47.0,16,0,0,10,9,4,15.0,12.93,57.2,49.9,46.47,44.67,48.8,7.3,1.8
CP004,Women,King Street,Women,2,5,56.6,3708.82,0.0,212789.34,43.4,14,1,0,0,8,0,0.0,0.0,64.2,56.5,51.87,47.83,47.8,7.7,4.03
CP004,Women,King Street,Women,3,5,49.2,3979.31,0.0,192833.1,35.6,14,0,0,0,9,0,0.0,0.0,56.6,60.4,54.13,49.27,38.4,-3.8,4.87
CP004,Women,King Street,Women,4,5,88.8,3910.49,0.0,355734.92,69.6,16,2,9,0,9,4,22.0,17.95,49.2,52.9,56.67,46.93,68.2,-3.7,9.73
CP004,Women,King Street,Women,5,5,62.4,4128.98,0.0,259719.78,48.4,16,2,1,0,9,2,15.0,14.17,88.8,69.0,64.87,52.13,50.0,19.8,12.73
CP004,Women,King Street,Women,6,5,55.8,3909.19,0.0,219999.45,42.2,15,1,0,0,9,0,0.0,0.0,62.4,75.6,66.8,53.77,44.4,-13.2,13.03
CP004,Women,King Street,Women,7,5,48.0,4010.98,0.0,201233.52,36.2,13,0,0,0,9,4,19.0,15.0,55.8,59.1,69.0,62.83,36.8,-3.3,6.17
CP004,Women,King Street,Women,8,5,54.0,3981.68,0.11,219410.1,41.4,14,0,0,21,9,4,19.0,16.16,48.0,51.9,55.4,60.13,40.8,-3.9,-4.73
CP004,Women,King Street,Women,9,5,63.6,4087.73,0.0,260958.78,46.8,15,0,0,5,8,0,0.0,0.0,54.0,51.0,52.6,59.7,51.0,3.0,-7.1
CP004,Women,King Street,Women,10,5,50.0,3877.24,0.0,193518.5,36.0,15,1,0,0,9,0,0.0,0.0,63.6,58.8,55.2,62.1,39.6,4.8,-6.9
CP004,Women,King Street,Women,11,5,54.2,3690.03,0.0,208998.72,39.6,14,0,0,0,9,2,26.0,23.33,50.0,56.8,55.87,55.63,42.6,-6.8,0.23
CP004,Women,King Street,Women,12,5,72.6,4033.15,0.3,286843.7,56.4,13,1,6,0,9,6,30.0,22.74,54.2,52.1,55.93,54.27,57.2,2.1,1.67
CP004,Women,Libera,Women,1,5,48.2,3922.79,0.09,182937.18,37.4,15,0,0,10,9,4,15.0,13.03,48.6,40.9,38.73,37.6,34.6,7.7,1.13
CP004,Women,Libera,Women,2,5,38.6,4161.25,0.0,158046.36,30.0,11,1,0,0,8,0,0.0,0.0,48.2,44.3,40.6,37.9,32.2,3.9,2.7
CP004,Women,Libera,Women,3,5,45.2,4004.64,0.0,165712.33,36.2,12,0,0,0,9,0,0.0,0.0,38.6,43.4,40.73,38.2,38.6,-4.8,2.53
CP004,Women,Libera,Women,4,5,58.4,4067.43,0.14,228050.38,46.2,13,2,9,0,9,3,18.0,15.17,45.2,41.9,44.0,37.47,46.2,3.3,6.53
CP004,Women,Libera,Women,5,5,51.4,3933.35,0.19,191956.74,39.6,13,2,1,0,9,2,9.0,7.0,58.4,51.8,47.4,38.97,43.6,6.6,8.43
CP004,Women,Libera,Women,6,5,42.0,3822.23,0.0,155570.03,33.0,11,1,0,0,9,0,0.0,0.0,51.4,54.9,51.67,40.23,31.8,-3.5,11.43
CP004,Women,Libera,Women,7,5,46.6,4116.24,0.18,178879.58,36.8,13,0,0,0,9,1,18.0,17.5,42.0,46.7,50.6,47.3,38.2,-4.7,3.3
CP004,Women,Libera,Women,8,5,41.2,3933.81,0.0,164000.7,31.6,13,0,0,21,9,4,18.0,14.14,46.6,44.3,46.67,47.03,31.8,2.3,-0.37
CP004,Women,Libera,Women,9,5,45.6,4267.61,0.0,181424.12,35.4,11,0,0,5,8,0,0.0,0.0,41.2,43.9,43.27,47.47,39.4,-2.7,-4.2
CP004,Women,Libera,Women,10,5,47.0,3640.03,0.0,162814.97,33.4,13,1,0,0,9,0,0.0,0.0,45.6,43.4,44.47,47.53,34.4,2.2,-3.07
CP004,Women,Libera,Women,11,5,43.6,4124.93,0.0,163827.22,34.4,13,0,0,0,9,1,17.0,16.5,47.0,46.3,44.6,45.63,33.2,0.7,-1.03
CP004,Women,Libera,Women,12,5,59.0,4644.01,0.0,257796.14,45.8,13,1,6,0,9,4,27.0,23.02,43.6,45.3,45.4,44.33,48.6,-1.7,1.07
CP004,Women,Miss Modano,Women,1,5,107.4,4026.8,0.08,424799.73,84.6,27,0,0,10,9,6,15.0,13.72,106.4,96.0,89.53,85.9,87.4,10.4,3.63
CP004,Women,Miss Modano,Women,2,5,89.6,4102.05,0.0,373530.97,67.4,23,1,0,0,8,0,0.0,0.0,107.4,98.9,94.47,87.33,71.8,8.5,7.13
CP004,Women,Miss Modano,Women,3,5,105.8,3839.46,0.0,415993.76,83.8,26,0,0,0,9,0,0.0,0.0,89.6,98.5,89.93,82.8,87.6,-8.9,7.13
CP004,Women,Miss Modano,Women,4,5,138.6,3954.36,0.15,545309.71,109.0,27,2,9,0,9,5,25.0,17.33,105.8,97.7,100.93,86.1,113.2,8.1,14.83
CP004,Women,Miss Modano,Women,5,5,106.6,3753.95,0.0,400090.6,82.8,22,2,1,0,9,3,15.0,12.5,138.6,122.2,111.33,92.1,92.4,16.4,19.23
CP004,Women,Miss Modano,Women,6,5,100.4,4170.34,0.0,407951.66,78.8,24,1,0,0,9,0,0.0,0.0,106.6,122.6,117.0,92.2,81.4,-16.0,24.8
CP004,Women,Miss Modano,Women,7,5,108.8,3903.31,0.1,404309.94,88.4,26,0,0,0,9,9,20.0,15.87,100.4,103.5,115.2,108.07,82.8,-3.1,7.13
CP004,Women,Miss Modano,Women,8,5,122.6,4133.04,0.0,494658.12,97.2,27,0,0,21,9,5,19.0,14.87,108.8,104.6,105.27,108.3,99.2,4.2,-3.03
CP004,Women,Miss Modano,Women,9,5,88.6,3838.67,0.0,323118.85,68.0,22,0,0,5,8,0,0.0,0.0,122.6,115.7,110.6,113.8,64.8,6.9,-3.2
CP004,Women,Miss Modano,Women,10,5,107.2,4177.91,0.0,445849.53,83.2,25,1,0,0,9,0,0.0,0.0,88.6,105.6,106.67,110.93,76.6,-17.0,-4.27
CP004,Women,Miss Modano,Women,11,5,106.6,3699.2,0.24,392876.91,82.6,25,0,0,0,9,3,26.0,23.6,107.2,97.9,106.13,105.7,85.6,9.3,0.43
CP004,Women,Miss Modano,Women,12,5,136.2,3818.79,0.57,491396.27,110.8,25,1,6,0,9,14,29.0,22.8,106.6,106.9,100.8,105.7,106.4,-0.3,-4.9
CP004,Women,Modano,Women,1,5,116.4,4060.22,0.03,479623.59,91.4,32,0,0,10,9,7,15.0,12.27,101.2,87.2,88.07,82.93,91.8,14.0,5.13
CP004,Women,Modano,Women,2,5,79.4,3806.5,0.0,309142.67,60.0,25,1,0,0,8,0,0.0,0.0,116.4,94.2,87.2,86.0,64.8,22.2,1.2
CP004,Women,Modano,Women,3,5,110.0,3990.32,0.0,432216.6,83.0,29,0,0,0,9,0,0.0,0.0,79.4,97.9,84.33,82.9,79.8,-18.5,1.43
CP004,Women,Modano,Women,4,5,125.2,4153.82,0.23,544910.23,97.2,29,2,9,0,9,10,25.0,17.36,110.0,94.7,101.93,83.83,96.4,15.3,18.1
CP004,Women,Modano,Women,5,5,120.4,3898.59,0.0,475813.25,92.2,30,2,1,0,9,3,15.0,12.76,125.2,117.6,104.87,86.3,95.4,7.6,18.57
CP004,Women,Modano,Women,6,5,99.4,4015.63,0.0,396337.3,75.0,27,1,0,0,9,0,0.0,0.0,120.4,122.8,118.53,91.87,83.2,-2.4,26.67
CP004,Women,Modano,Women,7,5,89.2,3942.73,0.09,358995.01,68.4,30,0,0,0,9,9,19.0,14.39,99.4,109.9,115.0,108.47,68.8,-10.5,6.53
CP004,Women,Modano,Women,8,5,104.2,4241.06,0.07,446358.66,79.6,32,0,0,21,9,8,20.0,13.77,89.2,94.3,103.0,103.93,83.2,-5.1,-0.93
CP004,Women,Modano,Women,9,5,110.2,3680.37,0.0,415172.22,82.6,30,0,0,5,8,0,0.0,0.0,104.2,96.7,97.6,108.07,81.4,7.5,-10.47
CP004,Women,Modano,Women,10,5,111.4,4074.06,0.0,435729.95,86.6,29,1,0,0,9,0,0.0,0.0,110.2,107.2,101.2,108.1,89.8,3.0,-6.9
CP004,Women,Modano,Women,11,5,98.4,4068.77,0.12,392164.85,75.0,28,0,0,0,9,4,29.0,26.1,111.4,110.8,108.6,105.8,73.2,0.6,2.8
CP004,Women,Modano,Women,12,5,126.4,4152.21,0.12,549372.09,99.2,26,1,6,0,9,15,30.0,23.72,98.4,104.9,106.67,102.13,101.2,-6.5,4.53
CP005,Accessories,Emerald,Men,1,5,13.2,2991.29,0.0,38412.9,11.2,4,0,0,10,9,2,13.0,12.17,7.6,9.7,10.4,12.0,10.6,-2.1,-1.6
CP005,Accessories,Emerald,Men,2,5,14.0,3060.87,0.0,40617.87,11.0,4,1,0,0,8,0,0.0,0.0,13.2,9.2,10.07,12.03,11.4,4.0,-1.97
CP005,Accessories,Emerald,Men,3,5,17.2,3258.84,0.0,51743.68,14.2,3,0,0,0,9,0,0.0,0.0,14.0,13.6,9.73,11.53,16.2,0.4,-1.8
CP005,Accessories,Emerald,Men,4,5,18.8,2403.61,1.5,39399.82,15.8,4,2,9,0,9,1,11.0,11.0,17.2,15.6,14.8,11.37,12.8,1.6,3.43
CP005,Accessories,Emerald,Men,5,5,16.4,2765.41,0.0,43389.86,13.0,4,2,1,0,9,0,2.0,2.0,18.8,18.0,16.67,12.23,11.4,0.8,4.43
CP005,Accessories,Emerald,Men,6,5,13.8,2434.22,0.0,29837.18,11.2,4,1,0,0,9,0,0.0,0.0,16.4,17.6,17.47,12.67,9.8,-1.2,4.8
CP005,Accessories,Emerald,Men,7,5,13.0,2602.7,0.0,30503.63,10.8,4,0,0,0,9,2,12.0,11.0,13.8,15.1,16.33,15.57,10.6,-1.3,0.77
CP005,Accessories,Emerald,Men,8,5,16.2,2705.04,0.0,35515.78,12.4,4,0,0,21,9,0,3.0,3.0,13.0,13.4,14.4,15.53,13.8,-0.4,-1.13
CP005,Accessories,Emerald,Men,9,5,16.8,2944.79,0.0,47634.07,13.0,4,0,0,5,8,0,0.0,0.0,16.2,14.6,14.33,15.9,16.4,1.6,-1.57
CP005,Accessories,Emerald,Men,10,5,13.0,2944.77,0.0,33015.14,9.8,4,1,0,0,9,0,0.0,0.0,16.8,16.5,15.33,15.83,11.8,0.3,-0.5
CP005,Accessories,Emerald,Men,11,5,13.4,3107.73,0.0,39821.45,10.6,4,0,0,0,9,1,10.0,10.0,13.0,14.9,15.33,14.87,11.8,-1.9,0.47
CP005,Accessories,Emerald,Men,12,5,10.4,3097.12,0.0,30186.24,9.0,4,1,6,0,9,2,25.0,23.33,13.4,13.2,14.4,14.37,7.6,0.2,0.03
CP005,Accessories,Emerald,Unisex,1,5,26.0,2185.57,0.0,56300.7,20.8,9,0,0,10,9,2,10.0,9.25,31.8,28.1,27.53,23.7,20.2,3.7,3.83
CP005,Accessories,Emerald,Unisex,2,5,30.2,1766.2,0.0,52019.92,22.0,9,1,0,0,8,0,0.0,0.0,26.0,27.2,26.27,24.4,22.4,-1.2,1.87
CP005,Accessories,Emerald,Unisex,3,5,26.2,2441.33,0.0,64643.57,19.4,9,0,0,0,9,0,0.0,0.0,30.2,28.1,26.47,25.07,23.0,2.1,1.4
CP005,Accessories,Emerald,Unisex,4,5,32.2,2492.07,0.0,73847.1,24.4,9,2,9,0,9,1,19.0,17.5,26.2,28.2,27.47,25.13,27.4,-2.0,2.33
CP005,Accessories,Emerald,Unisex,5,5,28.6,2214.17,0.1,64803.49,22.2,10,2,1,0,9,2,9.0,8.67,32.2,29.2,29.53,25.3,21.4,3.0,4.23
CP005,Accessories,Emerald,Unisex,6,5,21.2,2391.18,0.0,50960.93,17.0,8,1,0,0,9,0,0.0,0.0,28.6,30.4,29.0,25.23,18.2,-1.8,3.77
CP005,Accessories,Emerald,Unisex,7,5,24.2,2206.18,0.0,51206.12,17.8,10,0,0,0,9,2,15.0,12.0,21.2,24.9,27.33,27.4,18.4,-3.7,-0.07
CP005,Accessories,Emerald,Unisex,8,5,30.8,2124.95,0.0,63163.94,23.8,10,0,0,21,9,3,16.0,13.25,24.2,22.7,24.67,27.1,21.0,1.5,-2.43
CP005,Accessories,Emerald,Unisex,9,5,24.8,2231.68,0.0,53615.08,20.0,9,0,0,5,8,0,0.0,0.0,30.8,27.5,25.4,27.2,20.2,3.3,-1.8
CP005,Accessories,Emerald,Unisex,10,5,31.8,2186.15,0.0,66271.93,26.2,10,1,0,0,9,0,0.0,0.0,24.8,27.8,26.6,26.97,26.4,-3.0,-0.37
CP005,Accessories,Emerald,Unisex,11,5,31.0,2296.06,0.0,67578.27,23.2,11,0,0,0,9,2,15.0,13.67,31.8,28.3,29.13,26.9,24.4,3.5,2.23
CP005,Accessories,Emerald,Unisex,12,5,37.4,2122.79,0.43,76297.9,29.0,11,1,6,0,9,5,27.0,21.63,31.0,31.4,29.2,27.3,31.8,-0.4,1.9
CP005,Accessories,Emerald,Women,1,5,8.8,2866.29,0.0,28854.67,6.4,3,0,0,10,9,0,3.0,3.0,6.8,6.4,5.13,5.23,6.2,0.4,-0.1
CP005,Accessories,Emerald,Women,2,5,6.4,2731.16,0.0,18231.61,4.4,2,1,0,0,8,0,0.0,0.0,8.8,6.8,6.53,5.07,5.6,2.0,1.47
CP005,Accessories,Emerald,Women,3,5,6.8,2487.57,0.0,20688.92,5.0,2,0,0,0,9,0,0.0,0.0,6.4,7.6,6.13,5.1,5.6,-1.2,1.03
CP005,Accessories,Emerald,Women,4,5,14.8,2525.9,0.0,42661.3,10.8,3,2,9,0,9,1,13.0,13.0,6.8,6.6,7.33,5.57,13.0,0.2,1.77
CP005,Accessories,Emerald,Women,5,5,9.6,2753.67,0.0,28257.6,7.2,3,2,1,0,9,0,2.0,2.0,14.8,10.8,9.33,6.93,7.6,4.0,2.4
CP005,Accessories,Emerald,Women,6,5,5.6,3116.15,0.0,19285.25,4.2,2,1,0,0,9,0,0.0,0.0,9.6,12.2,10.4,7.2,4.8,-2.6,3.2
CP005,Accessories,Emerald,Women,7,5,9.8,2212.54,0.0,24782.45,7.0,3,0,0,0,9,2,15.0,14.17,5.6,7.6,10.0,8.67,7.8,-2.0,1.33
CP005,Accessories,Emerald,Women,8,5,5.6,2594.23,0.0,15398.49,3.6,2,0,0,21,9,1,11.0,10.5,9.8,7.7,8.33,8.83,4.6,2.1,-0.5
CP005,Accessories,Emerald,Women,9,5,4.8,3035.08,0.0,14918.77,3.4,2,0,0,5,8,0,0.0,0.0,5.6,7.7,7.0,8.7,3.6,-2.1,-1.7
CP005,Accessories,Emerald,Women,10,5,5.0,2419.59,0.0,13338.84,3.6,2,1,0,0,9,0,0.0,0.0,4.8,5.2,6.73,8.37,2.6,-0.4,-1.63
CP005,Accessories,Emerald,Women,11,5,7.0,2446.36,0.0,20921.8,5.4,3,0,0,0,9,1,17.0,15.0,5.0,4.9,5.13,6.73,6.0,0.1,-1.6
CP005,Accessories,Emerald,Women,12,5,9.2,2897.26,0.5,26018.4,6.8,2,1,6,0,9,1,13.0,12.0,7.0,6.0,5.6,6.3,6.8,1.0,-0.7
CP005,Accessories,Hustle,Men,1,5,13.8,2904.42,0.0,38431.25,11.2,6,0,0,10,9,1,7.0,7.0,21.0,17.6,15.73,12.1,10.6,3.4,3.63
CP005,Accessories,Hustle,Men,2,5,14.0,2240.85,0.0,30864.55,10.4,5,1,0,0,8,0,0.0,0.0,13.8,15.9,15.33,12.07,9.0,-2.1,3.27
CP005,Accessories,Hustle,Men,3,5,11.4,3156.73,0.0,36206.86,8.8,5,0,0,0,9,0,0.0,0.0,14.0,13.9,14.93,12.93,9.4,0.1,2.0
CP005,Accessories,Hustle,Men,4,5,21.8,2484.6,0.0,51827.4,17.0,7,2,9,0,9,2,15.0,13.33,11.4,12.7,13.07,13.5,16.0,-1.3,-0.43
CP005,Accessories,Hustle,Men,5,5,16.0,2811.67,0.0,43755.89,13.2,7,2,1,0,9,1,7.0,7.0,21.8,16.6,15.73,14.5,12.4,5.2,1.23
CP005,Accessories,Hustle,Men,6,5,13.4,3215.23,0.0,43674.76,11.2,6,1,0,0,9,0,0.0,0.0,16.0,18.9,16.4,14.1,10.8,-2.9,2.3
CP005,Accessories,Hustle,Men,7,5,14.4,2719.7,0.0,36998.04,11.6,6,0,0,0,9,1,11.0,11.0,13.4,14.7,17.07,15.07,11.0,-1.3,2.0
CP005,Accessories,Hustle,Men,8,5,12.6,2888.6,0.0,32699.28,10.2,5,0,0,21,9,1,11.0,9.67,14.4,13.9,14.6,15.17,7.8,0.5,-0.57
CP005,Accessories,Hustle,Men,9,5,9.0,3301.56,0.0,28578.39,7.4,4,0,0,5,8,0,0.0,0.0,12.6,13.5,13.47,14.93,6.6,-0.9,-1.47
CP005,Accessories,Hustle,Men,10,5,15.4,2353.53,0.0,35818.98,12.2,6,1,0,0,9,0,0.0,0.0,9.0,10.8,12.0,14.53,12.0,-1.8,-2.53
CP005,Accessories,Hustle,Men,11,5,16.8,2814.45,0.0,40580.21,12.8,6,0,0,0,9,1,22.0,22.0,15.4,12.2,12.33,13.47,14.2,3.2,-1.13
CP005,Accessories,Hustle,Men,12,5,23.8,3000.36,0.25,65297.48,18.2,6,1,6,0,9,2,24.0,20.5,16.8,16.1,13.73,13.6,21.0,0.7,0.13
CP005,Accessories,Hustle,Unisex,1,5,10.0,2576.29,0.0,24591.95,8.2,4,0,0,10,9,0,5.0,5.0,9.4,8.4,9.53,9.53,9.2,1.0,0.0
CP005,Accessories,Hustle,Unisex,2,5,13.4,2358.16,0.0,34343.59,10.6,5,1,0,0,8,0,0.0,0.0,10.0,8.8,8.33,9.47,9.0,1.2,-1.13
CP005,Accessories,Hustle,Unisex,3,5,12.6,2750.68,0.0,33757.23,10.2,4,0,0,0,9,0,0.0,0.0,13.4,11.7,9.73,10.0,11.4,1.7,-0.27
CP005,Accessories,Hustle,Unisex,4,5,10.4,2767.74,0.0,27312.37,8.6,4,2,9,0,9,1,11.0,11.0,12.6,13.0,12.0,9.63,7.0,-0.4,2.37
CP005,Accessories,Hustle,Unisex,5,5,9.8,2224.53,0.0,21208.4,7.8,4,2,1,0,9,1,5.0,5.0,10.4,11.5,12.13,9.1,7.6,-1.1,3.03
CP005,Accessories,Hustle,Unisex,6,5,17.0,2747.57,0.0,44787.39,12.4,5,1,0,0,9,0,0.0,0.0,9.8,10.1,10.93,9.03,13.8,-0.3,1.9
CP005,Accessories,Hustle,Unisex,7,5,10.2,2886.94,0.0,27235.4,8.4,4,0,0,0,9,2,12.0,11.0,17.0,13.4,12.4,12.2,8.6,3.6,0.2
CP005,Accessories,Hustle,Unisex,8,5,12.2,2730.51,0.0,32432.67,9.8,4,0,0,21,9,0,6.0,6.0,10.2,13.6,12.33,12.23,8.4,-3.4,0.1
CP005,Accessories,Hustle,Unisex,9,5,13.6,2794.12,0.0,36306.67,10.8,4,0,0,5,8,0,0.0,0.0,12.2,11.2,13.13,12.03,11.6,1.0,1.1
CP005,Accessories,Hustle,Unisex,10,5,13.8,2622.3,0.0,33201.69,11.2,4,1,0,0,9,0,0.0,0.0,13.6,12.9,12.0,12.2,11.8,0.7,-0.2
CP005,Accessories,Hustle,Unisex,11,5,11.0,2763.72,0.62,28504.15,9.0,4,0,0,0,9,1,10.0,9.5,13.8,13.7,13.2,12.77,7.4,0.1,0.43
CP005,Accessories,Hustle,Unisex,12,5,14.8,2716.28,0.0,36028.68,11.8,4,1,6,0,9,2,26.0,22.67,11.0,12.4,12.8,12.97,9.4,-1.4,-0.17
CP005,Accessories,Hustle,Women,1,5,20.6,2556.28,0.2,61542.76,17.2,9,0,0,10,9,2,7.0,6.75,26.0,20.1,18.73,17.43,14.0,5.9,1.3
CP005,Accessories,Hustle,Women,2,5,24.4,2974.23,0.0,81914.77,19.2,9,1,0,0,8,0,0.0,0.0,20.6,21.5,19.07,17.73,19.2,-0.9,1.33
CP005,Accessories,Hustle,Women,3,5,19.6,2966.85,0.0,63061.6,15.8,8,0,0,0,9,0,0.0,0.0,24.4,22.5,21.13,18.3,16.2,1.9,2.83
CP005,Accessories,Hustle,Women,4,5,29.0,2878.38,0.0,98851.54,22.0,8,2,9,0,9,2,15.0,12.0,19.6,22.0,21.53,18.17,22.6,-2.4,3.37
CP005,Accessories,Hustle,Women,5,5,21.0,2833.77,0.0,69758.62,18.0,9,2,1,0,9,1,8.0,8.0,29.0,24.3,24.33,19.53,16.6,4.7,4.8
CP005,Accessories,Hustle,Women,6,5,24.6,2781.43,0.0,80853.57,19.2,8,1,0,0,9,0,0.0,0.0,21.0,25.0,23.2,20.07,18.0,-4.0,3.13
CP005,Accessories,Hustle,Women,7,5,18.8,2932.68,0.0,60643.29,15.6,7,0,0,0,9,3,18.0,16.08,24.6,22.8,24.87,23.2,15.2,1.8,1.67
CP005,Accessories,Hustle,Women,8,5,21.2,2640.1,0.0,67919.47,16.4,7,0,0,21,9,1,10.0,9.67,18.8,21.7,21.47,22.9,17.0,-2.9,-1.43
CP005,Accessories,Hustle,Women,9,5,22.6,2892.71,0.0,76311.98,18.0,7,0,0,5,8,0,0.0,0.0,21.2,20.0,21.53,22.37,16.2,1.2,-0.83
CP005,Accessories,Hustle,Women,10,5,17.4,2818.61,0.0,50959.65,14.2,8,1,0,0,9,0,0.0,0.0,22.6,21.9,20.87,22.87,16.0,0.7,-2.0
CP005,Accessories,Hustle,Women,11,5,19.4,2828.53,0.0,68125.92,16.6,7,0,0,0,9,1,22.0,21.0,17.4,20.0,20.4,20.93,14.2,-2.6,-0.53
CP005,Accessories,Hustle,Women,12,5,31.2,2646.03,0.36,101065.97,24.2,9,1,6,0,9,3,25.0,22.75,19.4,18.4,19.8,20.67,26.0,1.0,-0.87
CP005,Accessories,King Street,Men,1,5,14.8,3137.07,0.0,49751.67,11.2,6,0,0,10,9,0,3.0,2.5,15.8,14.0,14.13,14.2,12.0,1.8,-0.07
CP005,Accessories,King Street,Men,2,5,17.2,2888.36,0.0,55073.75,13.0,6,1,0,0,8,0,0.0,0.0,14.8,12.7,12.53,13.77,13.6,2.1,-1.23
CP005,Accessories,King Street,Men,3,5,20.8,2620.47,0.0,57345.65,16.0,6,0,0,0,9,0,0.0,0.0,17.2,16.0,13.6,13.87,18.4,1.2,-0.27
CP005,Accessories,King Street,Men,4,5,17.6,3048.79,0.0,53824.5,12.6,7,2,9,0,9,1,14.0,14.0,20.8,19.0,17.6,14.07,15.4,1.8,3.53
CP005,Accessories,King Street,Men,5,5,16.6,2778.1,0.0,49681.38,13.4,6,2,1,0,9,1,9.0,8.5,17.6,19.2,18.53,13.83,15.0,-1.6,4.7
CP005,Accessories,King Street,Men,6,5,19.2,3232.28,0.0,63650.69,15.8,7,1,0,0,9,0,0.0,0.0,16.6,17.1,18.33,13.93,14.2,-0.5,4.4
CP005,Accessories,King Street,Men,7,5,19.4,2979.52,0.0,56983.49,14.8,7,0,0,0,9,2,15.0,14.25,19.2,17.9,17.8,17.7,12.2,1.3,0.1
CP005,Accessories,King Street,Men,8,5,22.2,3025.82,0.0,70951.61,16.6,7,0,0,21,9,1,15.0,14.33,19.4,19.3,18.4,18.47,14.8,0.1,-0.07
CP005,Accessories,King Street,Men,9,5,18.2,2956.03,0.0,56358.85,13.0,7,0,0,5,8,0,0.0,0.0,22.2,20.8,20.27,19.3,15.8,1.4,0.97
CP005,Accessories,King Street,Men,10,5,17.4,3042.21,0.0,52844.9,13.8,6,1,0,0,9,0,0.0,0.0,18.2,20.2,19.93,18.87,14.4,-2.0,1.07
CP005,Accessories,King Street,Men,11,5,15.8,2919.47,0.0,47082.37,12.4,6,0,0,0,9,1,15.0,14.5,17.4,17.8,19.27,18.83,12.2,-0.4,0.43
CP005,Accessories,King Street,Men,12,5,22.4,2778.54,0.0,58358.74,18.6,6,1,6,0,9,4,27.0,22.0,15.8,16.6,17.13,18.7,15.8,-0.8,-1.57
CP005,Accessories,King Street,Unisex,1,5,8.0,2507.94,0.0,20389.43,6.8,3,0,0,10,9,0,6.0,6.0,5.6,6.8,6.33,5.47,6.6,-1.2,0.87
CP005,Accessories,King Street,Unisex,2,5,7.2,2548.73,0.0,19378.53,5.8,2,1,0,0,8,0,0.0,0.0,8.0,5.9,6.6,5.97,5.8,2.1,0.63
CP005,Accessories,King Street,Unisex,3,5,6.0,2680.45,0.0,16481.39,4.6,2,0,0,0,9,0,0.0,0.0,7.2,7.6,6.07,6.2,4.6,-0.4,-0.13
CP005,Accessories,King Street,Unisex,4,5,4.0,2304.62,0.0,10321.4,3.0,2,2,9,0,9,0,7.0,7.0,6.0,6.6,7.07,6.03,3.6,-0.6,1.03
CP005,Accessories,King Street,Unisex,5,5,5.4,2652.47,0.0,14910.18,4.2,2,2,1,0,9,0,3.0,3.0,4.0,5.0,5.73,5.7,5.0,-1.0,0.03
CP005,Accessories,King Street,Unisex,6,5,7.6,2698.47,0.0,20928.94,5.8,3,1,0,0,9,0,0.0,0.0,5.4,4.7,5.13,5.13,5.8,0.7,0.0
CP005,Accessories,King Street,Unisex,7,5,4.4,2751.89,0.0,11743.28,3.6,2,0,0,0,9,1,12.0,11.5,7.6,6.5,5.67,6.37,3.2,1.1,-0.7
CP005,Accessories,King Street,Unisex,8,5,6.0,2659.4,0.0,16714.35,4.6,2,0,0,21,9,1,6.0,6.0,4.4,6.0,5.8,5.77,5.0,-1.6,0.03
CP005,Accessories,King Street,Unisex,9,5,6.8,2662.49,0.0,19161.19,5.6,3,0,0,5,8,0,0.0,0.0,6.0,5.2,6.0,5.57,5.6,0.8,0.43
CP005,Accessories,King Street,Unisex,10,5,7.8,2700.38,0.0,22022.26,6.6,3,1,0,0,9,0,0.0,0.0,6.8,6.4,5.73,5.7,5.4,0.4,0.03
CP005,Accessories,King Street,Unisex,11,5,9.2,2548.1,0.0,24891.61,6.6,3,0,0,0,9,0,0.0,0.0,7.8,7.3,6.87,6.33,8.0,0.5,0.53
CP005,Accessories,King Street,Unisex,12,5,8.8,2579.41,0.0,23951.11,7.6,3,1,6,0,9,0,7.0,7.0,9.2,8.5,7.93,6.97,5.6,0.7,0.97
CP005,Accessories,King Street,Women,1,5,11.8,2981.09,1.04,36136.73,9.8,5,0,0,10,9,1,8.0,7.67,8.6,9.7,9.73,9.07,9.4,-1.1,0.67
CP005,Accessories,King Street,Women,2,5,10.0,3270.56,0.0,35238.01,7.8,5,1,0,0,8,0,0.0,0.0,11.8,9.4,9.87,9.6,7.0,2.4,0.27
CP005,Accessories,King Street,Women,3,5,10.8,3296.04,0.0,38404.17,8.8,5,0,0,0,9,0,0.0,0.0,10.0,10.9,8.93,9.07,9.4,-0.9,-0.13
CP005,Accessories,King Street,Women,4,5,13.8,3107.59,0.0,46652.77,11.4,5,2,9,0,9,2,18.0,14.67,10.8,10.4,10.87,9.23,11.0,0.4,1.63
CP005,Accessories,King Street,Women,5,5,9.4,3596.74,0.0,35156.34,7.4,3,2,1,0,9,1,8.0,8.0,13.8,12.3,11.53,9.5,6.2,1.5,2.03
CP005,Accessories,King Street,Women,6,5,9.6,3031.32,0.0,31335.64,8.0,4,1,0,0,9,0,0.0,0.0,9.4,11.6,11.33,8.97,7.4,-2.2,2.37
CP005,Accessories,King Street,Women,7,5,10.8,3100.36,0.0,34727.85,8.6,4,0,0,0,9,1,11.0,10.33,9.6,9.5,10.93,10.9,7.0,0.1,0.03
CP005,Accessories,King Street,Women,8,5,13.4,3231.75,0.0,46820.84,10.2,5,0,0,21,9,1,12.0,10.17,10.8,10.2,9.93,10.73,11.2,0.6,-0.8
CP005,Accessories,King Street,Women,9,5,8.4,3069.18,0.0,27013.79,7.0,4,0,0,5,8,0,0.0,0.0,13.4,12.1,11.27,11.3,7.0,1.3,-0.03
CP005,Accessories,King Street,Women,10,5,11.2,3280.12,0.0,40064.74,9.4,4,1,0,0,9,0,0.0,0.0,8.4,10.9,10.87,10.9,9.8,-2.5,-0.03
CP005,Accessories,King Street,Women,11,5,12.0,3076.08,0.0,38033.0,10.0,5,0,0,0,9,1,24.0,24.0,11.2,9.8,11.0,10.47,10.8,1.4,0.53
CP005,Accessories,King Street,Women,12,5,11.8,2869.17,0.8,35192.7,9.8,4,1,6,0,9,3,27.0,26.13,12.0,11.6,10.53,10.9,8.6,0.4,-0.37
CP005,Accessories,Libera,Men,1,3,1.33,306.58,0.0,408.77,1.33,1,0,0,10,9,0,5.0,5.0,0.67,1.17,1.11,1.11,0.67,-0.5,0.0
CP005,Accessories,Libera,Men,2,3,1.67,306.58,0.0,510.97,1.67,1,1,0,0,8,0,0.0,0.0,1.33,0.67,0.89,1.0,0.33,0.67,-0.11
CP005,Accessories,Libera,Men,3,5,1.8,306.58,0.0,551.84,1.8,1,0,0,0,9,0,0.0,0.0,1.8,1.7,1.27,1.13,1.0,0.1,0.13
CP005,Accessories,Libera,Men,4,3,1.67,306.58,0.0,510.97,1.67,1,2,9,0,9,0,6.67,6.67,1.33,1.83,1.89,1.22,0.67,-0.5,0.67
CP005,Accessories,Libera,Men,5,3,1.33,306.58,0.0,408.77,1.33,1,2,1,0,9,1,6.67,6.67,1.0,1.17,1.33,0.94,1.33,-0.17,0.39
CP005,Accessories,Libera,Men,6,3,1.33,306.58,0.0,408.77,1.33,1,1,0,0,8,0,0.0,0.0,3.0,2.0,1.89,1.22,1.0,1.0,0.67
CP005,Accessories,Libera,Men,7,4,1.75,306.58,0.0,536.52,1.75,1,0,0,0,9,0,0.0,0.0,1.25,1.88,1.67,1.67,1.75,-0.62,0.0
CP005,Accessories,Libera,Men,8,3,1.0,306.58,0.0,306.58,1.0,1,0,0,21,9,0,0.0,0.0,2.0,1.67,2.11,1.83,1.0,0.33,0.28
CP005,Accessories,Libera,Men,9,4,1.5,306.58,0.0,459.87,1.5,1,0,0,5,8,0,0.0,0.0,1.0,1.12,1.08,1.38,1.0,-0.12,-0.29
CP005,Accessories,Libera,Men,10,4,1.75,306.58,0.0,536.52,1.75,1,1,0,0,9,0,0.0,0.0,1.25,1.38,1.42,1.5,0.75,-0.12,-0.08
CP005,Accessories,Libera,Men,11,2,2.5,296.36,3.33,735.79,2.5,1,0,0,0,9,0,10.0,10.0,1.5,1.25,1.5,1.83,1.5,0.25,-0.33
CP005,Accessories,Libera,Men,12,4,1.75,306.58,0.0,536.52,1.75,1,1,6,0,9,1,17.5,17.5,2.5,2.0,1.67,1.71,1.75,0.5,-0.04
CP005,Accessories,Libera,Unisex,1,5,5.0,2388.68,0.0,10187.1,5.0,3,0,0,10,9,0,5.0,5.0,6.0,5.3,4.93,4.57,3.6,0.7,0.37
CP005,Accessories,Libera,Unisex,2,5,4.6,1895.9,0.0,9513.09,4.6,3,1,0,0,8,0,0.0,0.0,5.0,5.4,5.13,4.5,4.0,-0.4,0.63
CP005,Accessories,Libera,Unisex,3,5,5.6,2322.5,0.0,12864.69,5.6,4,0,0,0,9,0,0.0,0.0,4.6,4.8,4.73,4.53,5.2,-0.2,0.2
CP005,Accessories,Libera,Unisex,4,5,5.2,2530.87,0.0,12949.56,4.8,3,2,9,0,9,1,9.0,9.0,5.6,5.1,5.07,4.53,4.6,0.5,0.53
CP005,Accessories,Libera,Unisex,5,5,7.8,2126.93,0.0,16620.87,7.8,5,2,1,0,9,1,10.0,10.0,5.2,5.4,5.13,4.5,6.6,-0.2,0.63
CP005,Accessories,Libera,Unisex,6,5,5.2,2345.49,0.0,12314.02,5.2,4,1,0,0,9,0,0.0,0.0,7.8,6.5,6.2,4.83,4.2,1.3,1.37
CP005,Accessories,Libera,Unisex,7,5,6.8,2181.83,0.0,16497.57,6.8,4,0,0,0,9,1,11.0,10.5,5.2,6.5,6.07,5.57,5.2,-1.3,0.5
CP005,Accessories,Libera,Unisex,8,5,4.6,2709.83,0.0,12051.84,4.6,3,0,0,21,9,1,7.0,6.5,6.8,6.0,6.6,5.87,3.2,0.8,0.73
CP005,Accessories,Libera,Unisex,9,5,6.4,2655.8,0.0,17403.61,6.4,4,0,0,5,8,0,0.0,0.0,4.6,5.7,5.53,5.87,4.2,-1.1,-0.33
CP005,Accessories,Libera,Unisex,10,5,5.0,2058.35,0.0,11545.49,5.0,4,1,0,0,9,0,0.0,0.0,6.4,5.5,5.93,6.0,4.2,0.9,-0.07
CP005,Accessories,Libera,Unisex,11,5,5.8,2228.93,0.0,12799.98,5.6,4,0,0,0,9,1,14.0,14.0,5.0,5.7,5.33,5.97,4.6,-0.7,-0.63
CP005,Accessories,Libera,Unisex,12,5,7.2,2262.28,0.0,17783.6,5.8,4,1,6,0,9,1,19.0,18.0,5.8,5.4,5.73,5.63,6.0,0.4,0.1
CP005,Accessories,Libera,Women,1,5,10.0,2871.33,0.0,30329.93,7.2,4,0,0,10,9,1,9.0,8.67,10.6,9.3,8.13,8.8,8.8,1.3,-0.67
CP005,Accessories,Libera,Women,2,5,8.4,2824.24,0.0,25999.28,6.8,4,1,0,0,8,0,0.0,0.0,10.0,8.7,8.47,8.1,6.4,1.3,0.37
CP005,Accessories,Libera,Women,3,5,7.2,2972.3,0.0,21645.44,5.2,4,0,0,0,9,0,0.0,0.0,8.4,9.2,7.6,7.6,6.6,-0.8,0.0
CP005,Accessories,Libera,Women,4,5,6.8,2679.14,2.5,19377.19,5.4,3,2,9,0,9,1,11.0,11.0,7.2,7.8,8.53,6.9,4.6,-0.6,1.63
CP005,Accessories,Libera,Women,5,5,10.8,2649.69,0.0,30800.98,9.4,4,2,1,0,9,1,11.0,11.0,6.8,7.0,7.47,6.9,10.6,-0.2,0.57
CP005,Accessories,Libera,Women,6,5,10.4,2817.23,0.0,30824.02,7.8,4,1,0,0,9,0,0.0,0.0,10.8,8.8,8.27,6.9,9.4,2.0,1.37
CP005,Accessories,Libera,Women,7,5,11.8,2920.63,0.75,36697.99,9.0,3,0,0,0,9,0,6.0,6.0,10.4,10.6,9.33,8.93,11.0,-0.2,0.4
CP005,Accessories,Libera,Women,8,5,10.6,2781.87,0.33,29839.34,9.0,4,0,0,21,9,1,13.0,11.0,11.8,11.1,11.0,9.23,8.4,0.7,1.77
CP005,Accessories,Libera,Women,9,5,10.6,2882.97,0.0,31617.01,8.2,5,0,0,5,8,0,0.0,0.0,10.6,11.2,10.93,9.6,9.0,-0.6,1.33
CP005,Accessories,Libera,Women,10,5,7.0,2566.81,0.0,18590.09,5.6,4,1,0,0,9,0,0.0,0.0,10.6,10.6,11.0,10.17,5.8,0.0,0.83
CP005,Accessories,Libera,Women,11,5,9.8,2829.99,0.57,29666.13,7.8,4,0,0,0,9,1,10.0,9.5,7.0,8.8,9.4,10.2,8.0,-1.8,-0.8
CP005,Accessories,Libera,Women,12,5,14.4,2848.28,0.0,43589.82,11.2,5,1,6,0,9,1,16.0,16.0,9.8,8.4,9.13,10.03,10.6,1.4,-0.9
CP005,Accessories,Miss Modano,Men,1,5,23.4,2316.94,0.0,54563.63,17.8,7,0,0,10,9,2,11.0,9.83,32.2,27.2,24.33,22.53,18.2,5.0,1.8
CP005,Accessories,Miss Modano,Men,2,5,25.2,2325.99,0.0,52364.34,19.2,7,1,0,0,8,0,0.0,0.0,23.4,23.0,22.73,20.97,18.0,0.4,1.77
CP005,Accessories,Miss Modano,Men,3,5,27.8,2473.24,0.0,63592.87,21.4,7,0,0,0,9,0,0.0,0.0,25.2,24.3,21.53,20.5,20.8,0.9,1.03
CP005,Accessories,Miss Modano,Men,4,5,24.6,2355.93,0.0,55691.57,18.8,6,2,9,0,9,3,17.0,15.0,27.8,26.5,25.47,21.53,19.4,1.3,3.93
CP005,Accessories,Miss Modano,Men,5,5,28.2,2337.24,0.0,63014.31,21.2,7,2,1,0,9,2,9.0,8.1,24.6,26.2,25.87,21.8,22.0,-1.6,4.07
CP005,Accessories,Miss Modano,Men,6,5,25.0,2252.59,0.0,56979.51,18.6,7,1,0,0,9,0,0.0,0.0,28.2,26.4,26.87,21.87,18.4,1.8,5.0
CP005,Accessories,Miss Modano,Men,7,5,28.2,2440.29,0.0,67285.38,21.8,8,0,0,0,9,2,13.0,12.25,25.0,26.6,25.93,25.7,23.2,-1.6,0.23
CP005,Accessories,Miss Modano,Men,8,5,27.2,2352.45,0.19,63044.34,21.6,8,0,0,21,9,1,13.0,11.83,28.2,26.6,27.13,26.5,21.4,1.6,0.63
CP005,Accessories,Miss Modano,Men,9,5,22.0,2685.24,0.0,55719.19,16.2,7,0,0,5,8,0,0.0,0.0,27.2,27.7,26.8,26.83,17.6,-0.5,-0.03
CP005,Accessories,Miss Modano,Men,10,5,23.4,2070.97,0.0,49043.42,17.4,6,1,0,0,9,0,0.0,0.0,22.0,24.6,25.8,25.87,18.6,-2.6,-0.07
CP005,Accessories,Miss Modano,Men,11,5,30.6,2399.17,0.29,69974.98,24.4,7,0,0,0,9,1,19.0,18.33,23.4,22.7,24.2,25.67,22.2,0.7,-1.47
CP005,Accessories,Miss Modano,Men,12,5,37.2,2425.35,0.91,86513.26,28.6,7,1,6,0,9,3,26.0,22.08,30.6,27.0,25.33,26.07,32.2,3.6,-0.73
CP005,Accessories,Miss Modano,Unisex,1,5,15.4,2893.21,0.0,39568.25,12.4,7,0,0,10,9,1,10.0,9.5,14.6,14.4,13.2,13.17,12.8,0.2,0.03
CP005,Accessories,Miss Modano,Unisex,2,5,20.4,2366.93,0.0,43183.2,15.8,9,1,0,0,8,0,0.0,0.0,15.4,13.2,13.53,12.77,16.0,2.2,0.77
CP005,Accessories,Miss Modano,Unisex,3,5,12.4,2673.81,0.0,30341.64,10.4,6,0,0,0,9,0,0.0,0.0,20.4,17.9,14.53,13.4,10.4,2.5,1.13
CP005,Accessories,Miss Modano,Unisex,4,5,21.6,2872.4,0.0,60763.91,16.4,7,2,9,0,9,3,24.0,18.75,12.4,16.4,16.07,13.13,16.8,-4.0,2.93
CP005,Accessories,Miss Modano,Unisex,5,5,13.0,2931.22,0.0,35718.82,11.0,7,2,1,0,9,1,10.0,9.5,21.6,17.0,18.13,14.33,10.4,4.6,3.8
CP005,Accessories,Miss Modano,Unisex,6,5,14.2,2680.72,0.0,36717.69,11.6,7,1,0,0,9,0,0.0,0.0,13.0,17.3,15.67,13.63,10.4,-4.3,2.03
CP005,Accessories,Miss Modano,Unisex,7,5,17.6,2950.77,0.0,49949.16,14.0,8,0,0,0,9,1,8.0,6.58,14.2,13.6,16.27,16.17,14.2,0.6,0.1
CP005,Accessories,Miss Modano,Unisex,8,5,15.6,3100.03,0.0,48245.29,13.2,8,0,0,21,9,1,9.0,8.5,17.6,15.9,14.93,16.53,13.4,1.7,-1.6
CP005,Accessories,Miss Modano,Unisex,9,5,15.8,2660.03,0.0,39047.42,13.8,8,0,0,5,8,0,0.0,0.0,15.6,16.6,15.8,15.73,11.8,-1.0,0.07
CP005,Accessories,Miss Modano,Unisex,10,5,16.0,2615.64,0.0,36034.77,13.2,7,1,0,0,9,0,0.0,0.0,15.8,15.7,16.33,16.3,10.8,0.1,0.03
CP005,Accessories,Miss Modano,Unisex,11,5,16.4,2478.62,0.55,37892.51,13.4,7,0,0,0,9,1,22.0,20.5,16.0,15.9,15.8,15.37,14.2,0.1,0.43
CP005,Accessories,Miss Modano,Unisex,12,5,19.2,2918.72,0.2,55298.73,16.0,8,1,6,0,9,3,25.0,20.33,16.4,16.2,16.07,15.93,14.6,0.2,0.13
CP005,Accessories,Miss Modano,Women,1,5,11.2,1751.23,0.0,16111.88,8.8,4,0,0,10,9,1,9.0,8.5,15.8,13.5,12.13,11.1,9.8,2.3,1.03
CP005,Accessories,Miss Modano,Women,2,5,11.2,2247.47,0.0,17815.68,9.6,4,1,0,0,8,0,0.0,0.0,11.2,12.6,12.13,11.03,7.2,-1.4,1.1
CP005,Accessories,Miss Modano,Women,3,5,10.6,2332.33,0.0,21617.76,7.8,3,0,0,0,9,0,0.0,0.0,11.2,11.2,11.27,11.17,6.6,0.0,0.1
CP005,Accessories,Miss Modano,Women,4,5,10.2,1985.47,0.0,14204.19,8.2,4,2,9,0,9,1,15.0,14.5,10.6,10.9,11.0,10.57,7.6,-0.3,0.43
CP005,Accessories,Miss Modano,Women,5,5,15.8,1849.07,0.0,21804.87,13.2,4,2,1,0,9,0,2.0,2.0,10.2,10.4,10.67,10.33,11.8,-0.2,0.33
CP005,Accessories,Miss Modano,Women,6,5,14.8,2119.28,0.0,28385.88,11.6,5,1,0,0,9,0,0.0,0.0,15.8,13.0,12.2,10.5,11.6,2.8,1.7
CP005,Accessories,Miss Modano,Women,7,5,11.2,2550.38,0.75,25154.01,9.2,4,0,0,0,9,1,12.0,10.67,14.8,15.3,13.6,12.3,9.8,-0.5,1.3
CP005,Accessories,Miss Modano,Women,8,5,11.2,2434.2,0.0,20970.13,9.0,4,0,0,21,9,1,13.0,12.5,11.2,13.0,13.93,12.3,7.8,-1.8,1.63
CP005,Accessories,Miss Modano,Women,9,5,14.0,2184.85,0.0,27312.62,11.0,5,0,0,5,8,0,0.0,0.0,11.2,11.2,12.4,12.3,12.6,0.0,0.1
CP005,Accessories,Miss Modano,Women,10,5,12.6,2491.92,0.0,28934.89,10.4,5,1,0,0,9,0,0.0,0.0,14.0,12.6,12.13,12.87,9.4,1.4,-0.73
CP005,Accessories,Miss Modano,Women,11,5,13.6,2164.54,0.67,24977.07,10.2,4,0,0,0,9,1,16.0,14.5,12.6,13.3,12.6,13.27,11.2,-0.7,-0.67
CP005,Accessories,Miss Modano,Women,12,5,20.4,2585.34,0.0,46754.65,14.6,6,1,6,0,9,3,22.0,20.15,13.6,13.1,13.4,12.9,15.8,0.5,0.5
CP005,Accessories,Modano,Men,1,5,6.2,3617.11,0.0,23132.6,5.4,3,0,0,10,9,1,10.0,10.0,12.4,9.3,9.13,8.73,5.4,3.1,0.4
CP005,Accessories,Modano,Men,2,5,4.8,3158.27,0.0,16513.46,4.4,2,1,0,0,8,0,0.0,0.0,6.2,8.5,7.73,8.33,3.8,-2.3,-0.6
CP005,Accessories,Modano,Men,3,5,5.6,3464.87,0.0,20574.02,5.2,3,0,0,0,9,0,0.0,0.0,4.8,5.5,7.2,7.43,5.2,-0.7,-0.23
CP005,Accessories,Modano,Men,4,5,10.0,3339.87,0.0,34959.37,8.2,4,2,9,0,9,2,20.0,17.83,5.6,5.2,5.53,6.83,9.4,0.4,-1.3
CP005,Accessories,Modano,Men,5,5,7.2,3345.71,0.0,24833.34,6.4,4,2,1,0,9,1,11.0,10.5,10.0,7.8,6.8,6.67,6.0,2.2,0.13
CP005,Accessories,Modano,Men,6,5,8.2,3479.02,0.0,30126.36,7.2,4,1,0,0,9,0,0.0,0.0,7.2,8.6,7.6,6.53,6.6,-1.4,1.07
CP005,Accessories,Modano,Men,7,5,8.0,3402.09,0.0,28486.24,6.8,3,0,0,0,9,1,12.0,11.67,8.2,7.7,8.47,7.0,7.0,0.5,1.47
CP005,Accessories,Modano,Men,8,5,11.8,3774.18,0.0,45902.72,9.8,3,0,0,21,9,1,11.0,10.0,8.0,8.1,7.8,7.3,10.0,-0.1,0.5
CP005,Accessories,Modano,Men,9,5,8.8,3268.68,0.0,30933.61,7.4,3,0,0,5,8,0,0.0,0.0,11.8,9.9,9.33,8.47,8.0,1.9,0.87
CP005,Accessories,Modano,Men,10,5,9.4,3551.06,0.0,34815.38,8.6,4,1,0,0,9,0,0.0,0.0,8.8,10.3,9.53,9.0,8.8,-1.5,0.53
CP005,Accessories,Modano,Men,11,5,7.0,3342.43,0.0,24977.5,6.6,3,0,0,0,9,0,11.0,11.0,9.4,9.1,10.0,8.9,6.2,0.3,1.1
CP005,Accessories,Modano,Men,12,5,13.2,3555.86,0.33,48663.43,10.4,4,1,6,0,9,1,18.0,15.0,7.0,8.2,8.4,8.87,12.4,-1.2,-0.47
CP005,Accessories,Modano,Unisex,1,5,7.0,2762.34,0.0,21052.87,6.4,3,0,0,10,9,0,0.0,0.0,7.8,5.6,6.0,6.1,6.0,2.2,-0.1
CP005,Accessories,Modano,Unisex,2,5,6.2,2676.58,0.0,18032.4,5.8,3,1,0,0,8,0,0.0,0.0,7.0,7.0,5.8,6.27,5.6,0.0,-0.47
CP005,Accessories,Modano,Unisex,3,5,7.6,2498.03,0.0,23867.0,6.6,3,0,0,0,9,0,0.0,0.0,6.2,6.6,6.0,5.9,6.2,-0.4,0.1
CP005,Accessories,Modano,Unisex,4,5,8.0,2343.51,0.0,19436.71,6.2,3,2,9,0,9,1,12.0,11.0,7.6,6.9,6.93,5.73,6.2,0.7,1.2
CP005,Accessories,Modano,Unisex,5,5,7.6,3154.92,0.0,27044.04,5.8,4,2,1,0,9,1,8.0,8.0,8.0,7.8,7.27,5.7,6.0,0.2,1.57
CP005,Accessories,Modano,Unisex,6,5,9.8,2693.25,0.0,30525.91,8.4,4,1,0,0,9,0,0.0,0.0,7.6,7.8,7.73,6.17,7.2,-0.2,1.57
CP005,Accessories,Modano,Unisex,7,5,6.6,2249.95,0.0,16523.17,6.0,4,0,0,0,9,1,8.0,8.0,9.8,8.7,8.47,7.7,5.2,1.1,0.77
CP005,Accessories,Modano,Unisex,8,5,7.8,2528.03,0.0,22815.03,7.2,4,0,0,21,9,1,10.0,9.5,6.6,8.2,8.0,7.63,6.2,-1.6,0.37
CP005,Accessories,Modano,Unisex,9,5,8.2,3111.11,0.0,29435.57,7.2,3,0,0,5,8,0,0.0,0.0,7.8,7.2,8.07,7.9,7.2,0.6,0.17
CP005,Accessories,Modano,Unisex,10,5,9.0,3122.29,0.0,31107.27,7.4,4,1,0,0,9,0,0.0,0.0,8.2,8.0,7.53,8.0,6.8,0.2,-0.47
CP005,Accessories,Modano,Unisex,11,5,3.8,2032.49,0.0,9360.0,3.4,3,0,0,0,9,1,12.0,12.0,9.0,8.6,8.33,8.17,3.4,0.4,0.17
CP005,Accessories,Modano,Unisex,12,5,9.8,2956.06,0.0,29909.7,8.2,4,1,6,0,9,1,19.0,18.0,3.8,6.4,7.0,7.53,7.8,-2.6,-0.53
CP005,Accessories,Modano,Women,1,5,8.4,2320.97,0.0,20261.37,7.4,4,0,0,10,9,1,11.0,10.5,5.8,5.8,6.07,5.9,6.8,0.0,0.17
CP005,Accessories,Modano,Women,2,5,9.4,2135.63,0.0,21052.81,7.6,5,1,0,0,8,0,0.0,0.0,8.4,6.7,6.4,6.13,6.2,1.7,0.27
CP005,Accessories,Modano,Women,3,5,12.0,2698.3,0.0,32483.12,10.6,5,0,0,0,9,0,0.0,0.0,9.4,8.9,7.13,6.63,8.2,0.5,0.5
CP005,Accessories,Modano,Women,4,5,7.6,1961.49,0.0,14536.25,5.8,3,2,9,0,9,1,9.0,8.0,12.0,10.7,9.93,7.37,5.8,1.3,2.57
CP005,Accessories,Modano,Women,5,5,9.6,2516.1,0.0,23874.47,9.0,5,2,1,0,9,1,9.0,8.5,7.6,9.8,9.67,7.37,8.0,-2.2,2.3
CP005,Accessories,Modano,Women,6,5,7.8,2784.03,0.0,21148.13,7.2,4,1,0,0,9,0,0.0,0.0,9.6,8.6,9.73,7.63,5.8,1.0,2.1
CP005,Accessories,Modano,Women,7,5,10.2,2287.37,0.0,23053.82,9.0,4,0,0,0,9,1,11.0,10.5,7.8,8.7,8.33,9.13,6.2,-0.9,-0.8
CP005,Accessories,Modano,Women,8,5,7.2,2360.0,0.6,16545.95,6.6,5,0,0,21,9,1,9.0,8.0,10.2,9.0,9.2,9.43,5.0,1.2,-0.23
CP005,Accessories,Modano,Women,9,5,7.4,1952.32,0.0,16038.49,6.6,4,0,0,5,8,0,0.0,0.0,7.2,8.7,8.4,9.07,6.0,-1.5,-0.67
CP005,Accessories,Modano,Women,10,5,10.0,2584.75,0.0,27461.99,8.6,4,1,0,0,9,0,0.0,0.0,7.4,7.3,8.27,8.3,6.6,0.1,-0.03
CP005,Accessories,Modano,Women,11,5,7.6,2034.0,0.0,16259.07,6.6,4,0,0,0,9,1,11.0,10.5,10.0,8.7,8.2,8.7,5.8,1.3,-0.5
CP005,Accessories,Modano,Women,12,5,9.6,2406.05,0.36,22925.09,7.8,4,1,6,0,9,3,27.0,23.77,7.6,8.8,8.33,8.37,5.8,-1.2,-0.03
CP005,Footwear,Emerald,Kids,1,5,64.2,8200.56,0.08,558963.86,48.8,13,0,0,10,9,2,13.0,12.17,39.4,40.1,41.87,44.2,55.4,-0.7,-2.33
CP005,Footwear,Emerald,Kids,2,5,43.2,7720.15,0.0,366112.82,33.0,11,1,0,0,8,0,0.0,0.0,64.2,44.7,43.4,45.83,35.0,19.5,-2.43
CP005,Footwear,Emerald,Kids,3,5,56.4,7882.42,0.0,475512.16,43.2,15,0,0,0,9,0,0.0,0.0,43.2,53.7,41.27,41.23,44.6,-10.5,0.03
CP005,Footwear,Emerald,Kids,4,5,63.4,8134.68,0.4,540820.62,50.6,13,2,9,0,9,4,21.0,17.51,56.4,49.8,54.6,42.33,54.2,6.6,12.27
CP005,Footwear,Emerald,Kids,5,5,45.8,7877.01,0.0,400099.08,34.6,11,2,1,0,9,2,11.0,9.75,63.4,59.9,54.33,43.53,31.0,3.5,10.8
CP005,Footwear,Emerald,Kids,6,5,53.8,7922.01,0.0,463754.07,41.4,14,1,0,0,9,0,0.0,0.0,45.8,54.6,55.2,43.47,45.0,-8.8,11.73
CP005,Footwear,Emerald,Kids,7,5,54.0,8086.47,0.0,460112.93,40.0,14,0,0,0,9,4,18.0,15.16,53.8,49.8,54.33,54.47,40.2,4.0,-0.13
CP005,Footwear,Emerald,Kids,8,5,73.4,7185.3,0.0,575423.47,56.4,15,0,0,21,9,4,19.0,14.88,54.0,53.9,51.2,52.77,62.0,0.1,-1.57
CP005,Footwear,Emerald,Kids,9,5,48.2,7777.46,0.0,398337.02,37.8,14,0,0,5,8,0,0.0,0.0,73.4,63.7,60.4,57.8,37.4,9.7,2.6
CP005,Footwear,Emerald,Kids,10,5,54.0,7898.31,0.0,453479.98,41.6,15,1,0,0,9,0,0.0,0.0,48.2,60.8,58.53,56.43,45.4,-12.6,2.1
CP005,Footwear,Emerald,Kids,11,5,49.2,7292.38,0.0,378315.55,38.0,12,0,0,0,9,3,27.0,24.12,54.0,51.1,58.53,54.87,40.8,2.9,3.67
CP005,Footwear,Emerald,Kids,12,5,52.8,8032.45,0.33,445357.5,39.2,12,1,6,0,9,7,29.0,22.37,49.2,51.6,50.47,55.43,39.4,-2.4,-4.97
CP005,Footwear,Emerald,Men,1,5,13.6,5262.18,0.0,57733.81,10.2,5,0,0,10,9,1,9.0,8.5,14.8,13.5,11.73,11.53,11.8,1.3,0.2
CP005,Footwear,Emerald,Men,2,5,10.4,5581.71,0.0,43049.37,8.2,4,1,0,0,8,0,0.0,0.0,13.6,13.1,12.8,11.8,8.4,0.5,1.0
CP005,Footwear,Emerald,Men,3,5,20.6,5265.01,0.0,75458.21,16.4,5,0,0,0,9,0,0.0,0.0,10.4,12.0,11.2,10.97,13.6,-1.6,0.23
CP005,Footwear,Emerald,Men,4,5,19.0,6122.12,0.0,78215.55,14.6,5,2,9,0,9,1,14.0,13.0,20.6,15.5,14.87,11.93,14.0,5.1,2.93
CP005,Footwear,Emerald,Men,5,5,15.2,5050.55,0.0,53345.33,11.6,5,2,1,0,9,1,10.0,10.0,19.0,19.8,16.67,12.93,10.8,-0.8,3.73
CP005,Footwear,Emerald,Men,6,5,16.6,5262.5,0.0,57764.94,13.8,4,1,0,0,9,0,0.0,0.0,15.2,17.1,18.27,12.8,11.6,-1.9,5.47
CP005,Footwear,Emerald,Men,7,5,14.6,6115.7,0.0,69023.47,12.2,5,0,0,0,9,1,6.0,5.5,16.6,15.9,16.93,15.9,9.8,0.7,1.03
CP005,Footwear,Emerald,Men,8,5,14.4,5573.55,0.7,60211.18,11.4,5,0,0,21,9,2,11.0,9.25,14.6,15.6,15.47,16.07,12.4,-1.0,-0.6
CP005,Footwear,Emerald,Men,9,5,15.2,4999.43,0.0,52131.38,12.6,5,0,0,5,8,0,0.0,0.0,14.4,14.5,15.2,16.73,11.8,-0.1,-1.53
CP005,Footwear,Emerald,Men,10,5,11.8,5751.89,0.0,57326.19,8.6,4,1,0,0,9,0,0.0,0.0,15.2,14.8,14.73,15.83,8.2,0.4,-1.1
CP005,Footwear,Emerald,Men,11,5,16.2,4937.83,0.0,49035.78,11.8,3,0,0,0,9,1,18.0,17.5,11.8,13.5,13.8,14.63,12.2,-1.7,-0.83
CP005,Footwear,Emerald,Men,12,5,19.4,5213.23,0.0,70172.91,15.8,4,1,6,0,9,2,24.0,21.0,16.2,14.0,14.4,14.8,14.8,2.2,-0.4
CP005,Footwear,Emerald,Unisex,1,5,21.0,6868.51,0.0,158722.25,15.2,5,0,0,10,9,1,9.0,9.0,22.4,16.5,14.6,14.07,14.6,5.9,0.53
CP005,Footwear,Emerald,Unisex,2,5,19.2,6587.73,0.0,137559.37,12.4,4,1,0,0,8,0,0.0,0.0,21.0,20.4,17.13,15.0,13.8,0.6,2.13
CP005,Footwear,Emerald,Unisex,3,5,18.0,7077.74,0.0,135240.24,12.6,5,0,0,0,9,0,0.0,0.0,19.2,20.1,18.93,15.8,16.2,-0.9,3.13
CP005,Footwear,Emerald,Unisex,4,5,20.2,6656.87,0.71,145095.99,14.6,5,2,9,0,9,1,17.0,16.0,18.0,18.6,19.4,15.13,18.2,-0.6,4.27
CP005,Footwear,Emerald,Unisex,5,5,19.8,7056.97,0.5,140904.75,14.4,5,2,1,0,9,1,9.0,8.5,20.2,19.1,19.13,15.93,17.4,1.1,3.2
CP005,Footwear,Emerald,Unisex,6,5,17.8,7548.69,0.0,137870.7,11.8,5,1,0,0,9,0,0.0,0.0,19.8,20.0,19.33,16.87,12.4,-0.2,2.47
CP005,Footwear,Emerald,Unisex,7,5,15.4,5702.61,0.0,103278.86,10.0,4,0,0,0,9,2,14.0,12.83,17.8,18.8,19.27,19.33,12.8,-1.0,-0.07
CP005,Footwear,Emerald,Unisex,8,5,15.8,6404.29,0.0,108180.08,12.0,5,0,0,21,9,1,11.0,10.5,15.4,16.6,17.67,18.4,11.2,-1.2,-0.73
CP005,Footwear,Emerald,Unisex,9,5,24.2,6322.16,0.0,162743.03,19.0,5,0,0,5,8,0,0.0,0.0,15.8,15.6,16.33,17.83,16.6,0.2,-1.5
CP005,Footwear,Emerald,Unisex,10,5,13.8,6537.24,0.0,98805.11,9.6,4,1,0,0,9,0,0.0,0.0,24.2,20.0,18.47,18.87,10.8,4.2,-0.4
CP005,Footwear,Emerald,Unisex,11,5,11.8,6211.73,0.0,78136.13,7.6,3,0,0,0,9,0,4.0,4.0,13.8,19.0,17.93,17.8,10.6,-5.2,0.13
CP005,Footwear,Emerald,Unisex,12,5,29.4,7315.48,1.0,228108.68,24.2,4,1,6,0,9,1,15.0,13.5,11.8,12.8,16.6,16.47,22.4,-1.0,0.13
CP005,Footwear,Emerald,Women,1,5,52.4,7346.34,0.14,381393.85,40.0,9,0,0,10,9,3,13.0,11.83,47.8,43.7,41.33,39.5,35.8,4.1,1.83
CP005,Footwear,Emerald,Women,2,5,30.6,7365.2,0.0,229482.23,24.4,6,1,0,0,8,0,0.0,0.0,52.4,44.8,43.07,39.57,23.6,7.6,3.5
CP005,Footwear,Emerald,Women,3,5,27.2,7065.43,0.0,192544.41,20.6,7,0,0,0,9,0,0.0,0.0,30.6,41.5,38.07,37.67,22.8,-10.9,0.4
CP005,Footwear,Emerald,Women,4,5,39.4,7206.49,0.0,258687.53,33.0,8,2,9,0,9,2,12.0,8.83,27.2,28.9,36.73,35.53,27.4,-1.7,1.2
CP005,Footwear,Emerald,Women,5,5,41.0,7708.78,0.0,312652.73,32.4,7,2,1,0,9,2,13.0,11.9,39.4,33.3,32.4,34.8,32.4,6.1,-2.4
CP005,Footwear,Emerald,Women,6,5,33.8,7633.36,0.0,264755.81,26.8,8,1,0,0,9,0,0.0,0.0,41.0,40.2,35.87,34.23,27.4,0.8,1.63
CP005,Footwear,Emerald,Women,7,5,49.0,7624.07,0.0,377587.03,39.2,9,0,0,0,9,1,13.0,12.33,33.8,37.4,38.07,37.4,41.4,-3.6,0.67
CP005,Footwear,Emerald,Women,8,5,51.0,7083.25,0.08,356717.33,41.8,9,0,0,21,9,2,18.0,15.0,49.0,41.4,41.27,36.83,36.0,7.6,4.43
CP005,Footwear,Emerald,Women,9,5,45.2,7121.44,0.0,338196.3,36.6,8,0,0,5,8,0,0.0,0.0,51.0,50.0,44.6,40.23,35.6,1.0,4.37
CP005,Footwear,Emerald,Women,10,5,46.0,7550.62,0.0,359441.35,37.2,9,1,0,0,9,0,0.0,0.0,45.2,48.1,48.4,43.23,36.6,-2.9,5.17
CP005,Footwear,Emerald,Women,11,5,48.8,6683.92,0.0,337701.49,38.2,8,0,0,0,9,1,13.0,13.0,46.0,45.6,47.4,44.33,39.6,0.4,3.07
CP005,Footwear,Emerald,Women,12,5,55.4,7832.24,0.16,432449.33,46.6,8,1,6,0,9,5,27.0,21.49,48.8,47.4,46.67,45.63,47.8,1.4,1.03
CP005,Footwear,Hustle,Kids,1,5,27.6,6155.85,0.23,155530.17,20.6,7,0,0,10,9,2,11.0,9.25,24.0,20.7,22.0,19.8,22.2,3.3,2.2
CP005,Footwear,Hustle,Kids,2,5,23.4,6971.87,0.0,139276.9,18.0,7,1,0,0,8,0,0.0,0.0,27.6,23.4,21.4,21.17,18.8,4.2,0.23
CP005,Footwear,Hustle,Kids,3,5,30.4,7401.78,0.0,190254.61,22.4,8,0,0,0,9,0,0.0,0.0,23.4,25.5,22.2,20.6,24.0,-2.1,1.6
CP005,Footwear,Hustle,Kids,4,5,29.8,6952.75,0.55,170291.32,22.6,7,2,9,0,9,2,17.0,14.0,30.4,26.9,27.13,22.43,22.2,3.5,4.7
CP005,Footwear,Hustle,Kids,5,5,20.2,7377.76,0.0,127979.37,15.2,7,2,1,0,9,2,12.0,11.0,29.8,30.1,27.87,22.67,16.8,-0.3,5.2
CP005,Footwear,Hustle,Kids,6,5,22.4,7905.44,0.0,164110.7,16.2,7,1,0,0,9,0,0.0,0.0,20.2,25.0,26.8,22.57,19.4,-4.8,4.23
CP005,Footwear,Hustle,Kids,7,5,21.0,6661.03,0.0,115642.08,16.2,7,0,0,0,9,1,9.0,8.5,22.4,21.3,24.13,25.63,14.6,1.1,-1.5
CP005,Footwear,Hustle,Kids,8,5,34.8,6978.64,0.0,203779.8,26.2,7,0,0,21,9,1,16.0,15.5,21.0,21.7,21.2,24.53,23.2,-0.7,-3.33
CP005,Footwear,Hustle,Kids,9,5,18.2,7663.82,0.0,114755.42,13.4,5,0,0,5,8,0,0.0,0.0,34.8,27.9,26.07,26.43,15.0,6.9,-0.37
CP005,Footwear,Hustle,Kids,10,5,28.0,6084.84,0.0,147726.57,20.6,7,1,0,0,9,0,0.0,0.0,18.2,26.5,24.67,24.4,24.6,-8.3,0.27
CP005,Footwear,Hustle,Kids,11,5,24.8,5838.17,0.0,125441.26,17.8,7,0,0,0,9,1,16.0,15.0,28.0,23.1,27.0,24.1,17.4,4.9,2.9
CP005,Footwear,Hustle,Kids,12,5,27.8,6404.13,0.96,154414.09,20.4,7,1,6,0,9,4,27.0,22.97,24.8,26.4,23.67,24.87,24.0,-1.6,-1.2
CP005,Footwear,Hustle,Men,1,5,20.6,5306.38,0.33,96964.18,15.0,6,0,0,10,9,2,14.0,13.17,23.2,18.1,20.47,19.27,19.4,5.1,1.2
CP005,Footwear,Hustle,Men,2,5,25.8,5079.93,0.0,125253.73,19.2,8,1,0,0,8,0,0.0,0.0,20.6,18.8,16.87,18.77,21.2,1.8,-1.9
CP005,Footwear,Hustle,Men,3,5,21.8,6091.1,0.0,115420.76,16.8,7,0,0,0,9,0,0.0,0.0,25.8,23.2,19.73,19.63,16.0,2.6,0.1
CP005,Footwear,Hustle,Men,4,5,25.4,5384.73,0.0,125570.42,18.2,7,2,9,0,9,2,20.0,17.25,21.8,23.8,22.73,19.53,20.8,-2.0,3.2
CP005,Footwear,Hustle,Men,5,5,19.0,4965.83,0.0,95166.53,14.2,7,2,1,0,9,1,10.0,9.25,25.4,23.6,24.33,18.13,15.4,1.8,6.2
CP005,Footwear,Hustle,Men,6,5,19.6,5754.53,0.0,105169.95,14.4,7,1,0,0,9,0,0.0,0.0,19.0,22.2,22.07,18.27,16.2,-3.2,3.8
CP005,Footwear,Hustle,Men,7,5,24.0,5293.38,0.0,117355.19,18.2,8,0,0,0,9,1,6.0,5.5,19.6,19.3,21.33,22.03,17.4,0.3,-0.7
CP005,Footwear,Hustle,Men,8,5,25.6,5197.33,0.36,131768.45,19.0,7,0,0,21,9,2,13.0,11.2,24.0,21.8,20.87,22.6,16.4,2.2,-1.73
CP005,Footwear,Hustle,Men,9,5,25.0,6245.14,0.0,146477.06,19.0,8,0,0,5,8,0,0.0,0.0,25.6,24.8,23.07,22.57,20.4,0.8,0.5
CP005,Footwear,Hustle,Men,10,5,31.4,4725.45,0.0,137798.29,23.2,8,1,0,0,9,0,0.0,0.0,25.0,25.3,24.87,23.1,25.2,-0.3,1.77
CP005,Footwear,Hustle,Men,11,5,18.0,5066.82,0.0,86543.91,12.8,7,0,0,0,9,1,15.0,15.0,31.4,28.2,27.33,24.1,13.0,3.2,3.23
CP005,Footwear,Hustle,Men,12,5,28.0,4774.1,0.0,128331.97,21.6,7,1,6,0,9,3,27.0,23.17,18.0,24.7,24.8,23.93,23.2,-6.7,0.87
CP005,Footwear,Hustle,Unisex,1,5,5.0,8550.69,0.0,44329.78,3.0,2,0,0,10,9,0,2.0,2.0,5.0,5.2,4.67,4.6,2.8,-0.2,0.07
CP005,Footwear,Hustle,Unisex,2,5,7.4,6254.45,0.0,50341.0,5.6,3,1,0,0,8,0,0.0,0.0,5.0,4.6,4.87,4.37,5.0,0.4,0.5
CP005,Footwear,Hustle,Unisex,3,5,3.6,6559.65,0.0,27282.57,2.6,2,0,0,0,9,0,0.0,0.0,7.4,6.2,5.2,5.0,4.4,1.2,0.2
CP005,Footwear,Hustle,Unisex,4,5,8.2,7588.2,0.0,64116.13,5.4,2,2,9,0,9,1,16.0,14.5,3.6,5.5,5.33,4.63,4.0,-1.9,0.7
CP005,Footwear,Hustle,Unisex,5,5,6.6,6322.37,0.0,44133.82,4.6,3,2,1,0,9,0,4.0,4.0,8.2,5.9,6.4,5.17,6.0,2.3,1.23
CP005,Footwear,Hustle,Unisex,6,5,6.6,6592.94,0.0,48407.46,4.4,2,1,0,0,9,0,0.0,0.0,6.6,7.4,6.13,5.03,5.6,-0.8,1.1
CP005,Footwear,Hustle,Unisex,7,4,5.75,8138.48,1.25,48222.86,4.0,2,0,0,0,9,0,10.0,10.0,6.5,7.0,7.25,6.17,5.5,-0.5,1.08
CP005,Footwear,Hustle,Unisex,8,5,5.0,8024.06,0.0,35584.4,3.4,2,0,0,21,9,0,0.0,0.0,6.0,5.9,6.6,6.33,3.0,0.1,0.27
CP005,Footwear,Hustle,Unisex,9,3,6.33,8203.55,0.0,55357.04,5.0,3,0,0,5,9,0,0.0,0.0,3.33,5.0,5.33,5.89,6.33,-1.67,-0.56
CP005,Footwear,Hustle,Unisex,10,5,3.8,4278.79,0.0,19037.71,3.0,2,1,0,0,9,0,0.0,0.0,6.8,5.4,5.67,6.13,4.4,1.4,-0.47
CP005,Footwear,Hustle,Unisex,11,5,6.6,6383.45,0.0,46077.51,5.0,2,0,0,0,9,1,16.0,16.0,3.8,5.3,4.87,6.0,5.2,-1.5,-1.13
CP005,Footwear,Hustle,Unisex,12,5,6.8,6121.7,0.0,50616.17,5.2,2,1,6,0,9,1,23.0,22.0,6.6,5.2,5.73,5.73,3.6,1.4,0.0
CP005,Footwear,Hustle,Women,1,5,16.4,5716.16,0.0,83366.38,12.2,4,0,0,10,9,0,3.0,3.0,14.4,16.4,15.87,12.63,11.6,-2.0,3.23
CP005,Footwear,Hustle,Women,2,5,16.6,5389.5,0.0,76768.5,14.0,4,1,0,0,8,0,0.0,0.0,16.4,13.5,15.13,13.67,15.0,2.9,1.47
CP005,Footwear,Hustle,Women,3,5,21.0,6326.23,0.0,122894.96,16.6,6,0,0,0,9,0,0.0,0.0,16.6,16.5,13.0,13.87,15.8,0.1,-0.87
CP005,Footwear,Hustle,Women,4,5,23.0,6050.08,0.0,119996.62,17.6,5,2,9,0,9,2,13.0,10.17,21.0,18.8,18.0,15.07,15.4,2.2,2.93
CP005,Footwear,Hustle,Women,5,5,15.2,6164.95,0.0,81710.93,12.6,5,2,1,0,9,1,5.0,5.0,23.0,22.0,20.2,16.17,11.8,1.0,4.03
CP005,Footwear,Hustle,Women,6,5,16.0,5572.54,0.0,76914.28,12.0,4,1,0,0,9,0,0.0,0.0,15.2,19.1,19.73,15.2,13.2,-3.9,4.53
CP005,Footwear,Hustle,Women,7,5,9.4,5869.9,0.0,49588.45,7.4,4,0,0,0,9,1,7.0,7.0,16.0,15.6,18.07,18.03,6.4,0.4,0.03
CP005,Footwear,Hustle,Women,8,5,14.6,5935.31,0.0,73909.58,11.4,5,0,0,21,9,1,13.0,11.0,9.4,12.7,13.53,16.87,10.8,-3.3,-3.33
CP005,Footwear,Hustle,Women,9,5,14.2,5611.92,0.0,74603.61,11.6,4,0,0,5,8,0,0.0,0.0,14.6,12.0,13.33,16.53,11.0,2.6,-3.2
CP005,Footwear,Hustle,Women,10,5,20.2,5741.21,0.0,99144.61,16.0,4,1,0,0,9,0,0.0,0.0,14.2,14.4,12.73,15.4,14.8,-0.2,-2.67
CP005,Footwear,Hustle,Women,11,5,18.8,6250.17,0.45,93580.48,15.6,4,0,0,0,9,1,18.0,18.0,20.2,17.2,16.33,14.93,18.4,3.0,1.4
CP005,Footwear,Hustle,Women,12,5,18.0,6641.85,0.0,101133.8,13.6,4,1,6,0,9,1,14.0,13.67,18.8,19.5,17.73,15.53,14.4,-0.7,2.2
CP005,Footwear,King Street,Kids,1,5,15.2,5952.78,0.0,94632.69,12.0,6,0,0,10,9,1,10.0,9.5,19.8,18.7,17.33,16.47,12.6,1.1,0.87
CP005,Footwear,King Street,Kids,2,5,18.8,5497.46,0.0,120944.57,14.4,7,1,0,0,8,0,0.0,0.0,15.2,15.7,16.33,15.27,15.6,-0.5,1.07
CP005,Footwear,King Street,Kids,3,5,23.2,5727.79,0.0,154743.41,16.8,6,0,0,0,9,0,0.0,0.0,18.8,17.0,15.33,15.1,18.2,1.8,0.23
CP005,Footwear,King Street,Kids,4,5,19.8,5962.76,0.0,127365.02,13.2,6,2,9,0,9,2,21.0,17.92,23.2,21.0,19.07,16.37,12.6,2.2,2.7
CP005,Footwear,King Street,Kids,5,5,18.0,5618.95,0.0,113996.3,14.4,7,2,1,0,9,0,3.0,3.0,19.8,21.5,20.6,16.83,13.8,-1.7,3.77
CP005,Footwear,King Street,Kids,6,5,20.2,6356.07,0.0,144524.13,15.4,7,1,0,0,9,0,0.0,0.0,18.0,18.9,20.33,16.57,16.0,-0.9,3.77
CP005,Footwear,King Street,Kids,7,5,23.6,6020.68,0.19,154783.27,18.2,8,0,0,0,9,3,15.0,13.23,20.2,19.1,19.33,19.2,18.8,1.1,0.13
CP005,Footwear,King Street,Kids,8,5,17.8,5445.22,0.0,107744.71,13.0,6,0,0,21,9,3,16.0,13.67,23.6,21.9,20.6,20.6,15.6,1.7,0.0
CP005,Footwear,King Street,Kids,9,5,16.6,5360.79,0.0,105031.4,11.8,7,0,0,5,8,0,0.0,0.0,17.8,20.7,20.53,20.43,12.4,-2.9,0.1
CP005,Footwear,King Street,Kids,10,5,17.8,5971.82,0.0,120271.72,14.8,7,1,0,0,9,0,0.0,0.0,16.6,17.2,19.33,19.33,14.6,-0.6,0.0
CP005,Footwear,King Street,Kids,11,5,23.2,5981.53,0.0,156592.84,17.6,7,0,0,0,9,1,22.0,21.5,17.8,17.2,17.4,19.0,17.6,0.6,-1.6
CP005,Footwear,King Street,Kids,12,5,25.4,5289.43,0.0,133400.11,20.0,7,1,6,0,9,3,21.0,16.67,23.2,20.5,19.2,19.87,19.8,2.7,-0.67
CP005,Footwear,King Street,Men,1,5,7.0,7305.34,0.0,47250.88,5.6,2,0,0,10,9,0,5.0,5.0,11.8,8.3,8.4,8.1,5.4,3.5,0.3
CP005,Footwear,King Street,Men,2,5,7.2,6205.51,0.0,50304.24,4.6,3,1,0,0,8,0,0.0,0.0,7.0,8.4,7.2,7.33,6.2,-1.4,-0.13
CP005,Footwear,King Street,Men,3,5,12.2,5825.63,0.0,75416.22,9.4,3,0,0,0,9,0,0.0,0.0,7.2,7.1,7.2,6.93,10.4,0.1,0.27
CP005,Footwear,King Street,Men,4,5,10.0,6709.97,0.0,67246.3,8.4,3,2,9,0,9,2,14.0,12.67,12.2,9.7,8.8,7.63,8.8,2.5,1.17
CP005,Footwear,King Street,Men,5,5,8.2,5983.28,0.0,51369.95,7.2,3,2,1,0,9,1,11.0,9.83,10.0,11.1,9.8,7.57,6.6,-1.1,2.23
CP005,Footwear,King Street,Men,6,5,8.4,7612.51,0.0,63939.88,6.8,3,1,0,0,9,0,0.0,0.0,8.2,9.1,10.13,7.73,6.6,-0.9,2.4
CP005,Footwear,King Street,Men,7,5,11.0,7566.8,0.0,77957.8,8.4,4,0,0,0,9,1,11.0,9.5,8.4,8.3,8.87,8.83,9.6,0.1,0.03
CP005,Footwear,King Street,Men,8,5,7.8,7093.3,0.0,55409.41,6.2,3,0,0,21,9,1,8.0,7.0,11.0,9.7,9.2,9.5,7.2,1.3,-0.3
CP005,Footwear,King Street,Men,9,5,7.6,7135.5,0.0,50981.86,6.2,3,0,0,5,8,0,0.0,0.0,7.8,9.4,9.07,9.6,6.6,-1.6,-0.53
CP005,Footwear,King Street,Men,10,5,11.4,6533.62,0.0,74015.25,9.4,4,1,0,0,9,0,0.0,0.0,7.6,7.7,8.8,8.83,8.6,-0.1,-0.03
CP005,Footwear,King Street,Men,11,5,5.6,6794.53,1.5,38111.71,4.2,3,0,0,0,9,1,18.0,18.0,11.4,9.5,8.93,9.07,4.8,1.9,-0.13
CP005,Footwear,King Street,Men,12,5,14.0,6951.9,0.0,92371.83,11.4,4,1,6,0,9,1,15.0,13.0,5.6,8.5,8.2,8.63,11.8,-2.9,-0.43
CP005,Footwear,King Street,Unisex,1,5,4.4,9063.88,0.0,39629.71,3.8,2,0,0,10,9,0,6.0,6.0,4.6,4.0,4.13,4.17,3.8,0.6,-0.03
CP005,Footwear,King Street,Unisex,2,5,7.0,6369.87,0.0,43736.94,5.8,3,1,0,0,8,0,0.0,0.0,4.4,4.0,3.8,3.73,5.6,0.4,0.07
CP005,Footwear,King Street,Unisex,3,5,7.4,6857.03,0.0,50359.58,5.8,4,0,0,0,9,0,0.0,0.0,7.0,5.7,4.67,4.23,5.2,1.3,0.43
CP005,Footwear,King Street,Unisex,4,5,6.8,7669.46,0.0,50918.15,4.8,3,2,9,0,9,1,10.0,8.8,7.4,7.2,6.27,4.67,4.8,0.2,1.6
CP005,Footwear,King Street,Unisex,5,4,5.75,6945.29,0.0,41171.97,5.25,3,2,1,0,9,1,6.25,6.25,6.0,6.25,6.5,4.5,5.25,-0.25,2.0
CP005,Footwear,King Street,Unisex,6,5,4.0,7780.47,0.0,31720.66,3.6,2,1,0,0,9,0,0.0,0.0,6.6,6.8,6.73,5.07,3.0,-0.2,1.67
CP005,Footwear,King Street,Unisex,7,5,6.8,7215.76,0.0,48326.43,5.6,3,0,0,0,9,1,7.0,7.0,4.0,5.3,5.87,5.83,6.0,-1.3,0.03
CP005,Footwear,King Street,Unisex,8,5,4.6,7930.16,0.0,34244.86,3.6,2,0,0,21,9,1,17.0,16.5,6.8,5.4,5.8,6.2,2.8,1.4,-0.4
CP005,Footwear,King Street,Unisex,9,5,5.2,7823.13,0.0,39058.42,4.2,3,0,0,5,8,0,0.0,0.0,4.6,5.7,5.13,5.93,3.6,-1.1,-0.8
CP005,Footwear,King Street,Unisex,10,5,4.8,8124.62,0.0,36142.14,3.8,3,1,0,0,9,0,0.0,0.0,5.2,4.9,5.53,5.7,4.2,0.3,-0.17
CP005,Footwear,King Street,Unisex,11,5,5.2,8150.55,0.0,40750.98,4.4,3,0,0,0,9,0,0.0,0.0,4.8,5.0,4.87,5.33,3.8,-0.2,-0.47
CP005,Footwear,King Street,Unisex,12,5,5.6,7488.53,0.0,42488.58,4.6,3,1,6,0,9,1,16.0,16.0,5.2,5.0,5.07,5.1,4.6,0.2,-0.03
CP005,Footwear,King Street,Women,1,5,17.2,5079.52,0.0,80509.72,12.6,4,0,0,10,9,1,11.0,10.0,17.6,14.0,13.4,12.63,15.4,3.6,0.77
CP005,Footwear,King Street,Women,2,5,12.4,4488.43,0.0,60458.68,9.8,3,1,0,0,8,0,0.0,0.0,17.2,16.4,14.4,12.3,6.6,0.8,2.1
CP005,Footwear,King Street,Women,3,5,9.8,6223.74,0.0,57750.3,7.4,3,0,0,0,9,0,0.0,0.0,12.4,14.8,14.4,12.53,8.2,-2.4,1.87
CP005,Footwear,King Street,Women,4,5,22.8,5276.39,0.0,117819.73,17.4,4,2,9,0,9,1,20.0,18.5,9.8,11.1,13.13,12.03,18.8,-1.3,1.1
CP005,Footwear,King Street,Women,5,5,16.6,5907.14,0.0,99344.3,13.0,4,2,1,0,9,1,13.0,12.5,22.8,16.3,15.0,13.13,13.8,6.5,1.87
CP005,Footwear,King Street,Women,6,5,8.2,4694.35,0.0,38983.46,6.8,3,1,0,0,9,0,0.0,0.0,16.6,19.7,16.4,13.43,7.6,-3.1,2.97
CP005,Footwear,King Street,Women,7,5,18.8,5332.92,0.15,96742.89,13.8,4,0,0,0,9,1,5.0,4.33,8.2,12.4,15.87,14.5,17.2,-4.2,1.37
CP005,Footwear,King Street,Women,8,5,13.2,5375.91,0.0,70587.25,10.4,5,0,0,21,9,1,11.0,9.5,18.8,13.5,14.53,14.77,9.0,5.3,-0.23
CP005,Footwear,King Street,Women,9,5,15.2,5154.46,0.0,79675.57,11.8,4,0,0,5,8,0,0.0,0.0,13.2,16.0,13.4,14.9,9.4,-2.8,-1.5
CP005,Footwear,King Street,Women,10,5,15.4,5769.77,0.0,90222.3,11.8,4,1,0,0,9,0,0.0,0.0,15.2,14.2,15.73,15.8,12.2,1.0,-0.07
CP005,Footwear,King Street,Women,11,5,11.6,5588.7,0.0,64618.08,8.8,3,0,0,0,9,1,16.0,15.0,15.4,15.3,14.6,14.57,10.4,0.1,0.03
CP005,Footwear,King Street,Women,12,5,19.2,5116.23,0.0,101644.19,14.6,4,1,6,0,9,2,25.0,22.33,11.6,13.5,14.07,13.73,17.6,-1.9,0.33
CP005,Footwear,Libera,Kids,1,5,8.0,6246.53,0.0,50877.77,6.0,4,0,0,10,9,1,4.0,4.0,7.0,6.1,5.93,6.37,6.2,0.9,-0.43
CP005,Footwear,Libera,Kids,2,5,6.8,6379.96,0.0,46017.25,5.4,3,1,0,0,8,0,0.0,0.0,8.0,7.0,6.4,6.17,5.6,1.0,0.23
CP005,Footwear,Libera,Kids,3,5,11.0,7138.82,0.0,75577.6,8.0,4,0,0,0,9,0,0.0,0.0,6.8,7.4,6.53,6.03,8.8,-0.6,0.5
CP005,Footwear,Libera,Kids,4,5,4.4,6171.15,0.0,25884.51,3.4,2,2,9,0,9,1,9.0,9.0,11.0,8.9,8.6,6.63,3.2,2.1,1.97
CP005,Footwear,Libera,Kids,5,5,9.0,6255.06,0.0,63133.7,7.2,4,2,1,0,9,1,7.0,7.0,4.4,7.7,7.4,6.3,8.0,-3.3,1.1
CP005,Footwear,Libera,Kids,6,5,8.2,8257.94,0.0,69141.38,6.6,4,1,0,0,9,0,0.0,0.0,9.0,6.7,8.13,6.57,7.0,2.3,1.57
CP005,Footwear,Libera,Kids,7,5,9.6,8059.67,0.0,82550.4,7.2,4,0,0,0,9,1,9.0,8.5,8.2,8.6,7.2,7.9,8.2,-0.4,-0.7
CP005,Footwear,Libera,Kids,8,5,8.2,7930.69,0.5,64269.56,6.0,3,0,0,21,9,1,11.0,10.5,9.6,8.9,8.93,8.17,6.4,0.7,0.77
CP005,Footwear,Libera,Kids,9,5,6.6,6344.06,0.0,44602.66,5.6,3,0,0,5,8,0,0.0,0.0,8.2,8.9,8.67,8.4,5.8,-0.7,0.27
CP005,Footwear,Libera,Kids,10,5,7.0,6765.64,0.0,49375.35,5.6,3,1,0,0,9,0,0.0,0.0,6.6,7.4,8.13,7.67,5.6,-0.8,0.47
CP005,Footwear,Libera,Kids,11,5,6.4,7164.88,0.0,45153.8,5.8,4,0,0,0,9,1,17.0,16.0,7.0,6.8,7.27,8.1,5.2,0.2,-0.83
CP005,Footwear,Libera,Kids,12,5,7.4,7510.34,0.0,59018.13,5.8,2,1,6,0,9,2,17.0,13.17,6.4,6.7,6.67,7.67,7.0,-0.3,-1.0
CP005,Footwear,Libera,Men,1,5,9.6,6212.19,0.0,60903.19,7.4,3,0,0,10,9,1,5.0,5.0,10.2,8.7,8.73,8.93,7.6,1.5,-0.2
CP005,Footwear,Libera,Men,2,4,8.25,7779.4,0.0,56921.07,6.75,2,1,0,0,8,0,0.0,0.0,10.5,10.12,9.5,8.08,8.75,0.38,1.42
CP005,Footwear,Libera,Men,3,5,8.2,6983.05,0.0,54065.84,6.0,3,0,0,0,9,0,0.0,0.0,7.8,8.7,8.4,8.47,6.4,-0.9,-0.07
CP005,Footwear,Libera,Men,4,5,7.6,7240.13,0.0,54605.42,5.8,2,2,9,0,9,1,10.0,10.0,8.2,8.0,8.53,8.33,5.6,0.2,0.2
CP005,Footwear,Libera,Men,5,5,11.8,6917.21,0.0,76923.86,9.0,3,2,1,0,9,0,2.0,2.0,7.6,7.9,7.87,7.97,10.8,-0.3,-0.1
CP005,Footwear,Libera,Men,6,5,6.8,7865.07,0.0,47326.14,5.0,2,1,0,0,9,0,0.0,0.0,11.8,9.7,9.2,8.0,5.2,2.1,1.2
CP005,Footwear,Libera,Men,7,5,16.2,6835.57,0.0,104374.33,13.0,3,0,0,0,9,1,8.0,7.0,6.8,9.3,8.73,8.63,14.0,-2.5,0.1
CP005,Footwear,Libera,Men,8,5,8.2,7314.81,0.0,50213.77,6.4,3,0,0,21,9,0,2.0,2.0,16.2,11.5,11.6,9.73,6.0,4.7,1.87
CP005,Footwear,Libera,Men,9,5,11.2,7175.61,0.0,77836.71,8.2,2,0,0,5,8,0,0.0,0.0,8.2,12.2,10.4,9.8,8.4,-4.0,0.6
CP005,Footwear,Libera,Men,10,5,11.0,7298.54,0.0,77576.06,8.8,3,1,0,0,9,0,0.0,0.0,11.2,9.7,11.87,10.3,7.6,1.5,1.57
CP005,Footwear,Libera,Men,11,5,10.4,6757.01,0.0,58530.3,7.4,2,0,0,0,9,0,0.0,0.0,11.0,11.1,10.13,10.87,9.6,-0.1,-0.73
CP005,Footwear,Libera,Men,12,5,11.8,7266.95,0.0,91165.92,8.8,2,1,6,0,9,1,10.0,9.0,10.4,10.7,10.87,10.63,9.6,-0.3,0.23
CP005,Footwear,Libera,Unisex,1,5,6.2,3797.42,0.0,26920.57,5.6,2,0,0,10,9,0,3.0,2.5,8.8,7.3,6.07,6.3,6.2,1.5,-0.23
CP005,Footwear,Libera,Unisex,2,4,8.5,3954.34,0.0,37324.93,6.25,3,1,0,0,8,0,0.0,0.0,6.0,6.5,6.58,5.79,5.0,-0.5,0.79
CP005,Footwear,Libera,Unisex,3,5,9.6,3555.03,0.0,39510.43,7.0,3,0,0,0,9,0,0.0,0.0,8.2,7.3,6.4,6.47,7.2,0.9,-0.07
CP005,Footwear,Libera,Unisex,4,5,11.0,3145.08,0.0,44925.01,9.6,3,2,9,0,9,1,10.0,10.0,9.6,8.9,8.07,6.23,6.0,0.7,1.83
CP005,Footwear,Libera,Unisex,5,5,3.0,3824.83,0.0,11101.15,2.8,2,2,1,0,9,0,5.0,5.0,11.0,10.3,9.6,6.97,4.4,0.7,2.63
CP005,Footwear,Libera,Unisex,6,5,6.8,3371.75,0.0,28058.71,6.0,3,1,0,0,9,0,0.0,0.0,3.0,7.0,7.87,6.37,5.4,-4.0,1.5
CP005,Footwear,Libera,Unisex,7,5,6.8,3116.48,0.33,27090.56,5.6,3,0,0,0,9,0,6.0,6.0,6.8,4.9,6.93,7.5,6.6,1.9,-0.57
CP005,Footwear,Libera,Unisex,8,5,5.0,4160.05,0.0,24573.6,4.0,2,0,0,21,9,1,14.0,13.5,6.8,6.8,5.53,7.57,2.8,0.0,-2.03
CP005,Footwear,Libera,Unisex,9,5,10.2,3788.11,0.0,45526.87,7.8,3,0,0,5,8,0,0.0,0.0,5.0,5.9,6.2,7.03,8.4,-0.9,-0.83
CP005,Footwear,Libera,Unisex,10,5,5.2,3234.79,0.0,20031.21,4.2,2,1,0,0,9,0,0.0,0.0,10.2,7.6,7.33,7.13,5.0,2.6,0.2
CP005,Footwear,Libera,Unisex,11,5,6.2,2827.89,0.0,26167.14,4.8,2,0,0,0,9,0,4.0,4.0,5.2,7.7,6.8,6.17,6.2,-2.5,0.63
CP005,Footwear,Libera,Unisex,12,5,11.6,3662.3,0.0,51788.29,9.0,3,1,6,0,9,2,22.0,20.0,6.2,5.7,7.2,6.7,7.6,0.5,0.5
CP005,Footwear,Libera,Women,1,5,14.4,7776.05,0.0,121596.82,11.0,3,0,0,10,9,0,3.0,3.0,11.4,10.7,9.2,7.53,13.2,0.7,1.67
CP005,Footwear,Libera,Women,2,5,12.2,7066.87,0.0,95447.84,9.4,3,1,0,0,8,0,0.0,0.0,14.4,10.2,10.13,8.07,9.0,4.2,2.07
CP005,Footwear,Libera,Women,3,5,10.4,7446.34,0.0,83123.95,7.8,3,0,0,0,9,0,0.0,0.0,12.2,13.3,10.6,8.93,8.2,-1.1,1.67
CP005,Footwear,Libera,Women,4,5,10.8,7333.07,0.0,82757.55,9.2,2,2,9,0,9,0,5.0,5.0,10.4,11.3,12.33,9.67,9.4,-0.9,2.67
CP005,Footwear,Libera,Women,5,5,9.4,8714.45,0.0,83579.0,8.4,2,2,1,0,9,0,2.0,2.0,10.8,10.6,11.13,9.97,6.2,0.2,1.17
CP005,Footwear,Libera,Women,6,5,10.8,7763.24,0.0,85299.9,8.0,3,1,0,0,9,0,0.0,0.0,9.4,10.1,10.2,9.73,7.6,-0.7,0.47
CP005,Footwear,Libera,Women,7,5,9.4,7681.29,0.0,74514.61,6.8,3,0,0,0,9,0,2.0,2.0,10.8,10.1,10.33,11.33,5.8,0.7,-1.0
CP005,Footwear,Libera,Women,8,5,7.2,7831.68,0.0,56690.66,5.2,3,0,0,21,9,1,7.0,6.0,9.4,10.1,9.87,10.5,6.2,-0.7,-0.63
CP005,Footwear,Libera,Women,9,5,8.2,6908.9,0.0,62353.89,6.4,2,0,0,5,8,0,0.0,0.0,7.2,8.3,9.13,9.67,5.6,-1.1,-0.53
CP005,Footwear,Libera,Women,10,5,9.6,7732.61,0.0,76597.51,7.2,2,1,0,0,9,0,0.0,0.0,8.2,7.7,8.27,9.3,6.2,0.5,-1.03
CP005,Footwear,Libera,Women,11,5,11.8,8324.19,0.0,101835.87,9.2,3,0,0,0,9,0,6.0,5.5,9.6,8.9,8.33,9.1,10.0,0.7,-0.77
CP005,Footwear,Libera,Women,12,5,14.8,7008.76,0.0,122207.11,12.4,3,1,6,0,9,1,11.0,9.67,11.8,10.7,9.87,9.5,11.4,1.1,0.37
CP005,Footwear,Miss Modano,Kids,1,5,18.0,7224.51,0.0,125165.61,13.6,5,0,0,10,9,1,5.0,5.0,24.6,18.5,17.53,16.23,13.8,6.1,1.3
CP005,Footwear,Miss Modano,Kids,2,5,17.6,7289.65,0.0,129546.12,13.8,4,1,0,0,8,0,0.0,0.0,18.0,20.4,17.73,16.23,14.4,-2.4,1.5
CP005,Footwear,Miss Modano,Kids,3,5,15.6,6439.24,0.0,101609.25,11.6,4,0,0,0,9,0,0.0,0.0,17.6,17.8,17.93,15.7,13.8,-0.2,2.23
CP005,Footwear,Miss Modano,Kids,4,5,16.4,6007.45,0.0,100061.8,11.6,5,2,9,0,9,1,14.0,13.0,15.6,16.6,17.07,15.3,12.4,-1.0,1.77
CP005,Footwear,Miss Modano,Kids,5,5,18.6,6805.85,0.33,117510.34,13.8,4,2,1,0,9,1,6.0,6.0,16.4,16.0,16.53,14.73,13.8,0.4,1.8
CP005,Footwear,Miss Modano,Kids,6,5,17.8,6369.0,0.0,117803.86,13.4,5,1,0,0,9,0,0.0,0.0,18.6,17.5,16.87,14.97,15.0,1.1,1.9
CP005,Footwear,Miss Modano,Kids,7,5,17.8,6362.2,0.0,111826.72,13.6,5,0,0,0,9,2,16.0,14.67,17.8,18.2,17.6,17.33,16.2,-0.4,0.27
CP005,Footwear,Miss Modano,Kids,8,5,20.2,6165.12,0.22,117047.89,16.8,4,0,0,21,9,1,13.0,13.0,17.8,17.8,18.07,17.3,16.2,0.0,0.77
CP005,Footwear,Miss Modano,Kids,9,5,13.6,5417.62,0.0,75672.67,11.0,3,0,0,5,8,0,0.0,0.0,20.2,19.0,18.6,17.73,12.4,1.2,0.87
CP005,Footwear,Miss Modano,Kids,10,5,17.4,6831.96,0.0,119317.78,12.6,4,1,0,0,9,0,0.0,0.0,13.6,16.9,17.2,17.4,15.6,-3.3,-0.2
CP005,Footwear,Miss Modano,Kids,11,5,16.0,7612.72,0.0,126571.42,12.8,4,0,0,0,9,1,5.0,4.33,17.4,15.5,17.07,17.57,12.4,1.9,-0.5
CP005,Footwear,Miss Modano,Kids,12,5,30.4,5819.09,0.0,189956.8,24.6,5,1,6,0,9,1,14.0,13.33,16.0,16.7,15.67,17.13,24.6,-0.7,-1.47
CP005,Footwear,Miss Modano,Men,1,5,31.8,7024.67,0.27,190299.87,24.8,8,0,0,10,9,3,15.0,13.0,26.4,31.9,31.6,28.9,23.2,-5.5,2.7
CP005,Footwear,Miss Modano,Men,2,5,30.0,7437.14,0.0,209910.96,22.6,8,1,0,0,8,0,0.0,0.0,31.8,24.8,29.0,28.87,26.0,7.0,0.13
CP005,Footwear,Miss Modano,Men,3,5,32.2,7686.7,0.0,232858.17,26.2,7,0,0,0,9,0,0.0,0.0,30.0,30.9,24.2,27.97,29.4,-0.9,-3.77
CP005,Footwear,Miss Modano,Men,4,5,40.0,6705.21,0.0,254170.96,29.6,9,2,9,0,9,2,20.0,17.0,32.2,31.1,31.33,27.47,35.6,1.1,3.87
CP005,Footwear,Miss Modano,Men,5,5,40.4,7095.6,0.12,276778.09,30.0,10,2,1,0,9,2,12.0,10.5,40.0,36.1,34.07,27.7,32.6,3.9,6.37
CP005,Footwear,Miss Modano,Men,6,5,36.2,7351.98,0.0,245767.57,26.6,10,1,0,0,9,0,0.0,0.0,40.4,40.2,37.53,26.7,26.8,0.2,10.83
CP005,Footwear,Miss Modano,Men,7,5,31.0,7841.29,0.0,231924.63,22.4,9,0,0,0,9,3,16.0,13.17,36.2,38.3,38.87,35.1,23.4,-2.1,3.77
CP005,Footwear,Miss Modano,Men,8,5,36.0,7029.8,0.27,227956.59,28.6,9,0,0,21,9,2,11.0,9.5,31.0,33.6,35.87,34.97,28.4,-2.6,0.9
CP005,Footwear,Miss Modano,Men,9,5,31.4,7596.03,0.0,224106.32,23.6,9,0,0,5,8,0,0.0,0.0,36.0,33.5,34.4,35.97,26.8,2.5,-1.57
CP005,Footwear,Miss Modano,Men,10,5,39.0,7560.12,0.0,268011.27,30.0,10,1,0,0,9,0,0.0,0.0,31.4,33.7,32.8,35.83,31.0,-2.3,-3.03
CP005,Footwear,Miss Modano,Men,11,5,45.2,7037.27,0.0,297242.47,32.2,10,0,0,0,9,2,16.0,14.25,39.0,35.2,35.47,35.67,37.4,3.8,-0.2
CP005,Footwear,Miss Modano,Men,12,5,40.6,7871.42,0.0,301362.13,30.8,9,1,6,0,9,3,29.0,22.7,45.2,42.1,38.53,36.47,26.4,3.1,2.07
CP005,Footwear,Miss Modano,Unisex,1,5,16.0,8012.16,0.0,121800.19,12.2,4,0,0,10,9,1,11.0,10.33,16.6,20.4,20.4,18.47,15.2,-3.8,1.93
CP005,Footwear,Miss Modano,Unisex,2,5,16.8,8149.6,0.0,128740.56,12.8,5,1,0,0,8,0,0.0,0.0,16.0,13.5,17.07,18.2,14.6,2.5,-1.13
CP005,Footwear,Miss Modano,Unisex,3,5,29.6,7267.76,0.0,206342.24,22.4,5,0,0,0,9,0,0.0,0.0,16.8,16.4,14.13,18.13,22.4,0.4,-4.0
CP005,Footwear,Miss Modano,Unisex,4,5,29.2,7228.36,0.0,207806.66,21.6,5,2,9,0,9,2,24.0,22.5,29.6,23.2,20.8,18.63,21.0,6.4,2.17
CP005,Footwear,Miss Modano,Unisex,5,5,21.8,7543.61,0.0,164440.33,15.8,5,2,1,0,9,1,8.0,8.0,29.2,29.4,25.2,19.37,25.0,-0.2,5.83
CP005,Footwear,Miss Modano,Unisex,6,5,18.2,8456.84,0.0,144963.52,13.2,4,1,0,0,9,0,0.0,0.0,21.8,25.5,26.87,17.8,16.0,-3.7,9.07
CP005,Footwear,Miss Modano,Unisex,7,4,13.5,8300.77,0.0,112360.91,10.0,4,0,0,0,9,1,11.25,11.25,16.75,20.12,22.5,22.71,12.0,-3.38,-0.21
CP005,Footwear,Miss Modano,Unisex,8,5,20.4,6945.22,0.0,132348.71,14.6,4,0,0,21,9,1,11.0,10.5,15.6,16.0,19.4,21.53,11.6,-0.4,-2.13
CP005,Footwear,Miss Modano,Unisex,9,5,27.4,7676.44,0.0,210623.16,21.2,5,0,0,5,8,0,0.0,0.0,20.4,18.0,17.47,21.9,22.6,2.4,-4.43
CP005,Footwear,Miss Modano,Unisex,10,5,23.0,7399.69,0.0,159709.76,17.0,5,1,0,0,9,0,0.0,0.0,27.4,23.9,21.13,21.83,19.8,3.5,-0.7
CP005,Footwear,Miss Modano,Unisex,11,5,26.8,7722.34,0.0,202750.24,19.2,5,0,0,0,9,1,16.0,16.0,23.0,25.2,23.6,21.5,24.2,-2.2,2.1
CP005,Footwear,Miss Modano,Unisex,12,5,18.8,8035.79,2.0,152466.98,15.2,4,1,6,0,9,3,26.0,21.0,26.8,24.9,25.73,21.6,19.4,1.9,4.13
CP005,Footwear,Miss Modano,Women,1,5,24.0,8108.61,0.5,173521.38,18.0,5,0,0,10,9,1,6.0,5.0,20.4,19.9,19.33,17.17,17.6,0.5,2.17
CP005,Footwear,Miss Modano,Women,2,5,23.6,7301.64,0.0,162905.82,17.6,4,1,0,0,8,0,0.0,0.0,24.0,20.7,20.27,18.0,19.0,3.3,2.27
CP005,Footwear,Miss Modano,Women,3,5,21.0,7407.06,0.0,148629.78,14.6,5,0,0,0,9,0,0.0,0.0,23.6,23.8,19.87,18.07,13.2,-0.2,1.8
CP005,Footwear,Miss Modano,Women,4,5,40.0,7504.16,0.0,282122.08,31.4,5,2,9,0,9,1,15.0,15.0,21.0,22.3,22.87,19.33,33.2,-1.3,3.53
CP005,Footwear,Miss Modano,Women,5,5,21.4,7419.6,0.0,145483.12,16.6,5,2,1,0,9,0,4.0,4.0,40.0,30.5,28.2,21.7,15.4,9.5,6.5
CP005,Footwear,Miss Modano,Women,6,5,18.6,8084.75,0.0,137205.65,13.6,4,1,0,0,9,0,0.0,0.0,21.4,30.7,27.47,21.57,14.4,-9.3,5.9
CP005,Footwear,Miss Modano,Women,7,5,19.0,6799.62,0.0,122374.15,14.0,4,0,0,0,9,1,13.0,11.5,18.6,20.0,26.67,24.77,16.0,-1.4,1.9
CP005,Footwear,Miss Modano,Women,8,5,19.4,8322.79,0.0,146392.17,13.8,5,0,0,21,9,1,6.0,6.0,19.0,18.8,19.67,23.93,17.8,0.2,-4.27
CP005,Footwear,Miss Modano,Women,9,5,15.2,7808.83,0.0,113197.72,10.0,5,0,0,5,8,0,0.0,0.0,19.4,19.2,19.0,23.23,11.2,0.2,-4.23
CP005,Footwear,Miss Modano,Women,10,5,22.2,7685.36,0.0,156209.85,16.8,5,1,0,0,9,0,0.0,0.0,15.2,17.3,17.87,22.27,18.2,-2.1,-4.4
CP005,Footwear,Miss Modano,Women,11,5,24.4,7477.82,0.0,165827.64,17.6,5,0,0,0,9,1,15.0,14.0,22.2,18.7,18.93,19.3,19.4,3.5,-0.37
CP005,Footwear,Miss Modano,Women,12,5,25.2,7697.33,0.0,173538.48,19.8,4,1,6,0,9,2,27.0,22.92,24.4,23.3,20.6,19.8,20.4,1.1,0.8
CP005,Footwear,Modano,Kids,1,5,28.8,7558.67,0.17,221731.99,21.8,9,0,0,10,9,3,10.0,8.79,29.0,26.6,25.2,23.57,23.0,2.4,1.63
CP005,Footwear,Modano,Kids,2,5,35.2,6813.55,0.0,235755.61,26.4,8,1,0,0,8,0,0.0,0.0,28.8,25.9,25.33,24.5,29.0,2.9,0.83
CP005,Footwear,Modano,Kids,3,5,30.0,6809.0,0.0,202669.45,23.8,9,0,0,0,9,0,0.0,0.0,35.2,32.0,27.33,24.57,22.4,3.2,2.77
CP005,Footwear,Modano,Kids,4,5,27.6,6992.95,0.2,188589.0,21.4,7,2,9,0,9,4,24.0,19.27,30.0,32.6,31.33,25.63,23.2,-2.6,5.7
CP005,Footwear,Modano,Kids,5,5,29.8,7284.8,0.0,216029.18,23.8,8,2,1,0,9,2,8.0,7.08,27.6,28.8,30.93,25.57,26.4,-1.2,5.37
CP005,Footwear,Modano,Kids,6,5,27.2,6592.64,0.0,179415.9,20.4,8,1,0,0,9,0,0.0,0.0,29.8,28.7,29.13,24.93,20.6,1.1,4.2
CP005,Footwear,Modano,Kids,7,5,19.2,7548.58,0.0,146546.6,14.0,7,0,0,0,9,2,11.0,9.0,27.2,28.5,28.2,29.77,17.2,-1.3,-1.57
CP005,Footwear,Modano,Kids,8,5,37.8,6950.35,0.0,258703.25,30.8,8,0,0,21,9,3,17.0,15.33,19.2,23.2,25.4,28.17,29.8,-4.0,-2.77
CP005,Footwear,Modano,Kids,9,5,25.6,7547.87,0.0,190099.79,20.8,8,0,0,5,8,0,0.0,0.0,37.8,28.5,28.07,28.6,18.8,9.3,-0.53
CP005,Footwear,Modano,Kids,10,5,28.2,7390.16,0.0,201001.43,22.6,8,1,0,0,9,0,0.0,0.0,25.6,31.7,27.53,27.87,22.4,-6.1,-0.33
CP005,Footwear,Modano,Kids,11,5,28.8,6717.73,0.4,193272.01,21.6,9,0,0,0,9,2,24.0,22.5,28.2,26.9,30.53,27.97,24.2,1.3,2.57
CP005,Footwear,Modano,Kids,12,5,35.0,6521.48,0.0,230364.71,27.8,8,1,6,0,9,3,24.0,21.83,28.8,28.5,27.53,27.8,29.0,0.3,-0.27
CP005,Footwear,Modano,Men,1,5,13.6,5724.63,0.25,83261.36,11.2,6,0,0,10,9,2,14.0,13.0,10.8,11.0,11.13,9.7,11.4,-0.2,1.43
CP005,Footwear,Modano,Men,2,5,11.2,6927.11,0.0,77957.7,7.8,5,1,0,0,8,0,0.0,0.0,13.6,10.9,11.0,10.1,9.2,2.7,0.9
CP005,Footwear,Modano,Men,3,5,9.0,5858.42,0.0,55857.66,6.8,4,0,0,0,9,0,0.0,0.0,11.2,12.4,10.6,10.33,6.8,-1.2,0.27
CP005,Footwear,Modano,Men,4,5,13.8,6192.81,0.0,89835.69,10.8,6,2,9,0,9,1,14.0,12.67,9.0,10.1,11.27,10.2,10.8,-1.1,1.07
CP005,Footwear,Modano,Men,5,5,10.8,6180.37,0.0,71689.45,8.8,5,2,1,0,9,1,6.0,6.0,13.8,11.4,11.33,10.2,8.4,2.4,1.13
CP005,Footwear,Modano,Men,6,5,10.2,5880.13,0.0,63509.78,8.4,5,1,0,0,9,0,0.0,0.0,10.8,12.3,11.2,9.77,8.8,-1.5,1.43
CP005,Footwear,Modano,Men,7,5,10.8,5843.51,0.58,66705.93,8.0,6,0,0,0,9,3,17.0,13.92,10.2,10.5,11.6,11.43,8.6,-0.3,0.17
CP005,Footwear,Modano,Men,8,5,10.8,5816.82,0.0,65657.63,9.2,6,0,0,21,9,1,17.0,16.0,10.8,10.5,10.6,10.97,8.6,0.3,-0.37
CP005,Footwear,Modano,Men,9,5,11.4,5915.87,0.0,74715.94,8.2,5,0,0,5,8,0,0.0,0.0,10.8,10.8,10.6,10.9,7.6,0.0,-0.3
CP005,Footwear,Modano,Men,10,5,16.0,5118.85,0.0,90796.9,12.2,7,1,0,0,9,0,0.0,0.0,11.4,11.1,11.0,11.3,11.4,0.3,-0.3
CP005,Footwear,Modano,Men,11,5,13.2,5030.72,0.0,74502.09,11.2,6,0,0,0,9,1,15.0,15.0,16.0,13.7,12.73,11.67,11.2,2.3,1.07
CP005,Footwear,Modano,Men,12,5,15.0,6372.85,0.0,101769.16,11.6,5,1,6,0,9,2,23.0,20.75,13.2,14.6,13.53,12.07,10.8,-1.4,1.47
CP005,Footwear,Modano,Unisex,1,5,6.2,2854.26,0.0,15800.47,5.2,3,0,0,10,9,1,5.0,4.5,9.6,7.8,6.6,5.97,3.2,1.8,0.63
CP005,Footwear,Modano,Unisex,2,5,5.8,3093.43,0.0,16634.34,4.8,2,1,0,0,8,0,0.0,0.0,6.2,7.3,6.87,6.0,3.8,-1.1,0.87
CP005,Footwear,Modano,Unisex,3,5,8.6,2967.23,0.0,23673.56,7.0,3,0,0,0,9,0,0.0,0.0,5.8,6.0,6.73,5.87,6.4,-0.2,0.87
CP005,Footwear,Modano,Unisex,4,5,5.0,3107.53,0.0,15397.46,4.0,3,2,9,0,9,0,6.0,6.0,8.6,7.2,6.87,6.13,2.0,1.4,0.73
CP005,Footwear,Modano,Unisex,5,5,6.2,2914.68,0.0,15472.12,5.4,2,2,1,0,9,0,5.0,5.0,5.0,6.8,6.47,6.07,7.6,-1.8,0.4
CP005,Footwear,Modano,Unisex,6,4,7.5,3110.19,0.0,20002.07,5.5,3,1,0,0,9,0,0.0,0.0,7.0,5.88,6.58,7.5,8.0,1.12,-0.92
CP005,Footwear,Modano,Unisex,7,5,6.0,2923.19,0.0,15962.0,4.8,2,0,0,0,9,1,7.0,6.5,6.6,6.7,6.47,5.4,4.8,-0.1,1.07
CP005,Footwear,Modano,Unisex,8,5,8.2,2487.54,0.0,17476.84,6.8,2,0,0,21,9,1,11.0,10.5,6.0,6.3,6.47,6.47,6.4,-0.3,-0.0
CP005,Footwear,Modano,Unisex,9,4,7.25,2803.43,0.0,17503.24,5.0,2,0,0,5,8,0,0.0,0.0,9.0,8.0,7.83,7.21,6.0,1.0,0.62
CP005,Footwear,Modano,Unisex,10,5,5.4,2720.45,0.0,13727.61,4.4,3,1,0,0,9,0,0.0,0.0,6.8,7.2,6.87,6.6,4.2,-0.4,0.27
CP005,Footwear,Modano,Unisex,11,5,8.0,2736.04,0.0,18801.16,6.8,3,0,0,0,9,0,6.0,6.0,5.4,6.1,6.6,6.83,6.0,-0.7,-0.23
CP005,Footwear,Modano,Unisex,12,5,13.6,2840.49,0.75,36064.52,9.8,3,1,6,0,9,1,14.0,13.0,8.0,6.7,6.73,6.87,9.6,1.3,-0.13
CP005,Footwear,Modano,Women,1,5,14.8,8398.63,0.0,131819.67,11.0,5,0,0,10,9,1,11.0,11.0,12.0,12.2,14.0,12.1,12.0,-0.2,1.9
CP005,Footwear,Modano,Women,2,5,20.0,8165.25,0.0,184133.62,15.2,6,1,0,0,8,0,0.0,0.0,14.8,12.5,12.47,11.97,13.6,2.3,0.5
CP005,Footwear,Modano,Women,3,5,15.0,7305.58,0.0,127081.42,11.6,6,0,0,0,9,0,0.0,0.0,20.0,17.4,13.87,13.2,12.0,2.6,0.67
CP005,Footwear,Modano,Women,4,5,20.8,7193.41,0.0,188814.7,15.6,7,2,9,0,9,1,7.0,7.0,15.0,17.5,16.6,14.0,19.4,-2.5,2.6
CP005,Footwear,Modano,Women,5,5,24.6,8652.57,0.0,233948.59,19.4,7,2,1,0,9,1,8.0,8.0,20.8,17.9,18.6,13.43,17.4,2.9,5.17
CP005,Footwear,Modano,Women,6,5,12.0,8079.65,0.0,105281.35,9.4,5,1,0,0,9,0,0.0,0.0,24.6,22.7,20.13,15.07,8.4,1.9,5.07
CP005,Footwear,Modano,Women,7,5,16.0,7514.75,0.43,141605.09,13.2,6,0,0,0,9,1,9.0,7.67,12.0,18.3,19.13,17.87,13.8,-6.3,1.27
CP005,Footwear,Modano,Women,8,5,12.2,8673.12,0.0,110307.36,9.2,5,0,0,21,9,1,12.0,12.0,16.0,14.0,17.53,18.07,9.2,2.0,-0.53
CP005,Footwear,Modano,Women,9,5,11.0,7522.46,0.0,86834.43,9.2,5,0,0,5,8,0,0.0,0.0,12.2,14.1,13.4,16.77,7.6,-1.9,-3.37
CP005,Footwear,Modano,Women,10,5,21.6,8372.09,0.0,202543.58,16.4,7,1,0,0,9,0,0.0,0.0,11.0,11.6,13.07,16.1,17.6,-0.6,-3.03
CP005,Footwear,Modano,Women,11,5,14.8,7105.17,0.0,123067.63,12.2,6,0,0,0,9,1,13.0,12.5,21.6,16.3,14.93,16.23,12.4,5.3,-1.3
CP005,Footwear,Modano,Women,12,5,15.0,7924.74,0.0,132886.23,12.4,6,1,6,0,9,4,27.0,21.16,14.8,18.2,15.8,14.6,12.0,-3.4,1.2
CP005,Kids,Emerald,Kids,1,5,202.8,1853.59,0.04,397990.04,162.8,34,0,0,10,9,9,15.0,12.26,202.0,166.6,155.0,147.23,150.8,35.4,7.77
CP005,Kids,Emerald,Kids,2,5,167.8,1875.97,0.0,333495.62,132.4,29,1,0,0,8,0,0.0,0.0,202.8,182.6,165.47,151.73,131.0,20.2,13.73
CP005,Kids,Emerald,Kids,3,5,162.4,1753.72,0.0,305827.4,129.6,30,0,0,0,9,0,0.0,0.0,167.8,185.3,164.67,149.83,117.0,-17.5,14.83
CP005,Kids,Emerald,Kids,4,5,247.8,1744.15,0.43,449981.6,203.2,32,2,9,0,9,10,25.0,17.88,162.4,165.1,177.67,148.7,195.8,-2.7,28.97
CP005,Kids,Emerald,Kids,5,5,173.2,1849.26,0.05,341294.11,137.2,31,2,1,0,9,5,12.0,10.07,247.8,205.1,192.67,158.53,131.4,42.7,34.13
CP005,Kids,Emerald,Kids,6,5,148.2,1790.33,0.0,270526.58,116.8,29,1,0,0,9,0,0.0,0.0,173.2,210.5,194.47,161.13,117.8,-37.3,33.33
CP005,Kids,Emerald,Kids,7,5,167.4,1878.22,0.04,322470.36,130.8,30,0,0,0,9,10,20.0,15.17,148.2,160.7,189.73,183.7,136.2,-12.5,6.03
CP005,Kids,Emerald,Kids,8,5,182.8,1786.35,0.13,344078.8,144.6,29,0,0,21,9,8,20.0,14.46,167.4,157.8,162.93,177.8,140.2,9.6,-14.87
CP005,Kids,Emerald,Kids,9,5,181.8,1897.29,0.0,355344.45,143.6,30,0,0,5,8,0,0.0,0.0,182.8,175.1,166.13,180.3,142.0,7.7,-14.17
CP005,Kids,Emerald,Kids,10,5,162.4,1935.31,0.0,335263.34,125.0,32,1,0,0,9,0,0.0,0.0,181.8,182.3,177.33,183.53,131.8,-0.5,-6.2
CP005,Kids,Emerald,Kids,11,5,167.0,1859.51,0.09,327665.79,128.6,31,0,0,0,9,6,27.0,23.68,162.4,172.1,175.67,169.3,131.2,-9.7,6.37
CP005,Kids,Emerald,Kids,12,5,261.2,1855.91,0.14,510449.62,210.4,32,1,6,0,9,18,29.0,22.34,167.0,164.7,170.4,168.27,202.0,2.3,2.13
CP005,Kids,Hustle,Kids,1,5,115.0,1768.65,0.07,208649.6,88.2,26,0,0,10,9,7,15.0,13.41,118.2,109.3,104.4,97.47,90.6,8.9,6.93
CP005,Kids,Hustle,Kids,2,5,118.6,1783.47,0.0,221527.13,90.0,27,1,0,0,8,0,0.0,0.0,115.0,103.4,102.4,98.3,94.6,11.6,4.1
CP005,Kids,Hustle,Kids,3,5,124.6,1901.61,0.0,251301.29,97.6,28,0,0,0,9,0,0.0,0.0,118.6,116.8,100.27,98.37,94.4,1.8,1.9
CP005,Kids,Hustle,Kids,4,5,142.4,1836.24,0.28,280422.22,113.6,24,2,9,0,9,8,25.0,18.41,124.6,121.6,119.4,98.9,116.8,3.0,20.5
CP005,Kids,Hustle,Kids,5,5,109.2,1941.31,0.16,224756.9,84.0,25,2,1,0,9,6,15.0,12.43,142.4,133.5,128.53,103.0,83.4,8.9,25.53
CP005,Kids,Hustle,Kids,6,5,106.4,1805.84,0.0,193734.14,78.8,24,1,0,0,9,0,0.0,0.0,109.2,125.8,125.4,101.37,86.6,-16.6,24.03
CP005,Kids,Hustle,Kids,7,5,114.4,1849.58,0.0,224970.52,89.2,26,0,0,0,9,8,19.0,14.57,106.4,107.8,119.33,119.37,83.6,-1.4,-0.03
CP005,Kids,Hustle,Kids,8,5,124.8,1809.24,0.0,233260.16,97.0,26,0,0,21,9,4,18.0,14.42,114.4,110.4,110.0,119.27,93.6,4.0,-9.27
CP005,Kids,Hustle,Kids,9,5,124.2,1864.52,0.0,239750.01,95.0,25,0,0,5,8,0,0.0,0.0,124.8,119.6,115.2,120.3,94.4,5.2,-5.1
CP005,Kids,Hustle,Kids,10,5,117.4,1766.98,0.0,221578.09,89.4,27,1,0,0,9,0,0.0,0.0,124.2,124.5,121.13,120.23,94.6,-0.3,0.9
CP005,Kids,Hustle,Kids,11,5,122.8,1908.88,0.0,247424.62,95.0,27,0,0,0,9,5,30.0,25.34,117.4,120.8,122.13,116.07,100.4,-3.4,6.07
CP005,Kids,Hustle,Kids,12,5,139.0,1858.27,0.09,270420.14,111.0,27,1,6,0,9,12,29.0,21.37,122.8,120.1,121.47,118.33,118.2,2.7,3.13
CP005,Kids,King Street,Kids,1,5,45.2,2204.52,0.0,91449.25,33.8,11,0,0,10,9,4,15.0,12.67,45.4,37.1,37.8,37.37,35.2,8.3,0.43
CP005,Kids,King Street,Kids,2,5,27.6,2161.99,0.0,57320.69,20.0,9,1,0,0,8,0,0.0,0.0,45.2,41.4,37.2,37.6,20.6,3.8,-0.4
CP005,Kids,King Street,Kids,3,5,43.6,2191.34,0.0,95588.57,32.2,13,0,0,0,9,0,0.0,0.0,27.6,36.4,34.6,34.67,34.0,-8.8,-0.07
CP005,Kids,King Street,Kids,4,5,53.4,2153.83,0.0,117297.95,39.8,13,2,9,0,9,3,23.0,19.17,43.6,35.6,38.8,34.73,39.8,8.0,4.07
CP005,Kids,King Street,Kids,5,5,44.2,2202.42,0.0,94006.5,34.4,12,2,1,0,9,1,10.0,9.75,53.4,48.5,41.53,35.83,34.0,4.9,5.7
CP005,Kids,King Street,Kids,6,5,43.0,2111.77,0.0,84740.9,31.2,14,1,0,0,9,0,0.0,0.0,44.2,48.8,47.07,36.73,35.4,-4.6,10.33
CP005,Kids,King Street,Kids,7,5,46.0,2181.14,0.0,95869.21,34.0,14,0,0,0,9,3,16.0,12.92,43.0,43.6,46.87,42.83,36.0,-0.6,4.03
CP005,Kids,King Street,Kids,8,5,43.4,2315.55,0.2,98105.49,32.6,12,0,0,21,9,3,14.0,12.25,46.0,44.5,44.4,42.97,38.6,1.5,1.43
CP005,Kids,King Street,Kids,9,5,43.8,2239.39,0.0,96251.99,30.8,12,0,0,5,8,0,0.0,0.0,43.4,44.7,44.13,45.6,36.2,-1.3,-1.47
CP005,Kids,King Street,Kids,10,5,47.8,2106.33,0.0,97194.94,36.4,13,1,0,0,9,0,0.0,0.0,43.8,43.6,44.4,45.63,39.2,0.2,-1.23
CP005,Kids,King Street,Kids,11,5,38.4,2325.54,0.0,88446.0,28.2,12,0,0,0,9,2,26.0,24.5,47.8,45.8,45.0,44.7,28.8,2.0,0.3
CP005,Kids,King Street,Kids,12,5,62.4,2228.75,0.23,133433.36,47.4,13,1,6,0,9,6,28.0,20.81,38.4,43.1,43.33,43.73,45.4,-4.7,-0.4
CP005,Kids,Libera,Kids,1,5,43.8,2056.77,0.0,83918.07,33.0,10,0,0,10,9,2,10.0,9.67,60.6,55.5,54.6,49.43,30.0,5.1,5.17
CP005,Kids,Libera,Kids,2,5,53.0,2061.8,0.0,105544.3,40.6,12,1,0,0,8,0,0.0,0.0,43.8,48.6,49.2,49.7,45.2,-4.8,-0.5
CP005,Kids,Libera,Kids,3,5,53.8,1868.27,0.0,94244.6,41.0,12,0,0,0,9,0,0.0,0.0,53.0,48.4,46.13,47.03,39.2,4.6,-0.9
CP005,Kids,Libera,Kids,4,5,60.4,1922.35,0.13,112057.1,47.2,11,2,9,0,9,3,21.0,16.72,53.8,53.4,50.2,47.23,48.4,0.4,2.97
CP005,Kids,Libera,Kids,5,5,53.2,1936.77,0.0,102315.36,41.4,10,2,1,0,9,3,15.0,13.15,60.4,57.1,55.73,47.1,39.0,3.3,8.63
CP005,Kids,Libera,Kids,6,5,58.4,1965.36,0.0,108960.4,44.0,13,1,0,0,9,0,0.0,0.0,53.2,56.8,55.8,46.07,48.6,-3.6,9.73
CP005,Kids,Libera,Kids,7,5,43.8,1864.36,0.0,82831.4,34.2,11,0,0,0,9,4,18.0,14.33,58.4,55.8,57.33,53.77,35.0,2.6,3.57
CP005,Kids,Libera,Kids,8,5,66.8,2091.71,0.0,137959.21,50.6,12,0,0,21,9,4,16.0,13.74,43.8,51.1,51.8,53.77,57.2,-7.3,-1.97
CP005,Kids,Libera,Kids,9,5,46.0,1854.95,0.0,85051.94,33.8,11,0,0,5,8,0,0.0,0.0,66.8,55.3,56.33,56.07,40.6,11.5,0.27
CP005,Kids,Libera,Kids,10,5,65.0,1834.97,0.0,112878.12,52.4,13,1,0,0,9,0,0.0,0.0,46.0,56.4,52.2,54.77,52.8,-10.4,-2.57
CP005,Kids,Libera,Kids,11,5,59.0,2042.8,0.0,116542.73,47.4,11,0,0,0,9,1,17.0,14.5,65.0,55.5,59.27,55.53,50.4,9.5,3.73
CP005,Kids,Libera,Kids,12,5,75.6,2086.48,0.12,156707.18,62.6,13,1,6,0,9,7,28.0,21.55,59.0,62.0,56.67,56.5,60.6,-3.0,0.17
CP005,Kids,Miss Modano,Kids,1,5,103.0,1934.21,0.08,201271.01,83.2,24,0,0,10,9,5,14.0,12.71,113.2,107.9,102.33,93.2,79.2,5.3,9.13
CP005,Kids,Miss Modano,Kids,2,5,85.4,2037.58,0.0,177148.79,67.4,20,1,0,0,8,0,0.0,0.0,103.0,99.6,100.6,96.47,60.4,3.4,4.13
CP005,Kids,Miss Modano,Kids,3,5,129.0,1981.71,0.0,255352.15,97.2,23,0,0,0,9,0,0.0,0.0,85.4,94.2,91.2,92.67,104.2,-8.8,-1.47
CP005,Kids,Miss Modano,Kids,4,5,127.8,2108.9,0.16,263231.43,99.8,24,2,9,0,9,7,24.0,17.44,129.0,107.2,105.8,95.9,104.0,21.8,9.9
CP005,Kids,Miss Modano,Kids,5,5,103.4,1944.83,0.17,203829.89,82.4,20,2,1,0,9,4,15.0,13.73,127.8,128.4,114.07,98.1,82.6,-0.6,15.97
CP005,Kids,Miss Modano,Kids,6,5,97.8,1894.74,0.0,193182.99,73.2,22,1,0,0,9,0,0.0,0.0,103.4,115.6,120.07,95.17,81.0,-12.2,24.9
CP005,Kids,Miss Modano,Kids,7,5,86.4,1970.07,0.0,170268.14,69.2,21,0,0,0,9,7,17.0,13.55,97.8,100.6,109.67,107.73,66.4,-2.8,1.93
CP005,Kids,Miss Modano,Kids,8,5,123.2,1961.06,0.06,235482.29,97.2,24,0,0,21,9,5,20.0,14.56,86.4,92.1,95.87,104.97,97.2,-5.7,-9.1
CP005,Kids,Miss Modano,Kids,9,5,113.2,1971.8,0.0,218149.41,87.2,25,0,0,5,8,0,0.0,0.0,123.2,104.8,102.47,111.27,88.6,18.4,-8.8
CP005,Kids,Miss Modano,Kids,10,5,118.4,2087.7,0.0,240469.4,94.0,23,1,0,0,9,0,0.0,0.0,113.2,118.2,107.6,108.63,91.2,-5.0,-1.03
CP005,Kids,Miss Modano,Kids,11,5,125.8,2047.99,0.12,253834.32,102.2,24,0,0,0,9,3,29.0,25.83,118.4,115.8,118.27,107.07,102.6,2.6,11.2
CP005,Kids,Miss Modano,Kids,12,5,140.4,2080.51,0.24,297189.17,107.0,22,1,6,0,9,10,29.0,22.16,125.8,122.1,119.13,110.8,113.2,3.7,8.33
CP005,Kids,Modano,Kids,1,5,86.8,2080.33,0.0,178992.77,66.4,22,0,0,10,9,6,15.0,12.26,81.8,70.9,66.2,63.83,69.4,10.9,2.37
CP005,Kids,Modano,Kids,2,5,71.0,2091.63,0.0,146362.68,54.6,19,1,0,0,8,0,0.0,0.0,86.8,76.5,71.0,66.5,56.2,10.3,4.5
CP005,Kids,Modano,Kids,3,5,66.0,2057.68,0.0,136070.27,48.6,19,0,0,0,9,0,0.0,0.0,71.0,78.9,69.33,63.73,52.4,-7.9,5.6
CP005,Kids,Modano,Kids,4,5,115.4,2020.94,0.0,226559.12,88.2,22,2,9,0,9,4,25.0,19.42,66.0,68.5,74.6,63.37,88.0,-2.5,11.23
CP005,Kids,Modano,Kids,5,5,73.2,2014.63,0.0,146614.59,55.8,22,2,1,0,9,3,13.0,12.1,115.4,90.7,84.13,70.6,59.0,24.7,13.53
CP005,Kids,Modano,Kids,6,5,61.4,2100.82,0.0,127716.64,46.2,20,1,0,0,9,0,0.0,0.0,73.2,94.3,84.87,70.53,49.6,-21.1,14.33
CP005,Kids,Modano,Kids,7,5,67.8,2140.89,0.0,145604.85,50.0,20,0,0,0,9,5,17.0,13.92,61.4,67.3,83.33,78.97,55.2,-5.9,4.37
CP005,Kids,Modano,Kids,8,5,79.4,2101.26,0.0,165245.57,58.6,18,0,0,21,9,3,17.0,15.23,67.8,64.6,67.47,75.8,71.6,3.2,-8.33
CP005,Kids,Modano,Kids,9,5,73.2,2071.78,0.0,153700.11,54.6,22,0,0,5,8,0,0.0,0.0,79.4,73.6,69.53,77.2,57.6,5.8,-7.67
CP005,Kids,Modano,Kids,10,5,69.0,2188.47,0.0,148753.92,52.0,20,1,0,0,9,0,0.0,0.0,73.2,76.3,73.47,78.4,56.8,-3.1,-4.93
CP005,Kids,Modano,Kids,11,5,77.2,2039.73,0.14,151902.23,59.0,20,0,0,0,9,3,28.0,25.08,69.0,71.1,73.87,70.67,60.0,-2.1,3.2
CP005,Kids,Modano,Kids,12,5,104.8,2118.68,0.12,224322.13,80.2,21,1,6,0,9,10,29.0,23.48,77.2,73.1,73.13,71.33,81.8,4.1,1.8
CP005,Men,Emerald,Men,1,5,139.6,3721.27,0.09,533475.8,107.4,33,0,0,10,9,7,14.0,12.21,119.4,114.0,107.27,104.87,108.2,5.4,2.4
CP005,Men,Emerald,Men,2,5,112.0,3774.32,0.0,444039.13,89.4,29,1,0,0,8,0,0.0,0.0,139.6,119.0,115.53,105.17,87.8,20.6,10.37
CP005,Men,Emerald,Men,3,5,146.2,3550.52,0.0,507923.77,113.8,32,0,0,0,9,0,0.0,0.0,112.0,125.8,108.6,102.83,118.8,-13.8,5.77
CP005,Men,Emerald,Men,4,5,175.2,3588.96,0.0,643487.61,136.6,33,2,9,0,9,10,25.0,16.92,146.2,129.1,132.6,107.87,135.2,17.1,24.73
CP005,Men,Emerald,Men,5,5,117.6,3830.26,0.04,459473.55,89.0,29,2,1,0,9,5,15.0,13.39,175.2,160.7,144.47,117.63,91.0,14.5,26.83
CP005,Men,Emerald,Men,6,5,123.6,3756.1,0.0,469535.79,94.2,31,1,0,0,9,0,0.0,0.0,117.6,146.4,146.33,115.93,97.8,-28.8,30.4
CP005,Men,Emerald,Men,7,5,143.4,3658.63,0.15,546517.52,109.4,33,0,0,0,9,9,20.0,14.88,123.6,120.6,138.8,135.7,116.8,3.0,3.1
CP005,Men,Emerald,Men,8,5,121.4,3740.69,0.07,454165.09,93.2,32,0,0,21,9,9,20.0,15.24,143.4,133.5,128.2,136.33,101.8,9.9,-8.13
CP005,Men,Emerald,Men,9,5,116.2,3643.46,0.0,433849.94,88.8,30,0,0,5,8,0,0.0,0.0,121.4,132.4,129.47,137.9,88.8,-11.0,-8.43
CP005,Men,Emerald,Men,10,5,111.0,3842.24,0.0,429664.94,86.2,29,1,0,0,9,0,0.0,0.0,116.2,118.8,127.0,132.9,93.8,-2.6,-5.9
CP005,Men,Emerald,Men,11,5,143.6,3878.52,0.0,562592.99,111.8,32,0,0,0,9,5,28.0,23.08,111.0,113.6,116.2,122.2,108.6,-2.6,-6.0
CP005,Men,Emerald,Men,12,5,155.8,3494.86,0.18,572355.96,121.2,33,1,6,0,9,16,30.0,22.5,143.6,127.3,123.6,126.53,119.4,16.3,-2.93
CP005,Men,Hustle,Men,1,5,117.6,3490.03,0.0,401230.11,89.4,33,0,0,10,9,6,15.0,12.19,121.4,100.5,89.8,87.07,90.0,20.9,2.73
CP005,Men,Hustle,Men,2,5,108.0,3521.11,0.0,364034.75,83.4,31,1,0,0,8,0,0.0,0.0,117.6,108.0,98.53,86.8,89.6,9.6,11.73
CP005,Men,Hustle,Men,3,5,112.4,3552.33,0.0,391422.91,88.4,33,0,0,0,9,0,0.0,0.0,108.0,112.8,101.2,88.27,95.2,-4.8,12.93
CP005,Men,Hustle,Men,4,5,135.6,3537.89,0.03,477382.62,103.4,34,2,9,0,9,8,24.0,16.15,112.4,110.2,112.67,90.53,112.6,2.2,22.13
CP005,Men,Hustle,Men,5,5,107.0,3327.83,0.08,357782.11,79.6,31,2,1,0,9,6,15.0,13.36,135.6,124.0,118.67,97.07,83.8,11.6,21.6
CP005,Men,Hustle,Men,6,5,99.8,3598.25,0.0,346552.07,75.8,32,1,0,0,9,0,0.0,0.0,107.0,121.3,118.33,98.73,77.8,-14.3,19.6
CP005,Men,Hustle,Men,7,5,121.0,3329.2,0.05,398695.94,95.0,34,0,0,0,9,7,20.0,14.75,99.8,103.4,114.13,113.4,96.2,-3.6,0.73
CP005,Men,Hustle,Men,8,5,95.6,3468.8,0.0,313997.21,73.4,30,0,0,21,9,9,20.0,14.62,121.0,110.4,109.27,113.97,78.8,10.6,-4.7
CP005,Men,Hustle,Men,9,5,103.0,3727.32,0.0,367084.47,76.0,32,0,0,5,8,0,0.0,0.0,95.6,108.3,105.47,111.9,78.0,-12.7,-6.43
CP005,Men,Hustle,Men,10,5,88.2,3526.98,0.0,302017.67,66.6,30,1,0,0,9,0,0.0,0.0,103.0,99.3,106.53,110.33,68.4,3.7,-3.8
CP005,Men,Hustle,Men,11,5,101.8,3414.57,0.1,348772.85,77.8,33,0,0,0,9,7,30.0,25.93,88.2,95.6,95.6,102.43,79.6,-7.4,-6.83
CP005,Men,Hustle,Men,12,5,152.0,3515.42,0.21,517241.56,118.2,35,1,6,0,9,15,30.0,21.88,101.8,95.0,97.67,101.57,121.4,6.8,-3.9
CP005,Men,King Street,Men,1,5,36.0,3500.79,0.0,124098.88,26.4,11,0,0,10,9,3,14.0,12.83,40.4,35.0,36.87,34.9,26.8,5.4,1.97
CP005,Men,King Street,Men,2,5,38.6,3672.15,0.0,138901.0,29.6,12,1,0,0,8,0,0.0,0.0,36.0,34.5,32.87,34.87,29.6,1.5,-2.0
CP005,Men,King Street,Men,3,5,53.6,3697.5,0.0,194504.39,38.0,17,0,0,0,9,0,0.0,0.0,38.6,37.3,33.4,33.97,42.2,1.3,-0.57
CP005,Men,King Street,Men,4,5,52.4,3606.97,0.18,184517.92,37.8,13,2,9,0,9,4,23.0,18.21,53.6,46.1,42.73,35.7,41.8,7.5,7.03
CP005,Men,King Street,Men,5,5,43.4,3595.92,0.12,144577.12,33.4,14,2,1,0,9,2,13.0,11.75,52.4,53.0,48.2,35.83,31.6,-0.6,12.37
CP005,Men,King Street,Men,6,5,39.0,3908.84,0.0,148109.45,31.0,12,1,0,0,9,0,0.0,0.0,43.4,47.9,49.8,36.2,31.4,-4.5,13.6
CP005,Men,King Street,Men,7,5,37.6,3745.7,0.11,142031.85,27.0,13,0,0,0,9,4,17.0,14.54,39.0,41.2,44.93,43.83,28.8,-2.2,1.1
CP005,Men,King Street,Men,8,5,46.2,3533.11,0.13,159317.19,35.6,15,0,0,21,9,3,17.0,13.83,37.6,38.3,40.0,44.1,36.6,-0.7,-4.1
CP005,Men,King Street,Men,9,5,41.0,3624.64,0.0,147248.09,29.6,13,0,0,5,8,0,0.0,0.0,46.2,41.9,40.93,45.37,33.4,4.3,-4.43
CP005,Men,King Street,Men,10,5,49.0,3785.01,0.0,182197.41,36.2,15,1,0,0,9,0,0.0,0.0,41.0,43.6,41.6,43.27,40.6,-2.6,-1.67
CP005,Men,King Street,Men,11,5,38.6,3668.13,0.29,143976.12,29.2,15,0,0,0,9,4,28.0,24.91,49.0,45.0,45.4,42.7,29.6,4.0,2.7
CP005,Men,King Street,Men,12,5,50.6,3389.96,0.41,166792.53,38.2,13,1,6,0,9,6,29.0,22.65,38.6,43.8,42.87,41.9,40.4,-5.2,0.97
CP005,Men,Libera,Men,1,5,43.2,3742.8,0.1,172808.16,36.0,18,0,0,10,9,4,14.0,12.38,39.2,39.8,38.13,36.2,37.0,-0.6,1.93
CP005,Men,Libera,Men,2,5,45.4,3655.7,0.0,179844.61,37.2,17,1,0,0,8,0,0.0,0.0,43.2,35.9,37.4,36.33,35.8,7.3,1.07
CP005,Men,Libera,Men,3,5,47.2,3308.92,0.0,172120.98,37.6,18,0,0,0,9,0,0.0,0.0,45.4,44.3,36.27,36.6,35.0,1.1,-0.33
CP005,Men,Libera,Men,4,5,44.8,3724.74,0.07,171553.23,37.8,15,2,9,0,9,5,22.0,15.73,47.2,46.3,45.27,37.27,37.4,0.9,8.0
CP005,Men,Libera,Men,5,5,47.6,3691.79,0.0,187247.76,40.0,19,2,1,0,9,2,13.0,12.0,44.8,46.0,45.8,37.67,38.4,-1.2,8.13
CP005,Men,Libera,Men,6,5,43.6,3351.92,0.0,157260.58,37.8,18,1,0,0,9,0,0.0,0.0,47.6,46.2,46.53,37.0,35.4,1.4,9.53
CP005,Men,Libera,Men,7,5,41.4,3539.18,0.19,153829.41,36.6,18,0,0,0,9,6,20.0,15.3,43.6,45.6,45.33,45.3,31.8,-2.0,0.03
CP005,Men,Libera,Men,8,5,47.6,3597.4,0.18,184970.68,39.2,19,0,0,21,9,4,18.0,15.12,41.4,42.5,44.2,45.0,35.4,-1.1,-0.8
CP005,Men,Libera,Men,9,5,43.2,3631.02,0.0,169339.0,35.6,18,0,0,5,8,0,0.0,0.0,47.6,44.5,44.2,45.37,35.6,3.1,-1.17
CP005,Men,Libera,Men,10,5,47.4,3526.16,0.0,179272.16,39.6,19,1,0,0,9,0,0.0,0.0,43.2,45.4,44.07,44.7,34.8,-2.2,-0.63
CP005,Men,Libera,Men,11,5,49.6,3483.09,0.12,192810.95,40.6,18,0,0,0,9,4,29.0,25.78,47.4,45.3,46.07,45.13,40.4,2.1,0.93
CP005,Men,Libera,Men,12,5,46.4,3405.6,0.58,171259.52,37.4,19,1,6,0,9,8,30.0,23.86,49.6,48.5,46.73,45.47,39.2,1.1,1.27
CP005,Men,Miss Modano,Men,1,5,129.6,3498.65,0.16,463863.36,99.4,33,0,0,10,9,9,15.0,12.7,146.8,128.5,123.13,121.4,98.0,18.3,1.73
CP005,Men,Miss Modano,Men,2,5,99.4,3554.44,0.0,342525.49,74.0,28,1,0,0,8,0,0.0,0.0,129.6,123.7,119.2,120.63,77.0,5.9,-1.43
CP005,Men,Miss Modano,Men,3,5,135.4,3560.87,0.0,470295.58,103.4,32,0,0,0,9,0,0.0,0.0,99.4,114.5,109.33,112.3,109.4,-15.1,-2.97
CP005,Men,Miss Modano,Men,4,5,147.0,3797.47,0.04,538796.6,115.8,33,2,9,0,9,10,25.0,16.78,135.4,117.4,121.47,110.63,115.2,18.0,10.83
CP005,Men,Miss Modano,Men,5,5,138.8,3606.35,0.06,489592.35,110.2,35,2,1,0,9,6,15.0,12.56,147.0,141.2,127.27,112.53,111.0,5.8,14.73
CP005,Men,Miss Modano,Men,6,5,117.4,3665.24,0.0,421318.93,88.2,33,1,0,0,9,0,0.0,0.0,138.8,142.9,140.4,112.97,89.4,-4.1,27.43
CP005,Men,Miss Modano,Men,7,5,131.0,3487.61,0.08,464090.91,102.2,32,0,0,0,9,9,20.0,14.92,117.4,128.1,134.4,127.93,105.2,-10.7,6.47
CP005,Men,Miss Modano,Men,8,5,157.2,3561.13,0.08,562136.52,119.0,37,0,0,21,9,7,19.0,15.2,131.0,124.2,129.07,128.17,130.6,6.8,0.9
CP005,Men,Miss Modano,Men,9,5,150.8,3650.64,0.0,531573.86,116.4,35,0,0,5,8,0,0.0,0.0,157.2,144.1,135.2,137.8,123.2,13.1,-2.6
CP005,Men,Miss Modano,Men,10,5,144.0,3517.05,0.0,490554.4,111.0,34,1,0,0,9,0,0.0,0.0,150.8,154.0,146.33,140.37,112.4,-3.2,5.97
CP005,Men,Miss Modano,Men,11,5,139.2,3624.77,0.1,502684.38,106.6,33,0,0,0,9,7,29.0,24.2,144.0,147.4,150.67,139.87,110.2,-3.4,10.8
CP005,Men,Miss Modano,Men,12,5,179.6,3578.39,0.15,640827.22,142.2,33,1,6,0,9,20,30.0,22.64,139.2,141.6,144.67,139.93,146.8,-2.4,4.73
CP005,Men,Modano,Men,1,5,51.0,3441.51,0.06,173420.63,39.2,24,0,0,10,9,5,15.0,13.14,60.6,55.2,52.07,47.37,41.2,5.4,4.7
CP005,Men,Modano,Men,2,5,56.4,3422.1,0.0,192006.57,41.6,22,1,0,0,8,0,0.0,0.0,51.0,50.7,50.4,47.0,45.2,0.3,3.4
CP005,Men,Modano,Men,3,5,59.2,3492.06,0.0,208141.14,44.2,23,0,0,0,9,0,0.0,0.0,56.4,53.7,48.6,47.2,46.6,2.7,1.4
CP005,Men,Modano,Men,4,5,64.0,3492.21,0.13,223697.51,47.4,22,2,9,0,9,6,23.0,17.72,59.2,57.8,55.53,47.93,55.6,1.4,7.6
CP005,Men,Modano,Men,5,5,60.8,3372.44,0.08,206701.06,46.8,24,2,1,0,9,3,14.0,12.08,64.0,61.6,59.87,49.0,44.2,2.4,10.87
CP005,Men,Modano,Men,6,5,57.0,3271.57,0.0,190448.82,44.8,25,1,0,0,9,0,0.0,0.0,60.8,62.4,61.33,49.03,44.0,-1.6,12.3
CP005,Men,Modano,Men,7,5,52.8,3585.66,0.25,184670.62,40.4,24,0,0,0,9,7,19.0,14.36,57.0,58.9,60.6,58.07,43.0,-1.9,2.53
CP005,Men,Modano,Men,8,5,55.8,3473.07,0.0,194561.01,41.0,25,0,0,21,9,5,20.0,16.05,52.8,54.9,56.87,58.37,43.2,-2.1,-1.5
CP005,Men,Modano,Men,9,5,55.6,3509.36,0.0,193101.41,42.2,24,0,0,5,8,0,0.0,0.0,55.8,54.3,55.2,58.27,41.8,1.5,-3.07
CP005,Men,Modano,Men,10,5,59.2,3264.72,0.0,194253.88,46.2,24,1,0,0,9,0,0.0,0.0,55.6,55.7,54.73,57.67,45.8,-0.1,-2.93
CP005,Men,Modano,Men,11,5,59.8,3572.07,0.14,214660.81,44.6,24,0,0,0,9,4,30.0,25.28,59.2,57.4,56.87,56.87,49.8,1.8,0.0
CP005,Men,Modano,Men,12,5,76.6,3462.14,0.33,262264.25,58.4,25,1,6,0,9,14,30.0,22.27,59.8,59.5,58.2,56.7,60.6,0.3,1.5
CP005,Women,Emerald,Women,1,5,215.4,4093.17,0.0,822786.5,165.2,39,0,0,10,9,10,15.0,13.1,243.6,205.6,193.6,190.67,166.2,38.0,2.93
CP005,Women,Emerald,Women,2,5,215.8,4162.32,0.0,821900.85,172.8,38,1,0,0,8,0,0.0,0.0,215.4,211.5,196.87,189.53,175.4,3.9,7.33
CP005,Women,Emerald,Women,3,5,232.0,4167.23,0.0,929382.65,187.2,37,0,0,0,9,0,0.0,0.0,215.8,215.6,195.93,185.8,189.8,0.2,10.13
CP005,Women,Emerald,Women,4,5,266.0,3983.02,0.16,1025535.16,212.2,35,2,9,0,9,12,25.0,16.09,232.0,223.9,221.07,185.53,215.8,8.1,35.53
CP005,Women,Emerald,Women,5,5,245.6,3968.59,0.08,923731.12,189.0,40,2,1,0,9,6,15.0,13.57,266.0,249.0,237.93,192.83,188.6,17.0,45.1
CP005,Women,Emerald,Women,6,5,200.8,4002.53,0.0,722660.07,159.8,33,1,0,0,9,0,0.0,0.0,245.6,255.8,247.87,198.8,154.4,-10.2,49.07
CP005,Women,Emerald,Women,7,5,236.0,3932.25,0.06,842090.28,186.4,37,0,0,0,9,10,20.0,13.72,200.8,223.2,237.47,229.27,186.2,-22.4,8.2
CP005,Women,Emerald,Women,8,5,224.0,3987.44,0.06,855861.67,175.8,39,0,0,21,9,10,20.0,14.26,236.0,218.4,227.47,232.7,187.2,17.6,-5.23
CP005,Women,Emerald,Women,9,5,235.0,4119.14,0.0,930598.7,185.8,38,0,0,5,8,0,0.0,0.0,224.0,230.0,220.27,234.07,189.8,-6.0,-13.8
CP005,Women,Emerald,Women,10,5,214.4,4042.9,0.0,816665.67,168.8,38,1,0,0,9,0,0.0,0.0,235.0,229.5,231.67,234.57,169.6,5.5,-2.9
CP005,Women,Emerald,Women,11,5,212.4,3968.81,0.0,827241.72,165.0,37,0,0,0,9,6,29.0,24.6,214.4,224.7,224.47,225.97,167.6,-10.3,-1.5
CP005,Women,Emerald,Women,12,5,306.2,3941.49,0.37,1152500.32,241.8,38,1,6,0,9,20,30.0,22.74,212.4,213.4,220.6,220.43,243.6,-1.0,0.17
CP005,Women,Hustle,Women,1,5,178.6,3806.98,0.09,714473.37,139.2,34,0,0,10,9,8,15.0,12.14,200.6,172.6,161.33,143.13,137.6,28.0,18.2
CP005,Women,Hustle,Women,2,5,155.4,3638.13,0.0,587793.46,119.6,31,1,0,0,8,0,0.0,0.0,178.6,166.5,159.2,145.63,125.4,12.1,13.57
CP005,Women,Hustle,Women,3,5,165.4,3808.37,0.0,648330.35,129.6,33,0,0,0,9,0,0.0,0.0,155.4,167.0,152.6,146.77,134.2,-11.6,5.83
CP005,Women,Hustle,Women,4,5,233.8,3706.44,0.25,888339.51,194.0,33,2,9,0,9,10,24.0,16.92,165.4,160.4,166.47,146.13,187.0,5.0,20.33
CP005,Women,Hustle,Women,5,5,188.4,3592.41,0.11,726185.71,149.8,33,2,1,0,9,5,15.0,13.03,233.8,199.6,184.87,155.1,138.8,34.2,29.77
CP005,Women,Hustle,Women,6,5,158.2,3616.44,0.0,593875.23,124.4,31,1,0,0,9,0,0.0,0.0,188.4,211.1,195.87,157.4,122.6,-22.7,38.47
CP005,Women,Hustle,Women,7,5,155.4,3503.67,0.06,564067.91,118.8,32,0,0,0,9,6,19.0,15.49,158.2,173.3,193.47,179.97,117.4,-15.1,13.5
CP005,Women,Hustle,Women,8,5,151.6,3440.75,0.12,530017.99,119.8,31,0,0,21,9,8,20.0,14.45,155.4,156.8,167.33,176.1,118.0,-1.4,-8.77
CP005,Women,Hustle,Women,9,5,173.0,3817.54,0.0,682128.49,137.0,32,0,0,5,8,0,0.0,0.0,151.6,153.5,155.07,175.47,139.4,-1.9,-20.4
CP005,Women,Hustle,Women,10,5,182.2,3743.17,0.0,706219.64,139.0,35,1,0,0,9,0,0.0,0.0,173.0,162.3,160.0,176.73,138.8,10.7,-16.73
CP005,Women,Hustle,Women,11,5,183.0,3676.47,0.08,707127.93,144.0,34,0,0,0,9,4,28.0,24.58,182.2,177.6,168.93,168.13,144.6,4.6,0.8
CP005,Women,Hustle,Women,12,5,264.6,3489.49,0.21,939218.41,215.2,34,1,6,0,9,15,30.0,22.3,183.0,182.6,179.4,167.23,200.6,0.4,12.17
CP005,Women,King Street,Women,1,5,64.2,4143.8,0.0,267015.65,48.4,14,0,0,10,9,3,14.0,12.4,98.0,75.2,69.2,63.07,50.4,22.8,6.13
CP005,Women,King Street,Women,2,5,74.8,4221.53,0.0,322957.93,55.4,14,1,0,0,8,0,0.0,0.0,64.2,75.6,67.87,61.03,55.0,-11.4,6.83
CP005,Women,King Street,Women,3,5,72.6,3858.9,0.0,285402.92,57.2,14,0,0,0,9,0,0.0,0.0,74.8,69.5,71.47,61.73,58.2,5.3,9.73
CP005,Women,King Street,Women,4,5,75.4,3846.49,0.0,295006.57,61.0,14,2,9,0,9,2,16.0,13.25,72.6,73.7,70.53,63.4,62.0,-1.1,7.13
CP005,Women,King Street,Women,5,5,72.4,3982.89,0.18,289027.23,55.6,15,2,1,0,9,2,11.0,10.5,75.4,74.0,74.27,64.07,52.8,1.4,10.2
CP005,Women,King Street,Women,6,5,59.6,3900.42,0.0,236907.75,46.4,15,1,0,0,9,0,0.0,0.0,72.4,73.9,73.47,65.0,45.6,-1.5,8.47
CP005,Women,King Street,Women,7,5,85.0,4077.98,0.32,349819.16,65.6,17,0,0,0,9,6,20.0,15.7,59.6,66.0,69.13,69.83,65.4,-6.4,-0.7
CP005,Women,King Street,Women,8,5,71.8,4080.18,0.0,292653.13,53.0,14,0,0,21,9,2,12.0,11.07,85.0,72.3,72.33,73.3,59.0,12.7,-0.97
CP005,Women,King Street,Women,9,5,61.8,4049.9,0.0,241183.97,45.8,13,0,0,5,8,0,0.0,0.0,71.8,78.4,72.13,72.8,46.4,-6.6,-0.67
CP005,Women,King Street,Women,10,5,74.6,4161.99,0.0,310478.75,54.6,14,1,0,0,9,0,0.0,0.0,61.8,66.8,72.87,71.0,57.2,-5.0,1.87
CP005,Women,King Street,Women,11,5,62.8,3808.4,0.0,246299.85,52.0,13,0,0,0,9,2,27.0,25.33,74.6,68.2,69.4,70.87,52.4,6.4,-1.47
CP005,Women,King Street,Women,12,5,118.8,3977.07,0.35,482783.79,95.6,16,1,6,0,9,6,29.0,22.69,62.8,68.7,66.4,69.27,98.0,-5.9,-2.87
CP005,Women,Libera,Women,1,5,57.8,4221.22,0.14,228360.39,45.4,12,0,0,10,9,2,11.0,9.79,64.2,57.3,52.27,49.33,50.8,6.9,2.93
CP005,Women,Libera,Women,2,5,65.4,3737.37,0.0,214477.34,50.4,13,1,0,0,8,0,0.0,0.0,57.8,52.6,51.87,49.63,57.8,5.2,2.23
CP005,Women,Libera,Women,3,5,56.0,4046.6,0.0,206974.9,44.0,12,0,0,0,9,0,0.0,0.0,65.4,61.6,51.53,50.47,48.8,3.8,1.07
CP005,Women,Libera,Women,4,5,65.8,4271.78,0.0,261676.98,50.8,11,2,9,0,9,3,22.0,19.5,56.0,60.7,59.73,49.0,53.0,-4.7,10.73
CP005,Women,Libera,Women,5,5,52.4,3590.79,0.0,186445.78,42.2,12,2,1,0,9,2,11.0,10.17,65.8,60.9,62.4,51.83,42.6,4.9,10.57
CP005,Women,Libera,Women,6,5,65.4,4236.74,0.0,253002.73,50.2,13,1,0,0,9,0,0.0,0.0,52.4,59.1,58.07,48.97,52.0,-6.7,9.1
CP005,Women,Libera,Women,7,5,51.4,4491.95,0.0,212695.24,40.4,11,0,0,0,9,4,19.0,14.8,65.4,58.9,61.2,60.47,39.2,6.5,0.73
CP005,Women,Libera,Women,8,5,56.0,4314.25,0.0,239840.84,42.6,12,0,0,21,9,3,16.0,13.33,51.4,58.4,56.4,59.4,44.4,-7.0,-3.0
CP005,Women,Libera,Women,9,5,62.6,3929.77,0.0,242970.41,49.4,14,0,0,5,8,0,0.0,0.0,56.0,53.7,57.6,57.83,55.6,2.3,-0.23
CP005,Women,Libera,Women,10,5,56.6,3813.59,0.0,222462.05,44.4,13,1,0,0,9,0,0.0,0.0,62.6,59.3,56.67,58.93,42.2,3.3,-2.27
CP005,Women,Libera,Women,11,5,63.2,3847.97,0.0,214884.18,50.0,12,0,0,0,9,2,22.0,19.33,56.6,59.6,58.4,57.4,50.4,-3.0,1.0
CP005,Women,Libera,Women,12,5,76.2,3947.38,0.0,262070.79,59.8,12,1,6,0,9,7,29.0,23.44,63.2,59.9,60.8,59.2,64.2,3.3,1.6
CP005,Women,Miss Modano,Women,1,5,130.6,3926.48,0.13,504936.17,102.2,26,0,0,10,9,4,15.0,11.83,126.8,120.2,118.53,108.7,93.8,6.6,9.83
CP005,Women,Miss Modano,Women,2,5,100.2,3999.43,0.0,408132.69,77.8,22,1,0,0,8,0,0.0,0.0,130.6,117.7,116.33,109.43,77.2,12.9,6.9
CP005,Women,Miss Modano,Women,3,5,124.2,4135.43,0.0,497107.1,98.2,25,0,0,0,9,0,0.0,0.0,100.2,115.4,104.27,105.5,99.2,-15.2,-1.23
CP005,Women,Miss Modano,Women,4,5,169.6,3893.65,0.0,680203.44,138.2,26,2,9,0,9,7,23.0,16.99,124.2,112.2,118.33,107.57,134.0,12.0,10.77
CP005,Women,Miss Modano,Women,5,5,134.0,4010.23,0.0,536990.12,108.2,26,2,1,0,9,4,14.0,11.95,169.6,146.9,131.33,110.17,95.0,22.7,21.17
CP005,Women,Miss Modano,Women,6,5,111.4,3875.73,0.0,441357.84,91.0,24,1,0,0,9,0,0.0,0.0,134.0,151.8,142.6,110.53,89.0,-17.8,32.07
CP005,Women,Miss Modano,Women,7,5,132.0,4075.19,0.08,527752.53,105.4,28,0,0,0,9,6,19.0,15.37,111.4,122.7,138.33,128.33,104.2,-11.3,10.0
CP005,Women,Miss Modano,Women,8,5,128.4,3915.76,0.05,509118.42,103.6,25,0,0,21,9,6,20.0,15.08,132.0,121.7,125.8,128.57,101.0,10.3,-2.77
CP005,Women,Miss Modano,Women,9,5,115.8,4006.11,0.0,459495.76,90.2,24,0,0,5,8,0,0.0,0.0,128.4,130.2,123.93,133.27,91.4,-1.8,-9.33
CP005,Women,Miss Modano,Women,10,5,152.0,3808.3,0.0,587940.3,122.2,26,1,0,0,9,0,0.0,0.0,115.8,122.1,125.4,131.87,115.2,-6.3,-6.47
CP005,Women,Miss Modano,Women,11,5,157.8,4026.79,0.13,641360.87,125.6,28,0,0,0,9,6,30.0,25.86,152.0,133.9,132.07,128.93,113.6,18.1,3.13
CP005,Women,Miss Modano,Women,12,5,170.8,3918.83,0.0,643062.0,139.8,25,1,6,0,9,11,28.0,21.35,157.8,154.9,141.87,132.9,126.8,2.9,8.97
CP005,Women,Modano,Women,1,5,118.2,3806.39,0.11,465521.91,92.6,28,0,0,10,9,7,15.0,12.52,144.8,121.2,112.33,105.03,89.8,23.6,7.3
CP005,Women,Modano,Women,2,5,115.4,4110.95,0.0,487964.72,88.4,27,1,0,0,8,0,0.0,0.0,118.2,119.8,112.4,105.0,95.2,-1.6,7.4
CP005,Women,Modano,Women,3,5,120.2,4211.43,0.0,531803.54,93.2,29,0,0,0,9,0,0.0,0.0,115.4,116.8,109.67,103.33,91.6,-1.4,6.33
CP005,Women,Modano,Women,4,5,186.0,4231.48,0.16,779195.09,145.8,31,2,9,0,9,6,24.0,17.61,120.2,117.8,117.93,103.9,153.2,2.4,14.03
CP005,Women,Modano,Women,5,5,131.8,4255.56,0.0,567058.31,102.8,29,2,1,0,9,6,15.0,12.39,186.0,153.1,140.53,114.57,99.8,32.9,25.97
CP005,Women,Modano,Women,6,5,111.2,4150.23,0.0,476233.34,84.0,28,1,0,0,9,0,0.0,0.0,131.8,158.9,146.0,117.1,88.0,-27.1,28.9
CP005,Women,Modano,Women,7,5,128.0,4090.04,0.06,525815.51,98.2,29,0,0,0,9,8,20.0,15.17,111.2,121.5,143.0,130.47,95.0,-10.3,12.53
CP005,Women,Modano,Women,8,5,127.4,4009.78,0.16,531687.82,100.2,28,0,0,21,9,7,19.0,14.74,128.0,119.6,123.67,132.1,99.4,8.4,-8.43
CP005,Women,Modano,Women,9,5,122.4,3887.7,0.0,478985.2,95.2,28,0,0,5,8,0,0.0,0.0,127.4,127.7,122.2,134.1,98.8,-0.3,-11.9
CP005,Women,Modano,Women,10,5,116.6,3943.82,0.0,452904.49,90.4,28,1,0,0,9,0,0.0,0.0,122.4,124.9,125.93,134.47,94.6,-2.5,-8.53
CP005,Women,Modano,Women,11,5,129.6,3900.84,0.08,526011.35,101.2,29,0,0,0,9,4,27.0,23.71,116.6,119.5,122.13,122.9,97.6,-2.9,-0.77
CP005,Women,Modano,Women,12,5,175.0,4178.83,0.47,744019.94,144.2,31,1,6,0,9,14,30.0,22.89,129.6,123.1,122.87,122.53,144.8,6.5,0.33
CP006,Accessories,Emerald,Men,1,5,40.2,3183.96,0.0,120917.86,34.4,4,0,0,10,9,1,6.0,5.17,55.6,47.1,44.8,37.8,26.2,8.5,7.0
CP006,Accessories,Emerald,Men,2,5,24.8,3128.54,0.0,69033.45,20.2,4,1,0,0,8,0,0.0,0.0,40.2,44.8,42.73,39.3,19.8,-4.6,3.43
CP006,Accessories,Emerald,Men,3,5,49.8,2621.22,0.0,114720.88,43.8,4,0,0,0,9,0,0.0,0.0,24.8,32.5,35.33,36.57,33.8,-7.7,-1.23
CP006,Accessories,Emerald,Men,4,5,40.0,3034.09,0.0,110894.26,34.4,4,2,9,0,9,1,11.0,10.5,49.8,37.3,38.27,37.7,32.2,12.5,0.57
CP006,Accessories,Emerald,Men,5,5,43.0,2902.35,0.0,118615.97,36.8,4,2,1,0,9,1,8.0,8.0,40.0,44.9,38.2,36.57,35.2,-4.9,1.63
CP006,Accessories,Emerald,Men,6,5,42.0,2948.78,0.0,115047.3,35.4,3,1,0,0,9,0,0.0,0.0,43.0,41.5,44.27,35.93,32.8,1.5,8.33
CP006,Accessories,Emerald,Men,7,5,28.4,3290.63,0.0,78505.19,25.4,2,0,0,0,9,1,4.0,3.5,42.0,42.5,41.67,39.97,25.0,-0.5,1.7
CP006,Accessories,Emerald,Men,8,5,40.2,2741.23,0.0,108175.56,35.6,4,0,0,21,9,1,15.0,14.67,28.4,35.2,37.8,38.0,32.8,-6.8,-0.2
CP006,Accessories,Emerald,Men,9,5,42.4,3171.83,0.0,119615.81,34.2,4,0,0,5,8,0,0.0,0.0,40.2,34.3,36.87,40.57,34.6,5.9,-3.7
CP006,Accessories,Emerald,Men,10,5,47.0,2872.24,0.0,130512.07,41.2,4,1,0,0,9,0,0.0,0.0,42.4,41.3,37.0,39.33,40.2,1.1,-2.33
CP006,Accessories,Emerald,Men,11,5,46.6,2920.22,0.0,134854.54,41.0,5,0,0,0,9,1,8.0,8.0,47.0,44.7,43.2,40.5,38.6,2.3,2.7
CP006,Accessories,Emerald,Men,12,5,68.4,2934.24,0.0,201623.72,58.2,4,1,6,0,9,2,28.0,26.9,46.6,46.8,45.33,41.1,55.6,-0.2,4.23
CP006,Accessories,Emerald,Unisex,1,5,117.8,2198.8,0.11,266408.64,99.6,11,0,0,10,9,2,12.0,11.17,82.0,69.5,71.07,72.13,81.8,12.5,-1.07
CP006,Accessories,Emerald,Unisex,2,5,81.8,2277.19,0.0,179833.13,68.2,9,1,0,0,8,0,0.0,0.0,117.8,91.1,79.73,74.73,62.2,26.7,5.0
CP006,Accessories,Emerald,Unisex,3,5,92.2,2365.08,0.0,203872.22,76.4,10,0,0,0,9,0,0.0,0.0,81.8,99.8,83.2,74.0,70.8,-18.0,9.2
CP006,Accessories,Emerald,Unisex,4,5,95.8,2434.39,0.0,228640.4,85.4,8,2,9,0,9,2,22.0,18.83,92.2,87.0,97.27,74.87,74.0,5.2,22.4
CP006,Accessories,Emerald,Unisex,5,5,105.4,2193.27,0.0,233024.2,89.2,10,2,1,0,9,1,8.0,8.0,95.8,94.0,89.93,75.33,92.4,1.8,14.6
CP006,Accessories,Emerald,Unisex,6,5,90.6,2183.39,0.0,175717.15,76.6,9,1,0,0,9,0,0.0,0.0,105.4,100.6,97.8,80.13,79.0,4.8,17.67
CP006,Accessories,Emerald,Unisex,7,5,93.8,2436.13,0.0,216082.89,79.6,9,0,0,0,9,2,14.0,12.3,90.6,98.0,97.27,97.27,84.6,-7.4,0.0
CP006,Accessories,Emerald,Unisex,8,5,82.8,2101.76,0.12,170419.3,69.4,10,0,0,21,9,2,12.0,10.0,93.8,92.2,96.6,93.27,71.8,1.6,3.33
CP006,Accessories,Emerald,Unisex,9,5,85.8,2628.63,0.0,191163.93,73.6,10,0,0,5,8,0,0.0,0.0,82.8,88.3,89.07,93.43,63.2,-5.5,-4.37
CP006,Accessories,Emerald,Unisex,10,5,87.8,2350.38,0.0,195737.7,74.6,10,1,0,0,9,0,0.0,0.0,85.8,84.3,87.47,92.37,74.2,1.5,-4.9
CP006,Accessories,Emerald,Unisex,11,5,82.6,2185.4,0.21,159547.52,69.0,9,0,0,0,9,3,22.0,19.97,87.8,86.8,85.47,91.03,57.0,1.0,-5.57
CP006,Accessories,Emerald,Unisex,12,5,107.8,2280.32,0.46,230737.93,89.6,10,1,6,0,9,6,29.0,23.32,82.6,85.2,85.4,87.23,82.0,-2.6,-1.83
CP006,Accessories,Emerald,Women,1,5,22.2,2796.64,0.0,72429.04,18.4,2,0,0,10,9,1,7.0,7.0,25.4,24.2,23.27,22.47,17.8,1.2,0.8
CP006,Accessories,Emerald,Women,2,5,18.0,3225.31,0.0,61165.43,15.0,2,1,0,0,8,0,0.0,0.0,22.2,20.6,21.4,20.37,11.6,1.6,1.03
CP006,Accessories,Emerald,Women,3,5,35.2,2986.3,0.0,115400.74,30.6,3,0,0,0,9,0,0.0,0.0,18.0,20.1,19.07,20.43,30.4,-2.1,-1.37
CP006,Accessories,Emerald,Women,4,5,23.6,2543.91,0.0,72162.83,19.0,2,2,9,0,9,0,8.0,8.0,35.2,26.6,25.13,21.47,19.4,8.6,3.67
CP006,Accessories,Emerald,Women,5,5,28.8,2843.43,0.0,86194.36,24.6,3,2,1,0,9,0,3.0,3.0,23.6,29.4,25.6,21.67,24.0,-5.8,3.93
CP006,Accessories,Emerald,Women,6,5,24.2,2835.21,0.0,75739.51,19.4,3,1,0,0,9,0,0.0,0.0,28.8,26.2,29.2,22.0,15.6,2.6,7.2
CP006,Accessories,Emerald,Women,7,5,32.0,2939.37,0.0,111182.98,26.2,3,0,0,0,9,1,8.0,7.5,24.2,26.5,25.53,25.33,28.4,-2.3,0.2
CP006,Accessories,Emerald,Women,8,5,18.0,2788.98,0.0,47403.7,14.2,3,0,0,21,9,0,4.0,4.0,32.0,28.1,28.33,26.97,15.6,3.9,1.37
CP006,Accessories,Emerald,Women,9,5,24.6,2634.83,0.0,78553.9,21.4,2,0,0,5,8,0,0.0,0.0,18.0,25.0,24.73,26.97,21.0,-7.0,-2.23
CP006,Accessories,Emerald,Women,10,5,24.6,2789.49,0.0,70989.75,18.4,3,1,0,0,9,0,0.0,0.0,24.6,21.3,24.87,25.2,21.4,3.3,-0.33
CP006,Accessories,Emerald,Women,11,5,25.8,3731.97,0.0,98926.02,22.8,2,0,0,0,9,1,15.0,15.0,24.6,24.6,22.4,25.37,23.0,0.0,-2.97
CP006,Accessories,Emerald,Women,12,5,35.4,3752.84,0.0,135389.09,29.4,2,1,6,0,9,1,14.0,11.5,25.8,25.2,25.0,24.87,25.4,0.6,0.13
CP006,Accessories,Hustle,Men,1,5,43.8,2723.57,0.0,133037.73,36.2,6,0,0,10,9,1,11.0,10.33,49.6,46.2,40.2,36.93,30.6,3.4,3.27
CP006,Accessories,Hustle,Men,2,5,50.8,2540.73,0.0,127564.61,44.8,5,1,0,0,8,0,0.0,0.0,43.8,43.1,43.0,36.83,43.8,0.7,6.17
CP006,Accessories,Hustle,Men,3,5,64.8,2566.85,0.0,166256.32,53.2,7,0,0,0,9,0,0.0,0.0,50.8,47.3,43.87,38.77,51.0,3.5,5.1
CP006,Accessories,Hustle,Men,4,5,41.0,2440.22,0.0,92270.23,35.0,5,2,9,0,9,1,15.0,14.0,64.8,57.8,53.13,41.77,38.6,7.0,11.37
CP006,Accessories,Hustle,Men,5,5,58.8,2743.54,0.19,158460.58,47.8,7,2,1,0,9,1,9.0,8.33,41.0,52.9,52.2,42.7,43.8,-11.9,9.5
CP006,Accessories,Hustle,Men,6,5,44.0,2644.46,0.0,96610.44,36.6,6,1,0,0,9,0,0.0,0.0,58.8,49.9,54.87,43.0,34.6,8.9,11.87
CP006,Accessories,Hustle,Men,7,5,42.0,2696.54,0.0,113623.67,32.8,5,0,0,0,9,2,18.0,17.33,44.0,51.4,47.93,50.53,37.2,-7.4,-2.6
CP006,Accessories,Hustle,Men,8,5,44.4,2795.71,0.0,96063.23,38.6,6,0,0,21,9,1,6.0,5.0,42.0,43.0,48.27,50.23,33.8,-1.0,-1.97
CP006,Accessories,Hustle,Men,9,5,41.6,2543.7,0.0,96733.9,34.0,6,0,0,5,8,0,0.0,0.0,44.4,43.2,43.47,49.17,30.0,1.2,-5.7
CP006,Accessories,Hustle,Men,10,5,31.6,2777.57,0.0,81129.23,25.8,4,1,0,0,9,0,0.0,0.0,41.6,43.0,42.67,45.3,28.2,-1.4,-2.63
CP006,Accessories,Hustle,Men,11,5,50.8,2753.74,0.0,125722.76,42.8,6,0,0,0,9,0,10.0,10.0,31.6,36.6,39.2,43.73,42.8,-5.0,-4.53
CP006,Accessories,Hustle,Men,12,5,65.6,3017.08,0.5,177995.5,54.6,7,1,6,0,9,4,30.0,25.5,50.8,41.2,41.33,42.4,49.6,9.6,-1.07
CP006,Accessories,Hustle,Unisex,1,5,25.2,2602.27,0.0,61004.46,20.4,4,0,0,10,9,1,11.0,10.5,60.6,48.7,39.8,33.6,19.4,11.9,6.2
CP006,Accessories,Hustle,Unisex,2,5,43.2,2514.56,0.0,109071.66,37.4,4,1,0,0,8,0,0.0,0.0,25.2,41.5,39.93,32.67,33.2,-16.3,7.27
CP006,Accessories,Hustle,Unisex,3,5,38.4,2711.61,0.0,95399.64,33.6,5,0,0,0,9,0,0.0,0.0,43.2,34.2,41.27,33.6,32.6,9.0,7.67
CP006,Accessories,Hustle,Unisex,4,5,49.2,2621.77,0.0,119163.14,39.4,5,2,9,0,9,1,14.0,14.0,38.4,40.8,35.6,35.5,41.4,-2.4,0.1
CP006,Accessories,Hustle,Unisex,5,5,38.8,2550.99,0.0,94284.46,31.8,4,2,1,0,9,0,5.0,5.0,49.2,43.8,43.6,39.33,27.8,5.4,4.27
CP006,Accessories,Hustle,Unisex,6,5,41.0,2688.95,0.0,101505.9,33.2,5,1,0,0,9,0,0.0,0.0,38.8,44.0,42.13,38.1,30.4,-5.2,4.03
CP006,Accessories,Hustle,Unisex,7,5,38.0,2545.06,0.4,87577.84,30.6,4,0,0,0,9,2,15.0,13.5,41.0,39.9,43.0,39.3,28.0,1.1,3.7
CP006,Accessories,Hustle,Unisex,8,5,39.2,2985.21,0.0,105215.47,31.6,5,0,0,21,9,1,14.0,13.5,38.0,39.5,39.27,41.43,35.2,-1.5,-2.17
CP006,Accessories,Hustle,Unisex,9,5,31.2,2161.2,0.0,71346.31,26.8,3,0,0,5,8,0,0.0,0.0,39.2,38.6,39.4,40.77,19.0,0.6,-1.37
CP006,Accessories,Hustle,Unisex,10,5,30.6,2647.03,0.0,74895.94,25.4,4,1,0,0,9,0,0.0,0.0,31.2,35.2,36.13,39.57,22.0,-4.0,-3.43
CP006,Accessories,Hustle,Unisex,11,5,41.4,2831.61,0.0,109463.24,32.0,4,0,0,0,9,1,14.0,14.0,30.6,30.9,33.67,36.47,36.8,-0.3,-2.8
CP006,Accessories,Hustle,Unisex,12,5,72.0,2780.05,0.75,183161.6,59.6,6,1,6,0,9,1,17.0,16.5,41.4,36.0,34.4,36.9,60.6,5.4,-2.5
CP006,Accessories,Hustle,Women,1,5,60.6,3119.44,0.0,203196.11,48.6,7,0,0,10,9,3,15.0,14.75,60.0,58.2,55.4,51.13,48.6,1.8,4.27
CP006,Accessories,Hustle,Women,2,5,62.6,2988.75,0.0,209088.92,50.4,7,1,0,0,8,0,0.0,0.0,60.6,53.6,54.53,50.5,43.6,7.0,4.03
CP006,Accessories,Hustle,Women,3,5,67.2,3128.91,0.0,236459.07,59.2,7,0,0,0,9,0,0.0,0.0,62.6,61.6,53.87,51.7,54.0,1.0,2.17
CP006,Accessories,Hustle,Women,4,5,77.0,3086.3,0.15,270300.97,64.0,7,2,9,0,9,2,16.0,13.5,67.2,64.9,63.47,55.0,60.4,2.3,8.47
CP006,Accessories,Hustle,Women,5,5,62.0,2900.86,0.0,198054.66,49.8,7,2,1,0,9,2,13.0,11.83,77.0,72.1,68.93,55.13,46.8,4.9,13.8
CP006,Accessories,Hustle,Women,6,5,57.8,2942.44,0.0,194101.32,46.4,8,1,0,0,9,0,0.0,0.0,62.0,69.5,68.73,54.5,45.0,-7.5,14.23
CP006,Accessories,Hustle,Women,7,5,60.2,2669.58,0.27,190138.05,47.0,8,0,0,0,9,1,11.0,10.0,57.8,59.9,65.6,64.53,51.0,-2.1,1.07
CP006,Accessories,Hustle,Women,8,5,67.4,2272.41,0.0,165796.84,54.6,8,0,0,21,9,1,8.0,7.0,60.2,59.0,60.0,64.47,47.2,1.2,-4.47
CP006,Accessories,Hustle,Women,9,5,53.2,3006.57,0.0,173013.37,43.0,8,0,0,5,8,0,0.0,0.0,67.4,63.8,61.8,65.27,42.4,3.6,-3.47
CP006,Accessories,Hustle,Women,10,5,58.6,3078.14,0.0,192911.09,46.4,8,1,0,0,9,0,0.0,0.0,53.2,60.3,60.27,62.93,49.8,-7.1,-2.67
CP006,Accessories,Hustle,Women,11,5,73.8,3125.61,0.0,259405.85,62.0,8,0,0,0,9,1,20.0,19.67,58.6,55.9,59.73,59.87,56.4,2.7,-0.13
CP006,Accessories,Hustle,Women,12,5,73.6,2682.3,1.55,234821.82,61.0,8,1,6,0,9,3,29.0,25.08,73.8,66.2,61.87,61.83,60.0,7.6,0.03
CP006,Accessories,King Street,Men,1,5,78.8,2981.46,0.0,235637.23,65.0,8,0,0,10,9,2,11.0,10.33,59.2,64.1,60.33,52.53,56.0,-4.9,7.8
CP006,Accessories,King Street,Men,2,5,53.2,3040.3,0.0,164668.03,44.6,7,1,0,0,8,0,0.0,0.0,78.8,66.0,67.0,58.07,43.8,12.8,8.93
CP006,Accessories,King Street,Men,3,5,56.2,2865.6,0.0,170560.44,47.2,6,0,0,0,9,0,0.0,0.0,53.2,66.0,59.07,58.37,47.0,-12.8,0.7
CP006,Accessories,King Street,Men,4,5,58.6,2768.95,0.0,166823.27,48.4,6,2,9,0,9,2,24.0,22.33,56.2,54.7,62.73,57.07,43.8,1.5,5.67
CP006,Accessories,King Street,Men,5,5,59.0,3052.44,0.0,184352.45,47.6,7,2,1,0,9,1,9.0,8.75,58.6,57.4,56.0,56.83,43.0,1.2,-0.83
CP006,Accessories,King Street,Men,6,5,61.8,3059.08,0.0,195423.95,50.2,6,1,0,0,9,0,0.0,0.0,59.0,58.8,57.93,53.13,56.2,0.2,4.8
CP006,Accessories,King Street,Men,7,5,45.0,2789.08,0.0,130319.01,38.0,7,0,0,0,9,2,13.0,12.25,61.8,60.4,59.8,61.27,39.6,1.4,-1.47
CP006,Accessories,King Street,Men,8,5,55.4,2681.44,0.0,151583.8,44.4,6,0,0,21,9,1,17.0,15.5,45.0,53.4,55.27,55.63,43.4,-8.4,-0.37
CP006,Accessories,King Street,Men,9,5,70.6,2848.36,0.0,218904.36,55.2,7,0,0,5,8,0,0.0,0.0,55.4,50.2,54.07,56.0,51.2,5.2,-1.93
CP006,Accessories,King Street,Men,10,5,66.2,3159.75,0.0,205843.37,53.0,6,1,0,0,9,0,0.0,0.0,70.6,63.0,57.0,58.4,52.8,7.6,-1.4
CP006,Accessories,King Street,Men,11,5,85.8,2914.81,0.0,259444.95,71.4,8,0,0,0,9,2,22.0,20.0,66.2,68.4,64.07,59.67,69.0,-2.2,4.4
CP006,Accessories,King Street,Men,12,5,69.8,2921.39,0.0,232010.04,58.0,6,1,6,0,9,2,18.0,16.17,85.8,76.0,74.2,64.13,59.2,9.8,10.07
CP006,Accessories,King Street,Unisex,1,5,21.0,2769.07,0.0,58983.85,17.8,2,0,0,10,9,1,6.0,6.0,18.2,14.5,15.87,15.27,17.2,3.7,0.6
CP006,Accessories,King Street,Unisex,2,5,17.0,2704.16,0.0,47008.09,13.8,3,1,0,0,8,0,0.0,0.0,21.0,17.8,15.47,15.13,14.2,3.2,0.33
CP006,Accessories,King Street,Unisex,3,5,24.8,2826.58,0.0,72740.58,20.4,3,0,0,0,9,0,0.0,0.0,17.0,19.0,16.8,14.8,19.2,-2.0,2.0
CP006,Accessories,King Street,Unisex,4,5,24.6,2768.13,0.0,71775.25,20.2,3,2,9,0,9,1,8.0,7.5,24.8,20.9,20.93,17.17,19.8,3.9,3.77
CP006,Accessories,King Street,Unisex,5,5,23.0,2600.27,0.0,66170.54,20.4,2,2,1,0,9,0,4.0,4.0,24.6,24.7,22.13,18.07,10.2,-0.1,4.07
CP006,Accessories,King Street,Unisex,6,5,30.0,2702.3,0.0,84056.9,24.6,3,1,0,0,9,0,0.0,0.0,23.0,23.8,24.13,19.87,23.4,-0.8,4.27
CP006,Accessories,King Street,Unisex,7,5,19.4,2580.89,0.0,54422.69,15.2,2,0,0,0,9,1,8.0,7.0,30.0,26.5,25.87,23.4,18.2,3.5,2.47
CP006,Accessories,King Street,Unisex,8,5,20.0,2838.99,0.0,58159.81,18.4,2,0,0,21,9,1,5.0,4.5,19.4,24.7,24.13,23.13,16.8,-5.3,1.0
CP006,Accessories,King Street,Unisex,9,4,11.25,2579.58,0.0,30553.85,9.5,2,0,0,5,8,0,0.0,0.0,21.0,21.88,24.33,22.42,7.0,-0.88,1.92
CP006,Accessories,King Street,Unisex,10,5,23.2,2764.8,0.0,66705.27,19.0,3,1,0,0,9,0,0.0,0.0,12.2,15.1,18.33,21.93,18.8,-2.9,-3.6
CP006,Accessories,King Street,Unisex,11,5,17.6,2597.64,0.0,47570.91,14.8,3,0,0,0,9,0,9.0,9.0,23.2,17.7,17.8,21.57,10.0,5.5,-3.77
CP006,Accessories,King Street,Unisex,12,5,23.4,2790.55,0.0,70871.25,19.2,3,1,6,0,9,1,17.0,16.5,17.6,20.4,17.67,22.0,11.4,-2.8,-4.33
CP006,Accessories,King Street,Women,1,5,35.2,3285.33,0.33,126649.99,30.8,5,0,0,10,9,0,5.0,5.0,31.4,23.4,23.6,25.77,27.6,8.0,-2.17
CP006,Accessories,King Street,Women,2,5,23.6,3202.12,0.0,81623.34,19.0,4,1,0,0,8,0,0.0,0.0,35.2,31.4,26.07,25.43,19.6,3.8,0.63
CP006,Accessories,King Street,Women,3,5,26.8,3413.41,0.0,104953.53,23.4,5,0,0,0,9,0,0.0,0.0,23.6,29.4,26.73,24.53,20.6,-5.8,2.2
CP006,Accessories,King Street,Women,4,5,28.4,3058.25,0.0,85664.17,22.6,3,2,9,0,9,2,17.0,13.75,26.8,25.2,28.53,23.17,27.8,1.6,5.37
CP006,Accessories,King Street,Women,5,5,35.4,3169.65,0.0,124424.46,30.6,5,2,1,0,9,1,8.0,8.0,28.4,27.6,26.27,22.77,30.6,0.8,3.5
CP006,Accessories,King Street,Women,6,5,34.0,3112.37,0.0,118329.4,28.8,4,1,0,0,9,0,0.0,0.0,35.4,31.9,30.2,24.93,20.8,3.5,5.27
CP006,Accessories,King Street,Women,7,5,41.6,3113.04,0.0,143362.73,35.0,5,0,0,0,9,2,16.0,14.67,34.0,34.7,32.6,30.57,33.4,-0.7,2.03
CP006,Accessories,King Street,Women,8,5,34.0,3102.04,0.0,116585.3,29.8,5,0,0,21,9,1,10.0,10.0,41.6,37.8,37.0,31.63,22.8,3.8,5.37
CP006,Accessories,King Street,Women,9,5,32.8,3325.64,0.0,122641.77,27.8,4,0,0,5,8,0,0.0,0.0,34.0,37.8,36.53,33.37,27.6,-3.8,3.17
CP006,Accessories,King Street,Women,10,5,34.6,3360.29,0.0,126275.17,28.8,4,1,0,0,9,0,0.0,0.0,32.8,33.4,36.13,34.37,24.0,-0.6,1.77
CP006,Accessories,King Street,Women,11,5,27.2,3423.15,0.0,101736.05,21.8,4,0,0,0,9,1,17.0,16.67,34.6,33.7,33.8,35.4,15.4,0.9,-1.6
CP006,Accessories,King Street,Women,12,5,38.6,3273.61,0.0,138223.45,33.8,4,1,6,0,9,2,23.0,21.0,27.2,30.9,31.53,34.03,31.4,-3.7,-2.5
CP006,Accessories,Libera,Men,1,2,7.0,306.58,0.0,2146.06,6.5,1,0,0,10,10,2,15.0,12.5,3.0,4.25,4.5,3.92,0.0,-1.25,0.58
CP006,Accessories,Libera,Men,2,3,2.33,306.58,0.0,715.35,2.0,1,1,0,0,8,0,0.0,0.0,4.0,4.17,3.89,4.06,4.33,-0.17,-0.17
CP006,Accessories,Libera,Men,3,3,4.0,306.58,0.0,1226.32,3.0,1,0,0,0,9,0,0.0,0.0,5.0,4.83,5.44,5.11,5.33,0.17,0.33
CP006,Accessories,Libera,Men,4,4,7.25,306.58,0.0,2222.7,5.5,1,2,9,0,9,0,0.0,0.0,4.0,3.38,3.42,3.75,4.25,0.62,-0.33
CP006,Accessories,Libera,Men,5,4,4.5,306.58,0.0,1379.61,3.75,1,2,1,0,9,0,0.0,0.0,6.0,5.25,4.25,4.17,2.0,0.75,0.08
CP006,Accessories,Libera,Men,6,5,4.0,306.58,0.0,1226.32,2.8,1,1,0,0,9,0,0.0,0.0,5.0,5.1,4.73,3.73,3.8,-0.1,1.0
CP006,Accessories,Libera,Men,7,3,4.0,306.58,0.0,1226.32,3.0,1,0,0,0,9,0,0.0,0.0,4.67,5.17,5.78,3.22,3.67,-0.5,2.56
CP006,Accessories,Libera,Men,8,4,4.25,306.58,0.0,1302.97,2.75,1,0,0,21,9,0,0.0,0.0,3.0,3.88,4.17,2.54,2.0,-0.88,1.62
CP006,Accessories,Libera,Men,9,1,1.0,306.58,0.0,306.58,1.0,1,0,0,5,9,0,0.0,0.0,2.0,2.0,2.0,2.83,7.0,0.0,-0.83
CP006,Accessories,Libera,Men,10,4,5.25,306.58,0.0,1609.54,4.0,1,1,0,0,9,0,0.0,0.0,5.0,3.88,4.33,4.96,6.0,1.12,-0.62
CP006,Accessories,Libera,Men,11,2,3.5,306.58,0.0,1073.03,2.0,1,0,0,0,8,0,0.0,0.0,2.0,2.0,2.0,3.33,3.0,0.0,-1.33
CP006,Accessories,Libera,Men,12,5,4.0,306.58,0.0,1226.32,3.2,1,1,6,0,9,0,11.0,11.0,5.2,5.0,4.13,4.37,4.4,0.2,-0.23
CP006,Accessories,Libera,Unisex,1,5,16.4,1975.12,0.0,32124.51,13.2,3,0,0,10,9,1,6.0,5.0,18.8,15.3,15.4,15.67,13.2,3.5,-0.27
CP006,Accessories,Libera,Unisex,2,5,24.8,2703.76,0.0,67825.76,18.4,4,1,0,0,8,0,0.0,0.0,16.4,16.2,14.73,15.23,21.0,0.2,-0.5
CP006,Accessories,Libera,Unisex,3,5,16.0,1897.19,0.0,31420.63,12.8,3,0,0,0,9,0,0.0,0.0,24.8,20.6,16.93,16.17,13.8,4.2,0.77
CP006,Accessories,Libera,Unisex,4,5,25.2,2732.16,0.0,67925.55,20.4,4,2,9,0,9,1,11.0,9.5,16.0,20.4,19.07,15.43,18.6,-4.4,3.63
CP006,Accessories,Libera,Unisex,5,5,21.6,2164.49,0.0,45256.24,17.2,4,2,1,0,9,1,7.0,7.0,25.2,20.6,22.0,16.53,19.0,4.6,5.47
CP006,Accessories,Libera,Unisex,6,5,22.8,2405.76,0.0,53473.65,17.4,4,1,0,0,9,0,0.0,0.0,21.6,23.4,20.93,17.0,16.2,-1.8,3.93
CP006,Accessories,Libera,Unisex,7,5,19.0,2236.75,0.0,44375.14,14.6,4,0,0,0,9,0,3.0,2.5,22.8,22.2,23.2,21.13,16.2,0.6,2.07
CP006,Accessories,Libera,Unisex,8,5,16.4,2176.7,0.0,39015.67,13.0,3,0,0,21,9,1,7.0,6.33,19.0,20.9,21.13,21.57,12.8,-1.9,-0.43
CP006,Accessories,Libera,Unisex,9,5,27.4,2374.11,0.0,66067.84,20.6,5,0,0,5,8,0,0.0,0.0,16.4,17.7,19.4,20.17,18.8,-1.3,-0.77
CP006,Accessories,Libera,Unisex,10,5,21.4,2618.21,0.0,57242.53,16.2,4,1,0,0,9,0,0.0,0.0,27.4,21.9,20.93,22.07,15.6,5.5,-1.13
CP006,Accessories,Libera,Unisex,11,5,16.4,2816.21,0.5,45218.18,12.4,4,0,0,0,9,1,11.0,10.0,21.4,24.4,21.73,21.43,11.8,-3.0,0.3
CP006,Accessories,Libera,Unisex,12,5,23.6,2506.06,0.0,59042.04,18.8,4,1,6,0,9,3,24.0,21.42,16.4,18.9,21.73,20.57,18.8,-2.5,1.17
CP006,Accessories,Libera,Women,1,5,26.8,2806.05,0.0,81382.78,22.0,4,0,0,10,9,1,7.0,6.5,17.8,24.1,21.27,21.07,18.6,-6.3,0.2
CP006,Accessories,Libera,Women,2,5,31.8,2895.98,0.0,95101.56,26.0,4,1,0,0,8,0,0.0,0.0,26.8,19.1,22.87,20.17,20.4,7.7,2.7
CP006,Accessories,Libera,Women,3,5,25.4,2707.86,0.0,76359.51,19.6,3,0,0,0,9,0,0.0,0.0,31.8,29.3,21.87,20.5,19.0,2.5,1.37
CP006,Accessories,Libera,Women,4,5,41.4,2916.45,0.0,129705.37,32.6,5,2,9,0,9,2,13.0,12.17,25.4,28.6,28.0,22.5,31.0,-3.2,5.5
CP006,Accessories,Libera,Women,5,5,27.4,2820.02,0.33,82237.31,23.2,4,2,1,0,9,1,6.0,5.5,41.4,33.4,32.87,26.0,19.6,8.0,6.87
CP006,Accessories,Libera,Women,6,5,21.6,3041.25,0.0,72511.29,18.0,3,1,0,0,9,0,0.0,0.0,27.4,34.4,31.4,24.67,16.8,-7.0,6.73
CP006,Accessories,Libera,Women,7,5,29.4,2867.44,0.0,92921.03,24.0,4,0,0,0,9,1,15.0,13.33,21.6,24.5,30.13,29.07,25.8,-2.9,1.07
CP006,Accessories,Libera,Women,8,5,29.4,2908.85,0.0,94752.34,25.0,4,0,0,21,9,1,10.0,9.0,29.4,25.5,26.13,29.5,25.4,3.9,-3.37
CP006,Accessories,Libera,Women,9,5,17.6,2746.06,0.0,51513.56,14.0,3,0,0,5,8,0,0.0,0.0,29.4,29.4,26.8,29.1,11.4,0.0,-2.3
CP006,Accessories,Libera,Women,10,5,19.2,2673.99,0.0,56159.73,15.6,3,1,0,0,9,0,0.0,0.0,17.6,23.5,25.47,27.8,15.6,-5.9,-2.33
CP006,Accessories,Libera,Women,11,5,35.4,2831.83,0.0,105000.24,28.4,4,0,0,0,9,0,6.0,5.0,19.2,18.4,22.07,24.1,30.4,0.8,-2.03
CP006,Accessories,Libera,Women,12,5,22.2,2719.14,0.75,62990.78,18.0,3,1,6,0,9,3,28.0,22.5,35.4,27.3,24.07,25.43,17.8,8.1,-1.37
CP006,Accessories,Miss Modano,Men,1,5,101.0,2531.24,0.0,238685.5,85.2,8,0,0,10,9,2,11.0,9.9,86.2,79.7,82.6,72.47,76.2,6.5,10.13
CP006,Accessories,Miss Modano,Men,2,5,98.0,2257.55,0.0,208442.96,82.2,8,1,0,0,8,0,0.0,0.0,101.0,83.0,79.73,72.33,74.6,18.0,7.4
CP006,Accessories,Miss Modano,Men,3,5,93.8,2272.5,0.0,206813.56,82.0,7,0,0,0,9,0,0.0,0.0,98.0,99.5,82.93,76.93,90.0,-1.5,6.0
CP006,Accessories,Miss Modano,Men,4,5,108.2,2120.37,0.0,223854.24,91.4,7,2,9,0,9,2,20.0,17.75,93.8,95.9,97.6,79.57,85.2,-2.1,18.03
CP006,Accessories,Miss Modano,Men,5,5,78.0,2592.65,0.0,191519.07,65.6,7,2,1,0,9,1,7.0,7.0,108.2,101.0,100.0,79.47,62.6,7.2,20.53
CP006,Accessories,Miss Modano,Men,6,5,84.6,2382.29,0.0,181773.58,70.0,8,1,0,0,9,0,0.0,0.0,78.0,93.1,93.33,77.9,68.6,-15.1,15.43
CP006,Accessories,Miss Modano,Men,7,5,95.6,2486.45,0.27,219120.14,78.8,7,0,0,0,9,1,12.0,11.0,84.6,81.3,90.27,93.93,80.6,3.3,-3.67
CP006,Accessories,Miss Modano,Men,8,5,75.2,2297.79,0.0,164924.2,60.8,7,0,0,21,9,2,14.0,12.0,95.6,90.1,86.07,93.03,55.2,5.5,-6.97
CP006,Accessories,Miss Modano,Men,9,5,71.8,2220.86,0.0,152264.34,62.2,6,0,0,5,8,0,0.0,0.0,75.2,85.4,85.13,89.23,51.2,-10.2,-4.1
CP006,Accessories,Miss Modano,Men,10,5,99.8,2378.1,0.0,218659.71,82.4,8,1,0,0,9,0,0.0,0.0,71.8,73.5,80.87,85.57,88.4,-1.7,-4.7
CP006,Accessories,Miss Modano,Men,11,5,92.4,2135.3,0.0,187595.63,80.8,7,0,0,0,9,1,10.0,10.0,99.8,85.8,82.27,84.17,73.2,14.0,-1.9
CP006,Accessories,Miss Modano,Men,12,5,107.8,2625.89,0.9,243371.88,94.0,7,1,6,0,9,4,29.0,22.16,92.4,96.1,88.0,86.57,86.2,-3.7,1.43
CP006,Accessories,Miss Modano,Unisex,1,5,44.4,3045.56,0.0,123170.5,33.4,7,0,0,10,9,2,13.0,12.33,40.0,39.5,41.0,38.97,37.4,0.5,2.03
CP006,Accessories,Miss Modano,Unisex,2,5,50.2,2905.67,0.0,144511.59,39.0,7,1,0,0,8,0,0.0,0.0,44.4,38.0,38.33,39.53,37.0,6.4,-1.2
CP006,Accessories,Miss Modano,Unisex,3,5,52.0,2848.64,0.0,142830.44,40.4,7,0,0,0,9,0,0.0,0.0,50.2,47.3,38.87,39.1,40.8,2.9,-0.23
CP006,Accessories,Miss Modano,Unisex,4,5,38.0,2490.29,0.0,87975.85,31.4,7,2,9,0,9,2,16.0,13.33,52.0,51.1,48.87,40.27,32.0,0.9,8.6
CP006,Accessories,Miss Modano,Unisex,5,5,45.6,2721.35,0.0,116494.62,36.0,8,2,1,0,9,1,10.0,9.5,38.0,45.0,46.73,37.53,33.6,-7.0,9.2
CP006,Accessories,Miss Modano,Unisex,6,5,39.8,3049.97,0.0,118109.17,30.8,8,1,0,0,9,0,0.0,0.0,45.6,41.8,45.2,37.4,28.8,3.8,7.8
CP006,Accessories,Miss Modano,Unisex,7,5,45.6,2680.72,0.44,114141.99,37.8,7,0,0,0,9,2,17.0,15.17,39.8,42.7,41.13,45.0,32.6,-2.9,-3.87
CP006,Accessories,Miss Modano,Unisex,8,5,54.2,2988.37,0.0,143705.6,42.4,7,0,0,21,9,1,9.0,8.25,45.6,42.7,43.67,45.2,43.2,2.9,-1.53
CP006,Accessories,Miss Modano,Unisex,9,5,43.4,2807.35,0.0,115249.94,34.4,8,0,0,5,8,0,0.0,0.0,54.2,49.9,46.53,45.87,35.0,4.3,0.67
CP006,Accessories,Miss Modano,Unisex,10,5,55.8,2854.17,0.0,141939.82,45.6,8,1,0,0,9,0,0.0,0.0,43.4,48.8,47.73,44.43,44.0,-5.4,3.3
CP006,Accessories,Miss Modano,Unisex,11,5,56.4,2663.0,0.0,130630.99,44.2,8,0,0,0,9,2,28.0,26.67,55.8,49.6,51.13,47.4,39.0,6.2,3.73
CP006,Accessories,Miss Modano,Unisex,12,5,52.2,2774.12,0.0,124637.96,43.0,6,1,6,0,9,4,28.0,22.27,56.4,56.1,51.87,49.2,40.0,0.3,2.67
CP006,Accessories,Miss Modano,Women,1,5,64.6,2060.27,0.0,113086.9,52.2,4,0,0,10,9,1,7.0,6.5,48.2,42.7,40.07,35.67,50.6,5.5,4.4
CP006,Accessories,Miss Modano,Women,2,5,39.8,1862.15,0.0,64439.36,33.0,4,1,0,0,8,0,0.0,0.0,64.6,54.9,49.0,39.87,26.4,9.7,9.13
CP006,Accessories,Miss Modano,Women,3,5,58.4,1603.27,0.0,70522.37,48.8,4,0,0,0,9,0,0.0,0.0,39.8,52.2,46.4,40.03,51.8,-12.4,6.37
CP006,Accessories,Miss Modano,Women,4,5,47.6,2094.86,0.0,93102.3,39.6,5,2,9,0,9,2,17.0,14.33,58.4,49.1,54.27,42.83,28.4,9.3,11.43
CP006,Accessories,Miss Modano,Women,5,5,48.0,2250.07,0.23,97533.76,39.0,5,2,1,0,9,1,7.0,7.0,47.6,53.0,48.6,44.67,40.8,-5.4,3.93
CP006,Accessories,Miss Modano,Women,6,5,56.4,2013.95,0.0,94313.96,44.6,5,1,0,0,9,0,0.0,0.0,48.0,47.8,51.33,45.5,44.8,0.2,5.83
CP006,Accessories,Miss Modano,Women,7,5,41.8,2834.2,0.0,95133.44,34.2,4,0,0,0,9,2,19.0,16.5,56.4,52.2,50.67,52.47,36.4,4.2,-1.8
CP006,Accessories,Miss Modano,Women,8,5,35.6,2096.81,0.0,67458.97,28.6,5,0,0,21,9,1,11.0,11.0,41.8,49.1,48.73,48.67,28.4,-7.3,0.07
CP006,Accessories,Miss Modano,Women,9,5,43.4,1793.88,0.0,76953.3,36.0,4,0,0,5,8,0,0.0,0.0,35.6,38.7,44.6,47.97,29.0,-3.1,-3.37
CP006,Accessories,Miss Modano,Women,10,5,51.0,2372.66,0.0,95026.51,44.2,4,1,0,0,9,0,0.0,0.0,43.4,39.5,40.27,45.47,34.8,3.9,-5.2
CP006,Accessories,Miss Modano,Women,11,5,47.6,2450.78,0.0,99885.68,39.0,4,0,0,0,9,1,15.0,15.0,51.0,47.2,43.33,46.03,37.2,3.8,-2.7
CP006,Accessories,Miss Modano,Women,12,5,56.2,2137.11,1.55,90029.01,47.2,4,1,6,0,9,3,25.0,22.17,47.6,49.3,47.33,45.97,48.2,-1.7,1.37
CP006,Accessories,Modano,Men,1,5,16.0,3382.34,0.0,55869.41,13.4,3,0,0,10,9,1,9.0,9.0,19.6,22.1,20.27,17.67,9.6,-2.5,2.6
CP006,Accessories,Modano,Men,2,5,32.2,3533.61,0.0,118018.87,27.2,3,1,0,0,8,0,0.0,0.0,16.0,15.9,18.8,16.77,28.2,0.1,2.03
CP006,Accessories,Modano,Men,3,5,24.4,3486.2,0.0,88147.28,20.4,4,0,0,0,9,0,0.0,0.0,32.2,24.1,20.33,20.23,18.4,8.1,0.1
CP006,Accessories,Modano,Men,4,4,29.75,3346.21,0.0,101438.84,25.75,4,2,9,0,9,1,12.5,10.62,26.25,31.38,26.0,25.67,21.75,-5.12,0.33
CP006,Accessories,Modano,Men,5,5,22.2,3431.59,0.0,78024.22,18.8,3,2,1,0,9,0,2.0,2.0,27.2,25.6,28.07,21.73,21.0,1.6,6.33
CP006,Accessories,Modano,Men,6,5,22.6,3505.68,0.0,81991.25,19.2,4,1,0,0,9,0,0.0,0.0,22.2,24.7,24.47,20.2,16.6,-2.5,4.27
CP006,Accessories,Modano,Men,7,5,22.0,3271.52,0.0,74477.99,19.0,3,0,0,0,9,1,15.0,14.5,22.6,22.4,24.0,19.97,17.6,0.2,4.03
CP006,Accessories,Modano,Men,8,5,9.2,3310.27,0.0,30938.31,7.4,3,0,0,21,9,1,9.0,8.5,22.0,22.3,22.27,25.17,8.4,-0.3,-2.9
CP006,Accessories,Modano,Men,9,5,22.8,3314.78,0.0,76573.75,18.4,3,0,0,5,8,0,0.0,0.0,9.2,15.6,17.93,21.2,19.2,-6.4,-3.27
CP006,Accessories,Modano,Men,10,5,19.8,3542.74,0.0,72773.25,16.8,3,1,0,0,9,0,0.0,0.0,22.8,16.0,18.0,21.0,16.6,6.8,-3.0
CP006,Accessories,Modano,Men,11,5,27.8,3292.87,0.0,93030.73,23.2,4,0,0,0,9,1,15.0,14.17,19.8,21.3,17.27,19.77,24.6,-1.5,-2.5
CP006,Accessories,Modano,Men,12,5,33.0,3380.2,0.0,118340.81,29.0,3,1,6,0,9,2,23.0,20.0,27.8,23.8,23.47,20.7,19.6,4.0,2.77
CP006,Accessories,Modano,Unisex,1,5,13.8,2384.61,0.0,44046.7,11.4,3,0,0,10,9,1,11.0,11.0,24.0,19.5,17.33,15.93,10.0,4.5,1.4
CP006,Accessories,Modano,Unisex,2,5,24.2,2727.76,0.0,85273.44,20.0,4,1,0,0,8,0,0.0,0.0,13.8,18.3,17.2,15.9,20.4,-4.5,1.3
CP006,Accessories,Modano,Unisex,3,5,13.4,2235.88,0.0,44089.95,10.4,2,0,0,0,9,0,0.0,0.0,24.2,19.0,19.27,16.43,13.0,5.2,2.83
CP006,Accessories,Modano,Unisex,4,5,17.4,2865.0,0.0,61480.7,14.4,3,2,9,0,9,1,9.0,6.67,13.4,18.8,17.13,15.13,13.0,-5.4,2.0
CP006,Accessories,Modano,Unisex,5,5,18.8,2168.97,0.0,47648.1,14.6,4,2,1,0,9,0,5.0,5.0,17.4,15.4,18.33,15.73,16.6,2.0,2.6
CP006,Accessories,Modano,Unisex,6,5,10.6,2530.39,0.0,31116.96,8.8,3,1,0,0,9,0,0.0,0.0,18.8,18.1,16.53,15.57,8.2,0.7,0.97
CP006,Accessories,Modano,Unisex,7,5,16.0,2405.3,0.0,50389.81,12.2,3,0,0,0,9,0,0.0,0.0,10.6,14.7,15.6,16.37,12.8,-4.1,-0.77
CP006,Accessories,Modano,Unisex,8,5,21.0,3069.97,0.0,73017.15,17.2,4,0,0,21,9,1,12.0,12.0,16.0,13.3,15.13,16.73,18.0,2.7,-1.6
CP006,Accessories,Modano,Unisex,9,5,17.0,2370.4,0.0,50736.68,14.4,3,0,0,5,8,0,0.0,0.0,21.0,18.5,15.87,16.2,12.8,2.5,-0.33
CP006,Accessories,Modano,Unisex,10,5,17.4,2276.64,0.0,51608.56,14.4,3,1,0,0,9,0,0.0,0.0,17.0,19.0,18.0,16.8,13.0,-2.0,1.2
CP006,Accessories,Modano,Unisex,11,5,19.0,2608.57,0.0,62800.4,16.2,4,0,0,0,9,1,15.0,14.5,17.4,17.2,18.47,16.8,15.0,0.2,1.67
CP006,Accessories,Modano,Unisex,12,5,27.8,2778.83,0.43,98199.47,22.2,3,1,6,0,9,2,22.0,18.75,19.0,18.2,17.8,16.83,24.0,0.8,0.97
CP006,Accessories,Modano,Women,1,5,35.0,2433.29,0.0,90034.36,28.4,5,0,0,10,9,1,6.0,6.0,27.0,17.6,21.53,19.37,22.8,9.4,2.17
CP006,Accessories,Modano,Women,2,5,36.0,2360.36,0.0,84275.29,29.2,5,1,0,0,8,0,0.0,0.0,35.0,27.9,21.33,21.87,23.0,7.1,-0.53
CP006,Accessories,Modano,Women,3,5,30.6,2049.9,0.0,64369.27,24.4,4,0,0,0,9,0,0.0,0.0,36.0,35.5,29.67,24.2,23.4,0.5,5.47
CP006,Accessories,Modano,Women,4,5,27.2,2201.56,0.0,61143.97,22.4,4,2,9,0,9,1,17.0,17.0,30.6,33.3,33.87,25.57,23.6,-2.7,8.3
CP006,Accessories,Modano,Women,5,5,34.2,2317.52,0.0,77012.3,27.2,5,2,1,0,9,2,14.0,13.0,27.2,28.9,31.27,24.63,25.8,-1.7,6.63
CP006,Accessories,Modano,Women,6,5,19.6,1903.17,0.0,41828.9,16.6,3,1,0,0,9,0,0.0,0.0,34.2,30.7,30.67,27.83,11.0,3.5,2.83
CP006,Accessories,Modano,Women,7,5,23.8,2166.64,0.0,54488.61,18.0,4,0,0,0,9,1,15.0,13.0,19.6,26.9,27.0,30.43,13.8,-7.3,-3.43
CP006,Accessories,Modano,Women,8,5,22.2,2054.05,0.0,46386.11,17.4,5,0,0,21,9,2,15.0,14.17,23.8,21.7,25.87,28.57,19.2,2.1,-2.7
CP006,Accessories,Modano,Women,9,5,27.8,2244.13,0.0,64728.62,23.4,5,0,0,5,8,0,0.0,0.0,22.2,23.0,21.87,26.27,18.6,-0.8,-4.4
CP006,Accessories,Modano,Women,10,5,32.2,2669.11,0.0,83527.05,25.4,5,1,0,0,9,0,0.0,0.0,27.8,25.0,24.6,25.8,29.4,2.8,-1.2
CP006,Accessories,Modano,Women,11,5,11.4,1945.55,0.0,22603.02,9.0,3,0,0,0,9,0,11.0,11.0,32.2,30.0,27.4,26.63,8.2,2.2,0.77
CP006,Accessories,Modano,Women,12,5,37.2,2241.57,0.0,92193.6,30.8,5,1,6,0,9,3,28.0,20.75,11.4,21.8,23.8,22.83,27.0,-10.4,0.97
CP006,Footwear,Emerald,Kids,1,5,190.8,7596.81,0.0,1530131.19,163.0,13,0,0,10,9,3,14.0,12.0,185.0,153.5,140.87,147.9,165.6,31.5,-7.03
CP006,Footwear,Emerald,Kids,2,5,132.8,7413.71,0.0,1060470.96,111.4,12,1,0,0,8,0,0.0,0.0,190.8,170.2,154.13,149.07,110.2,20.6,5.07
CP006,Footwear,Emerald,Kids,3,5,195.0,7489.14,0.0,1576376.09,168.2,13,0,0,0,9,0,0.0,0.0,132.8,161.8,145.33,137.2,151.8,-29.0,8.13
CP006,Footwear,Emerald,Kids,4,5,255.6,7927.57,0.14,2170350.43,217.2,15,2,9,0,9,3,21.0,18.08,195.0,163.9,172.87,140.17,191.0,31.1,32.7
CP006,Footwear,Emerald,Kids,5,5,156.6,7905.04,0.0,1365809.85,132.0,13,2,1,0,9,2,13.0,13.0,255.6,225.3,194.47,157.07,120.4,30.3,37.4
CP006,Footwear,Emerald,Kids,6,5,147.6,6745.81,0.0,1022316.0,120.4,14,1,0,0,9,0,0.0,0.0,156.6,206.1,202.4,158.33,119.2,-49.5,44.07
CP006,Footwear,Emerald,Kids,7,5,161.8,7800.13,0.1,1370191.84,133.4,13,0,0,0,9,4,19.0,15.29,147.6,152.1,186.6,179.73,148.4,-4.5,6.87
CP006,Footwear,Emerald,Kids,8,5,198.6,7614.96,0.0,1614119.41,172.6,12,0,0,21,9,4,20.0,16.39,161.8,154.7,155.33,174.9,166.8,7.1,-19.57
CP006,Footwear,Emerald,Kids,9,5,179.4,7665.61,0.0,1484327.48,152.0,14,0,0,5,8,0,0.0,0.0,198.6,180.2,169.33,185.87,149.6,18.4,-16.53
CP006,Footwear,Emerald,Kids,10,5,152.8,8224.45,0.0,1338365.5,127.2,12,1,0,0,9,0,0.0,0.0,179.4,189.0,179.93,183.27,115.6,-9.6,-3.33
CP006,Footwear,Emerald,Kids,11,5,155.4,7905.81,0.0,1346713.49,129.6,14,0,0,0,9,2,26.0,23.5,152.8,166.1,176.93,166.13,122.0,-13.3,10.8
CP006,Footwear,Emerald,Kids,12,5,231.4,7553.19,0.25,1870363.14,193.0,14,1,6,0,9,5,29.0,21.77,155.4,154.1,162.53,165.93,185.0,1.3,-3.4
CP006,Footwear,Emerald,Men,1,5,61.4,5168.1,0.0,193850.3,51.2,5,0,0,10,9,1,11.0,10.0,34.8,31.2,33.2,35.37,45.4,3.6,-2.17
CP006,Footwear,Emerald,Men,2,5,53.8,5325.75,0.0,173070.56,44.4,4,1,0,0,8,0,0.0,0.0,61.4,43.4,38.13,35.73,48.0,18.0,2.4
CP006,Footwear,Emerald,Men,3,5,48.4,6235.51,0.0,200350.82,41.2,5,0,0,0,9,0,0.0,0.0,53.8,57.6,42.6,37.47,45.0,-3.8,5.13
CP006,Footwear,Emerald,Men,4,5,45.6,5735.25,0.22,163360.98,39.2,4,2,9,0,9,1,17.0,14.67,48.4,51.1,54.53,39.03,31.2,-2.7,15.5
CP006,Footwear,Emerald,Men,5,5,72.4,5474.76,0.0,259236.3,58.8,6,2,1,0,9,1,8.0,7.5,45.6,47.0,49.27,40.3,48.6,-1.4,8.97
CP006,Footwear,Emerald,Men,6,5,42.4,5784.09,0.0,177400.11,35.4,5,1,0,0,9,0,0.0,0.0,72.4,59.0,55.47,45.2,39.0,13.4,10.27
CP006,Footwear,Emerald,Men,7,5,57.8,5077.28,0.0,194810.7,49.2,5,0,0,0,9,1,16.0,16.0,42.4,57.4,53.47,54.0,49.8,-15.0,-0.53
CP006,Footwear,Emerald,Men,8,5,40.0,5137.36,0.0,135660.36,35.4,4,0,0,21,9,1,10.0,9.5,57.8,50.1,57.53,53.4,30.6,7.7,4.13
CP006,Footwear,Emerald,Men,9,5,41.2,6529.57,0.0,175589.38,32.2,4,0,0,5,8,0,0.0,0.0,40.0,48.9,46.73,51.1,32.2,-8.9,-4.37
CP006,Footwear,Emerald,Men,10,5,51.4,5924.96,0.0,204059.49,40.4,6,1,0,0,9,0,0.0,0.0,41.2,40.6,46.33,49.9,37.2,0.6,-3.57
CP006,Footwear,Emerald,Men,11,5,32.0,5401.06,0.0,110006.85,27.8,4,0,0,0,9,1,12.0,12.0,51.4,46.3,44.2,50.87,27.6,5.1,-6.67
CP006,Footwear,Emerald,Men,12,5,41.4,6384.86,0.0,197071.69,34.6,4,1,6,0,9,2,17.0,14.25,32.0,41.7,41.53,44.13,34.8,-9.7,-2.6
CP006,Footwear,Emerald,Unisex,1,5,47.4,5844.86,0.0,303690.73,39.8,4,0,0,10,9,0,0.0,0.0,46.2,48.0,48.93,48.47,36.2,-1.8,0.47
CP006,Footwear,Emerald,Unisex,2,5,69.0,7635.02,0.0,542477.95,60.8,4,1,0,0,8,0,0.0,0.0,47.4,44.6,46.33,47.87,53.6,2.8,-1.53
CP006,Footwear,Emerald,Unisex,3,5,69.6,7102.7,0.0,516861.9,58.4,5,0,0,0,9,0,0.0,0.0,69.0,58.2,48.87,49.27,50.8,10.8,-0.4
CP006,Footwear,Emerald,Unisex,4,5,63.8,7463.11,0.29,489649.09,56.2,4,2,9,0,9,1,7.0,6.0,69.6,69.3,62.0,50.03,54.4,0.3,11.97
CP006,Footwear,Emerald,Unisex,5,5,58.6,7481.9,0.0,449811.28,49.2,4,2,1,0,9,1,5.0,4.5,63.8,66.7,67.47,49.87,40.8,-2.9,17.6
CP006,Footwear,Emerald,Unisex,6,5,31.8,6346.6,0.0,214507.71,27.0,4,1,0,0,9,0,0.0,0.0,58.6,61.2,64.0,50.43,26.8,-2.6,13.57
CP006,Footwear,Emerald,Unisex,7,5,60.4,6947.08,0.0,442245.56,49.2,5,0,0,0,9,2,17.0,15.5,31.8,45.2,51.4,56.7,46.6,-13.4,-5.3
CP006,Footwear,Emerald,Unisex,8,5,78.4,7315.05,0.0,580092.53,68.2,5,0,0,21,9,2,17.0,15.5,60.4,46.1,50.27,58.87,49.0,14.3,-8.6
CP006,Footwear,Emerald,Unisex,9,5,68.4,7223.0,0.0,484166.91,58.2,5,0,0,5,8,0,0.0,0.0,78.4,69.4,56.87,60.43,48.4,9.0,-3.57
CP006,Footwear,Emerald,Unisex,10,5,64.6,7284.96,0.0,478174.84,55.8,4,1,0,0,9,0,0.0,0.0,68.4,73.4,69.07,60.23,50.8,-5.0,8.83
CP006,Footwear,Emerald,Unisex,11,5,62.6,7695.57,0.0,492624.76,51.8,4,0,0,0,9,1,14.0,14.0,64.6,66.5,70.47,60.37,49.8,-1.9,10.1
CP006,Footwear,Emerald,Unisex,12,5,54.8,5731.32,0.0,363887.99,46.4,4,1,6,0,9,1,28.0,27.0,62.6,63.6,65.2,61.03,46.2,-1.0,4.17
CP006,Footwear,Emerald,Women,1,5,145.4,7161.82,0.0,1051730.14,126.8,9,0,0,10,9,3,15.0,12.4,102.6,97.3,97.8,84.6,117.4,5.3,13.2
CP006,Footwear,Emerald,Women,2,5,130.2,7332.96,0.0,924186.07,110.2,7,1,0,0,8,0,0.0,0.0,145.4,111.0,104.67,93.4,93.6,34.4,11.27
CP006,Footwear,Emerald,Women,3,5,110.4,7406.24,0.0,798089.57,96.8,7,0,0,0,9,0,0.0,0.0,130.2,137.8,106.47,98.57,96.0,-7.6,7.9
CP006,Footwear,Emerald,Women,4,5,153.8,7337.0,0.33,1102936.41,134.6,7,2,9,0,9,2,14.0,11.83,110.4,120.3,128.67,98.53,126.2,-9.9,30.13
CP006,Footwear,Emerald,Women,5,5,159.0,6840.44,0.17,1099313.78,139.2,9,2,1,0,9,1,13.0,12.5,153.8,132.1,131.47,102.5,135.2,21.7,28.97
CP006,Footwear,Emerald,Women,6,5,132.6,7584.13,0.0,1039963.29,110.6,8,1,0,0,9,0,0.0,0.0,159.0,156.4,141.07,110.2,111.0,2.6,30.87
CP006,Footwear,Emerald,Women,7,5,78.0,7248.13,0.0,533126.57,61.6,7,0,0,0,9,3,19.0,15.83,132.6,145.8,148.47,138.57,66.6,-13.2,9.9
CP006,Footwear,Emerald,Women,8,5,83.4,7384.28,0.2,593969.96,71.2,6,0,0,21,9,2,15.0,12.0,78.0,105.3,123.2,127.33,66.4,-27.3,-4.13
CP006,Footwear,Emerald,Women,9,5,101.4,7747.69,0.0,811462.74,90.2,6,0,0,5,8,0,0.0,0.0,83.4,80.7,98.0,119.53,81.2,2.7,-21.53
CP006,Footwear,Emerald,Women,10,5,121.2,7915.99,0.0,911796.1,104.6,8,1,0,0,9,0,0.0,0.0,101.4,92.4,87.6,118.03,98.8,9.0,-30.43
CP006,Footwear,Emerald,Women,11,5,121.0,7491.02,0.0,898689.89,109.8,7,0,0,0,9,1,18.0,16.0,121.2,111.3,102.0,112.6,92.0,9.9,-10.6
CP006,Footwear,Emerald,Women,12,5,141.0,7434.26,0.36,1030893.51,119.2,7,1,6,0,9,3,26.0,20.58,121.0,121.1,114.53,106.27,102.6,-0.1,8.27
CP006,Footwear,Hustle,Kids,1,5,77.4,6734.62,0.0,459736.84,63.2,7,0,0,10,9,1,9.0,7.67,73.8,69.2,67.67,70.37,62.4,4.6,-2.7
CP006,Footwear,Hustle,Kids,2,5,67.6,6332.8,0.0,326146.61,58.2,5,1,0,0,8,0,0.0,0.0,77.4,65.9,65.47,70.8,42.6,11.5,-5.33
CP006,Footwear,Hustle,Kids,3,5,69.2,7753.81,0.0,446596.03,54.8,7,0,0,0,9,0,0.0,0.0,67.6,72.5,60.2,63.27,59.2,-4.9,-3.07
CP006,Footwear,Hustle,Kids,4,5,73.0,7032.21,0.0,407171.38,60.6,7,2,9,0,9,3,17.0,13.83,69.2,68.4,71.4,61.87,60.6,0.8,9.53
CP006,Footwear,Hustle,Kids,5,5,79.0,6014.34,0.0,391941.46,64.4,8,2,1,0,9,1,10.0,10.0,73.0,71.1,69.93,60.43,69.0,1.9,9.5
CP006,Footwear,Hustle,Kids,6,5,75.6,6695.43,0.0,446683.62,61.0,8,1,0,0,9,0,0.0,0.0,79.0,76.0,73.73,58.67,52.6,3.0,15.07
CP006,Footwear,Hustle,Kids,7,5,84.4,7274.63,0.0,508061.78,69.8,7,0,0,0,9,2,13.0,11.83,75.6,77.3,75.87,73.63,55.4,-1.7,2.23
CP006,Footwear,Hustle,Kids,8,5,113.4,6147.83,0.0,607438.24,96.6,8,0,0,21,9,2,19.0,17.0,84.4,80.0,79.67,74.8,94.0,4.4,4.87
CP006,Footwear,Hustle,Kids,9,5,82.6,6918.69,0.0,464619.23,70.6,7,0,0,5,8,0,0.0,0.0,113.4,98.9,91.13,82.43,69.8,14.5,8.7
CP006,Footwear,Hustle,Kids,10,5,82.0,6992.74,0.0,472405.93,71.2,7,1,0,0,9,0,0.0,0.0,82.6,98.0,93.47,84.67,64.6,-15.4,8.8
CP006,Footwear,Hustle,Kids,11,5,85.6,7045.92,0.29,489642.93,71.0,7,0,0,0,9,1,16.0,14.67,82.0,82.3,92.67,86.17,64.6,-0.3,6.5
CP006,Footwear,Hustle,Kids,12,5,98.6,5963.03,0.38,462095.11,82.4,8,1,6,0,9,3,27.0,21.57,85.6,83.8,83.4,87.27,73.8,1.8,-3.87
CP006,Footwear,Hustle,Men,1,5,81.8,4954.1,0.0,376757.51,69.0,8,0,0,10,9,1,13.0,12.5,84.0,78.6,74.07,72.43,59.2,5.4,1.63
CP006,Footwear,Hustle,Men,2,5,83.2,5260.31,0.0,414658.16,69.4,7,1,0,0,8,0,0.0,0.0,81.8,78.0,76.4,73.17,66.0,3.8,3.23
CP006,Footwear,Hustle,Men,3,5,118.4,5393.44,0.0,581978.7,100.6,8,0,0,0,9,0,0.0,0.0,83.2,82.5,72.53,70.57,90.2,0.7,1.97
CP006,Footwear,Hustle,Men,4,5,82.0,5056.67,0.0,406763.42,71.0,8,2,9,0,9,3,24.0,18.87,118.4,100.8,94.47,74.3,60.0,17.6,20.17
CP006,Footwear,Hustle,Men,5,5,92.0,4930.86,0.0,446562.0,76.8,8,2,1,0,9,1,6.0,5.5,82.0,100.2,94.53,74.53,73.2,-18.2,20.0
CP006,Footwear,Hustle,Men,6,5,92.8,5341.48,0.0,462825.53,76.0,8,1,0,0,9,0,0.0,0.0,92.0,87.0,97.47,73.97,66.8,5.0,23.5
CP006,Footwear,Hustle,Men,7,5,80.0,5190.81,0.0,407974.39,64.0,8,0,0,0,9,1,12.0,10.5,92.8,92.4,88.93,91.7,67.6,0.4,-2.77
CP006,Footwear,Hustle,Men,8,5,84.2,4950.16,0.0,378212.74,70.6,8,0,0,21,9,1,11.0,10.5,80.0,86.4,88.27,91.4,77.2,-6.4,-3.13
CP006,Footwear,Hustle,Men,9,5,83.6,6515.39,0.0,465372.34,68.8,8,0,0,5,8,0,0.0,0.0,84.2,82.1,85.67,91.57,67.6,2.1,-5.9
CP006,Footwear,Hustle,Men,10,5,73.8,5232.89,0.0,358298.06,60.4,8,1,0,0,9,0,0.0,0.0,83.6,83.9,82.6,85.77,65.0,-0.3,-3.17
CP006,Footwear,Hustle,Men,11,5,92.6,4481.77,0.0,403099.43,78.4,9,0,0,0,9,1,22.0,21.0,73.8,78.7,80.53,84.4,73.2,-4.9,-3.87
CP006,Footwear,Hustle,Men,12,5,106.6,5247.84,0.4,522198.89,88.2,9,1,6,0,9,3,29.0,26.33,92.6,83.2,83.33,84.5,84.0,9.4,-1.17
CP006,Footwear,Hustle,Unisex,1,5,24.0,5153.17,0.0,135812.86,20.4,3,0,0,10,9,0,2.0,2.0,24.2,20.3,19.6,18.8,21.0,3.9,0.8
CP006,Footwear,Hustle,Unisex,2,5,20.2,7474.16,0.0,154256.05,16.4,3,1,0,0,8,0,0.0,0.0,24.0,20.6,19.2,18.37,18.0,3.4,0.83
CP006,Footwear,Hustle,Unisex,3,4,28.25,5382.19,0.0,162548.84,21.75,3,0,0,0,9,0,0.0,0.0,23.0,22.25,17.42,16.92,17.0,0.75,0.5
CP006,Footwear,Hustle,Unisex,4,5,30.0,6132.21,0.0,195883.63,24.8,2,2,9,0,9,0,7.0,7.0,24.4,24.8,24.0,18.67,24.0,-0.4,5.33
CP006,Footwear,Hustle,Unisex,5,5,26.8,8448.39,0.0,219763.04,21.4,3,2,1,0,9,1,7.0,7.0,30.0,27.2,26.53,18.87,24.4,2.8,7.67
CP006,Footwear,Hustle,Unisex,6,5,22.0,5211.17,0.0,141554.02,18.4,3,1,0,0,9,0,0.0,0.0,26.8,28.4,27.07,18.8,20.4,-1.6,8.27
CP006,Footwear,Hustle,Unisex,7,5,23.8,4874.61,0.0,137411.81,18.0,3,0,0,0,9,1,8.0,8.0,22.0,24.4,26.27,25.13,15.8,-2.4,1.13
CP006,Footwear,Hustle,Unisex,8,5,22.2,7987.13,0.0,185588.33,17.2,3,0,0,21,9,0,2.0,2.0,23.8,22.9,24.2,25.37,15.6,0.9,-1.17
CP006,Footwear,Hustle,Unisex,9,5,18.6,7236.43,0.0,145959.55,15.4,3,0,0,5,8,0,0.0,0.0,22.2,23.0,22.67,24.87,18.0,-0.8,-2.2
CP006,Footwear,Hustle,Unisex,10,5,21.6,6820.39,0.0,151037.74,17.0,3,1,0,0,9,0,0.0,0.0,18.6,20.4,21.53,23.9,20.2,-1.8,-2.37
CP006,Footwear,Hustle,Unisex,11,5,18.6,6154.0,0.0,135752.69,15.2,3,0,0,0,9,0,5.0,5.0,21.6,20.1,20.8,22.5,16.2,1.5,-1.7
CP006,Footwear,Hustle,Unisex,12,5,28.8,5733.59,0.0,197185.18,24.8,3,1,6,0,9,1,14.0,12.5,18.6,20.1,19.6,21.13,22.2,-1.5,-1.53
CP006,Footwear,Hustle,Women,1,5,49.8,5016.43,0.0,231284.6,44.4,4,0,0,10,9,2,12.0,11.0,46.0,48.5,44.33,45.07,47.4,-2.5,-0.73
CP006,Footwear,Hustle,Women,2,5,78.4,5220.32,0.0,385143.04,65.8,4,1,0,0,8,0,0.0,0.0,49.8,41.8,44.87,43.2,60.8,8.0,1.67
CP006,Footwear,Hustle,Women,3,5,67.2,5775.03,0.0,341489.78,59.0,4,0,0,0,9,0,0.0,0.0,78.4,64.1,48.87,45.07,57.6,14.3,3.8
CP006,Footwear,Hustle,Women,4,5,51.6,6231.22,0.0,296792.85,43.2,4,2,9,0,9,1,12.0,10.0,67.2,72.8,65.13,47.57,32.6,-5.6,17.57
CP006,Footwear,Hustle,Women,5,5,60.0,4815.9,0.0,247944.31,52.6,5,2,1,0,9,0,6.0,6.0,51.6,59.4,65.73,49.3,48.4,-7.8,16.43
CP006,Footwear,Hustle,Women,6,5,45.4,6376.27,0.0,256288.64,40.6,4,1,0,0,9,0,0.0,0.0,60.0,55.8,59.6,48.07,30.6,4.2,11.53
CP006,Footwear,Hustle,Women,7,5,60.0,5039.38,0.0,271649.46,51.2,4,0,0,0,9,2,14.0,11.0,45.4,52.7,52.33,58.73,48.8,-7.3,-6.4
CP006,Footwear,Hustle,Women,8,5,66.0,6587.71,0.0,397012.02,54.8,5,0,0,21,9,1,8.0,6.5,60.0,52.7,55.13,60.43,51.8,7.3,-5.3
CP006,Footwear,Hustle,Women,9,5,40.4,6558.83,0.0,232219.11,34.0,5,0,0,5,8,0,0.0,0.0,66.0,63.0,57.13,58.37,36.8,3.0,-1.23
CP006,Footwear,Hustle,Women,10,5,40.2,5660.38,0.0,212164.83,33.2,5,1,0,0,9,0,0.0,0.0,40.4,53.2,55.47,53.9,36.0,-12.8,1.57
CP006,Footwear,Hustle,Women,11,5,56.0,5357.07,0.0,253637.41,49.6,3,0,0,0,9,0,10.0,10.0,40.2,40.3,48.87,52.0,51.0,-0.1,-3.13
CP006,Footwear,Hustle,Women,12,5,60.0,6810.44,0.0,356429.85,53.2,5,1,6,0,9,1,21.0,19.5,56.0,48.1,45.53,51.33,46.0,7.9,-5.8
CP006,Footwear,King Street,Kids,1,5,72.8,5201.51,0.0,421423.16,58.4,8,0,0,10,9,1,11.0,10.33,61.2,56.8,55.07,51.03,57.8,4.4,4.03
CP006,Footwear,King Street,Kids,2,5,71.4,5968.12,0.0,500382.83,59.6,7,1,0,0,8,0,0.0,0.0,72.8,60.0,57.47,52.6,53.0,12.8,4.87
CP006,Footwear,King Street,Kids,3,5,65.0,6275.0,0.0,468678.19,52.8,6,0,0,0,9,0,0.0,0.0,71.4,72.1,60.4,54.57,56.6,-0.7,5.83
CP006,Footwear,King Street,Kids,4,5,75.8,5384.4,0.25,438855.94,61.8,7,2,9,0,9,2,14.0,11.5,65.0,68.2,69.73,56.27,58.0,-3.2,13.47
CP006,Footwear,King Street,Kids,5,5,57.2,5187.0,0.0,346195.45,48.4,7,2,1,0,9,2,15.0,14.8,75.8,70.4,70.73,57.57,47.6,5.4,13.17
CP006,Footwear,King Street,Kids,6,5,49.2,5800.85,0.0,318693.04,38.0,7,1,0,0,9,0,0.0,0.0,57.2,66.5,66.0,56.87,43.4,-9.3,9.13
CP006,Footwear,King Street,Kids,7,5,69.8,5896.55,0.3,449329.61,56.4,8,0,0,0,9,2,12.0,11.67,49.2,53.2,60.73,65.23,49.4,-4.0,-4.5
CP006,Footwear,King Street,Kids,8,5,62.4,5233.29,0.61,362821.29,50.6,7,0,0,21,9,2,18.0,17.0,69.8,59.5,58.73,64.73,49.4,10.3,-6.0
CP006,Footwear,King Street,Kids,9,5,51.6,5208.21,0.0,306220.21,42.0,6,0,0,5,8,0,0.0,0.0,62.4,66.1,60.47,63.23,42.2,-3.7,-2.77
CP006,Footwear,King Street,Kids,10,5,61.6,5775.96,0.0,389923.41,52.0,8,1,0,0,9,0,0.0,0.0,51.6,57.0,61.27,61.0,51.6,-5.4,0.27
CP006,Footwear,King Street,Kids,11,5,70.6,5821.26,0.0,466115.7,56.2,7,0,0,0,9,1,22.0,21.17,61.6,56.6,58.53,58.63,52.4,5.0,-0.1
CP006,Footwear,King Street,Kids,12,5,70.6,5692.36,0.0,452871.98,56.2,7,1,6,0,9,3,29.0,23.5,70.6,66.1,61.27,60.87,61.2,4.5,0.4
CP006,Footwear,King Street,Men,1,5,36.0,5961.02,0.0,246017.2,29.0,4,0,0,10,9,0,3.0,3.0,28.6,28.7,24.53,21.33,26.6,-0.1,3.2
CP006,Footwear,King Street,Men,2,5,22.8,7505.34,0.0,167925.71,19.2,2,1,0,0,8,0,0.0,0.0,36.0,26.0,26.93,22.9,21.0,10.0,4.03
CP006,Footwear,King Street,Men,3,5,37.6,7202.69,0.0,263770.5,30.8,3,0,0,0,9,0,0.0,0.0,22.8,29.4,22.13,22.7,25.6,-6.6,-0.57
CP006,Footwear,King Street,Men,4,5,23.4,6163.86,0.0,167197.47,19.0,3,2,9,0,9,1,19.0,17.67,37.6,30.2,32.13,23.53,16.0,7.4,8.6
CP006,Footwear,King Street,Men,5,5,27.4,6437.76,0.0,182804.4,24.2,3,2,1,0,9,0,0.0,0.0,23.4,30.5,27.93,23.83,21.2,-7.1,4.1
CP006,Footwear,King Street,Men,6,5,14.4,6898.61,0.0,106604.74,12.2,3,1,0,0,9,0,0.0,0.0,27.4,25.4,29.47,22.47,11.2,2.0,7.0
CP006,Footwear,King Street,Men,7,5,17.6,5830.71,0.0,123098.0,14.4,3,0,0,0,9,1,9.0,8.5,14.4,20.9,21.73,26.93,14.0,-6.5,-5.2
CP006,Footwear,King Street,Men,8,5,16.6,7672.15,0.0,121004.9,13.8,3,0,0,21,9,0,3.0,3.0,17.6,16.0,19.8,23.87,15.6,1.6,-4.07
CP006,Footwear,King Street,Men,9,5,30.4,7181.62,0.0,215717.61,24.8,3,0,0,5,8,0,0.0,0.0,16.6,17.1,16.2,22.83,24.8,-0.5,-6.63
CP006,Footwear,King Street,Men,10,5,21.8,6647.08,0.0,150486.16,20.0,3,1,0,0,9,0,0.0,0.0,30.4,23.5,21.53,21.63,16.2,6.9,-0.1
CP006,Footwear,King Street,Men,11,5,35.4,6293.84,1.0,239089.23,29.4,4,0,0,0,9,0,6.0,6.0,21.8,26.1,22.93,21.37,28.8,-4.3,1.57
CP006,Footwear,King Street,Men,12,5,38.2,6371.89,0.0,268150.8,33.8,3,1,6,0,9,2,17.0,15.0,35.4,28.6,29.2,22.7,28.6,6.8,6.5
CP006,Footwear,King Street,Unisex,1,5,10.6,7459.25,0.0,83952.89,7.8,2,0,0,10,9,1,7.0,7.0,15.4,16.7,15.33,13.73,8.6,-1.3,1.6
CP006,Footwear,King Street,Unisex,2,5,14.0,7118.53,0.0,96765.88,10.8,3,1,0,0,8,0,0.0,0.0,10.6,12.6,14.4,13.2,11.0,-2.0,1.2
CP006,Footwear,King Street,Unisex,3,5,20.8,7387.88,0.0,149989.17,16.4,2,0,0,0,9,0,0.0,0.0,14.0,12.3,11.67,12.57,12.8,1.7,-0.9
CP006,Footwear,King Street,Unisex,4,5,11.2,6747.34,0.0,69929.2,8.8,2,2,9,0,9,1,13.0,13.0,20.8,17.4,15.13,14.03,9.6,3.4,1.1
CP006,Footwear,King Street,Unisex,5,5,22.8,6595.81,0.0,139123.02,19.0,3,2,1,0,9,0,2.0,2.0,11.2,16.0,15.33,13.53,17.6,-4.8,1.8
CP006,Footwear,King Street,Unisex,6,5,16.8,7018.39,0.0,115266.18,13.2,3,1,0,0,9,0,0.0,0.0,22.8,17.0,18.27,13.8,13.6,5.8,4.47
CP006,Footwear,King Street,Unisex,7,5,15.8,7034.9,0.0,108086.03,11.6,3,0,0,0,9,1,6.0,6.0,16.8,19.8,16.93,16.03,13.0,-3.0,0.9
CP006,Footwear,King Street,Unisex,8,5,19.6,7604.41,0.0,143068.56,15.6,3,0,0,21,9,0,4.0,4.0,15.8,16.3,18.47,16.9,13.6,-0.5,1.57
CP006,Footwear,King Street,Unisex,9,5,12.6,8623.61,0.0,94926.62,10.4,2,0,0,5,8,0,0.0,0.0,19.6,17.7,17.4,17.83,9.8,1.9,-0.43
CP006,Footwear,King Street,Unisex,10,5,15.2,8044.91,0.0,111990.48,12.0,3,1,0,0,9,0,0.0,0.0,12.6,16.1,16.0,16.47,12.6,-3.5,-0.47
CP006,Footwear,King Street,Unisex,11,5,19.0,7204.55,0.0,142449.9,15.0,3,0,0,0,9,0,4.0,4.0,15.2,13.9,15.8,17.13,18.0,1.3,-1.33
CP006,Footwear,King Street,Unisex,12,5,20.4,7025.15,0.0,134024.39,17.2,2,1,6,0,9,1,14.0,14.0,19.0,17.1,15.6,16.5,15.4,1.9,-0.9
CP006,Footwear,King Street,Women,1,5,56.0,5227.02,0.0,300938.44,48.8,4,0,0,10,9,1,10.0,10.0,31.8,30.5,33.33,35.03,39.8,1.3,-1.7
CP006,Footwear,King Street,Women,2,5,59.0,4592.89,0.0,287008.96,49.4,4,1,0,0,8,0,0.0,0.0,56.0,39.2,35.87,38.0,50.4,16.8,-2.13
CP006,Footwear,King Street,Women,3,5,55.0,4969.02,0.0,267482.26,46.2,4,0,0,0,9,0,0.0,0.0,59.0,57.5,43.0,40.2,44.6,1.5,2.8
CP006,Footwear,King Street,Women,4,5,51.4,5245.03,0.0,269280.69,43.0,4,2,9,0,9,1,16.0,15.5,55.0,57.0,56.67,39.77,46.4,-2.0,16.9
CP006,Footwear,King Street,Women,5,5,49.2,5255.26,0.0,270238.21,40.4,5,2,1,0,9,1,5.0,4.5,51.4,53.2,55.13,40.17,34.6,-1.8,14.97
CP006,Footwear,King Street,Women,6,5,42.4,4632.3,0.0,197722.08,33.8,4,1,0,0,9,0,0.0,0.0,49.2,50.3,51.87,41.53,36.0,-1.1,10.33
CP006,Footwear,King Street,Women,7,5,33.8,5548.97,0.0,198169.15,28.8,3,0,0,0,9,1,8.0,6.75,42.4,45.8,47.67,52.17,28.8,-3.4,-4.5
CP006,Footwear,King Street,Women,8,5,42.0,5385.42,0.0,204793.46,35.2,3,0,0,21,9,1,13.0,12.5,33.8,38.1,41.8,48.47,37.4,-4.3,-6.67
CP006,Footwear,King Street,Women,9,5,50.4,4661.08,0.0,237344.7,42.6,4,0,0,5,8,0,0.0,0.0,42.0,37.9,39.4,45.63,44.0,4.1,-6.23
CP006,Footwear,King Street,Women,10,5,50.2,5272.92,0.0,268973.64,41.6,5,1,0,0,9,0,0.0,0.0,50.4,46.2,42.07,44.87,39.0,4.2,-2.8
CP006,Footwear,King Street,Women,11,5,34.2,6481.2,0.0,218759.45,28.8,4,0,0,0,9,1,18.0,18.0,50.2,50.3,47.53,44.67,29.2,-0.1,2.87
CP006,Footwear,King Street,Women,12,5,39.4,5509.85,0.43,191903.36,33.4,3,1,6,0,9,2,26.0,22.83,34.2,42.2,44.93,42.17,31.8,-8.0,2.77
CP006,Footwear,Libera,Kids,1,5,34.2,6447.51,0.0,232988.76,27.6,3,0,0,10,9,1,5.0,5.0,36.2,27.8,24.4,25.5,30.2,8.4,-1.1
CP006,Footwear,Libera,Kids,2,5,27.2,6897.0,0.0,193821.27,22.0,3,1,0,0,8,0,0.0,0.0,34.2,31.6,27.53,25.43,24.2,2.6,2.1
CP006,Footwear,Libera,Kids,3,5,25.0,7292.49,0.0,190841.63,20.0,3,0,0,0,9,0,0.0,0.0,27.2,30.7,28.53,23.57,18.8,-3.5,4.97
CP006,Footwear,Libera,Kids,4,5,33.0,6924.38,0.0,257060.18,26.6,3,2,9,0,9,0,2.0,2.0,25.0,26.1,28.8,23.97,28.8,-1.1,4.83
CP006,Footwear,Libera,Kids,5,5,39.0,6287.85,0.0,278596.99,33.0,3,2,1,0,9,0,0.0,0.0,33.0,29.0,28.4,24.53,33.8,4.0,3.87
CP006,Footwear,Libera,Kids,6,5,13.8,6575.51,0.0,100812.67,10.2,2,1,0,0,9,0,0.0,0.0,39.0,36.0,32.33,26.6,11.0,3.0,5.73
CP006,Footwear,Libera,Kids,7,5,29.0,7124.27,0.0,218500.27,22.0,4,0,0,0,9,1,7.0,6.5,13.8,26.4,28.6,28.7,27.4,-12.6,-0.1
CP006,Footwear,Libera,Kids,8,5,38.8,8120.76,0.0,329426.72,31.8,4,0,0,21,9,0,7.0,7.0,29.0,21.4,27.27,27.83,33.6,7.6,-0.57
CP006,Footwear,Libera,Kids,9,5,24.6,7436.58,0.0,183825.91,20.6,3,0,0,5,8,0,0.0,0.0,38.8,33.9,27.2,29.77,18.8,4.9,-2.57
CP006,Footwear,Libera,Kids,10,5,24.4,6805.64,0.0,167241.2,19.0,3,1,0,0,9,0,0.0,0.0,24.6,31.7,30.8,29.7,17.6,-7.1,1.1
CP006,Footwear,Libera,Kids,11,5,22.8,6172.64,0.0,142273.55,16.8,3,0,0,0,9,1,10.0,9.5,24.4,24.5,29.27,28.27,19.4,-0.1,1.0
CP006,Footwear,Libera,Kids,12,5,41.4,7733.38,0.86,338117.85,32.8,4,1,6,0,9,1,16.0,15.67,22.8,23.6,23.93,25.57,36.2,-0.8,-1.63
CP006,Footwear,Libera,Men,1,5,42.6,6585.01,0.0,264844.6,35.6,3,0,0,10,9,0,5.0,5.0,31.4,24.3,24.47,27.93,35.6,7.1,-3.47
CP006,Footwear,Libera,Men,2,4,35.0,6984.89,0.0,249896.76,29.0,3,1,0,0,8,0,0.0,0.0,49.0,32.88,27.5,28.96,30.0,16.12,-1.46
CP006,Footwear,Libera,Men,3,5,22.0,7667.39,0.0,151878.82,18.6,2,0,0,0,9,0,0.0,0.0,31.4,38.6,31.07,29.0,17.0,-7.2,2.07
CP006,Footwear,Libera,Men,4,4,33.25,6282.05,0.0,219647.91,30.5,2,2,9,0,9,0,7.5,7.5,26.5,28.62,35.17,25.25,18.75,-2.12,9.92
CP006,Footwear,Libera,Men,5,5,38.2,7528.54,0.0,273320.89,33.6,3,2,1,0,9,0,3.0,3.0,27.4,27.7,29.07,25.97,34.0,-0.3,3.1
CP006,Footwear,Libera,Men,6,5,30.8,7156.91,0.0,227836.31,24.8,3,1,0,0,9,0,0.0,0.0,38.2,32.8,31.2,27.07,24.6,5.4,4.13
CP006,Footwear,Libera,Men,7,4,27.5,6955.25,0.0,186477.05,23.25,2,0,0,0,9,0,2.5,2.5,26.5,33.88,31.58,33.21,18.5,-7.38,-1.63
CP006,Footwear,Libera,Men,8,5,41.2,7190.09,0.0,290064.54,34.4,3,0,0,21,9,0,4.0,3.5,31.6,29.0,32.27,30.93,28.6,2.6,1.33
CP006,Footwear,Libera,Men,9,5,47.8,6949.36,0.0,313621.55,41.0,3,0,0,5,8,0,0.0,0.0,41.2,36.4,33.07,32.4,32.6,4.8,0.67
CP006,Footwear,Libera,Men,10,5,30.4,7152.32,0.0,215595.5,26.4,3,1,0,0,9,0,0.0,0.0,47.8,44.5,40.2,35.27,26.8,3.3,4.93
CP006,Footwear,Libera,Men,11,5,25.0,7364.1,0.0,183346.76,19.8,2,0,0,0,9,0,8.0,8.0,30.4,39.1,39.8,36.03,26.8,-8.7,3.77
CP006,Footwear,Libera,Men,12,5,51.6,7723.33,0.0,356037.01,45.0,2,1,6,0,9,1,18.0,15.83,25.0,27.7,34.4,33.73,28.6,-2.7,0.67
CP006,Footwear,Libera,Unisex,1,5,24.4,4185.73,0.0,115287.27,20.0,3,0,0,10,9,1,5.0,5.0,16.0,21.8,21.8,21.87,13.8,-5.8,-0.07
CP006,Footwear,Libera,Unisex,2,3,39.33,3556.86,0.0,181206.75,32.67,3,1,0,0,8,0,0.0,0.0,23.67,14.67,18.11,16.67,15.33,9.0,1.44
CP006,Footwear,Libera,Unisex,3,5,31.8,3777.42,0.0,132731.33,27.6,3,0,0,0,9,0,0.0,0.0,33.8,28.1,23.0,24.5,23.6,5.7,-1.5
CP006,Footwear,Libera,Unisex,4,4,42.5,4385.86,0.0,209914.69,37.0,3,2,9,0,9,0,2.5,2.5,32.25,27.0,24.42,20.71,23.25,5.25,3.71
CP006,Footwear,Libera,Unisex,5,5,33.8,4219.66,0.0,157102.21,27.8,3,2,1,0,9,1,9.0,8.0,40.0,41.1,35.53,25.5,21.8,-1.1,10.03
CP006,Footwear,Libera,Unisex,6,5,24.8,4230.1,0.0,109956.28,20.4,3,1,0,0,9,0,0.0,0.0,33.8,36.9,38.67,26.8,33.2,-3.1,11.87
CP006,Footwear,Libera,Unisex,7,4,19.0,4156.11,0.0,72335.99,15.5,2,0,0,0,9,2,15.0,12.08,23.25,31.0,34.67,32.54,30.75,-7.75,2.13
CP006,Footwear,Libera,Unisex,8,5,38.6,3626.57,0.0,165074.49,31.4,3,0,0,21,9,1,10.0,10.0,21.4,21.4,26.73,30.8,13.6,0.0,-4.07
CP006,Footwear,Libera,Unisex,9,4,33.5,4239.54,0.0,168148.09,28.75,2,0,0,5,8,0,0.0,0.0,40.0,29.5,26.08,31.17,16.5,10.5,-5.08
CP006,Footwear,Libera,Unisex,10,5,22.6,3963.15,0.0,100229.15,18.4,3,1,0,0,9,0,0.0,0.0,33.4,35.8,30.93,34.0,31.2,-2.4,-3.07
CP006,Footwear,Libera,Unisex,11,5,28.8,3962.55,0.0,124589.65,23.8,3,0,0,0,9,0,4.0,4.0,22.6,28.0,31.4,29.03,22.4,-5.4,2.37
CP006,Footwear,Libera,Unisex,12,4,20.5,3843.85,1.88,84164.42,16.25,2,1,6,0,8,1,12.5,10.62,33.0,28.12,28.42,27.5,13.75,4.88,0.92
CP006,Footwear,Libera,Women,1,5,29.8,6419.24,0.0,211788.59,24.8,3,0,0,10,9,1,8.0,8.0,38.4,28.7,26.4,21.7,20.0,9.7,4.7
CP006,Footwear,Libera,Women,2,5,30.0,7675.34,0.0,262768.23,24.2,3,1,0,0,8,0,0.0,0.0,29.8,29.8,26.2,23.33,26.2,0.0,2.87
CP006,Footwear,Libera,Women,3,5,31.2,6624.68,0.0,220653.29,24.6,3,0,0,0,9,0,0.0,0.0,30.0,29.9,28.07,24.67,25.0,0.1,3.4
CP006,Footwear,Libera,Women,4,5,41.6,7832.66,0.0,347517.85,37.6,3,2,9,0,9,0,0.0,0.0,31.2,30.6,30.33,25.2,35.0,0.6,5.13
CP006,Footwear,Libera,Women,5,5,25.6,6182.93,0.0,182900.74,20.6,2,2,1,0,9,0,2.0,2.0,41.6,36.4,34.27,27.2,15.4,5.2,7.07
CP006,Footwear,Libera,Women,6,5,26.8,8039.62,0.0,224164.99,22.2,2,1,0,0,9,0,0.0,0.0,25.6,33.6,32.8,27.9,19.2,-8.0,4.9
CP006,Footwear,Libera,Women,7,5,16.4,9085.72,0.0,152333.14,13.0,2,0,0,0,9,1,13.0,12.5,26.8,26.2,31.33,30.83,11.4,0.6,0.5
CP006,Footwear,Libera,Women,8,5,18.4,6842.5,0.0,146566.03,16.0,2,0,0,21,9,0,6.0,6.0,16.4,21.6,22.93,28.6,16.6,-5.2,-5.67
CP006,Footwear,Libera,Women,9,5,26.6,6901.73,0.0,201755.71,21.6,3,0,0,5,8,0,0.0,0.0,18.4,17.4,20.53,26.67,23.0,1.0,-6.13
CP006,Footwear,Libera,Women,10,5,22.2,7182.1,0.0,170566.42,18.2,2,1,0,0,9,0,0.0,0.0,26.6,22.5,20.47,25.9,21.8,4.1,-5.43
CP006,Footwear,Libera,Women,11,5,29.4,6952.56,0.0,229741.99,24.6,3,0,0,0,9,1,16.0,16.0,22.2,24.4,22.4,22.67,19.0,-2.2,-0.27
CP006,Footwear,Libera,Women,12,5,43.4,7366.76,0.0,358200.93,38.0,4,1,6,0,9,1,23.0,21.0,29.4,25.8,26.07,23.3,38.4,3.6,2.77
CP006,Footwear,Miss Modano,Kids,1,5,62.8,5260.67,0.0,363534.9,54.4,5,0,0,10,9,1,10.0,10.0,44.2,40.8,41.6,39.67,52.4,3.4,1.93
CP006,Footwear,Miss Modano,Kids,2,5,49.2,7114.11,0.0,341500.72,42.2,4,1,0,0,8,0,0.0,0.0,62.8,50.1,45.87,45.1,39.0,12.7,0.77
CP006,Footwear,Miss Modano,Kids,3,5,62.6,7287.4,0.0,471206.92,54.4,5,0,0,0,9,0,0.0,0.0,49.2,56.0,44.33,39.17,56.6,-6.8,5.17
CP006,Footwear,Miss Modano,Kids,4,5,61.0,6516.23,0.2,404424.45,52.6,5,2,9,0,9,2,15.0,11.5,62.6,55.9,58.2,43.6,54.4,6.7,14.6
CP006,Footwear,Miss Modano,Kids,5,5,63.4,7018.41,0.75,432190.92,50.8,5,2,1,0,9,2,9.0,7.83,61.0,61.8,57.6,43.93,44.4,-0.8,13.67
CP006,Footwear,Miss Modano,Kids,6,5,39.8,5885.06,0.0,218411.49,35.2,4,1,0,0,9,0,0.0,0.0,63.4,62.2,62.33,47.1,36.4,1.2,15.23
CP006,Footwear,Miss Modano,Kids,7,5,30.4,5865.15,0.0,197980.39,25.0,3,0,0,0,9,1,14.0,13.0,39.8,51.6,54.73,56.47,23.4,-11.8,-1.73
CP006,Footwear,Miss Modano,Kids,8,5,84.2,6819.75,0.0,587858.9,69.0,5,0,0,21,9,1,10.0,9.5,30.4,35.1,44.53,51.07,68.4,-4.7,-6.53
CP006,Footwear,Miss Modano,Kids,9,5,31.8,6198.95,0.0,216218.59,26.2,3,0,0,5,8,0,0.0,0.0,84.2,57.3,51.47,56.9,21.4,26.9,-5.43
CP006,Footwear,Miss Modano,Kids,10,5,58.2,6772.47,0.0,381863.01,51.0,5,1,0,0,9,0,0.0,0.0,31.8,58.0,48.8,51.77,43.2,-26.2,-2.97
CP006,Footwear,Miss Modano,Kids,11,5,50.0,7191.82,0.0,362676.52,40.4,4,0,0,0,9,1,14.0,13.5,58.2,45.0,58.07,51.3,37.4,13.2,6.77
CP006,Footwear,Miss Modano,Kids,12,5,59.2,5598.14,0.0,334285.98,52.8,4,1,6,0,9,2,17.0,13.83,50.0,54.1,46.67,49.07,44.2,-4.1,-2.4
CP006,Footwear,Miss Modano,Men,1,5,144.6,6163.1,0.0,836487.75,122.2,9,0,0,10,9,2,11.0,9.5,114.4,98.9,95.4,92.3,105.8,15.5,3.1
CP006,Footwear,Miss Modano,Men,2,5,97.4,7262.03,0.0,642993.71,80.0,9,1,0,0,8,0,0.0,0.0,144.6,121.1,108.53,97.23,78.2,23.5,11.3
CP006,Footwear,Miss Modano,Men,3,5,122.6,6623.82,0.0,737096.25,104.8,10,0,0,0,9,0,0.0,0.0,97.4,121.0,106.27,96.17,87.6,-23.6,10.1
CP006,Footwear,Miss Modano,Men,4,5,154.4,7794.38,0.0,1085163.15,133.0,9,2,9,0,9,3,23.0,20.33,122.6,110.0,121.53,97.0,116.0,12.6,24.53
CP006,Footwear,Miss Modano,Men,5,5,121.6,7323.71,0.0,813702.43,101.8,9,2,1,0,9,2,15.0,14.0,154.4,138.5,124.8,99.73,95.8,15.9,25.07
CP006,Footwear,Miss Modano,Men,6,5,85.2,6922.94,0.0,579942.88,69.6,7,1,0,0,9,0,0.0,0.0,121.6,138.0,132.87,103.7,66.0,-16.4,29.17
CP006,Footwear,Miss Modano,Men,7,5,127.6,7166.33,0.0,801444.83,111.4,9,0,0,0,9,2,19.0,17.0,85.2,103.4,120.4,120.97,98.2,-18.2,-0.57
CP006,Footwear,Miss Modano,Men,8,5,103.4,7268.25,0.0,703025.44,85.4,10,0,0,21,9,3,19.0,16.17,127.6,106.4,111.47,118.13,83.0,21.2,-6.67
CP006,Footwear,Miss Modano,Men,9,5,114.4,7677.81,0.0,821537.04,99.0,9,0,0,5,8,0,0.0,0.0,103.4,115.5,105.4,119.13,86.4,-12.1,-13.73
CP006,Footwear,Miss Modano,Men,10,5,112.2,6995.93,0.0,732027.91,91.8,9,1,0,0,9,0,0.0,0.0,114.4,108.9,115.13,117.77,88.4,5.5,-2.63
CP006,Footwear,Miss Modano,Men,11,5,98.0,7180.2,0.0,674828.48,82.0,8,0,0,0,9,2,24.0,21.33,112.2,113.3,110.0,110.73,83.4,-1.1,-0.73
CP006,Footwear,Miss Modano,Men,12,5,144.8,7428.57,0.0,967596.56,123.8,9,1,6,0,9,4,28.0,23.77,98.0,105.1,108.2,106.8,114.4,-7.1,1.4
CP006,Footwear,Miss Modano,Unisex,1,5,53.0,7864.38,0.0,396928.34,43.0,4,0,0,10,9,1,10.0,10.0,95.8,67.2,65.33,59.3,45.8,28.6,6.03
CP006,Footwear,Miss Modano,Unisex,2,5,69.4,7550.58,0.0,511735.16,60.4,5,1,0,0,8,0,0.0,0.0,53.0,68.8,58.73,57.2,38.2,-15.8,1.53
CP006,Footwear,Miss Modano,Unisex,3,4,71.75,7560.56,0.0,518570.3,62.25,4,0,0,0,9,0,0.0,0.0,65.0,60.62,67.25,57.38,67.25,4.38,9.88
CP006,Footwear,Miss Modano,Unisex,4,5,83.0,7182.21,0.31,583629.68,72.4,4,2,9,0,9,1,13.0,12.5,74.8,67.4,64.2,59.37,73.0,7.4,4.83
CP006,Footwear,Miss Modano,Unisex,5,5,51.4,7982.16,0.0,362869.73,43.2,3,2,1,0,9,1,8.0,8.0,83.0,78.9,72.6,59.37,39.0,4.1,13.23
CP006,Footwear,Miss Modano,Unisex,6,5,57.0,7153.63,0.0,433746.38,49.2,4,1,0,0,9,0,0.0,0.0,51.4,67.2,69.73,59.13,39.2,-15.8,10.6
CP006,Footwear,Miss Modano,Unisex,7,5,67.0,7927.83,0.0,527896.58,58.2,5,0,0,0,9,1,10.0,9.5,57.0,54.2,63.8,64.0,47.4,2.8,-0.2
CP006,Footwear,Miss Modano,Unisex,8,5,58.4,7205.98,0.0,414022.44,47.6,4,0,0,21,9,0,2.0,2.0,67.0,62.0,58.47,65.53,45.6,5.0,-7.07
CP006,Footwear,Miss Modano,Unisex,9,5,68.0,7282.22,0.0,479963.45,56.4,5,0,0,5,8,0,0.0,0.0,58.4,62.7,60.8,65.27,53.8,-4.3,-4.47
CP006,Footwear,Miss Modano,Unisex,10,5,73.2,7679.98,0.0,557807.54,61.2,4,1,0,0,9,0,0.0,0.0,68.0,63.2,64.47,64.13,66.8,4.8,0.33
CP006,Footwear,Miss Modano,Unisex,11,5,55.6,8281.75,0.71,459741.72,45.8,5,0,0,0,9,0,11.0,11.0,73.2,70.6,66.53,62.5,46.6,2.6,4.03
CP006,Footwear,Miss Modano,Unisex,12,5,107.8,7807.02,0.0,869864.48,91.8,5,1,6,0,9,2,26.0,23.27,55.6,64.4,65.6,63.2,91.4,-8.8,2.4
CP006,Footwear,Miss Modano,Women,1,5,59.8,7849.25,0.0,420163.91,49.8,5,0,0,10,9,1,10.0,9.33,66.4,51.2,51.67,52.8,39.2,15.2,-1.13
CP006,Footwear,Miss Modano,Women,2,5,58.6,8167.76,0.0,415695.72,51.6,4,1,0,0,8,0,0.0,0.0,59.8,56.8,49.87,49.67,38.0,3.0,0.2
CP006,Footwear,Miss Modano,Women,3,5,53.2,8578.79,0.0,421641.81,45.0,4,0,0,0,9,0,0.0,0.0,58.6,59.2,53.0,50.87,35.8,-0.6,2.13
CP006,Footwear,Miss Modano,Women,4,5,73.8,8415.44,0.57,585296.99,62.6,5,2,9,0,9,2,17.0,14.08,53.2,55.9,57.2,48.37,52.2,-2.7,8.83
CP006,Footwear,Miss Modano,Women,5,5,49.4,7073.56,0.0,332903.93,43.0,4,2,1,0,9,1,6.0,5.5,73.8,63.5,61.87,50.43,36.2,10.3,11.43
CP006,Footwear,Miss Modano,Women,6,5,40.0,7603.93,0.0,291066.24,34.8,4,1,0,0,9,0,0.0,0.0,49.4,61.6,58.8,51.47,33.6,-12.2,7.33
CP006,Footwear,Miss Modano,Women,7,5,75.8,7244.96,0.0,517190.33,61.6,5,0,0,0,9,1,8.0,7.0,40.0,44.7,54.4,55.8,66.0,-4.7,-1.4
CP006,Footwear,Miss Modano,Women,8,5,54.2,7672.55,0.0,360991.96,42.8,4,0,0,21,9,1,10.0,8.17,75.8,57.9,55.07,58.47,38.2,17.9,-3.4
CP006,Footwear,Miss Modano,Women,9,5,75.2,7739.19,0.0,526858.24,62.4,5,0,0,5,8,0,0.0,0.0,54.2,65.0,56.67,57.73,57.6,-10.8,-1.07
CP006,Footwear,Miss Modano,Women,10,5,64.0,7412.75,0.0,439370.35,53.6,6,1,0,0,9,0,0.0,0.0,75.2,64.7,68.4,61.4,52.6,10.5,7.0
CP006,Footwear,Miss Modano,Women,11,5,45.4,8153.91,0.71,363769.43,38.4,4,0,0,0,9,1,15.0,14.5,64.0,69.6,64.47,59.77,36.0,-5.6,4.7
CP006,Footwear,Miss Modano,Women,12,5,75.2,7631.63,0.55,524594.93,61.4,5,1,6,0,9,3,27.0,23.83,45.4,54.7,61.53,59.1,66.4,-9.3,2.43
CP006,Footwear,Modano,Kids,1,5,98.6,6827.75,0.1,652507.76,84.8,9,0,0,10,9,2,12.0,10.53,82.4,79.0,81.6,75.87,88.4,3.4,5.73
CP006,Footwear,Modano,Kids,2,5,112.2,6510.39,0.0,720907.78,93.0,8,1,0,0,8,0,0.0,0.0,98.6,75.4,75.47,75.6,87.6,23.2,-0.13
CP006,Footwear,Modano,Kids,3,5,105.4,6986.34,0.0,734085.24,86.4,9,0,0,0,9,0,0.0,0.0,112.2,105.4,79.87,76.13,83.0,6.8,3.73
CP006,Footwear,Modano,Kids,4,5,79.4,6865.82,0.0,541870.85,66.2,7,2,9,0,9,2,15.0,14.0,105.4,108.8,105.4,81.1,62.4,-3.4,24.3
CP006,Footwear,Modano,Kids,5,5,99.2,7078.39,0.14,703710.25,81.8,9,2,1,0,9,2,11.0,10.57,79.4,92.4,99.0,78.8,75.6,-13.0,20.2
CP006,Footwear,Modano,Kids,6,5,60.2,7347.37,0.0,437968.63,51.4,7,1,0,0,9,0,0.0,0.0,99.2,89.3,94.67,80.87,49.0,9.9,13.8
CP006,Footwear,Modano,Kids,7,5,79.8,6857.45,0.0,538975.73,64.4,8,0,0,0,9,3,19.0,15.33,60.2,79.7,79.6,92.5,70.0,-19.5,-12.9
CP006,Footwear,Modano,Kids,8,5,110.8,7070.3,0.0,776303.85,93.6,9,0,0,21,9,1,10.0,9.33,79.8,70.0,79.73,89.37,85.6,9.8,-9.63
CP006,Footwear,Modano,Kids,9,5,76.4,6271.81,0.0,477444.93,65.4,7,0,0,5,8,0,0.0,0.0,110.8,95.3,83.6,89.13,54.8,15.5,-5.53
CP006,Footwear,Modano,Kids,10,5,100.2,6561.07,0.0,643289.63,86.8,8,1,0,0,9,0,0.0,0.0,76.4,93.6,89.0,84.3,86.8,-17.2,4.7
CP006,Footwear,Modano,Kids,11,5,93.8,6650.28,0.0,611572.81,79.4,9,0,0,0,9,2,20.0,17.75,100.2,88.3,95.8,87.77,75.6,11.9,8.03
CP006,Footwear,Modano,Kids,12,5,100.8,6971.63,0.0,694460.66,84.4,8,1,6,0,9,3,26.0,21.64,93.8,97.0,90.13,86.87,82.4,-3.2,3.27
CP006,Footwear,Modano,Men,1,5,33.6,6622.98,0.0,225617.87,26.4,5,0,0,10,9,2,10.0,9.5,50.2,38.3,37.13,33.4,29.4,11.9,3.73
CP006,Footwear,Modano,Men,2,5,47.2,6028.62,0.0,320191.62,39.0,6,1,0,0,8,0,0.0,0.0,33.6,36.7,33.27,31.63,32.8,-3.1,1.63
CP006,Footwear,Modano,Men,3,5,36.8,5908.29,0.0,254630.62,31.2,5,0,0,0,9,0,0.0,0.0,47.2,40.4,38.67,35.1,29.8,6.8,3.57
CP006,Footwear,Modano,Men,4,5,28.6,5132.47,0.0,172591.56,23.8,5,2,9,0,9,2,17.0,16.25,36.8,42.0,39.2,34.6,25.2,-5.2,4.6
CP006,Footwear,Modano,Men,5,5,48.0,5991.53,0.0,322672.65,38.6,7,2,1,0,9,1,12.0,12.0,28.6,32.7,37.53,33.07,40.6,-4.1,4.47
CP006,Footwear,Modano,Men,6,5,28.6,5532.28,0.0,183066.29,22.6,6,1,0,0,9,0,0.0,0.0,48.0,38.3,37.8,35.17,21.4,9.7,2.63
CP006,Footwear,Modano,Men,7,5,40.0,5890.42,0.0,256980.89,32.2,6,0,0,0,9,2,14.0,13.17,28.6,38.3,35.07,37.13,33.8,-9.7,-2.07
CP006,Footwear,Modano,Men,8,5,31.2,5799.4,0.0,213883.29,25.2,6,0,0,21,9,1,7.0,7.0,40.0,34.3,38.87,38.2,21.8,5.7,0.67
CP006,Footwear,Modano,Men,9,5,39.8,6200.18,0.0,286777.5,32.2,6,0,0,5,8,0,0.0,0.0,31.2,35.6,33.27,35.53,33.4,-4.4,-2.27
CP006,Footwear,Modano,Men,10,5,46.0,5840.6,0.0,298075.73,38.4,6,1,0,0,9,0,0.0,0.0,39.8,35.5,37.0,36.03,34.8,4.3,0.97
CP006,Footwear,Modano,Men,11,5,40.4,6015.57,0.6,283756.01,35.0,5,0,0,0,9,1,11.0,11.0,46.0,42.9,39.0,38.93,26.4,3.1,0.07
CP006,Footwear,Modano,Men,12,5,58.6,5759.4,0.6,394153.82,49.8,7,1,6,0,9,3,22.0,17.83,40.4,43.2,42.07,37.67,50.2,-2.8,4.4
CP006,Footwear,Modano,Unisex,1,5,27.2,2648.97,0.0,59920.06,23.4,3,0,0,10,9,1,3.0,2.33,19.8,18.1,19.33,16.93,20.6,1.7,2.4
CP006,Footwear,Modano,Unisex,2,4,20.75,2829.18,0.0,50364.92,17.75,2,1,0,0,8,0,0.0,0.0,28.0,26.38,24.42,22.12,21.0,1.62,2.29
CP006,Footwear,Modano,Unisex,3,5,14.2,3043.02,0.0,38994.21,12.2,3,0,0,0,9,0,0.0,0.0,21.4,19.5,19.6,17.73,8.8,1.9,1.87
CP006,Footwear,Modano,Unisex,4,5,25.0,2652.38,0.0,54445.79,21.4,3,2,9,0,9,1,7.0,6.5,14.2,17.8,17.27,18.3,15.8,-3.6,-1.03
CP006,Footwear,Modano,Unisex,5,5,24.0,3003.56,0.0,60039.39,19.0,3,2,1,0,9,0,0.0,0.0,25.0,19.6,20.2,18.13,18.0,5.4,2.07
CP006,Footwear,Modano,Unisex,6,5,24.0,2925.05,0.0,57626.58,19.4,3,1,0,0,9,0,0.0,0.0,24.0,24.5,21.07,19.27,19.4,-0.5,1.8
CP006,Footwear,Modano,Unisex,7,5,19.8,2925.55,0.22,52932.96,16.6,3,0,0,0,9,1,10.0,10.0,24.0,24.0,24.33,19.7,17.8,0.0,4.63
CP006,Footwear,Modano,Unisex,8,5,22.2,2473.88,0.0,47829.95,17.4,2,0,0,21,9,1,5.0,4.5,19.8,21.9,22.6,21.4,16.4,-2.1,1.2
CP006,Footwear,Modano,Unisex,9,4,11.5,3014.22,0.0,35486.36,9.5,2,0,0,5,8,0,0.0,0.0,27.0,23.75,25.42,23.29,11.5,3.25,2.12
CP006,Footwear,Modano,Unisex,10,5,26.4,2731.18,0.0,62793.43,22.8,2,1,0,0,9,0,0.0,0.0,9.8,17.4,17.4,20.97,14.6,-7.6,-3.57
CP006,Footwear,Modano,Unisex,11,4,15.25,3104.09,1.67,36702.21,12.5,2,0,0,0,9,0,10.0,10.0,26.25,16.75,18.5,19.38,20.5,9.5,-0.87
CP006,Footwear,Modano,Unisex,12,5,22.8,2827.67,0.0,55584.78,19.0,2,1,6,0,9,1,17.0,17.0,17.6,21.3,18.6,21.17,12.6,-3.7,-2.57
CP006,Footwear,Modano,Women,1,5,62.8,8692.36,0.0,610633.61,52.2,6,0,0,10,9,1,8.0,8.0,69.8,49.0,43.53,43.83,43.4,20.8,-0.3
CP006,Footwear,Modano,Women,2,5,47.6,7861.82,0.0,444041.92,38.8,6,1,0,0,8,0,0.0,0.0,62.8,61.4,50.33,44.3,37.4,1.4,6.03
CP006,Footwear,Modano,Women,3,5,53.2,8239.09,0.0,477851.22,43.4,5,0,0,0,9,0,0.0,0.0,47.6,55.2,55.6,44.83,37.4,-7.6,10.77
CP006,Footwear,Modano,Women,4,5,38.6,7354.15,0.0,360474.99,32.8,5,2,9,0,9,1,14.0,11.0,53.2,50.4,54.53,44.73,26.4,2.8,9.8
CP006,Footwear,Modano,Women,5,5,65.2,8625.89,0.0,625549.82,55.2,7,2,1,0,9,1,6.0,5.5,38.6,45.9,46.47,45.23,53.4,-7.3,1.23
CP006,Footwear,Modano,Women,6,5,65.4,8498.59,0.0,656678.32,53.8,6,1,0,0,9,0,0.0,0.0,65.2,51.9,52.33,50.17,49.0,13.3,2.17
CP006,Footwear,Modano,Women,7,5,64.0,8364.21,0.0,627077.42,51.2,6,0,0,0,9,1,12.0,12.0,65.4,65.3,56.4,55.47,50.2,0.1,0.93
CP006,Footwear,Modano,Women,8,5,47.6,7755.08,0.0,448606.41,38.2,6,0,0,21,9,1,10.0,9.67,64.0,64.7,64.87,55.67,40.8,-0.7,9.2
CP006,Footwear,Modano,Women,9,5,47.6,8391.63,0.0,448663.32,40.4,7,0,0,5,8,0,0.0,0.0,47.6,55.8,59.0,55.67,41.4,-8.2,3.33
CP006,Footwear,Modano,Women,10,5,36.4,7033.69,0.0,316577.27,29.0,5,1,0,0,9,0,0.0,0.0,47.6,47.6,53.07,54.73,32.6,0.0,-1.67
CP006,Footwear,Modano,Women,11,5,43.0,8631.65,0.0,412919.06,35.2,5,0,0,0,9,1,15.0,14.5,36.4,42.0,43.87,54.37,28.2,-5.6,-10.5
CP006,Footwear,Modano,Women,12,5,79.2,8431.99,0.38,809517.87,61.0,6,1,6,0,9,4,27.0,21.07,43.0,39.7,42.33,50.67,69.8,3.3,-8.33
CP006,Kids,Emerald,Kids,1,5,600.0,1784.24,0.13,1133978.23,513.6,32,0,0,10,9,9,15.0,11.91,520.8,464.8,459.8,469.43,455.4,56.0,-9.63
CP006,Kids,Emerald,Kids,2,5,575.8,1757.66,0.0,1079209.4,492.4,30,1,0,0,8,0,0.0,0.0,600.0,506.3,473.8,469.1,450.4,93.7,4.7
CP006,Kids,Emerald,Kids,3,5,520.8,1837.65,0.0,1028145.71,449.0,30,0,0,0,9,0,0.0,0.0,575.8,587.9,500.07,464.17,427.6,-12.1,35.9
CP006,Kids,Emerald,Kids,4,5,733.0,1814.07,0.13,1383484.65,649.4,31,2,9,0,9,8,24.0,17.08,520.8,548.3,565.53,463.4,576.8,-27.5,102.13
CP006,Kids,Emerald,Kids,5,5,646.6,1849.65,0.11,1233105.09,554.6,34,2,1,0,9,5,14.0,12.0,733.0,626.9,609.87,481.73,529.4,106.1,128.13
CP006,Kids,Emerald,Kids,6,5,567.2,1762.61,0.0,1037489.86,484.2,31,1,0,0,9,0,0.0,0.0,646.6,689.8,633.47,492.07,413.6,-43.2,141.4
CP006,Kids,Emerald,Kids,7,5,607.2,1742.59,0.0,1120125.3,526.8,33,0,0,0,9,9,20.0,15.77,567.2,606.9,648.93,607.23,493.8,-39.7,41.7
CP006,Kids,Emerald,Kids,8,5,669.6,1869.23,0.14,1258511.92,572.2,32,0,0,21,9,9,20.0,15.08,607.2,587.2,607.0,608.43,517.2,20.0,-1.43
CP006,Kids,Emerald,Kids,9,5,562.4,1873.57,0.0,1119710.67,486.4,31,0,0,5,8,0,0.0,0.0,669.6,638.4,614.67,624.07,426.2,31.2,-9.4
CP006,Kids,Emerald,Kids,10,5,583.0,1819.49,0.0,1079766.88,498.2,31,1,0,0,9,0,0.0,0.0,562.4,616.0,613.07,631.0,449.8,-53.6,-17.93
CP006,Kids,Emerald,Kids,11,5,525.2,1876.52,0.13,1032050.23,457.6,27,0,0,0,9,5,29.0,25.75,583.0,572.7,605.0,606.0,408.8,10.3,-1.0
CP006,Kids,Emerald,Kids,12,5,672.2,1768.21,0.43,1240561.45,579.6,29,1,6,0,9,16,30.0,22.02,525.2,554.1,556.87,585.77,520.8,-28.9,-28.9
CP006,Kids,Hustle,Kids,1,5,485.4,1819.34,0.04,937275.91,415.2,29,0,0,10,9,4,15.0,11.77,325.2,301.9,307.07,309.43,383.2,23.3,-2.37
CP006,Kids,Hustle,Kids,2,5,359.8,1853.16,0.0,707881.83,309.8,26,1,0,0,8,0,0.0,0.0,485.4,362.3,334.4,324.77,279.8,123.1,9.63
CP006,Kids,Hustle,Kids,3,5,422.6,1793.75,0.0,790472.87,361.4,29,0,0,0,9,0,0.0,0.0,359.8,422.6,342.0,319.7,327.6,-62.8,22.3
CP006,Kids,Hustle,Kids,4,5,472.8,1926.21,0.21,969196.38,404.8,24,2,9,0,9,9,24.0,18.11,422.6,391.2,422.6,328.4,383.0,31.4,94.2
CP006,Kids,Hustle,Kids,5,5,345.4,1873.75,0.05,665803.43,287.4,26,2,1,0,9,6,15.0,12.0,472.8,447.7,418.4,338.07,276.2,25.1,80.33
CP006,Kids,Hustle,Kids,6,5,375.0,1869.55,0.0,742946.99,310.0,28,1,0,0,9,0,0.0,0.0,345.4,409.1,413.6,338.9,296.0,-63.7,74.7
CP006,Kids,Hustle,Kids,7,5,386.2,1975.09,0.07,803858.77,330.0,27,0,0,0,9,5,18.0,13.9,375.0,360.2,397.73,410.17,307.4,14.8,-12.43
CP006,Kids,Hustle,Kids,8,5,395.2,1817.6,0.09,737521.49,339.4,26,0,0,21,9,7,20.0,16.96,386.2,380.6,368.87,393.63,331.8,5.6,-24.77
CP006,Kids,Hustle,Kids,9,5,373.4,1916.08,0.0,755083.22,315.0,26,0,0,5,8,0,0.0,0.0,395.2,390.7,385.47,399.53,296.2,4.5,-14.07
CP006,Kids,Hustle,Kids,10,5,385.4,1756.55,0.0,722265.39,326.2,27,1,0,0,9,0,0.0,0.0,373.4,384.3,384.93,391.33,317.4,-10.9,-6.4
CP006,Kids,Hustle,Kids,11,5,348.0,1873.43,0.0,686400.39,290.0,24,0,0,0,9,5,29.0,24.51,385.4,379.4,384.67,376.77,278.6,6.0,7.9
CP006,Kids,Hustle,Kids,12,5,413.2,1983.95,0.14,883288.36,358.6,23,1,6,0,9,15,30.0,22.75,348.0,366.7,368.93,377.2,325.2,-18.7,-8.27
CP006,Kids,King Street,Kids,1,5,174.4,2166.39,0.07,363618.0,145.6,13,0,0,10,9,3,12.0,10.6,147.0,119.8,119.13,113.73,126.6,27.2,5.4
CP006,Kids,King Street,Kids,2,5,146.0,2242.24,0.0,311379.49,122.6,13,1,0,0,8,0,0.0,0.0,174.4,142.8,126.07,117.1,105.4,31.6,8.97
CP006,Kids,King Street,Kids,3,5,127.4,2262.55,0.0,283953.51,104.8,11,0,0,0,9,0,0.0,0.0,146.0,160.2,134.6,117.7,93.8,-14.2,16.9
CP006,Kids,King Street,Kids,4,5,151.2,2155.07,0.31,308858.44,133.2,11,2,9,0,9,4,20.0,15.8,127.4,136.7,149.27,121.73,129.6,-9.3,27.53
CP006,Kids,King Street,Kids,5,5,113.2,2167.23,0.0,238725.53,96.0,11,2,1,0,9,2,13.0,12.67,151.2,139.3,141.53,123.4,77.6,11.9,18.13
CP006,Kids,King Street,Kids,6,5,143.8,2270.0,0.0,314583.63,117.2,13,1,0,0,9,0,0.0,0.0,113.2,132.2,130.6,123.8,121.2,-19.0,6.8
CP006,Kids,King Street,Kids,7,5,161.6,2135.9,0.3,326219.75,134.2,13,0,0,0,9,2,16.0,14.0,143.8,128.5,136.07,142.67,118.4,15.3,-6.6
CP006,Kids,King Street,Kids,8,5,152.2,2175.56,0.0,328872.66,129.8,14,0,0,21,9,2,15.0,13.36,161.6,152.7,139.53,140.53,114.6,8.9,-1.0
CP006,Kids,King Street,Kids,9,5,131.6,2038.98,0.0,267690.93,108.6,12,0,0,5,8,0,0.0,0.0,152.2,156.9,152.53,141.57,92.0,-4.7,10.97
CP006,Kids,King Street,Kids,10,5,163.4,2279.82,0.0,364481.64,131.2,13,1,0,0,9,0,0.0,0.0,131.6,141.9,148.47,142.27,117.8,-10.3,6.2
CP006,Kids,King Street,Kids,11,5,105.2,2345.84,0.0,238288.36,88.2,11,0,0,0,9,4,28.0,24.7,163.4,147.5,149.07,144.3,92.6,15.9,4.77
CP006,Kids,King Street,Kids,12,5,180.4,2167.42,0.0,377071.91,159.6,12,1,6,0,9,5,30.0,25.04,105.2,134.3,133.4,142.97,147.0,-29.1,-9.57
CP006,Kids,Libera,Kids,1,5,197.2,1877.73,0.0,367194.65,166.8,12,0,0,10,9,3,14.0,12.42,227.8,177.4,158.87,151.6,163.8,50.4,7.27
CP006,Kids,Libera,Kids,2,5,154.6,1972.41,0.0,300426.21,131.0,10,1,0,0,8,0,0.0,0.0,197.2,197.4,173.93,155.27,117.8,-0.2,18.67
CP006,Kids,Libera,Kids,3,5,182.4,2079.6,0.0,367492.14,154.2,12,0,0,0,9,0,0.0,0.0,154.6,175.9,173.47,152.4,151.0,-21.3,21.07
CP006,Kids,Libera,Kids,4,5,211.0,1964.58,0.0,391399.11,181.4,10,2,9,0,9,3,20.0,17.85,182.4,168.5,178.07,151.8,151.0,13.9,26.27
CP006,Kids,Libera,Kids,5,5,183.2,2023.29,0.0,361858.4,158.2,11,2,1,0,9,1,13.0,12.33,211.0,196.7,182.67,161.6,162.2,14.3,21.07
CP006,Kids,Libera,Kids,6,5,157.0,2056.94,0.0,317184.79,134.2,11,1,0,0,9,0,0.0,0.0,183.2,197.1,192.2,165.83,118.4,-13.9,26.37
CP006,Kids,Libera,Kids,7,5,188.4,2006.16,0.0,364387.16,160.0,12,0,0,0,9,3,18.0,14.5,157.0,170.1,183.73,180.9,145.0,-13.1,2.83
CP006,Kids,Libera,Kids,8,5,195.0,2170.6,0.0,406853.45,168.2,11,0,0,21,9,2,18.0,14.75,188.4,172.7,176.2,179.43,142.8,15.7,-3.23
CP006,Kids,Libera,Kids,9,5,176.0,2123.51,0.0,380485.55,150.2,12,0,0,5,8,0,0.0,0.0,195.0,191.7,180.13,186.17,145.2,3.3,-6.03
CP006,Kids,Libera,Kids,10,5,153.6,2063.12,0.0,324092.87,129.8,10,1,0,0,9,0,0.0,0.0,176.0,185.5,186.47,185.1,121.8,-9.5,1.37
CP006,Kids,Libera,Kids,11,5,171.4,2041.9,0.0,348450.85,145.0,11,0,0,0,9,2,26.0,24.5,153.6,164.8,174.87,175.53,127.0,-11.2,-0.67
CP006,Kids,Libera,Kids,12,5,275.6,2005.36,0.0,525186.42,239.8,13,1,6,0,9,4,27.0,21.27,171.4,162.5,167.0,173.57,227.8,8.9,-6.57
CP006,Kids,Miss Modano,Kids,1,5,326.4,1991.13,0.06,612822.72,277.6,21,0,0,10,9,7,15.0,12.32,474.0,382.8,345.13,318.93,262.8,91.2,26.2
CP006,Kids,Miss Modano,Kids,2,5,347.6,2017.63,0.0,692858.61,295.8,22,1,0,0,8,0,0.0,0.0,326.4,372.2,345.33,319.33,265.2,-45.8,26.0
CP006,Kids,Miss Modano,Kids,3,5,370.0,2082.96,0.0,769257.62,313.6,25,0,0,0,9,0,0.0,0.0,347.6,337.0,343.67,314.97,301.2,10.6,28.7
CP006,Kids,Miss Modano,Kids,4,5,450.6,1999.41,0.24,918378.57,388.8,22,2,9,0,9,7,24.0,17.64,370.0,358.8,348.0,316.4,316.0,11.2,31.6
CP006,Kids,Miss Modano,Kids,5,5,351.8,1989.17,0.0,660040.79,298.4,26,2,1,0,9,4,15.0,12.68,450.6,410.3,389.4,332.43,280.4,40.3,56.97
CP006,Kids,Miss Modano,Kids,6,5,299.4,2011.63,0.0,560201.65,251.8,23,1,0,0,9,0,0.0,0.0,351.8,401.2,390.8,331.8,241.8,-49.4,59.0
CP006,Kids,Miss Modano,Kids,7,5,362.0,2050.28,0.0,726555.12,304.8,24,0,0,0,9,4,20.0,14.88,299.4,325.6,367.27,357.63,268.0,-26.2,9.63
CP006,Kids,Miss Modano,Kids,8,5,376.4,1977.37,0.13,699945.56,318.8,21,0,0,21,9,4,17.0,15.08,362.0,330.7,337.73,363.57,312.8,31.3,-25.83
CP006,Kids,Miss Modano,Kids,9,5,375.8,1974.62,0.0,729564.06,318.0,24,0,0,5,8,0,0.0,0.0,376.4,369.2,345.93,368.37,297.4,7.2,-22.43
CP006,Kids,Miss Modano,Kids,10,5,335.2,2042.87,0.0,689032.65,280.2,23,1,0,0,9,0,0.0,0.0,375.8,376.1,371.4,369.33,269.8,-0.3,2.07
CP006,Kids,Miss Modano,Kids,11,5,361.2,2014.08,0.0,692358.48,300.2,25,0,0,0,9,4,29.0,25.0,335.2,355.5,362.47,350.1,291.6,-20.3,12.37
CP006,Kids,Miss Modano,Kids,12,5,555.6,1929.12,0.34,1044076.48,484.0,25,1,6,0,9,13,29.0,21.53,361.2,348.2,357.4,351.67,474.0,13.0,5.73
CP006,Kids,Modano,Kids,1,5,244.2,2118.34,0.26,505232.63,207.2,21,0,0,10,9,5,15.0,11.97,241.2,219.9,228.93,207.7,199.6,21.3,21.23
CP006,Kids,Modano,Kids,2,5,236.6,2110.86,0.0,505530.63,199.2,19,1,0,0,8,0,0.0,0.0,244.2,220.3,213.07,207.3,191.4,23.9,5.77
CP006,Kids,Modano,Kids,3,5,205.0,2034.63,0.0,421308.99,171.6,20,0,0,0,9,0,0.0,0.0,236.6,240.4,207.0,204.5,168.0,-3.8,2.5
CP006,Kids,Modano,Kids,4,5,327.6,2030.23,0.0,670511.84,283.8,21,2,9,0,9,8,24.0,16.79,205.0,220.8,228.6,204.4,245.6,-15.8,24.2
CP006,Kids,Modano,Kids,5,5,217.2,1928.81,0.24,440690.48,182.8,20,2,1,0,9,2,14.0,12.92,327.6,266.3,256.4,209.67,193.6,61.3,46.73
CP006,Kids,Modano,Kids,6,5,232.4,2080.15,0.0,491731.95,199.4,21,1,0,0,9,0,0.0,0.0,217.2,272.4,249.93,204.47,186.2,-55.2,45.47
CP006,Kids,Modano,Kids,7,5,244.2,2067.87,0.0,492183.29,204.6,21,0,0,0,9,5,19.0,14.63,232.4,224.8,259.07,243.83,201.8,7.6,15.23
CP006,Kids,Modano,Kids,8,5,243.0,2162.58,0.0,524702.11,208.4,20,0,0,21,9,5,20.0,17.01,244.2,238.3,231.27,243.83,197.2,5.9,-12.57
CP006,Kids,Modano,Kids,9,5,210.2,2067.99,0.0,447530.19,178.8,18,0,0,5,8,0,0.0,0.0,243.0,243.6,239.87,244.9,160.4,-0.6,-5.03
CP006,Kids,Modano,Kids,10,5,281.4,2095.45,0.0,592663.31,233.2,24,1,0,0,9,0,0.0,0.0,210.2,226.6,232.47,245.77,247.0,-16.4,-13.3
CP006,Kids,Modano,Kids,11,5,238.0,2149.02,0.0,515883.65,197.2,21,0,0,0,9,3,21.0,19.25,281.4,245.8,244.87,238.07,198.6,35.6,6.8
CP006,Kids,Modano,Kids,12,5,304.4,2027.39,0.18,610547.76,262.2,19,1,6,0,9,9,29.0,21.39,238.0,259.7,243.2,241.53,241.2,-21.7,1.67
CP006,Men,Emerald,Men,1,5,427.4,3404.73,0.05,1511901.26,362.4,33,0,0,10,9,6,15.0,13.29,397.6,355.2,344.13,325.53,336.2,42.4,18.6
CP006,Men,Emerald,Men,2,5,394.4,3626.7,0.0,1467790.29,337.4,32,1,0,0,8,0,0.0,0.0,427.4,366.5,348.6,330.13,313.6,60.9,18.47
CP006,Men,Emerald,Men,3,5,408.6,3714.69,0.0,1579025.41,343.6,31,0,0,0,9,0,0.0,0.0,394.4,410.9,344.4,322.1,316.0,-16.5,22.3
CP006,Men,Emerald,Men,4,5,395.6,3749.89,0.08,1546770.36,337.8,29,2,9,0,9,11,25.0,17.25,408.6,401.5,410.13,328.63,281.2,7.1,81.5
CP006,Men,Emerald,Men,5,5,452.2,3708.61,0.0,1671729.57,378.2,32,2,1,0,9,6,15.0,12.56,395.6,402.1,399.53,328.53,370.6,-6.5,71.0
CP006,Men,Emerald,Men,6,5,373.0,3706.35,0.0,1399132.25,309.8,33,1,0,0,9,0,0.0,0.0,452.2,423.9,418.8,335.03,282.8,28.3,83.77
CP006,Men,Emerald,Men,7,5,386.6,3809.36,0.16,1517250.07,328.8,31,0,0,0,9,9,19.0,13.78,373.0,412.6,406.93,408.53,307.8,-39.6,-1.6
CP006,Men,Emerald,Men,8,5,427.6,3626.22,0.09,1541360.86,364.0,33,0,0,21,9,8,20.0,15.19,386.6,379.8,403.93,401.73,348.4,6.8,2.2
CP006,Men,Emerald,Men,9,5,352.8,3709.79,0.0,1407491.19,301.4,31,0,0,5,8,0,0.0,0.0,427.6,407.1,395.73,407.27,264.6,20.5,-11.53
CP006,Men,Emerald,Men,10,5,413.2,3650.69,0.0,1574881.07,352.4,34,1,0,0,9,0,0.0,0.0,352.8,390.2,389.0,397.97,322.0,-37.4,-8.97
CP006,Men,Emerald,Men,11,5,426.0,3803.43,0.0,1732503.47,355.8,29,0,0,0,9,4,28.0,24.29,413.2,383.0,397.87,400.9,312.8,30.2,-3.03
CP006,Men,Emerald,Men,12,5,485.6,3613.64,0.0,1861338.85,411.6,31,1,6,0,9,15,30.0,22.45,426.0,419.6,397.33,396.53,397.6,6.4,0.8
CP006,Men,Hustle,Men,1,5,362.4,3663.37,0.11,1320070.73,302.4,33,0,0,10,9,8,15.0,13.04,305.0,288.9,297.07,285.23,293.6,16.1,11.83
CP006,Men,Hustle,Men,2,5,311.0,3454.99,0.0,1022089.42,260.8,31,1,0,0,8,0,0.0,0.0,362.4,291.1,285.0,282.23,254.6,71.3,2.77
CP006,Men,Hustle,Men,3,5,376.0,3516.11,0.0,1319358.62,320.2,34,0,0,0,9,0,0.0,0.0,311.0,336.7,277.87,275.87,298.6,-25.7,2.0
CP006,Men,Hustle,Men,4,5,383.6,3507.24,0.12,1314192.82,315.2,32,2,9,0,9,8,25.0,18.69,376.0,343.5,349.8,286.93,305.6,32.5,62.87
CP006,Men,Hustle,Men,5,5,313.4,3443.13,0.06,1050580.43,259.2,31,2,1,0,9,7,15.0,12.9,383.6,379.8,356.87,285.53,246.8,3.8,71.33
CP006,Men,Hustle,Men,6,5,360.4,3640.25,0.0,1218615.18,297.4,34,1,0,0,9,0,0.0,0.0,313.4,348.5,357.67,281.3,282.6,-35.1,76.37
CP006,Men,Hustle,Men,7,5,362.4,3498.75,0.21,1262805.15,305.0,35,0,0,0,9,11,20.0,14.59,360.4,336.9,352.47,351.13,295.2,23.5,1.33
CP006,Men,Hustle,Men,8,5,372.6,3358.84,0.0,1200754.17,317.0,33,0,0,21,9,10,20.0,15.45,362.4,361.4,345.4,351.13,289.6,1.0,-5.73
CP006,Men,Hustle,Men,9,5,312.6,3568.42,0.0,1100882.44,257.4,30,0,0,5,8,0,0.0,0.0,372.6,367.5,365.13,361.4,235.4,5.1,3.73
CP006,Men,Hustle,Men,10,5,397.4,3581.13,0.0,1364822.62,341.2,33,1,0,0,9,0,0.0,0.0,312.6,342.6,349.2,350.83,313.4,-30.0,-1.63
CP006,Men,Hustle,Men,11,5,342.6,3483.54,0.0,1157374.8,287.6,32,0,0,0,9,4,27.0,23.6,397.4,355.0,360.87,353.13,272.8,42.4,7.73
CP006,Men,Hustle,Men,12,5,420.4,3455.15,0.22,1387121.66,354.2,33,1,6,0,9,14,30.0,22.86,342.6,370.0,350.87,358.0,305.0,-27.4,-7.13
CP006,Men,King Street,Men,1,5,125.8,3549.32,0.0,424509.64,104.8,12,0,0,10,9,2,12.0,11.25,116.6,113.4,113.87,108.73,96.6,3.2,5.13
CP006,Men,King Street,Men,2,5,129.8,3404.47,0.0,445326.06,106.6,14,1,0,0,8,0,0.0,0.0,125.8,110.7,110.53,112.67,94.2,15.1,-2.13
CP006,Men,King Street,Men,3,5,150.2,3449.87,0.0,511560.47,123.2,15,0,0,0,9,0,0.0,0.0,129.8,127.8,109.93,109.23,125.4,2.0,0.7
CP006,Men,King Street,Men,4,5,143.4,3797.36,0.14,551805.91,122.8,13,2,9,0,9,4,21.0,15.42,150.2,140.0,135.27,114.1,115.8,10.2,21.17
CP006,Men,King Street,Men,5,5,144.4,3667.85,0.0,537705.68,120.4,14,2,1,0,9,3,15.0,13.3,143.4,146.8,141.13,113.2,117.8,-3.4,27.93
CP006,Men,King Street,Men,6,5,125.6,3502.01,0.0,453016.93,100.8,12,1,0,0,9,0,0.0,0.0,144.4,143.9,146.0,113.9,104.2,0.5,32.1
CP006,Men,King Street,Men,7,5,102.6,3490.13,0.0,351635.82,83.4,11,0,0,0,9,3,18.0,14.5,125.6,135.0,137.8,136.53,81.2,-9.4,1.27
CP006,Men,King Street,Men,8,5,161.4,3339.37,0.14,538745.68,137.2,15,0,0,21,9,3,19.0,15.17,102.6,114.1,124.2,132.67,129.0,-11.5,-8.47
CP006,Men,King Street,Men,9,5,135.6,3431.71,0.0,463384.19,115.2,14,0,0,5,8,0,0.0,0.0,161.4,132.0,129.87,137.93,100.6,29.4,-8.07
CP006,Men,King Street,Men,10,5,147.4,3467.79,0.0,502980.21,118.6,13,1,0,0,9,0,0.0,0.0,135.6,148.5,133.2,135.5,114.8,-12.9,-2.3
CP006,Men,King Street,Men,11,5,132.2,3712.12,0.0,489480.22,111.4,13,0,0,0,9,2,23.0,20.75,147.4,141.5,148.13,136.17,110.2,5.9,11.97
CP006,Men,King Street,Men,12,5,159.2,3570.33,0.17,574254.91,137.0,13,1,6,0,9,6,30.0,24.06,132.2,139.8,138.4,134.13,116.6,-7.6,4.27
CP006,Men,Libera,Men,1,5,123.2,3517.45,0.0,489574.86,102.0,17,0,0,10,9,3,15.0,13.1,102.0,96.5,94.33,94.03,100.0,5.5,0.3
CP006,Men,Libera,Men,2,5,105.6,3604.71,0.0,395009.05,88.8,15,1,0,0,8,0,0.0,0.0,123.2,104.8,100.2,94.23,87.4,18.4,5.97
CP006,Men,Libera,Men,3,5,137.8,3358.78,0.0,506704.1,116.6,18,0,0,0,9,0,0.0,0.0,105.6,114.4,99.47,92.97,119.4,-8.8,6.5
CP006,Men,Libera,Men,4,5,140.6,3193.43,0.15,475313.59,117.2,17,2,9,0,9,6,22.0,15.71,137.8,121.7,122.2,97.87,105.6,16.1,24.33
CP006,Men,Libera,Men,5,5,107.0,3490.89,0.0,406325.74,90.4,17,2,1,0,9,2,12.0,11.17,140.6,139.2,128.0,103.43,79.2,1.4,24.57
CP006,Men,Libera,Men,6,5,148.8,3516.04,0.0,560517.99,125.2,18,1,0,0,9,0,0.0,0.0,107.0,123.8,128.47,103.3,113.0,-16.8,25.17
CP006,Men,Libera,Men,7,5,124.8,3594.97,0.12,491273.47,104.8,17,0,0,0,9,4,19.0,15.93,148.8,127.9,132.13,127.17,106.4,20.9,4.97
CP006,Men,Libera,Men,8,5,114.8,3498.04,0.27,420948.0,94.2,18,0,0,21,9,4,16.0,12.85,124.8,136.8,126.87,127.43,96.4,-12.0,-0.57
CP006,Men,Libera,Men,9,5,99.8,3234.75,0.0,355836.33,82.8,15,0,0,5,8,0,0.0,0.0,114.8,119.8,129.47,128.97,78.4,-5.0,0.5
CP006,Men,Libera,Men,10,5,109.0,3632.29,0.0,409966.82,91.4,17,1,0,0,9,0,0.0,0.0,99.8,107.3,113.13,122.63,90.0,-7.5,-9.5
CP006,Men,Libera,Men,11,5,120.2,3444.49,0.22,411288.77,99.8,17,0,0,0,9,4,28.0,24.5,109.0,104.4,107.87,117.37,91.0,4.6,-9.5
CP006,Men,Libera,Men,12,5,123.8,3474.14,0.0,417460.19,103.4,17,1,6,0,9,9,29.0,21.49,120.2,114.6,109.67,119.57,102.0,5.6,-9.9
CP006,Men,Miss Modano,Men,1,5,477.2,3711.45,0.04,1721133.68,402.4,34,0,0,10,9,8,15.0,12.57,440.8,380.0,367.73,362.3,374.2,60.8,5.43
CP006,Men,Miss Modano,Men,2,5,453.2,3672.07,0.0,1643528.77,381.4,35,1,0,0,8,0,0.0,0.0,477.2,410.7,380.2,360.17,332.4,66.5,20.03
CP006,Men,Miss Modano,Men,3,5,476.0,3575.68,0.0,1649820.41,402.6,34,0,0,0,9,0,0.0,0.0,453.2,465.2,404.87,369.93,344.4,-12.0,34.93
CP006,Men,Miss Modano,Men,4,5,496.6,3635.06,0.38,1700754.69,424.6,36,2,9,0,9,10,25.0,18.27,476.0,464.6,468.8,376.3,399.2,11.4,92.5
CP006,Men,Miss Modano,Men,5,5,494.0,3657.57,0.05,1777730.78,414.0,35,2,1,0,9,6,15.0,13.14,496.6,486.3,475.27,390.6,391.4,10.3,84.67
CP006,Men,Miss Modano,Men,6,5,381.6,3644.16,0.0,1343830.27,321.0,32,1,0,0,9,0,0.0,0.0,494.0,495.3,488.87,401.27,305.8,-1.3,87.6
CP006,Men,Miss Modano,Men,7,5,495.8,3429.09,0.08,1656020.1,422.8,34,0,0,0,9,9,19.0,14.55,381.6,437.8,457.4,463.1,393.4,-56.2,-5.7
CP006,Men,Miss Modano,Men,8,5,435.2,3618.17,0.04,1620456.43,371.8,32,0,0,21,9,6,19.0,14.21,495.8,438.7,457.13,466.2,334.6,57.1,-9.07
CP006,Men,Miss Modano,Men,9,5,439.8,3768.05,0.0,1593675.42,369.6,32,0,0,5,8,0,0.0,0.0,435.2,465.5,437.53,463.2,342.6,-30.3,-25.67
CP006,Men,Miss Modano,Men,10,5,414.2,3512.37,0.0,1482229.25,355.0,32,1,0,0,9,0,0.0,0.0,439.8,437.5,456.93,457.17,343.2,2.3,-0.23
CP006,Men,Miss Modano,Men,11,5,400.6,3674.08,0.0,1467027.91,341.8,32,0,0,0,9,6,29.0,25.67,414.2,427.0,429.73,443.43,319.2,-12.8,-13.7
CP006,Men,Miss Modano,Men,12,5,546.2,3563.13,0.14,1901434.62,468.8,34,1,6,0,9,19,30.0,22.45,400.6,407.4,418.2,427.87,440.8,-6.8,-9.67
CP006,Men,Modano,Men,1,5,179.0,3360.71,0.05,589808.85,143.4,26,0,0,10,9,5,14.0,12.21,203.2,163.9,157.87,146.13,134.6,39.3,11.73
CP006,Men,Modano,Men,2,5,172.6,3329.03,0.0,565909.98,139.4,23,1,0,0,8,0,0.0,0.0,179.0,177.7,160.0,150.2,142.8,1.3,9.8
CP006,Men,Modano,Men,3,5,203.2,3473.48,0.0,698176.42,164.2,26,0,0,0,9,0,0.0,0.0,172.6,175.8,163.6,152.0,161.0,-3.2,11.6
CP006,Men,Modano,Men,4,5,201.0,3621.45,0.0,719099.57,161.0,25,2,9,0,9,8,25.0,17.5,203.2,187.9,184.93,153.13,170.4,15.3,31.8
CP006,Men,Modano,Men,5,5,195.6,3275.74,0.06,640500.39,156.8,26,2,1,0,9,4,15.0,13.25,201.0,202.1,192.27,157.03,151.6,-1.1,35.23
CP006,Men,Modano,Men,6,5,156.8,3524.1,0.0,556989.84,124.6,24,1,0,0,9,0,0.0,0.0,195.6,198.3,199.93,161.77,114.6,-2.7,38.17
CP006,Men,Modano,Men,7,5,161.2,3442.45,0.0,546582.44,126.4,25,0,0,0,9,7,20.0,14.63,156.8,176.2,184.47,184.7,127.8,-19.4,-0.23
CP006,Men,Modano,Men,8,5,162.6,3478.96,0.0,553529.35,128.8,22,0,0,21,9,5,20.0,15.79,161.2,159.0,171.2,181.73,124.6,2.2,-10.53
CP006,Men,Modano,Men,9,5,186.4,3414.18,0.0,629069.4,147.0,25,0,0,5,8,0,0.0,0.0,162.6,161.9,160.2,180.07,150.8,0.7,-19.87
CP006,Men,Modano,Men,10,5,178.4,3503.62,0.0,618411.03,142.8,22,1,0,0,9,0,0.0,0.0,186.4,174.5,170.07,177.27,145.8,11.9,-7.2
CP006,Men,Modano,Men,11,5,155.6,3628.63,0.15,555698.9,123.2,20,0,0,0,9,5,30.0,27.29,178.4,182.4,175.8,173.5,124.6,-4.0,2.3
CP006,Men,Modano,Men,12,5,254.8,3350.39,0.22,843787.4,210.2,26,1,6,0,9,10,29.0,21.55,155.6,167.0,173.47,166.83,203.2,-11.4,6.63
CP006,Women,Emerald,Women,1,5,733.0,4093.74,0.04,2788057.14,633.0,37,0,0,10,9,10,15.0,12.37,818.0,660.3,645.13,591.4,567.8,157.7,53.73
CP006,Women,Emerald,Women,2,5,652.4,4005.13,0.0,2491298.13,561.2,36,1,0,0,8,0,0.0,0.0,733.0,715.8,644.73,597.63,490.6,17.2,47.1
CP006,Women,Emerald,Women,3,5,708.2,4023.07,0.0,2652932.74,601.8,37,0,0,0,9,0,0.0,0.0,652.4,692.7,656.87,612.43,547.4,-40.3,44.43
CP006,Women,Emerald,Women,4,5,906.4,3865.15,0.14,3280789.34,789.0,37,2,9,0,9,11,25.0,16.81,708.2,680.3,697.87,613.97,725.6,27.9,83.9
CP006,Women,Emerald,Women,5,5,716.4,4066.52,0.05,2693774.32,616.8,38,2,1,0,9,7,15.0,12.79,906.4,807.3,755.67,633.87,560.8,99.1,121.8
CP006,Women,Emerald,Women,6,5,704.4,4033.25,0.0,2633644.58,610.4,38,1,0,0,9,0,0.0,0.0,716.4,811.4,777.0,640.87,538.0,-95.0,136.13
CP006,Women,Emerald,Women,7,5,727.4,3993.4,0.26,2679786.13,620.6,36,0,0,0,9,12,20.0,14.17,704.4,710.4,775.73,736.8,576.2,-6.0,38.93
CP006,Women,Emerald,Women,8,5,569.8,4049.95,0.12,2179299.26,494.6,36,0,0,21,9,10,20.0,13.77,727.4,715.9,716.07,735.87,450.2,11.5,-19.8
CP006,Women,Emerald,Women,9,5,716.8,4103.01,0.0,2785442.92,619.2,37,0,0,5,8,0,0.0,0.0,569.8,648.6,667.2,722.1,586.6,-78.8,-54.9
CP006,Women,Emerald,Women,10,5,782.8,3937.38,0.0,2851636.57,677.6,39,1,0,0,9,0,0.0,0.0,716.8,643.3,671.33,723.53,614.8,73.5,-52.2
CP006,Women,Emerald,Women,11,5,668.2,3915.08,0.0,2355108.9,579.2,35,0,0,0,9,7,29.0,25.2,782.8,749.8,689.8,702.93,502.6,33.0,-13.13
CP006,Women,Emerald,Women,12,5,1002.6,4061.36,0.29,3828981.22,868.6,37,1,6,0,9,18,30.0,23.06,668.2,725.5,722.6,694.9,818.0,-57.3,27.7
CP006,Women,Hustle,Women,1,5,511.0,3714.09,0.04,2001886.21,441.0,31,0,0,10,9,10,15.0,12.19,605.4,500.8,496.6,461.83,391.8,104.6,34.77
CP006,Women,Hustle,Women,2,5,506.0,3588.05,0.0,1886049.77,437.4,32,1,0,0,8,0,0.0,0.0,511.0,517.0,476.73,461.8,417.4,-6.0,14.93
CP006,Women,Hustle,Women,3,5,548.6,3594.25,0.0,2043336.82,461.2,32,0,0,0,9,0,0.0,0.0,506.0,508.5,486.8,461.4,416.8,-2.5,25.4
CP006,Women,Hustle,Women,4,5,703.8,3709.67,0.05,2543384.67,606.8,33,2,9,0,9,9,24.0,17.57,548.6,527.3,521.87,469.17,562.2,21.3,52.7
CP006,Women,Hustle,Women,5,5,561.6,3720.85,0.09,2109493.86,489.0,33,2,1,0,9,4,15.0,12.15,703.8,626.2,586.13,474.6,474.6,77.6,111.53
CP006,Women,Hustle,Women,6,5,528.8,3579.68,0.0,1962956.54,446.4,33,1,0,0,9,0,0.0,0.0,561.6,632.7,604.67,483.43,387.8,-71.1,121.23
CP006,Women,Hustle,Women,7,5,512.8,3768.54,0.16,2023853.12,439.8,33,0,0,0,9,10,19.0,15.3,528.8,545.2,598.07,559.97,428.8,-16.4,38.1
CP006,Women,Hustle,Women,8,5,549.4,3901.35,0.0,2237562.23,469.6,33,0,0,21,9,8,20.0,15.71,512.8,520.8,534.4,560.27,428.8,-8.0,-25.87
CP006,Women,Hustle,Women,9,5,563.2,3552.35,0.0,2088790.56,489.0,34,0,0,5,8,0,0.0,0.0,549.4,531.1,530.33,567.5,423.6,18.3,-37.17
CP006,Women,Hustle,Women,10,5,607.4,3503.95,0.0,2241955.18,517.6,33,1,0,0,9,0,0.0,0.0,563.2,556.3,541.8,569.93,488.2,6.9,-28.13
CP006,Women,Hustle,Women,11,5,514.6,3701.27,0.16,2033534.25,439.2,32,0,0,0,9,6,30.0,25.17,607.4,585.3,573.33,553.87,396.2,22.1,19.47
CP006,Women,Hustle,Women,12,5,751.4,3629.86,0.19,2946421.25,658.6,32,1,6,0,9,17,30.0,22.34,514.6,561.0,561.73,546.03,605.4,-46.4,15.7
CP006,Women,King Street,Women,1,5,223.0,4140.67,0.12,894742.53,191.8,15,0,0,10,9,4,14.0,11.2,262.0,232.7,226.4,208.5,174.2,29.3,17.9
CP006,Women,King Street,Women,2,5,227.8,3726.09,0.0,872810.19,188.2,14,1,0,0,8,0,0.0,0.0,223.0,223.8,217.0,205.67,187.2,-0.8,11.33
CP006,Women,King Street,Women,3,5,200.2,4117.56,0.0,826132.98,170.0,13,0,0,0,9,0,0.0,0.0,227.8,225.4,209.67,203.2,148.6,2.4,6.47
CP006,Women,King Street,Women,4,5,312.6,3969.07,0.0,1261607.29,272.4,16,2,9,0,9,5,23.0,17.96,200.2,214.0,217.0,203.37,261.4,-13.8,13.63
CP006,Women,King Street,Women,5,5,222.8,4045.38,0.0,923938.41,185.8,13,2,1,0,9,2,12.0,10.83,312.6,256.4,246.87,211.57,184.2,56.2,35.3
CP006,Women,King Street,Women,6,5,215.2,4220.6,0.0,889457.76,186.2,13,1,0,0,9,0,0.0,0.0,222.8,267.7,245.2,209.03,171.4,-44.9,36.17
CP006,Women,King Street,Women,7,5,253.4,4025.83,0.15,1039700.07,216.8,16,0,0,0,9,5,18.0,14.83,215.2,219.0,250.2,233.6,202.6,-3.8,16.6
CP006,Women,King Street,Women,8,5,273.6,4021.97,0.0,1076518.17,231.8,16,0,0,21,9,4,20.0,17.1,253.4,234.3,230.47,238.67,196.2,19.1,-8.2
CP006,Women,King Street,Women,9,5,242.6,4144.4,0.0,982689.61,207.6,16,0,0,5,8,0,0.0,0.0,273.6,263.5,247.4,246.3,173.0,10.1,1.1
CP006,Women,King Street,Women,10,5,268.0,3726.19,0.0,1000422.62,228.0,17,1,0,0,9,0,0.0,0.0,242.6,258.1,256.53,253.37,213.8,-15.5,3.17
CP006,Women,King Street,Women,11,5,248.6,3919.33,0.0,931432.31,211.0,14,0,0,0,9,3,26.0,25.08,268.0,255.3,261.4,245.93,203.4,12.7,15.47
CP006,Women,King Street,Women,12,5,300.8,3633.77,0.59,1162873.11,266.2,14,1,6,0,9,7,30.0,24.39,248.6,258.3,253.07,250.23,262.0,-9.7,2.83
CP006,Women,Libera,Women,1,5,167.8,3727.55,0.0,572671.5,142.0,12,0,0,10,9,4,14.0,12.62,211.4,167.0,162.53,162.87,131.6,44.4,-0.33
CP006,Women,Libera,Women,2,5,233.0,3959.88,0.0,876150.12,196.6,14,1,0,0,8,0,0.0,0.0,167.8,176.3,158.4,160.43,174.8,-8.5,-2.03
CP006,Women,Libera,Women,3,5,153.2,3920.79,0.0,569809.35,127.8,13,0,0,0,9,0,0.0,0.0,233.0,200.4,181.87,168.07,128.8,32.6,13.8
CP006,Women,Libera,Women,4,5,205.2,3958.47,0.0,766554.74,177.2,12,2,9,0,9,4,21.0,16.05,153.2,193.1,184.67,156.0,163.4,-39.9,28.67
CP006,Women,Libera,Women,5,5,189.6,3822.25,0.0,684143.06,161.6,13,2,1,0,9,2,10.0,9.0,205.2,179.2,197.13,154.47,160.8,26.0,42.67
CP006,Women,Libera,Women,6,5,186.2,3877.1,0.0,653085.8,155.8,14,1,0,0,9,0,0.0,0.0,189.6,197.4,182.67,156.63,147.4,-7.8,26.03
CP006,Women,Libera,Women,7,5,189.6,4184.32,0.09,766442.15,160.0,12,0,0,0,9,5,19.0,15.3,186.2,187.9,193.67,189.17,155.8,-1.7,4.5
CP006,Women,Libera,Women,8,5,173.8,3949.8,0.22,644186.31,148.2,13,0,0,21,9,2,12.0,11.5,189.6,187.9,188.47,192.8,147.2,1.7,-4.33
CP006,Women,Libera,Women,9,5,218.2,3847.58,0.0,788250.4,185.0,13,0,0,5,8,0,0.0,0.0,173.8,181.7,183.2,182.93,186.6,-7.9,0.27
CP006,Women,Libera,Women,10,5,221.0,3767.18,0.0,751504.45,186.0,14,1,0,0,9,0,0.0,0.0,218.2,196.0,193.87,193.77,153.6,22.2,0.1
CP006,Women,Libera,Women,11,5,159.4,3976.9,0.0,614154.14,132.4,13,0,0,0,9,1,14.0,14.0,221.0,219.6,204.33,196.4,122.6,1.4,7.93
CP006,Women,Libera,Women,12,5,254.2,3905.38,0.41,982497.79,215.4,13,1,6,0,9,7,29.0,23.01,159.4,190.2,199.53,191.37,211.4,-30.8,8.17
CP006,Women,Miss Modano,Women,1,5,399.2,4150.61,0.14,1662689.36,340.2,26,0,0,10,9,8,15.0,11.85,391.0,364.8,341.6,335.73,319.8,26.2,5.87
CP006,Women,Miss Modano,Women,2,5,376.6,3967.87,0.0,1536741.15,318.4,24,1,0,0,8,0,0.0,0.0,399.2,356.7,350.67,330.53,330.8,42.5,20.13
CP006,Women,Miss Modano,Women,3,5,421.6,3839.63,0.0,1619808.14,357.8,27,0,0,0,9,0,0.0,0.0,376.6,387.9,345.07,330.77,334.2,-11.3,14.3
CP006,Women,Miss Modano,Women,4,5,458.6,4025.0,0.05,1878892.45,399.2,23,2,9,0,9,8,24.0,17.52,421.6,399.1,399.13,339.0,368.0,22.5,60.13
CP006,Women,Miss Modano,Women,5,5,465.0,3991.24,0.09,1860192.87,402.0,26,2,1,0,9,4,13.0,12.26,458.6,440.1,418.93,354.07,355.2,18.5,64.87
CP006,Women,Miss Modano,Women,6,5,406.6,4113.41,0.0,1689063.13,343.2,26,1,0,0,9,0,0.0,0.0,465.0,461.8,448.4,360.1,322.6,3.2,88.3
CP006,Women,Miss Modano,Women,7,5,455.0,4093.85,0.0,1882883.54,387.0,27,0,0,0,9,7,20.0,15.15,406.6,435.8,443.4,421.27,353.6,-29.2,22.13
CP006,Women,Miss Modano,Women,8,5,385.8,4063.91,0.05,1533416.31,332.8,25,0,0,21,9,4,17.0,14.11,455.0,430.8,442.2,430.57,320.4,24.2,11.63
CP006,Women,Miss Modano,Women,9,5,384.0,4197.57,0.0,1624217.38,330.6,24,0,0,5,8,0,0.0,0.0,385.8,420.4,415.8,432.1,315.6,-34.6,-16.3
CP006,Women,Miss Modano,Women,10,5,374.6,4100.98,0.0,1538863.97,319.2,24,1,0,0,9,0,0.0,0.0,384.0,384.9,408.27,425.83,295.2,-0.9,-17.57
CP006,Women,Miss Modano,Women,11,5,436.0,3969.66,0.0,1684682.71,370.2,25,0,0,0,9,3,29.0,25.6,374.6,379.3,381.47,411.83,338.6,-4.7,-30.37
CP006,Women,Miss Modano,Women,12,5,491.2,4044.59,0.09,2004794.94,423.6,24,1,6,0,9,13,29.0,21.02,436.0,405.3,398.2,407.0,391.0,30.7,-8.8
CP006,Women,Modano,Women,1,5,380.2,3807.46,0.04,1494708.79,323.4,29,0,0,10,9,5,15.0,12.38,416.2,371.5,362.2,332.27,306.6,44.7,29.93
CP006,Women,Modano,Women,2,5,340.4,4295.37,0.0,1458073.64,291.8,27,1,0,0,8,0,0.0,0.0,380.2,371.7,356.73,332.37,274.8,8.5,24.37
CP006,Women,Modano,Women,3,5,396.4,4074.91,0.0,1640049.08,343.0,27,0,0,0,9,0,0.0,0.0,340.4,360.3,337.2,332.83,314.6,-19.9,4.37
CP006,Women,Modano,Women,4,5,481.8,4220.63,0.04,2013759.29,418.6,26,2,9,0,9,7,24.0,16.43,396.4,368.4,372.33,331.1,385.0,28.0,41.23
CP006,Women,Modano,Women,5,5,358.0,4028.01,0.08,1471105.31,302.6,28,2,1,0,9,3,10.0,8.74,481.8,439.1,406.2,342.37,288.0,42.7,63.83
CP006,Women,Modano,Women,6,5,424.4,4004.72,0.0,1653933.22,359.8,29,1,0,0,9,0,0.0,0.0,358.0,419.9,412.07,334.4,340.8,-61.9,77.67
CP006,Women,Modano,Women,7,5,424.8,3773.19,0.07,1691884.73,364.0,31,0,0,0,9,6,16.0,12.48,424.4,391.2,421.4,396.87,326.6,33.2,24.53
CP006,Women,Modano,Women,8,5,345.0,4211.35,0.0,1532069.33,293.2,28,0,0,21,9,6,20.0,15.05,424.8,424.6,402.4,404.3,265.4,0.2,-1.9
CP006,Women,Modano,Women,9,5,407.8,3953.55,0.0,1674949.58,348.4,29,0,0,5,8,0,0.0,0.0,345.0,384.9,398.07,405.07,315.0,-39.9,-7.0
CP006,Women,Modano,Women,10,5,427.8,3984.32,0.0,1684947.02,357.0,31,1,0,0,9,0,0.0,0.0,407.8,376.4,392.53,406.97,343.6,31.4,-14.43
CP006,Women,Modano,Women,11,5,430.6,4022.47,0.13,1679183.39,365.6,28,0,0,0,9,5,26.0,23.1,427.8,417.8,393.53,397.97,326.8,10.0,-4.43
CP006,Women,Modano,Women,12,5,522.6,4057.58,0.17,2326311.1,443.2,26,1,6,0,9,12,30.0,21.68,430.6,429.2,422.07,410.07,416.2,1.4,12.0
CP007,Accessories,Emerald,Men,1,5,9.6,2996.45,0.5,26439.66,7.0,4,0,0,10,9,1,9.0,8.33,8.0,5.9,6.53,7.43,7.2,2.1,-0.9
CP007,Accessories,Emerald,Men,2,5,11.2,2720.76,0.0,29857.84,8.6,4,1,0,0,8,0,0.0,0.0,9.6,7.7,6.4,7.07,9.8,1.9,-0.67
CP007,Accessories,Emerald,Men,3,5,9.8,2448.54,0.0,24795.18,7.8,4,0,0,0,9,0,0.0,0.0,11.2,10.4,8.53,7.47,7.6,0.8,1.07
CP007,Accessories,Emerald,Men,4,5,12.6,2753.33,0.2,31875.98,9.8,4,2,9,0,9,1,7.0,7.0,9.8,10.5,10.2,7.5,9.2,-0.7,2.7
CP007,Accessories,Emerald,Men,5,5,7.8,3684.19,0.0,29098.85,6.0,3,2,1,0,9,1,7.0,7.0,12.6,11.2,11.2,7.9,6.8,1.4,3.3
CP007,Accessories,Emerald,Men,6,5,11.2,2946.42,0.0,33151.96,9.0,4,1,0,0,9,0,0.0,0.0,7.8,10.2,10.07,8.33,9.0,-2.4,1.73
CP007,Accessories,Emerald,Men,7,5,11.2,2661.8,0.0,30258.17,8.2,4,0,0,0,9,1,5.0,4.5,11.2,9.5,10.53,10.37,9.6,1.7,0.17
CP007,Accessories,Emerald,Men,8,5,9.6,2683.35,0.0,25707.6,7.2,4,0,0,21,9,0,6.0,6.0,11.2,11.2,10.07,10.63,7.8,0.0,-0.57
CP007,Accessories,Emerald,Men,9,5,9.0,2884.97,0.0,26470.78,6.6,4,0,0,5,8,0,0.0,0.0,9.6,10.4,10.67,10.37,7.6,-0.8,0.3
CP007,Accessories,Emerald,Men,10,5,9.8,2882.15,0.0,28164.41,8.0,4,1,0,0,9,0,0.0,0.0,9.0,9.3,9.93,10.23,7.8,-0.3,-0.3
CP007,Accessories,Emerald,Men,11,5,6.0,3468.29,0.0,19446.07,5.2,3,0,0,0,9,1,14.0,14.0,9.8,9.4,9.47,9.77,3.8,0.4,-0.3
CP007,Accessories,Emerald,Men,12,5,10.4,3075.34,0.0,27128.66,7.8,4,1,6,0,9,2,22.0,19.0,6.0,7.9,8.27,9.47,8.0,-1.9,-1.2
CP007,Accessories,Emerald,Unisex,1,5,19.8,2277.34,0.0,44489.98,15.8,9,0,0,10,9,1,7.0,6.25,18.6,19.0,18.0,17.03,16.4,-0.4,0.97
CP007,Accessories,Emerald,Unisex,2,5,19.0,2351.86,0.0,44436.29,16.8,9,1,0,0,8,0,0.0,0.0,19.8,17.4,18.07,17.27,15.8,2.4,0.8
CP007,Accessories,Emerald,Unisex,3,5,23.2,2251.69,0.0,50114.78,19.8,9,0,0,0,9,0,0.0,0.0,19.0,19.4,16.73,17.07,18.2,-0.4,-0.33
CP007,Accessories,Emerald,Unisex,4,5,23.8,2212.9,0.29,51805.84,19.6,9,2,9,0,9,3,24.0,18.52,23.2,21.1,20.67,17.53,16.8,2.1,3.13
CP007,Accessories,Emerald,Unisex,5,5,21.8,2374.99,0.0,51101.17,20.0,11,2,1,0,9,1,10.0,9.5,23.8,23.5,22.0,18.27,17.0,0.3,3.73
CP007,Accessories,Emerald,Unisex,6,5,16.4,2275.59,0.0,37250.48,14.0,9,1,0,0,9,0,0.0,0.0,21.8,22.8,22.93,17.93,12.4,-1.0,5.0
CP007,Accessories,Emerald,Unisex,7,5,18.4,2014.81,0.0,38128.23,15.8,10,0,0,0,9,2,16.0,14.0,16.4,19.1,20.67,20.67,14.8,-2.7,0.0
CP007,Accessories,Emerald,Unisex,8,5,20.0,2332.74,0.13,44658.86,16.6,9,0,0,21,9,2,16.0,15.33,18.4,17.4,18.87,20.43,16.6,1.0,-1.57
CP007,Accessories,Emerald,Unisex,9,5,19.6,2330.95,0.0,45562.82,16.6,9,0,0,5,8,0,0.0,0.0,20.0,19.2,18.27,20.6,16.8,0.8,-2.33
CP007,Accessories,Emerald,Unisex,10,5,21.4,2121.99,0.0,46115.9,20.0,10,1,0,0,9,0,0.0,0.0,19.6,19.8,19.33,20.0,16.0,-0.2,-0.67
CP007,Accessories,Emerald,Unisex,11,5,23.6,2190.94,0.0,50294.78,20.4,11,0,0,0,9,1,22.0,22.0,21.4,20.5,20.33,19.6,19.4,0.9,0.73
CP007,Accessories,Emerald,Unisex,12,5,25.4,2340.49,0.17,59432.88,21.4,10,1,6,0,9,6,30.0,21.74,23.6,22.5,21.53,19.9,18.6,1.1,1.63
CP007,Accessories,Emerald,Women,1,5,4.2,3139.68,0.0,14439.07,3.6,2,0,0,10,9,1,7.0,7.0,4.0,4.2,4.2,4.3,4.4,-0.2,-0.1
CP007,Accessories,Emerald,Women,2,5,3.2,2616.15,0.0,8953.59,3.0,2,1,0,0,8,0,0.0,0.0,4.2,4.0,4.13,3.83,2.0,0.2,0.3
CP007,Accessories,Emerald,Women,3,5,5.4,2686.15,0.0,16336.73,4.4,2,0,0,0,9,0,0.0,0.0,3.2,3.7,3.6,3.57,3.6,-0.5,0.03
CP007,Accessories,Emerald,Women,4,5,5.4,2546.16,0.0,16042.57,4.8,2,2,9,0,9,1,11.0,11.0,5.4,4.3,4.27,3.9,3.4,1.1,0.37
CP007,Accessories,Emerald,Women,5,5,5.4,2782.68,0.0,15447.84,4.6,3,2,1,0,9,0,5.0,5.0,5.4,5.4,4.67,3.83,3.8,0.0,0.83
CP007,Accessories,Emerald,Women,6,5,9.2,2935.45,0.0,31286.1,7.6,3,1,0,0,9,0,0.0,0.0,5.4,5.4,5.4,3.93,5.6,0.0,1.47
CP007,Accessories,Emerald,Women,7,5,4.0,3488.68,0.0,14521.46,3.2,2,0,0,0,9,1,5.0,5.0,9.2,7.3,6.67,5.47,6.8,1.9,1.2
CP007,Accessories,Emerald,Women,8,5,4.4,2839.04,0.0,12327.71,3.8,3,0,0,21,9,1,9.0,9.0,4.0,6.6,6.2,5.43,4.4,-2.6,0.77
CP007,Accessories,Emerald,Women,9,5,3.6,2657.13,0.0,10592.47,3.0,2,0,0,5,8,0,0.0,0.0,4.4,4.2,5.87,5.63,2.0,0.2,0.23
CP007,Accessories,Emerald,Women,10,5,5.0,2237.3,0.0,12120.75,4.6,2,1,0,0,9,0,0.0,0.0,3.6,4.0,4.0,5.33,4.2,-0.4,-1.33
CP007,Accessories,Emerald,Women,11,3,4.67,3234.82,0.0,16611.76,3.67,3,0,0,0,9,0,8.33,8.33,4.67,3.67,4.44,4.83,6.0,1.0,-0.39
CP007,Accessories,Emerald,Women,12,5,5.0,2419.05,0.0,12953.11,4.0,3,1,6,0,9,1,20.0,18.5,5.0,4.9,4.07,5.27,3.4,0.1,-1.2
CP007,Accessories,Hustle,Men,1,5,9.0,2646.79,0.0,25092.06,7.0,5,0,0,10,9,1,9.0,8.5,10.6,9.5,9.6,8.87,7.0,1.1,0.73
CP007,Accessories,Hustle,Men,2,5,8.8,2346.17,0.0,20745.79,7.2,4,1,0,0,8,0,0.0,0.0,9.0,8.9,8.73,8.8,6.6,0.1,-0.07
CP007,Accessories,Hustle,Men,3,5,12.6,2779.71,0.0,32349.97,11.0,7,0,0,0,9,0,0.0,0.0,8.8,8.9,8.33,8.5,10.6,-0.1,-0.17
CP007,Accessories,Hustle,Men,4,5,13.2,3113.96,0.0,39818.73,10.6,7,2,9,0,9,2,20.0,17.5,12.6,10.7,10.13,8.87,10.8,1.9,1.27
CP007,Accessories,Hustle,Men,5,5,7.0,2737.78,0.0,19916.08,6.6,4,2,1,0,9,1,7.0,6.33,13.2,12.9,11.53,8.87,5.2,0.3,2.67
CP007,Accessories,Hustle,Men,6,5,12.0,2415.23,0.0,31333.05,11.0,6,1,0,0,9,0,0.0,0.0,7.0,10.1,10.93,8.5,7.8,-3.1,2.43
CP007,Accessories,Hustle,Men,7,5,9.2,2711.65,0.2,24045.35,8.0,5,0,0,0,9,2,16.0,13.75,12.0,9.5,10.73,10.43,7.6,2.5,0.3
CP007,Accessories,Hustle,Men,8,5,11.6,2268.56,0.0,26563.65,9.6,6,0,0,21,9,1,11.0,10.5,9.2,10.6,9.4,10.47,9.0,-1.4,-1.07
CP007,Accessories,Hustle,Men,9,5,9.6,2793.26,0.0,25323.45,8.2,5,0,0,5,8,0,0.0,0.0,11.6,10.4,10.93,10.93,7.8,1.2,0.0
CP007,Accessories,Hustle,Men,10,5,12.0,2617.97,0.0,27733.54,9.8,6,1,0,0,9,0,0.0,0.0,9.6,10.6,10.13,10.43,9.8,-1.0,-0.3
CP007,Accessories,Hustle,Men,11,5,12.0,3064.48,0.0,35216.09,10.6,7,0,0,0,9,1,15.0,14.33,12.0,10.8,11.07,10.23,8.4,1.2,0.83
CP007,Accessories,Hustle,Men,12,5,13.6,2759.82,0.0,35442.59,11.4,5,1,6,0,9,3,29.0,25.17,12.0,12.0,11.2,11.07,10.6,0.0,0.13
CP007,Accessories,Hustle,Unisex,1,5,7.2,2716.81,0.0,19109.97,6.2,4,0,0,10,9,1,8.0,7.5,9.2,9.1,7.73,7.67,5.6,0.1,0.07
CP007,Accessories,Hustle,Unisex,2,5,7.6,2615.97,0.0,19769.29,6.0,4,1,0,0,8,0,0.0,0.0,7.2,7.4,7.93,7.6,6.6,-0.2,0.33
CP007,Accessories,Hustle,Unisex,3,5,11.4,2770.65,0.0,31633.91,10.2,5,0,0,0,9,0,0.0,0.0,7.6,7.4,7.07,7.27,9.8,0.2,-0.2
CP007,Accessories,Hustle,Unisex,4,5,6.4,3020.12,0.0,17876.0,5.6,3,2,9,0,9,1,11.0,11.0,11.4,9.5,8.73,7.53,4.8,1.9,1.2
CP007,Accessories,Hustle,Unisex,5,5,8.0,2917.62,0.0,22822.49,7.2,5,2,1,0,9,2,10.0,9.67,6.4,8.9,8.47,7.63,6.6,-2.5,0.83
CP007,Accessories,Hustle,Unisex,6,5,11.4,2877.24,0.0,32426.85,9.4,5,1,0,0,9,0,0.0,0.0,8.0,7.2,8.6,7.23,9.0,0.8,1.37
CP007,Accessories,Hustle,Unisex,7,5,8.8,2566.34,0.0,23278.33,7.4,5,0,0,0,9,1,12.0,11.0,11.4,9.7,8.6,8.67,6.0,1.7,-0.07
CP007,Accessories,Hustle,Unisex,8,5,12.8,2779.81,0.0,34729.35,11.4,5,0,0,21,9,1,8.0,6.25,8.8,10.1,9.4,8.93,8.4,-1.3,0.47
CP007,Accessories,Hustle,Unisex,9,5,10.8,2646.11,0.0,28036.7,9.6,6,0,0,5,8,0,0.0,0.0,12.8,10.8,11.0,9.8,8.4,2.0,1.2
CP007,Accessories,Hustle,Unisex,10,5,8.0,2778.27,0.0,21135.67,7.2,4,1,0,0,9,0,0.0,0.0,10.8,11.8,10.8,9.7,5.0,-1.0,1.1
CP007,Accessories,Hustle,Unisex,11,5,13.0,2845.04,0.0,35517.64,10.2,5,0,0,0,9,0,9.0,9.0,8.0,9.4,10.53,9.97,9.0,-1.4,0.57
CP007,Accessories,Hustle,Unisex,12,5,14.2,2800.28,0.0,37932.52,10.6,4,1,6,0,9,2,22.0,20.08,13.0,10.5,10.6,10.8,9.2,2.5,-0.2
CP007,Accessories,Hustle,Women,1,5,13.4,3027.58,0.12,43104.68,12.6,7,0,0,10,9,4,15.0,12.55,13.6,13.5,12.2,11.83,11.0,0.1,0.37
CP007,Accessories,Hustle,Women,2,5,15.4,2961.77,0.0,52423.82,13.0,8,1,0,0,8,0,0.0,0.0,13.4,12.7,12.93,11.87,12.2,0.7,1.07
CP007,Accessories,Hustle,Women,3,5,15.2,2723.77,0.0,44890.73,14.6,8,0,0,0,9,0,0.0,0.0,15.4,14.4,12.67,11.87,12.2,1.0,0.8
CP007,Accessories,Hustle,Women,4,5,14.0,2587.91,0.0,41486.97,12.8,7,2,9,0,9,2,22.0,20.08,15.2,15.3,14.67,12.17,11.2,-0.1,2.5
CP007,Accessories,Hustle,Women,5,5,13.2,2529.58,0.0,35935.51,11.8,7,2,1,0,9,1,9.0,8.5,14.0,14.6,14.87,12.47,10.4,-0.6,2.4
CP007,Accessories,Hustle,Women,6,5,13.4,2562.99,0.0,39780.45,12.4,8,1,0,0,9,0,0.0,0.0,13.2,13.6,14.13,12.07,11.8,-0.4,2.07
CP007,Accessories,Hustle,Women,7,5,14.8,2854.09,0.14,47099.19,12.8,8,0,0,0,9,1,9.0,7.5,13.4,13.3,13.53,14.1,11.6,0.1,-0.57
CP007,Accessories,Hustle,Women,8,5,16.6,2690.47,0.0,50789.25,14.8,8,0,0,21,9,2,18.0,15.0,14.8,14.1,13.8,14.33,12.6,0.7,-0.53
CP007,Accessories,Hustle,Women,9,5,12.8,2777.32,0.0,39754.58,11.8,6,0,0,5,8,0,0.0,0.0,16.6,15.7,14.93,14.53,10.2,0.9,0.4
CP007,Accessories,Hustle,Women,10,5,12.4,2702.87,0.0,36379.19,11.4,7,1,0,0,9,0,0.0,0.0,12.8,14.7,14.73,14.13,9.6,-1.9,0.6
CP007,Accessories,Hustle,Women,11,5,17.8,2979.51,0.0,59755.64,16.0,8,0,0,0,9,2,25.0,24.0,12.4,12.6,13.93,13.87,13.4,-0.2,0.07
CP007,Accessories,Hustle,Women,12,5,15.4,2641.03,0.0,44335.96,12.8,7,1,6,0,9,5,28.0,22.67,17.8,15.1,14.33,14.63,13.6,2.7,-0.3
CP007,Accessories,King Street,Men,1,5,13.6,3078.2,0.0,41818.32,11.8,7,0,0,10,9,1,6.0,5.67,8.6,10.4,9.87,10.67,9.8,-1.8,-0.8
CP007,Accessories,King Street,Men,2,5,15.4,2933.63,0.0,46784.64,12.8,7,1,0,0,8,0,0.0,0.0,13.6,10.0,10.73,10.57,12.8,3.6,0.17
CP007,Accessories,King Street,Men,3,5,19.4,3066.61,0.0,58593.81,16.0,8,0,0,0,9,0,0.0,0.0,15.4,14.5,11.13,11.13,14.8,0.9,-0.0
CP007,Accessories,King Street,Men,4,5,15.8,2975.79,0.62,48454.9,12.6,6,2,9,0,9,1,16.0,15.0,19.4,17.4,16.13,11.67,12.4,2.0,4.47
CP007,Accessories,King Street,Men,5,5,13.8,2832.68,0.3,39595.36,10.8,7,2,1,0,9,1,11.0,9.83,15.8,17.6,16.87,12.4,12.4,-1.8,4.47
CP007,Accessories,King Street,Men,6,5,8.8,3306.83,0.0,28377.28,7.4,5,1,0,0,9,0,0.0,0.0,13.8,14.8,16.33,12.17,6.8,-1.0,4.17
CP007,Accessories,King Street,Men,7,5,14.6,3158.2,0.0,45368.89,13.0,8,0,0,0,9,2,15.0,12.67,8.8,11.3,12.8,14.47,12.0,-2.5,-1.67
CP007,Accessories,King Street,Men,8,5,11.8,2938.22,0.0,34978.29,10.4,7,0,0,21,9,1,16.0,15.0,14.6,11.7,12.4,14.63,10.0,2.9,-2.23
CP007,Accessories,King Street,Men,9,5,14.8,2989.71,0.0,43602.78,12.4,7,0,0,5,8,0,0.0,0.0,11.8,13.2,11.73,14.03,12.4,-1.4,-2.3
CP007,Accessories,King Street,Men,10,5,13.0,2679.02,0.0,36433.29,11.4,7,1,0,0,9,0,0.0,0.0,14.8,13.3,13.73,13.27,8.8,1.5,0.47
CP007,Accessories,King Street,Men,11,5,15.4,2977.41,0.0,45864.67,12.2,6,0,0,0,9,1,11.0,10.5,13.0,13.9,13.2,12.8,12.2,-0.9,0.4
CP007,Accessories,King Street,Men,12,5,11.2,2717.99,0.0,30943.92,9.0,6,1,6,0,9,3,23.0,18.4,15.4,14.2,14.4,13.07,8.6,1.2,1.33
CP007,Accessories,King Street,Unisex,1,5,5.0,2493.62,0.0,12983.19,4.2,2,0,0,10,9,1,8.0,8.0,3.2,3.6,3.33,3.73,3.4,-0.4,-0.4
CP007,Accessories,King Street,Unisex,2,4,6.0,2877.4,0.0,17455.19,4.75,2,1,0,0,8,0,0.0,0.0,5.25,4.12,4.0,3.92,3.25,1.12,0.08
CP007,Accessories,King Street,Unisex,3,4,7.0,2734.17,0.0,19586.54,5.75,3,0,0,0,8,0,0.0,0.0,5.0,4.88,3.75,3.42,3.75,0.12,0.33
CP007,Accessories,King Street,Unisex,4,5,5.0,2653.51,0.0,13447.73,4.2,3,2,9,0,9,1,12.0,11.33,7.2,6.0,5.73,4.23,4.8,1.2,1.5
CP007,Accessories,King Street,Unisex,5,5,4.6,2787.43,0.0,13044.45,3.8,3,2,1,0,9,1,6.0,6.0,5.0,6.1,5.67,4.07,4.8,-1.1,1.6
CP007,Accessories,King Street,Unisex,6,5,4.8,2409.23,0.0,11798.41,4.4,3,1,0,0,9,0,0.0,0.0,4.6,4.8,5.6,4.23,4.2,-0.2,1.37
CP007,Accessories,King Street,Unisex,7,5,4.6,2695.43,0.0,13230.39,4.4,2,0,0,0,9,0,5.0,5.0,4.8,4.7,4.8,5.27,3.8,0.1,-0.47
CP007,Accessories,King Street,Unisex,8,5,6.0,2713.28,0.0,16785.29,5.0,3,0,0,21,9,1,8.0,7.5,4.6,4.7,4.67,5.17,5.4,-0.1,-0.5
CP007,Accessories,King Street,Unisex,9,4,3.25,2712.83,0.0,9224.44,2.75,2,0,0,5,8,0,0.0,0.0,6.75,6.0,5.75,5.54,1.75,0.75,0.21
CP007,Accessories,King Street,Unisex,10,5,4.0,2541.83,0.0,10236.94,3.6,2,1,0,0,9,0,0.0,0.0,3.2,4.5,4.6,4.87,5.0,-1.3,-0.27
CP007,Accessories,King Street,Unisex,11,5,4.0,2717.62,0.0,10963.24,3.4,2,0,0,0,9,1,14.0,13.5,4.0,3.6,4.33,4.63,3.8,0.4,-0.3
CP007,Accessories,King Street,Unisex,12,4,4.75,2631.72,0.0,12898.76,4.0,2,1,6,0,8,2,25.0,22.92,4.5,4.12,4.0,4.96,2.75,0.38,-0.96
CP007,Accessories,King Street,Women,1,5,7.6,3457.91,0.0,28100.01,6.4,4,0,0,10,9,1,6.0,6.0,7.4,7.8,6.93,6.83,5.4,-0.4,0.1
CP007,Accessories,King Street,Women,2,5,5.0,3179.51,0.0,16564.57,4.2,3,1,0,0,8,0,0.0,0.0,7.6,6.6,7.13,6.57,4.0,1.0,0.57
CP007,Accessories,King Street,Women,3,5,9.8,3115.51,0.0,31796.02,7.6,5,0,0,0,9,0,0.0,0.0,5.0,6.3,5.93,6.67,7.8,-1.3,-0.73
CP007,Accessories,King Street,Women,4,5,8.0,3111.79,0.0,25238.59,6.0,4,2,9,0,9,1,11.0,9.0,9.8,7.4,7.47,6.53,7.0,2.4,0.93
CP007,Accessories,King Street,Women,5,5,7.2,3330.14,0.0,25079.35,6.0,3,2,1,0,9,0,4.0,4.0,8.0,8.9,7.6,6.73,5.4,-0.9,0.87
CP007,Accessories,King Street,Women,6,5,9.6,3239.18,0.0,32638.74,7.6,5,1,0,0,9,0,0.0,0.0,7.2,7.6,8.33,6.23,7.2,-0.4,2.1
CP007,Accessories,King Street,Women,7,5,9.0,3366.21,0.0,32267.93,7.6,5,0,0,0,9,1,5.0,4.5,9.6,8.4,8.27,7.87,7.4,1.2,0.4
CP007,Accessories,King Street,Women,8,5,6.6,3226.95,0.0,20986.73,6.2,3,0,0,21,9,1,18.0,16.5,9.0,9.3,8.6,8.1,4.0,-0.3,0.5
CP007,Accessories,King Street,Women,9,5,11.2,3308.64,0.0,38725.7,9.6,6,0,0,5,8,0,0.0,0.0,6.6,7.8,8.4,8.37,8.8,-1.2,0.03
CP007,Accessories,King Street,Women,10,5,6.6,3248.8,0.0,21513.82,6.2,3,1,0,0,9,0,0.0,0.0,11.2,8.9,8.93,8.6,5.2,2.3,0.33
CP007,Accessories,King Street,Women,11,5,11.2,3507.69,0.0,40318.93,8.6,4,0,0,0,9,1,13.0,13.0,6.6,8.9,8.13,8.37,8.2,-2.3,-0.23
CP007,Accessories,King Street,Women,12,5,9.6,3243.06,0.0,33229.68,8.0,5,1,6,0,9,2,20.0,19.0,11.2,8.9,9.67,9.03,7.4,2.3,0.63
CP007,Accessories,Libera,Men,1,5,2.0,306.58,0.0,613.16,2.0,1,0,0,10,9,0,0.0,0.0,1.0,1.3,1.13,1.3,1.6,-0.3,-0.17
CP007,Accessories,Libera,Men,2,3,1.33,306.58,0.0,408.77,1.33,1,1,0,0,8,0,0.0,0.0,2.0,1.17,1.11,1.0,1.0,0.83,0.11
CP007,Accessories,Libera,Men,3,3,2.0,306.58,0.0,613.16,2.0,1,0,0,0,8,0,0.0,0.0,2.0,1.67,1.33,1.39,0.33,0.33,-0.06
CP007,Accessories,Libera,Men,4,3,2.67,306.58,0.0,817.55,2.67,1,2,9,0,8,0,0.0,0.0,1.33,1.83,1.56,0.94,0.67,-0.5,0.61
CP007,Accessories,Libera,Men,5,5,1.2,306.58,0.0,367.9,1.2,1,2,1,0,9,0,2.0,2.0,2.4,2.0,2.0,1.4,1.4,0.4,0.6
CP007,Accessories,Libera,Men,6,4,2.25,306.58,0.0,689.8,2.25,1,1,0,0,9,0,0.0,0.0,1.0,1.88,1.75,1.21,0.75,-0.88,0.54
CP007,Accessories,Libera,Men,7,3,1.67,306.58,0.0,510.97,1.67,1,0,0,0,9,0,3.33,3.33,1.67,1.33,1.56,1.61,1.0,0.33,-0.06
CP007,Accessories,Libera,Men,9,3,1.0,306.58,0.0,306.58,1.0,1,0,0,5,9,0,0.0,0.0,2.33,1.83,2.0,1.78,1.0,0.5,0.22
CP007,Accessories,Libera,Men,10,3,1.33,306.58,0.0,408.77,1.33,1,1,0,0,9,0,0.0,0.0,1.33,1.5,1.44,1.5,2.0,-0.17,-0.06
CP007,Accessories,Libera,Men,11,3,1.33,306.58,0.0,408.77,1.33,1,0,0,0,9,0,0.0,0.0,1.67,1.5,1.56,1.56,1.67,0.17,0.0
CP007,Accessories,Libera,Men,12,3,2.0,301.47,1.67,597.83,2.0,1,1,6,0,9,1,13.33,12.5,1.33,1.33,1.44,1.67,1.33,0.0,-0.22
CP007,Accessories,Libera,Unisex,1,5,5.6,2316.29,0.0,12874.14,5.6,3,0,0,10,9,0,3.0,2.5,5.6,4.8,4.6,5.0,4.4,0.8,-0.4
CP007,Accessories,Libera,Unisex,2,5,4.8,1775.82,0.0,9290.88,4.8,3,1,0,0,8,0,0.0,0.0,5.6,5.4,4.93,5.03,4.2,0.2,-0.1
CP007,Accessories,Libera,Unisex,3,5,5.8,2624.27,0.0,14883.09,5.8,4,0,0,0,9,0,0.0,0.0,4.8,5.2,5.0,4.73,4.4,-0.4,0.27
CP007,Accessories,Libera,Unisex,4,5,4.8,2393.35,0.0,11272.48,4.8,3,2,9,0,9,1,11.0,11.0,5.8,5.3,5.4,4.6,4.4,0.5,0.8
CP007,Accessories,Libera,Unisex,5,5,5.2,2608.17,0.0,13462.38,5.2,4,2,1,0,9,1,8.0,7.5,4.8,5.3,5.13,4.6,4.2,-0.5,0.53
CP007,Accessories,Libera,Unisex,6,5,6.4,2235.78,0.0,14359.76,6.4,4,1,0,0,9,0,0.0,0.0,5.2,5.0,5.27,4.63,4.8,0.2,0.63
CP007,Accessories,Libera,Unisex,7,5,5.6,2806.29,0.0,16284.21,5.6,3,0,0,0,9,1,17.0,16.5,6.4,5.8,5.47,5.43,5.0,0.6,0.03
CP007,Accessories,Libera,Unisex,8,5,7.0,2545.77,0.0,17822.41,7.0,4,0,0,21,9,0,4.0,4.0,5.6,6.0,5.73,5.43,6.0,-0.4,0.3
CP007,Accessories,Libera,Unisex,9,5,6.4,2362.54,0.0,15102.63,6.4,4,0,0,5,8,0,0.0,0.0,7.0,6.3,6.33,5.8,5.2,0.7,0.53
CP007,Accessories,Libera,Unisex,10,5,5.0,2535.4,0.0,13537.69,5.0,3,1,0,0,9,0,0.0,0.0,6.4,6.7,6.33,5.9,4.2,-0.3,0.43
CP007,Accessories,Libera,Unisex,11,4,5.0,2953.4,0.0,14440.78,5.0,4,0,0,0,8,0,0.0,0.0,5.25,5.88,6.42,6.12,2.75,-0.62,0.29
CP007,Accessories,Libera,Unisex,12,5,6.8,2470.51,0.0,16195.49,6.6,5,1,6,0,9,1,19.0,17.0,4.8,5.1,5.47,5.9,6.4,-0.3,-0.43
CP007,Accessories,Libera,Women,1,5,7.0,2712.44,0.0,19505.49,6.6,4,0,0,10,9,0,3.0,3.0,8.8,7.2,6.6,5.97,5.8,1.6,0.63
CP007,Accessories,Libera,Women,2,5,8.8,2672.05,0.0,24569.78,7.0,4,1,0,0,8,0,0.0,0.0,7.0,7.2,6.67,5.9,6.8,-0.2,0.77
CP007,Accessories,Libera,Women,3,5,10.4,2946.08,0.0,32236.93,8.8,4,0,0,0,9,0,0.0,0.0,8.8,7.9,7.27,6.6,8.0,0.9,0.67
CP007,Accessories,Libera,Women,4,5,8.2,2794.01,0.0,24562.11,6.8,4,2,9,0,9,1,12.0,11.5,10.4,9.6,8.73,6.83,7.2,0.8,1.9
CP007,Accessories,Libera,Women,5,5,8.8,2816.49,0.0,25223.08,7.8,4,2,1,0,9,1,8.0,8.0,8.2,9.3,9.13,7.1,7.2,-1.1,2.03
CP007,Accessories,Libera,Women,6,5,7.0,2840.9,0.0,20327.04,6.4,4,1,0,0,9,0,0.0,0.0,8.8,8.5,9.13,7.37,6.0,0.3,1.77
CP007,Accessories,Libera,Women,7,5,7.2,2697.58,0.0,20300.58,6.2,4,0,0,0,9,1,10.0,9.25,7.0,7.9,8.0,8.37,6.0,-0.9,-0.37
CP007,Accessories,Libera,Women,8,5,4.0,2647.84,0.5,10955.66,3.4,3,0,0,21,9,1,11.0,10.5,7.2,7.1,7.67,8.4,3.2,0.1,-0.73
CP007,Accessories,Libera,Women,9,5,8.0,2721.25,0.0,22518.14,7.0,4,0,0,5,8,0,0.0,0.0,4.0,5.6,6.07,7.6,6.8,-1.6,-1.53
CP007,Accessories,Libera,Women,10,5,6.0,2670.09,0.0,16333.06,5.8,4,1,0,0,9,0,0.0,0.0,8.0,6.0,6.4,7.2,5.4,2.0,-0.8
CP007,Accessories,Libera,Women,11,5,7.4,2971.3,0.0,22625.12,6.0,4,0,0,0,9,1,13.0,13.0,6.0,7.0,6.0,6.83,5.6,-1.0,-0.83
CP007,Accessories,Libera,Women,12,5,10.0,2891.11,0.0,31139.76,8.0,5,1,6,0,9,2,18.0,16.25,7.4,6.7,7.13,6.6,8.8,0.7,0.53
CP007,Accessories,Miss Modano,Men,1,5,16.6,2414.32,0.54,37082.6,13.6,7,0,0,10,9,3,14.0,12.67,22.2,17.7,15.6,15.03,13.4,4.5,0.57
CP007,Accessories,Miss Modano,Men,2,5,22.8,2286.34,0.0,49180.14,17.2,8,1,0,0,8,0,0.0,0.0,16.6,18.2,16.53,14.73,18.2,-1.6,1.8
CP007,Accessories,Miss Modano,Men,3,5,16.8,2304.6,0.0,37403.6,13.2,7,0,0,0,9,0,0.0,0.0,22.8,19.7,18.47,15.93,13.6,3.1,2.53
CP007,Accessories,Miss Modano,Men,4,5,18.6,2608.56,0.0,47459.08,14.4,7,2,9,0,9,1,7.0,6.5,16.8,19.8,18.73,15.57,16.2,-3.0,3.17
CP007,Accessories,Miss Modano,Men,5,5,21.8,2375.7,0.11,51327.47,17.6,7,2,1,0,9,2,11.0,10.33,18.6,17.7,19.4,16.17,15.4,0.9,3.23
CP007,Accessories,Miss Modano,Men,6,5,17.0,2573.09,0.0,40036.29,13.0,7,1,0,0,9,0,0.0,0.0,21.8,20.2,19.07,16.7,13.2,1.6,2.37
CP007,Accessories,Miss Modano,Men,7,5,19.6,2631.22,0.36,48699.98,14.6,6,0,0,0,9,2,14.0,11.83,17.0,19.4,19.13,18.93,16.0,-2.4,0.2
CP007,Accessories,Miss Modano,Men,8,5,15.6,2197.81,0.33,33825.69,12.6,6,0,0,21,9,1,12.0,10.67,19.6,18.3,19.47,19.43,11.8,1.3,0.03
CP007,Accessories,Miss Modano,Men,9,5,21.2,2351.08,0.0,45809.27,16.6,7,0,0,5,8,0,0.0,0.0,15.6,17.6,17.4,18.23,15.6,-2.0,-0.83
CP007,Accessories,Miss Modano,Men,10,5,14.2,2500.88,0.0,33295.61,12.4,7,1,0,0,9,0,0.0,0.0,21.2,18.4,18.8,18.97,11.4,2.8,-0.17
CP007,Accessories,Miss Modano,Men,11,5,17.4,2202.09,0.0,36172.94,13.4,7,0,0,0,9,1,24.0,23.0,14.2,17.7,17.0,18.23,13.2,-3.5,-1.23
CP007,Accessories,Miss Modano,Men,12,5,24.4,2387.0,0.74,53968.54,20.4,8,1,6,0,9,4,26.0,21.97,17.4,15.8,17.6,17.5,22.2,1.6,0.1
CP007,Accessories,Miss Modano,Unisex,1,5,12.8,3009.28,0.0,37778.14,12.2,8,0,0,10,9,2,13.0,11.92,9.0,8.9,8.87,9.0,9.8,0.1,-0.13
CP007,Accessories,Miss Modano,Unisex,2,5,11.0,3098.52,0.0,33233.02,10.6,7,1,0,0,8,0,0.0,0.0,12.8,10.3,9.8,9.5,8.2,2.5,0.3
CP007,Accessories,Miss Modano,Unisex,3,5,14.6,2442.58,0.0,35593.88,14.4,8,0,0,0,9,0,0.0,0.0,11.0,11.9,9.8,9.6,13.0,-0.9,0.2
CP007,Accessories,Miss Modano,Unisex,4,5,14.0,2761.81,0.0,35692.38,12.4,7,2,9,0,9,2,16.0,12.75,14.6,12.8,12.8,9.6,10.6,1.8,3.2
CP007,Accessories,Miss Modano,Unisex,5,5,12.2,2623.84,0.0,30813.96,11.2,7,2,1,0,9,2,13.0,13.0,14.0,14.3,13.2,9.97,9.8,-0.3,3.23
CP007,Accessories,Miss Modano,Unisex,6,5,13.2,2858.4,0.0,35692.4,12.4,8,1,0,0,9,0,0.0,0.0,12.2,13.1,13.6,10.27,11.4,-0.9,3.33
CP007,Accessories,Miss Modano,Unisex,7,5,12.8,2510.48,0.0,32617.75,12.4,7,0,0,0,9,2,19.0,18.0,13.2,12.7,13.13,12.97,8.6,0.5,0.17
CP007,Accessories,Miss Modano,Unisex,8,5,10.6,2729.67,0.0,26661.69,9.8,6,0,0,21,9,2,15.0,13.33,12.8,13.0,12.73,12.97,8.2,-0.2,-0.23
CP007,Accessories,Miss Modano,Unisex,9,5,13.4,2681.64,0.0,32882.72,12.2,8,0,0,5,8,0,0.0,0.0,10.6,11.7,12.2,12.9,10.6,-1.1,-0.7
CP007,Accessories,Miss Modano,Unisex,10,5,10.2,2807.08,0.0,28167.39,10.0,7,1,0,0,9,0,0.0,0.0,13.4,12.0,12.27,12.7,8.8,1.4,-0.43
CP007,Accessories,Miss Modano,Unisex,11,5,11.2,2761.93,0.0,29186.98,10.6,7,0,0,0,9,2,17.0,14.33,10.2,11.8,11.4,12.07,8.8,-1.6,-0.67
CP007,Accessories,Miss Modano,Unisex,12,5,12.6,2761.74,0.0,33513.99,11.2,7,1,6,0,9,3,28.0,23.97,11.2,10.7,11.6,11.9,9.0,0.5,-0.3
CP007,Accessories,Miss Modano,Women,1,5,8.6,2373.99,0.0,16938.01,7.6,5,0,0,10,9,1,8.0,8.0,10.0,9.5,8.33,8.43,7.6,0.5,-0.1
CP007,Accessories,Miss Modano,Women,2,5,7.8,2693.24,0.0,16520.56,6.4,4,1,0,0,8,0,0.0,0.0,8.6,8.3,8.53,8.1,6.0,0.3,0.43
CP007,Accessories,Miss Modano,Women,3,5,9.8,1960.13,0.0,16713.4,8.0,4,0,0,0,9,0,0.0,0.0,7.8,8.2,8.07,8.0,8.6,-0.4,0.07
CP007,Accessories,Miss Modano,Women,4,5,10.4,2213.02,0.0,19921.6,8.2,4,2,9,0,9,1,10.0,9.0,9.8,8.8,8.73,7.83,7.6,1.0,0.9
CP007,Accessories,Miss Modano,Women,5,5,12.6,2519.43,0.0,29704.08,10.6,5,2,1,0,9,1,6.0,6.0,10.4,10.1,9.33,8.3,9.2,0.3,1.03
CP007,Accessories,Miss Modano,Women,6,5,6.4,2953.04,0.0,16327.7,5.8,3,1,0,0,9,0,0.0,0.0,12.6,11.5,10.93,8.57,5.6,1.1,2.37
CP007,Accessories,Miss Modano,Women,7,5,9.2,2519.76,0.0,20590.4,8.0,4,0,0,0,9,1,9.0,8.0,6.4,9.5,9.8,9.27,8.6,-3.1,0.53
CP007,Accessories,Miss Modano,Women,8,5,11.0,2717.82,0.0,25047.77,9.4,5,0,0,21,9,1,12.0,11.0,9.2,7.8,9.4,9.37,8.2,1.4,0.03
CP007,Accessories,Miss Modano,Women,9,5,10.6,1749.57,0.0,15814.09,8.4,4,0,0,5,8,0,0.0,0.0,11.0,10.1,8.87,9.9,8.8,0.9,-1.03
CP007,Accessories,Miss Modano,Women,10,5,8.6,1851.75,0.0,14492.27,7.6,4,1,0,0,9,0,0.0,0.0,10.6,10.8,10.27,10.03,6.0,-0.2,0.23
CP007,Accessories,Miss Modano,Women,11,5,11.8,1870.47,0.0,18819.82,9.8,5,0,0,0,9,2,22.0,20.0,8.6,9.6,10.07,9.73,9.0,-1.0,0.33
CP007,Accessories,Miss Modano,Women,12,5,13.4,2445.57,0.62,27766.35,11.4,5,1,6,0,9,2,20.0,17.33,11.8,10.2,10.33,9.6,10.0,1.6,0.73
CP007,Accessories,Modano,Men,1,5,3.4,3513.26,0.0,12295.86,3.0,2,0,0,10,9,1,10.0,9.0,4.4,4.4,4.53,4.33,3.2,0.0,0.2
CP007,Accessories,Modano,Men,2,5,9.0,3552.68,0.0,33039.73,7.2,4,1,0,0,8,0,0.0,0.0,3.4,3.1,3.53,4.13,6.6,0.3,-0.6
CP007,Accessories,Modano,Men,3,5,5.6,3217.87,0.0,19033.16,4.8,3,0,0,0,9,0,0.0,0.0,9.0,6.2,4.73,4.6,4.4,2.8,0.13
CP007,Accessories,Modano,Men,4,5,9.0,3572.98,0.0,33564.5,7.4,4,2,9,0,9,0,10.0,10.0,5.6,7.3,6.0,4.7,8.2,-1.7,1.3
CP007,Accessories,Modano,Men,5,5,6.2,3493.35,0.0,21768.11,5.6,3,2,1,0,9,0,3.0,3.0,9.0,7.3,7.87,5.13,4.6,1.7,2.73
CP007,Accessories,Modano,Men,6,5,6.4,3555.9,0.0,23402.5,5.4,3,1,0,0,9,0,0.0,0.0,6.2,7.6,6.93,5.13,4.8,-1.4,1.8
CP007,Accessories,Modano,Men,7,4,3.75,3316.69,0.0,12911.6,3.5,3,0,0,0,9,2,12.5,11.67,6.5,6.12,7.33,6.83,3.25,0.38,0.5
CP007,Accessories,Modano,Men,8,5,5.4,3379.5,0.0,19135.54,4.6,3,0,0,21,9,0,3.0,2.5,4.2,5.5,5.6,6.57,3.6,-1.3,-0.97
CP007,Accessories,Modano,Men,9,5,6.2,3357.82,0.0,21063.95,5.8,4,0,0,5,8,0,0.0,0.0,5.4,4.8,5.47,6.13,5.6,0.6,-0.67
CP007,Accessories,Modano,Men,10,5,5.6,3282.23,0.0,19123.97,5.0,3,1,0,0,9,0,0.0,0.0,6.2,5.8,5.27,6.27,4.8,0.4,-1.0
CP007,Accessories,Modano,Men,11,5,4.6,3440.38,0.0,16793.65,4.2,2,0,0,0,9,0,10.0,10.0,5.6,5.9,5.73,5.67,4.8,-0.3,0.07
CP007,Accessories,Modano,Men,12,5,5.6,3466.54,0.0,19744.24,4.8,3,1,6,0,9,1,14.0,13.67,4.6,5.1,5.47,5.47,4.0,-0.5,0.0
CP007,Accessories,Modano,Unisex,1,5,5.2,2307.04,0.5,13667.18,4.8,4,0,0,10,9,1,6.0,5.33,4.2,4.1,4.0,4.73,3.8,0.1,-0.73
CP007,Accessories,Modano,Unisex,2,5,7.6,2906.15,0.0,24141.77,6.2,4,1,0,0,8,0,0.0,0.0,5.2,4.1,4.07,4.43,6.4,1.1,-0.37
CP007,Accessories,Modano,Unisex,3,5,8.2,2366.7,0.0,21492.59,7.2,4,0,0,0,9,0,0.0,0.0,7.6,6.4,4.8,4.53,7.0,1.2,0.27
CP007,Accessories,Modano,Unisex,4,5,4.8,2364.51,0.0,12787.65,4.2,3,2,9,0,9,1,15.0,14.0,8.2,7.9,7.0,4.77,4.0,0.3,2.23
CP007,Accessories,Modano,Unisex,5,5,5.6,2484.5,0.0,15099.33,5.2,4,2,1,0,9,0,6.0,6.0,4.8,6.5,6.87,4.73,4.4,-1.7,2.13
CP007,Accessories,Modano,Unisex,6,5,6.2,2782.92,0.0,19086.91,5.2,3,1,0,0,9,0,0.0,0.0,5.6,5.2,6.2,4.83,4.8,0.4,1.37
CP007,Accessories,Modano,Unisex,7,5,7.2,2623.59,0.44,19175.49,6.8,4,0,0,0,9,2,19.0,16.25,6.2,5.9,5.53,6.27,5.8,0.3,-0.73
CP007,Accessories,Modano,Unisex,8,5,6.6,2675.02,0.0,18891.82,6.2,4,0,0,21,9,1,12.0,12.0,7.2,6.7,6.33,6.6,5.6,0.5,-0.27
CP007,Accessories,Modano,Unisex,9,5,6.2,2791.33,0.0,17717.82,5.6,3,0,0,5,8,0,0.0,0.0,6.6,6.9,6.67,6.43,5.0,-0.3,0.23
CP007,Accessories,Modano,Unisex,10,5,5.2,3100.29,0.0,16620.53,4.8,3,1,0,0,9,0,0.0,0.0,6.2,6.4,6.67,6.1,3.8,-0.2,0.57
CP007,Accessories,Modano,Unisex,11,5,4.6,2141.19,0.0,11739.71,4.4,3,0,0,0,9,1,19.0,19.0,5.2,5.7,6.0,6.17,4.0,-0.5,-0.17
CP007,Accessories,Modano,Unisex,12,5,5.2,2546.06,0.0,14177.81,4.8,3,1,6,0,9,1,18.0,16.5,4.6,4.9,5.33,6.0,4.2,-0.3,-0.67
CP007,Accessories,Modano,Women,1,5,5.6,2039.39,0.75,11527.24,5.6,4,0,0,10,9,1,8.0,7.5,7.6,7.3,6.67,6.23,4.8,0.3,0.43
CP007,Accessories,Modano,Women,2,5,6.4,2435.5,0.0,15588.01,6.2,5,1,0,0,8,0,0.0,0.0,5.6,6.1,6.4,5.93,5.2,-0.5,0.47
CP007,Accessories,Modano,Women,3,5,8.0,2164.88,0.0,17212.73,8.0,5,0,0,0,9,0,0.0,0.0,6.4,6.0,5.73,5.7,6.6,0.4,0.03
CP007,Accessories,Modano,Women,4,5,7.6,2326.03,0.0,18682.45,6.8,5,2,9,0,9,1,11.0,11.0,8.0,7.2,6.67,6.03,5.0,0.8,0.63
CP007,Accessories,Modano,Women,5,5,9.0,2340.77,0.0,20923.07,8.4,5,2,1,0,9,0,5.0,5.0,7.6,7.8,7.33,6.23,6.8,-0.2,1.1
CP007,Accessories,Modano,Women,6,5,6.2,2790.7,0.0,14885.31,6.0,4,1,0,0,9,0,0.0,0.0,9.0,8.3,8.2,6.33,4.8,0.7,1.87
CP007,Accessories,Modano,Women,7,5,8.8,2460.88,0.38,20991.03,8.4,5,0,0,0,9,2,12.0,10.75,6.2,7.6,7.6,7.13,6.4,-1.4,0.47
CP007,Accessories,Modano,Women,8,5,9.2,2512.42,0.0,22910.32,8.6,5,0,0,21,9,1,11.0,10.5,8.8,7.5,8.0,7.67,6.4,1.3,0.33
CP007,Accessories,Modano,Women,9,5,5.8,2216.98,0.0,13194.9,5.4,4,0,0,5,8,0,0.0,0.0,9.2,9.0,8.07,8.13,4.6,0.2,-0.07
CP007,Accessories,Modano,Women,10,5,8.6,2143.83,0.0,19677.3,8.0,5,1,0,0,9,0,0.0,0.0,5.8,7.5,7.93,7.77,5.4,-1.7,0.17
CP007,Accessories,Modano,Women,11,5,8.4,2252.33,0.5,19468.08,7.8,4,0,0,0,9,2,14.0,13.25,8.6,7.2,7.87,7.93,7.0,1.4,-0.07
CP007,Accessories,Modano,Women,12,5,10.6,2270.39,0.42,23578.71,9.4,5,1,6,0,9,2,24.0,20.42,8.4,8.5,7.6,7.83,7.6,-0.1,-0.23
CP007,Footwear,Emerald,Kids,1,5,38.0,7866.47,0.14,321274.19,31.2,14,0,0,10,9,3,15.0,13.25,35.8,30.7,31.13,33.23,29.6,5.1,-2.1
CP007,Footwear,Emerald,Kids,2,5,38.0,7474.18,0.0,294819.2,30.0,13,1,0,0,8,0,0.0,0.0,38.0,31.7,29.67,31.57,29.8,6.3,-1.9
CP007,Footwear,Emerald,Kids,3,5,41.6,8165.63,0.0,353308.31,32.0,14,0,0,0,9,0,0.0,0.0,38.0,38.0,31.27,30.3,32.6,0.0,0.97
CP007,Footwear,Emerald,Kids,4,5,41.4,7654.6,0.0,356746.8,33.6,14,2,9,0,9,3,19.0,16.83,41.6,39.8,39.2,30.43,31.4,1.8,8.77
CP007,Footwear,Emerald,Kids,5,5,35.6,7730.56,0.15,294464.99,27.8,12,2,1,0,9,3,12.0,10.05,41.4,41.5,40.33,31.1,31.6,-0.1,9.23
CP007,Footwear,Emerald,Kids,6,5,38.2,8096.04,0.0,330802.9,31.4,13,1,0,0,9,0,0.0,0.0,35.6,38.5,39.53,31.53,32.4,-2.9,8.0
CP007,Footwear,Emerald,Kids,7,5,41.8,7892.71,0.0,335580.93,33.2,14,0,0,0,9,2,14.0,11.75,38.2,36.9,38.4,38.8,37.6,1.3,-0.4
CP007,Footwear,Emerald,Kids,8,5,46.6,7470.2,0.0,363350.91,36.2,13,0,0,21,9,3,14.0,11.39,41.8,40.0,38.53,39.43,38.0,1.8,-0.9
CP007,Footwear,Emerald,Kids,9,5,41.6,7959.74,0.0,352983.64,32.2,14,0,0,5,8,0,0.0,0.0,46.6,44.2,42.2,40.87,30.4,2.4,1.33
CP007,Footwear,Emerald,Kids,10,5,43.4,7932.03,0.0,364715.83,35.6,15,1,0,0,9,0,0.0,0.0,41.6,44.1,43.33,40.87,32.0,-2.5,2.47
CP007,Footwear,Emerald,Kids,11,5,33.0,8689.67,0.0,295148.71,26.6,11,0,0,0,9,2,27.0,26.0,43.4,42.5,43.87,41.2,25.6,0.9,2.67
CP007,Footwear,Emerald,Kids,12,5,49.0,8002.23,0.0,419435.33,40.0,14,1,6,0,9,6,30.0,24.8,33.0,38.2,39.33,40.77,35.8,-5.2,-1.43
CP007,Footwear,Emerald,Men,1,5,12.2,4973.99,0.0,52706.77,10.4,5,0,0,10,9,1,6.0,6.0,10.0,8.7,8.67,8.67,9.2,1.3,0.0
CP007,Footwear,Emerald,Men,2,5,9.0,4482.62,0.0,33515.72,7.6,4,1,0,0,8,0,0.0,0.0,12.2,10.5,9.47,8.57,7.4,1.7,0.9
CP007,Footwear,Emerald,Men,3,5,13.6,4797.06,0.0,48137.01,11.8,5,0,0,0,9,0,0.0,0.0,9.0,10.6,9.47,8.77,12.0,-1.6,0.7
CP007,Footwear,Emerald,Men,4,5,11.4,5732.65,0.0,47319.02,9.6,4,2,9,0,9,1,17.0,16.0,13.6,11.3,11.6,9.0,9.4,2.3,2.6
CP007,Footwear,Emerald,Men,5,5,12.8,5521.2,0.85,51727.84,10.4,5,2,1,0,9,2,12.0,11.25,11.4,12.5,11.33,9.37,10.8,-1.1,1.97
CP007,Footwear,Emerald,Men,6,5,12.6,5378.4,0.0,56880.1,10.0,6,1,0,0,9,0,0.0,0.0,12.8,12.1,12.6,9.83,10.8,0.7,2.77
CP007,Footwear,Emerald,Men,7,5,13.4,5794.61,0.0,62410.25,10.8,5,0,0,0,9,1,8.0,7.25,12.6,12.7,12.27,11.93,11.6,-0.1,0.33
CP007,Footwear,Emerald,Men,8,5,8.2,6323.48,0.0,42526.61,7.0,4,0,0,21,9,1,16.0,16.0,13.4,13.0,12.93,12.13,6.2,0.4,0.8
CP007,Footwear,Emerald,Men,9,5,11.4,6237.28,0.0,59450.08,10.0,4,0,0,5,8,0,0.0,0.0,8.2,10.8,11.4,12.0,8.2,-2.6,-0.6
CP007,Footwear,Emerald,Men,10,5,11.8,5489.88,0.0,49676.94,10.2,5,1,0,0,9,0,0.0,0.0,11.4,9.8,11.0,11.63,8.6,1.6,-0.63
CP007,Footwear,Emerald,Men,11,5,10.6,4078.06,0.0,34003.09,8.6,4,0,0,0,9,0,9.0,9.0,11.8,11.6,10.47,11.7,7.4,0.2,-1.23
CP007,Footwear,Emerald,Men,12,5,12.2,5349.5,1.2,48432.65,10.2,4,1,6,0,9,2,22.0,20.33,10.6,11.2,11.27,11.33,10.0,-0.6,-0.07
CP007,Footwear,Emerald,Unisex,1,5,15.0,6805.21,0.0,109360.39,11.8,5,0,0,10,9,1,8.0,8.0,9.8,11.1,9.87,9.4,10.4,-1.3,0.47
CP007,Footwear,Emerald,Unisex,2,5,10.8,7803.1,0.0,90044.01,8.0,4,1,0,0,8,0,0.0,0.0,15.0,10.9,11.4,9.77,8.8,4.1,1.63
CP007,Footwear,Emerald,Unisex,3,5,11.0,7192.49,0.0,83258.16,8.8,4,0,0,0,9,0,0.0,0.0,10.8,12.9,9.87,9.7,8.4,-2.1,0.17
CP007,Footwear,Emerald,Unisex,4,5,11.0,6048.6,0.0,73515.73,8.4,4,2,9,0,9,1,16.0,15.5,11.0,10.9,12.27,9.87,7.8,0.1,2.4
CP007,Footwear,Emerald,Unisex,5,5,11.2,7534.71,0.0,85627.53,9.4,5,2,1,0,9,1,11.0,10.5,11.0,11.0,10.93,10.17,9.6,0.0,0.77
CP007,Footwear,Emerald,Unisex,6,5,9.6,6772.62,0.0,71307.78,7.6,4,1,0,0,9,0,0.0,0.0,11.2,11.1,11.07,9.57,6.6,0.1,1.5
CP007,Footwear,Emerald,Unisex,7,5,12.0,7710.29,0.0,96059.47,10.2,5,0,0,0,9,1,11.0,10.5,9.6,10.4,10.6,11.43,9.8,-0.8,-0.83
CP007,Footwear,Emerald,Unisex,8,5,11.0,7863.0,0.0,86178.07,8.0,4,0,0,21,9,1,11.0,10.5,12.0,10.8,10.93,10.93,8.2,1.2,0.0
CP007,Footwear,Emerald,Unisex,9,5,10.0,6558.77,0.0,68861.78,8.4,5,0,0,5,8,0,0.0,0.0,11.0,11.5,10.87,10.97,8.8,-0.5,-0.1
CP007,Footwear,Emerald,Unisex,10,5,10.0,6149.9,0.0,69701.4,8.4,5,1,0,0,9,0,0.0,0.0,10.0,10.5,11.0,10.8,7.4,-0.5,0.2
CP007,Footwear,Emerald,Unisex,11,5,15.2,7417.36,0.0,118228.22,11.0,5,0,0,0,9,0,5.0,5.0,10.0,10.0,10.33,10.63,12.4,0.0,-0.3
CP007,Footwear,Emerald,Unisex,12,5,11.8,6841.58,0.0,86469.12,8.8,4,1,6,0,9,2,25.0,23.5,15.2,12.6,11.73,11.3,9.8,2.6,0.43
CP007,Footwear,Emerald,Women,1,5,24.8,8007.9,0.3,199060.03,18.8,6,0,0,10,9,1,8.0,7.5,21.6,21.6,21.47,22.2,23.6,0.0,-0.73
CP007,Footwear,Emerald,Women,2,5,27.8,7375.14,0.0,207176.42,22.8,8,1,0,0,8,0,0.0,0.0,24.8,19.3,20.07,20.5,21.0,5.5,-0.43
CP007,Footwear,Emerald,Women,3,5,30.4,7043.78,0.0,212495.98,24.2,8,0,0,0,9,0,0.0,0.0,27.8,26.3,19.8,20.77,21.0,1.5,-0.97
CP007,Footwear,Emerald,Women,4,5,35.8,7548.33,0.62,281039.48,28.8,8,2,9,0,9,2,19.0,15.5,30.4,29.1,27.67,21.23,30.2,1.3,6.43
CP007,Footwear,Emerald,Women,5,5,23.0,7726.04,0.0,175670.25,17.2,7,2,1,0,9,1,8.0,7.33,35.8,33.1,31.33,22.93,19.8,2.7,8.4
CP007,Footwear,Emerald,Women,6,5,28.4,7313.72,0.0,209206.6,21.4,7,1,0,0,9,0,0.0,0.0,23.0,29.4,29.73,22.13,22.8,-6.4,7.6
CP007,Footwear,Emerald,Women,7,5,31.6,7024.81,0.0,222944.22,25.0,8,0,0,0,9,3,17.0,14.3,28.4,25.7,29.07,28.37,27.2,2.7,0.7
CP007,Footwear,Emerald,Women,8,5,24.2,7240.55,0.33,179815.0,19.4,8,0,0,21,9,3,16.0,14.12,31.6,30.0,27.67,29.5,19.2,1.6,-1.83
CP007,Footwear,Emerald,Women,9,5,29.2,7185.63,0.0,210911.01,22.4,8,0,0,5,8,0,0.0,0.0,24.2,27.9,28.07,28.9,22.4,-3.7,-0.83
CP007,Footwear,Emerald,Women,10,5,29.2,7082.96,0.0,195382.65,22.2,8,1,0,0,9,0,0.0,0.0,29.2,26.7,28.33,28.7,21.2,2.5,-0.37
CP007,Footwear,Emerald,Women,11,5,30.2,7272.54,0.0,210367.14,22.8,8,0,0,0,9,1,17.0,16.0,29.2,29.2,27.53,27.6,21.6,0.0,-0.07
CP007,Footwear,Emerald,Women,12,5,26.6,7339.48,0.45,193451.8,20.2,8,1,6,0,9,5,29.0,22.43,30.2,29.7,29.53,28.8,21.6,0.5,0.73
CP007,Footwear,Hustle,Kids,1,5,14.0,6368.24,0.14,79995.84,12.2,6,0,0,10,9,2,14.0,12.83,10.6,11.7,13.33,13.57,9.8,-1.1,-0.23
CP007,Footwear,Hustle,Kids,2,5,16.4,6758.77,0.0,101277.91,12.8,7,1,0,0,8,0,0.0,0.0,14.0,10.6,11.33,12.9,12.4,3.4,-1.57
CP007,Footwear,Hustle,Kids,3,5,18.0,7197.05,0.0,122634.65,15.8,8,0,0,0,9,0,0.0,0.0,16.4,15.2,10.87,12.37,13.2,1.2,-1.5
CP007,Footwear,Hustle,Kids,4,5,19.4,6574.55,0.0,112967.67,15.6,7,2,9,0,9,1,9.0,9.0,18.0,17.2,16.13,12.9,13.6,0.8,3.23
CP007,Footwear,Hustle,Kids,5,5,18.4,6393.98,0.15,105212.09,14.6,8,2,1,0,9,1,7.0,7.0,19.4,18.7,17.93,12.83,15.0,0.7,5.1
CP007,Footwear,Hustle,Kids,6,5,19.6,6728.35,0.0,124186.65,16.0,8,1,0,0,9,0,0.0,0.0,18.4,18.9,18.6,13.1,16.4,-0.5,5.5
CP007,Footwear,Hustle,Kids,7,5,17.4,6837.97,0.0,109001.71,15.2,8,0,0,0,9,2,13.0,11.9,19.6,19.0,19.13,17.63,14.6,0.6,1.5
CP007,Footwear,Hustle,Kids,8,5,21.0,6816.76,0.0,123954.95,16.8,8,0,0,21,9,2,15.0,13.5,17.4,18.5,18.47,18.2,14.6,-1.1,0.27
CP007,Footwear,Hustle,Kids,9,5,16.2,5887.28,0.0,88759.14,14.2,7,0,0,5,8,0,0.0,0.0,21.0,19.2,19.33,18.97,12.2,1.8,0.37
CP007,Footwear,Hustle,Kids,10,5,19.8,5573.69,0.0,104822.91,17.0,8,1,0,0,9,0,0.0,0.0,16.2,18.6,18.2,18.67,16.6,-2.4,-0.47
CP007,Footwear,Hustle,Kids,11,5,15.6,7228.05,0.4,99614.23,12.8,7,0,0,0,9,2,23.0,21.25,19.8,18.0,19.0,18.73,12.8,1.8,0.27
CP007,Footwear,Hustle,Kids,12,5,17.2,7943.72,0.0,107304.53,13.6,7,1,6,0,9,3,20.0,18.75,15.6,17.7,17.2,18.27,10.6,-2.1,-1.07
CP007,Footwear,Hustle,Men,1,5,14.8,6373.95,0.0,86402.66,12.4,7,0,0,10,9,2,9.0,8.1,18.4,16.1,15.4,14.6,11.6,2.3,0.8
CP007,Footwear,Hustle,Men,2,5,16.2,4934.84,0.0,74982.42,13.8,7,1,0,0,8,0,0.0,0.0,14.8,15.2,14.73,14.77,14.0,-0.4,-0.03
CP007,Footwear,Hustle,Men,3,5,19.8,5517.33,0.0,99632.59,16.0,8,0,0,0,9,0,0.0,0.0,16.2,15.5,14.67,14.8,17.2,0.7,-0.13
CP007,Footwear,Hustle,Men,4,5,22.8,4787.52,0.0,102608.23,17.0,8,2,9,0,9,3,15.0,13.21,19.8,18.0,16.93,14.67,17.6,1.8,2.27
CP007,Footwear,Hustle,Men,5,5,13.4,5555.83,0.0,68311.42,11.6,7,2,1,0,9,1,10.0,9.5,22.8,21.3,19.6,15.37,11.2,1.5,4.23
CP007,Footwear,Hustle,Men,6,5,17.8,5447.0,0.0,88964.71,14.6,8,1,0,0,9,0,0.0,0.0,13.4,18.1,18.67,14.97,14.2,-4.7,3.7
CP007,Footwear,Hustle,Men,7,5,12.8,5449.09,0.0,69613.31,11.2,8,0,0,0,9,2,13.0,11.75,17.8,15.6,18.0,17.47,11.0,2.2,0.53
CP007,Footwear,Hustle,Men,8,5,18.2,4452.57,0.0,78845.11,15.2,7,0,0,21,9,2,18.0,17.17,12.8,15.3,14.67,17.13,13.4,-2.5,-2.47
CP007,Footwear,Hustle,Men,9,5,19.4,4562.68,0.0,84868.06,15.6,7,0,0,5,8,0,0.0,0.0,18.2,15.5,16.27,17.47,17.0,2.7,-1.2
CP007,Footwear,Hustle,Men,10,5,17.6,4718.94,0.0,82976.62,15.4,7,1,0,0,9,0,0.0,0.0,19.4,18.8,16.8,17.4,14.0,0.6,-0.6
CP007,Footwear,Hustle,Men,11,5,21.8,5018.64,0.0,106060.16,16.8,9,0,0,0,9,1,14.0,13.33,17.6,18.5,18.4,16.53,13.8,-0.9,1.87
CP007,Footwear,Hustle,Men,12,5,25.0,4745.1,0.0,109733.83,19.2,8,1,6,0,9,4,30.0,23.1,21.8,19.7,19.6,17.93,18.4,2.1,1.67
CP007,Footwear,Hustle,Unisex,1,5,2.4,6619.24,0.0,14529.83,2.4,2,0,0,10,9,1,8.0,8.0,4.4,4.0,4.2,3.67,1.6,0.4,0.53
CP007,Footwear,Hustle,Unisex,2,5,4.2,4554.03,0.0,20285.46,4.2,3,1,0,0,8,0,0.0,0.0,2.4,3.2,3.33,3.43,3.2,-0.8,-0.1
CP007,Footwear,Hustle,Unisex,3,5,3.2,5133.54,0.0,17862.59,3.2,3,0,0,0,9,0,0.0,0.0,4.2,3.3,3.33,3.43,2.6,0.9,-0.1
CP007,Footwear,Hustle,Unisex,4,5,4.6,7893.34,0.0,36280.35,4.2,3,2,9,0,9,1,16.0,14.5,3.2,3.7,3.27,3.43,3.8,-0.5,-0.17
CP007,Footwear,Hustle,Unisex,5,5,3.6,5466.94,0.0,20634.14,3.4,3,2,1,0,9,0,0.0,0.0,4.6,3.9,4.0,3.3,3.0,0.7,0.7
CP007,Footwear,Hustle,Unisex,6,5,3.0,5841.97,0.0,17935.22,2.8,2,1,0,0,9,0,0.0,0.0,3.6,4.1,3.8,3.17,2.4,-0.5,0.63
CP007,Footwear,Hustle,Unisex,7,5,4.4,5812.42,0.0,24386.8,4.4,3,0,0,0,9,1,13.0,12.0,3.0,3.3,3.73,3.5,3.4,-0.3,0.23
CP007,Footwear,Hustle,Unisex,8,5,4.6,7246.83,0.0,33825.82,4.0,2,0,0,21,9,1,7.0,6.5,4.4,3.7,3.67,3.83,3.6,0.7,-0.17
CP007,Footwear,Hustle,Unisex,9,5,3.0,6545.0,0.0,20849.51,2.8,3,0,0,5,8,0,0.0,0.0,4.6,4.5,4.0,3.9,2.4,0.1,0.1
CP007,Footwear,Hustle,Unisex,10,5,5.8,6284.73,0.0,43315.38,5.8,3,1,0,0,9,0,0.0,0.0,3.0,3.8,4.0,3.87,4.6,-0.8,0.13
CP007,Footwear,Hustle,Unisex,11,5,3.8,6811.25,0.0,27803.03,3.4,2,0,0,0,9,0,9.0,9.0,5.8,4.4,4.47,4.07,3.6,1.4,0.4
CP007,Footwear,Hustle,Unisex,12,5,6.0,6093.14,0.0,37967.39,5.0,3,1,6,0,9,2,20.0,17.17,3.8,4.8,4.2,4.1,4.4,-1.0,0.1
CP007,Footwear,Hustle,Women,1,5,11.2,5237.83,0.0,53782.25,9.2,5,0,0,10,9,1,8.0,8.0,15.0,13.1,12.2,10.33,9.4,1.9,1.87
CP007,Footwear,Hustle,Women,2,5,13.2,5625.36,0.0,67966.13,10.0,4,1,0,0,8,0,0.0,0.0,11.2,11.9,11.67,10.53,10.0,-0.7,1.13
CP007,Footwear,Hustle,Women,3,5,17.4,5248.51,0.0,77598.25,13.6,5,0,0,0,9,0,0.0,0.0,13.2,12.2,11.67,10.83,11.6,1.0,0.83
CP007,Footwear,Hustle,Women,4,5,14.8,4933.22,0.0,70327.77,10.8,4,2,9,0,9,1,16.0,15.5,17.4,15.3,13.93,11.77,12.8,2.1,2.17
CP007,Footwear,Hustle,Women,5,5,12.0,5174.04,0.0,62094.19,9.6,4,2,1,0,9,1,9.0,8.67,14.8,16.1,15.13,12.1,8.4,-1.3,3.03
CP007,Footwear,Hustle,Women,6,5,11.8,5330.61,0.0,57204.08,8.4,4,1,0,0,9,0,0.0,0.0,12.0,13.4,14.73,11.9,10.2,-1.4,2.83
CP007,Footwear,Hustle,Women,7,5,9.2,6962.23,0.0,58478.03,7.4,4,0,0,0,9,0,4.0,4.0,11.8,11.9,12.87,13.4,7.6,-0.1,-0.53
CP007,Footwear,Hustle,Women,8,5,10.4,5945.46,0.5,53273.4,7.6,4,0,0,21,9,1,10.0,10.0,9.2,10.5,11.0,13.07,9.4,-1.3,-2.07
CP007,Footwear,Hustle,Women,9,5,10.4,5896.86,0.0,51677.68,8.4,4,0,0,5,8,0,0.0,0.0,10.4,9.8,10.47,12.6,8.4,0.6,-2.13
CP007,Footwear,Hustle,Women,10,5,13.8,5859.81,0.0,76552.29,10.8,4,1,0,0,9,0,0.0,0.0,10.4,10.4,10.0,11.43,10.4,0.0,-1.43
CP007,Footwear,Hustle,Women,11,5,13.2,5537.7,0.0,67259.03,10.8,5,0,0,0,9,1,14.0,13.0,13.8,12.1,11.53,11.27,11.2,1.7,0.27
CP007,Footwear,Hustle,Women,12,5,18.6,5517.49,0.0,87677.43,15.4,5,1,6,0,9,2,22.0,19.17,13.2,13.5,12.47,11.47,15.0,-0.3,1.0
CP007,Footwear,King Street,Kids,1,5,12.8,5625.58,0.0,74218.75,11.8,7,0,0,10,9,1,11.0,10.0,13.2,12.6,11.93,11.4,10.8,0.6,0.53
CP007,Footwear,King Street,Kids,2,5,10.2,6558.92,0.0,71800.43,9.0,6,1,0,0,8,0,0.0,0.0,12.8,11.7,11.8,11.33,8.8,1.1,0.47
CP007,Footwear,King Street,Kids,3,5,13.0,6166.48,0.0,85829.72,11.8,8,0,0,0,9,0,0.0,0.0,10.2,11.5,10.53,10.87,9.6,-1.3,-0.33
CP007,Footwear,King Street,Kids,4,5,18.0,6087.77,0.0,124646.77,15.0,8,2,9,0,9,2,21.0,16.5,13.0,11.6,12.0,10.83,14.2,1.4,1.17
CP007,Footwear,King Street,Kids,5,5,12.4,6267.61,0.38,86700.86,10.6,6,2,1,0,9,1,8.0,7.5,18.0,15.5,13.73,11.37,10.4,2.5,2.37
CP007,Footwear,King Street,Kids,6,5,14.4,5676.89,0.0,97310.05,12.8,7,1,0,0,9,0,0.0,0.0,12.4,15.2,14.47,11.03,12.0,-2.8,3.43
CP007,Footwear,King Street,Kids,7,5,14.0,7207.68,0.0,111627.64,12.4,6,0,0,0,9,1,11.0,10.5,14.4,13.4,14.93,13.47,10.6,1.0,1.47
CP007,Footwear,King Street,Kids,8,5,13.6,6582.63,0.0,98183.38,12.4,7,0,0,21,9,2,17.0,15.67,14.0,14.2,13.6,13.67,11.0,-0.2,-0.07
CP007,Footwear,King Street,Kids,9,5,13.4,5967.8,0.0,87338.93,12.2,7,0,0,5,8,0,0.0,0.0,13.6,13.8,14.0,14.23,11.0,-0.2,-0.23
CP007,Footwear,King Street,Kids,10,5,13.4,5938.99,0.0,83606.37,12.4,7,1,0,0,9,0,0.0,0.0,13.4,13.5,13.67,14.3,10.6,-0.1,-0.63
CP007,Footwear,King Street,Kids,11,5,14.4,5803.4,0.0,95526.33,12.8,7,0,0,0,9,2,23.0,20.83,13.4,13.4,13.47,13.53,12.0,0.0,-0.07
CP007,Footwear,King Street,Kids,12,5,16.2,5749.52,0.0,93027.25,13.8,7,1,6,0,9,4,25.0,21.55,14.4,13.9,13.73,13.87,13.2,0.5,-0.13
CP007,Footwear,King Street,Men,1,5,7.0,6131.52,0.0,42924.04,6.6,4,0,0,10,9,1,8.0,7.5,5.8,6.8,6.2,5.57,6.4,-1.0,0.63
CP007,Footwear,King Street,Men,2,5,6.0,6453.9,0.0,38236.39,5.4,4,1,0,0,8,0,0.0,0.0,7.0,6.1,6.67,5.57,5.6,0.9,1.1
CP007,Footwear,King Street,Men,3,5,8.2,6441.38,0.0,52835.6,7.8,4,0,0,0,9,0,0.0,0.0,6.0,6.5,5.53,5.47,5.0,-0.5,0.07
CP007,Footwear,King Street,Men,4,5,9.4,6425.08,0.0,59930.75,8.0,3,2,9,0,9,0,6.0,6.0,8.2,7.1,7.07,6.07,6.2,1.1,1.0
CP007,Footwear,King Street,Men,5,5,6.2,5445.65,0.0,39574.92,5.4,3,2,1,0,9,1,5.0,5.0,9.4,8.8,7.87,6.6,5.4,0.6,1.27
CP007,Footwear,King Street,Men,6,4,10.0,6018.82,0.0,60346.61,8.25,4,1,0,0,9,0,0.0,0.0,4.25,6.25,7.33,5.54,10.25,-2.0,1.79
CP007,Footwear,King Street,Men,7,5,8.2,6427.53,0.0,53341.82,7.2,3,0,0,0,9,1,8.0,8.0,10.8,8.5,8.07,7.93,6.4,2.3,0.13
CP007,Footwear,King Street,Men,8,5,5.4,5757.69,0.0,30118.51,4.8,3,0,0,21,9,1,9.0,8.5,8.2,9.5,8.4,7.8,6.0,-1.3,0.6
CP007,Footwear,King Street,Men,9,5,4.6,5683.3,0.0,26933.38,4.0,2,0,0,5,8,0,0.0,0.0,5.4,6.8,8.13,7.67,3.0,-1.4,0.47
CP007,Footwear,King Street,Men,10,5,6.0,6552.39,0.0,38918.59,5.6,3,1,0,0,9,0,0.0,0.0,4.6,5.0,6.07,7.07,4.2,-0.4,-1.0
CP007,Footwear,King Street,Men,11,5,9.2,6897.1,0.0,60827.22,7.6,4,0,0,0,9,0,5.0,5.0,6.0,5.3,5.33,6.87,6.6,0.7,-1.53
CP007,Footwear,King Street,Men,12,5,6.8,7162.99,0.0,47996.98,6.2,3,1,6,0,9,2,10.0,8.17,9.2,7.6,6.6,7.37,6.0,1.6,-0.77
CP007,Footwear,King Street,Unisex,1,5,2.6,8733.01,0.0,22483.64,2.6,2,0,0,10,9,1,3.0,3.0,4.6,4.0,3.47,3.7,3.6,0.6,-0.23
CP007,Footwear,King Street,Unisex,2,5,3.2,8073.97,0.0,26120.5,3.2,2,1,0,0,8,0,0.0,0.0,2.6,3.2,3.27,3.23,3.0,-0.6,0.03
CP007,Footwear,King Street,Unisex,3,5,3.4,7210.81,0.0,24315.37,3.4,2,0,0,0,9,0,0.0,0.0,3.2,2.9,3.13,3.27,2.4,0.3,-0.13
CP007,Footwear,King Street,Unisex,4,5,6.0,7525.88,0.0,46904.78,5.6,3,2,9,0,9,1,12.0,12.0,3.4,3.3,3.07,2.93,4.0,0.1,0.13
CP007,Footwear,King Street,Unisex,5,5,2.8,7293.28,0.0,20699.38,2.8,2,2,1,0,9,1,9.0,9.0,6.0,4.7,4.2,3.27,3.4,1.3,0.93
CP007,Footwear,King Street,Unisex,6,5,4.6,7633.98,0.0,35249.78,4.6,3,1,0,0,9,0,0.0,0.0,2.8,4.4,4.07,3.1,3.8,-1.6,0.97
CP007,Footwear,King Street,Unisex,7,4,6.25,7607.86,0.0,48460.99,6.25,3,0,0,0,9,0,0.0,0.0,4.75,3.88,4.42,3.79,3.75,0.88,0.62
CP007,Footwear,King Street,Unisex,8,5,3.4,8562.74,0.0,28641.38,3.4,2,0,0,21,9,0,3.0,3.0,5.8,5.0,4.67,4.23,3.4,0.8,0.43
CP007,Footwear,King Street,Unisex,9,5,5.0,8127.3,0.0,40372.5,5.0,3,0,0,5,8,0,0.0,0.0,3.4,4.6,4.47,4.27,4.4,-1.2,0.2
CP007,Footwear,King Street,Unisex,10,5,3.4,7888.06,0.0,26907.09,3.4,2,1,0,0,9,0,0.0,0.0,5.0,4.2,4.73,4.6,2.2,0.8,0.13
CP007,Footwear,King Street,Unisex,11,5,4.2,7952.33,0.0,33831.45,4.2,2,0,0,0,9,1,16.0,16.0,3.4,4.2,3.93,4.3,4.0,-0.8,-0.37
CP007,Footwear,King Street,Unisex,12,5,6.6,7270.59,0.0,46151.6,5.6,3,1,6,0,9,1,19.0,18.0,4.2,3.8,4.2,4.33,3.4,0.4,-0.13
CP007,Footwear,King Street,Women,1,5,8.2,4830.41,0.0,37526.0,6.4,4,0,0,10,9,1,5.0,5.0,10.4,8.7,8.0,7.5,6.4,1.7,0.5
CP007,Footwear,King Street,Women,2,5,7.4,4921.22,0.0,37142.66,5.8,3,1,0,0,8,0,0.0,0.0,8.2,8.2,7.8,7.57,6.4,0.0,0.23
CP007,Footwear,King Street,Women,3,5,8.8,4818.5,0.0,44354.26,7.4,4,0,0,0,9,0,0.0,0.0,7.4,7.8,7.6,7.17,7.2,-0.4,0.43
CP007,Footwear,King Street,Women,4,5,8.2,5574.06,2.0,47226.61,6.8,3,2,9,0,9,2,11.0,10.0,8.8,8.1,8.13,7.3,5.4,0.7,0.83
CP007,Footwear,King Street,Women,5,5,10.6,4926.82,0.0,51078.89,8.6,5,2,1,0,9,1,11.0,11.0,8.2,8.5,8.13,7.43,7.4,-0.3,0.7
CP007,Footwear,King Street,Women,6,5,5.2,4018.76,0.0,24020.93,4.6,3,1,0,0,9,0,0.0,0.0,10.6,9.4,9.2,7.77,4.2,1.2,1.43
CP007,Footwear,King Street,Women,7,5,7.4,5841.91,0.0,42229.95,6.4,4,0,0,0,9,0,4.0,4.0,5.2,7.9,8.0,8.07,5.6,-2.7,-0.07
CP007,Footwear,King Street,Women,8,5,9.2,4780.9,0.44,45714.61,7.6,4,0,0,21,9,1,10.0,9.67,7.4,6.3,7.73,7.93,8.8,1.1,-0.2
CP007,Footwear,King Street,Women,9,5,7.4,5313.87,0.0,39752.75,6.2,4,0,0,5,8,0,0.0,0.0,9.2,8.3,7.27,8.23,6.6,0.9,-0.97
CP007,Footwear,King Street,Women,10,5,7.6,5555.31,0.0,41814.25,6.2,4,1,0,0,9,0,0.0,0.0,7.4,8.3,8.0,8.0,6.6,-0.9,-0.0
CP007,Footwear,King Street,Women,11,5,9.0,4925.07,0.0,44663.12,7.6,3,0,0,0,9,0,5.0,5.0,7.6,7.5,8.07,7.9,7.0,0.1,0.17
CP007,Footwear,King Street,Women,12,5,13.0,5030.08,0.0,60923.86,10.0,4,1,6,0,9,2,23.0,18.83,9.0,8.3,8.0,7.63,10.4,0.7,0.37
CP007,Footwear,Libera,Kids,1,5,5.0,7885.34,0.0,36198.51,4.8,3,0,0,10,9,0,0.0,0.0,5.8,5.6,4.87,4.5,3.0,0.2,0.37
CP007,Footwear,Libera,Kids,2,5,4.2,7409.15,0.0,33379.97,4.2,3,1,0,0,8,0,0.0,0.0,5.0,5.3,5.33,4.5,3.6,-0.3,0.83
CP007,Footwear,Libera,Kids,3,5,5.4,7879.64,0.0,44173.35,5.0,3,0,0,0,9,0,0.0,0.0,4.2,4.6,4.87,4.47,4.2,-0.4,0.4
CP007,Footwear,Libera,Kids,4,5,4.4,5600.61,0.0,24257.82,4.4,2,2,9,0,9,1,15.0,13.0,5.4,4.8,4.87,4.57,3.4,0.6,0.3
CP007,Footwear,Libera,Kids,5,5,7.8,7273.75,0.25,59731.84,7.2,4,2,1,0,9,0,5.0,5.0,4.4,4.9,4.67,4.63,6.2,-0.5,0.03
CP007,Footwear,Libera,Kids,6,5,5.4,7753.9,0.0,44100.53,5.4,3,1,0,0,9,0,0.0,0.0,7.8,6.1,5.87,4.63,4.2,1.7,1.23
CP007,Footwear,Libera,Kids,7,5,5.0,7623.57,0.0,36092.66,4.8,4,0,0,0,9,1,14.0,13.25,5.4,6.6,5.87,5.37,4.8,-1.2,0.5
CP007,Footwear,Libera,Kids,8,5,5.8,6890.53,0.0,40973.34,5.4,3,0,0,21,9,1,13.0,11.0,5.0,5.2,6.07,5.37,4.2,-0.2,0.7
CP007,Footwear,Libera,Kids,9,5,4.4,6578.27,0.0,29799.55,4.2,3,0,0,5,8,0,0.0,0.0,5.8,5.4,5.4,5.63,3.4,0.4,-0.23
CP007,Footwear,Libera,Kids,10,5,4.6,8017.52,0.0,36798.6,4.6,3,1,0,0,9,0,0.0,0.0,4.4,5.1,5.07,5.47,3.4,-0.7,-0.4
CP007,Footwear,Libera,Kids,11,5,6.6,7695.52,0.0,51489.01,6.2,4,0,0,0,9,0,10.0,10.0,4.6,4.5,4.93,5.5,5.4,0.1,-0.57
CP007,Footwear,Libera,Kids,12,5,6.6,5967.81,0.0,45679.57,5.6,3,1,6,0,9,1,18.0,18.0,6.6,5.6,5.2,5.3,5.8,1.0,-0.1
CP007,Footwear,Libera,Men,1,5,7.2,7154.84,0.0,50142.62,5.8,2,0,0,10,9,1,4.0,4.0,5.6,5.6,5.93,5.47,4.8,0.0,0.47
CP007,Footwear,Libera,Men,2,5,7.8,6418.72,0.0,47375.63,6.2,3,1,0,0,8,0,0.0,0.0,7.2,5.8,5.73,5.4,6.4,1.4,0.33
CP007,Footwear,Libera,Men,3,5,5.6,5645.37,0.0,32141.53,5.0,2,0,0,0,9,0,0.0,0.0,7.8,7.5,6.0,5.93,4.8,0.3,0.07
CP007,Footwear,Libera,Men,4,5,8.4,7412.2,0.0,60768.86,7.4,3,2,9,0,9,0,4.0,3.5,5.6,6.7,6.87,5.77,8.2,-1.1,1.1
CP007,Footwear,Libera,Men,5,5,4.8,8075.45,0.0,38601.38,4.0,3,2,1,0,9,0,2.0,2.0,8.4,7.0,7.27,5.8,3.8,1.4,1.47
CP007,Footwear,Libera,Men,6,5,5.2,6924.47,0.0,31191.18,3.8,2,1,0,0,9,0,0.0,0.0,4.8,6.6,6.27,5.53,4.6,-1.8,0.73
CP007,Footwear,Libera,Men,7,5,8.4,6913.36,0.8,56359.08,7.0,3,0,0,0,9,0,7.0,7.0,5.2,5.0,6.13,6.5,6.4,0.2,-0.37
CP007,Footwear,Libera,Men,8,5,4.4,6780.35,0.0,30334.76,4.2,2,0,0,21,9,1,8.0,7.0,8.4,6.8,6.13,6.7,3.2,1.6,-0.57
CP007,Footwear,Libera,Men,9,5,6.8,6935.21,0.0,43587.99,5.2,3,0,0,5,8,0,0.0,0.0,4.4,6.4,6.0,6.13,5.4,-2.0,-0.13
CP007,Footwear,Libera,Men,10,5,7.4,7664.73,0.0,54767.94,6.4,3,1,0,0,9,0,0.0,0.0,6.8,5.6,6.53,6.33,6.6,1.2,0.2
CP007,Footwear,Libera,Men,11,5,6.2,6521.47,0.0,37044.55,5.4,2,0,0,0,9,0,4.0,4.0,7.4,7.1,6.2,6.17,5.6,0.3,0.03
CP007,Footwear,Libera,Men,12,5,6.6,7287.83,0.0,48143.42,5.4,2,1,6,0,9,2,21.0,19.0,6.2,6.8,6.8,6.4,5.6,-0.6,0.4
CP007,Footwear,Libera,Unisex,1,5,6.0,3776.4,0.22,25849.33,5.4,3,0,0,10,9,1,6.0,6.0,3.2,3.7,3.4,3.5,5.0,-0.5,-0.1
CP007,Footwear,Libera,Unisex,2,5,5.8,3902.34,0.0,26155.34,5.0,2,1,0,0,8,0,0.0,0.0,6.0,3.9,4.0,3.43,3.0,2.1,0.57
CP007,Footwear,Libera,Unisex,3,5,5.6,4338.28,0.0,25771.91,5.0,3,0,0,0,9,0,0.0,0.0,5.8,5.9,4.27,3.77,4.6,-0.1,0.5
CP007,Footwear,Libera,Unisex,4,5,4.2,4525.85,0.0,19667.07,4.0,2,2,9,0,9,1,11.0,10.5,5.6,5.7,5.8,4.13,2.8,-0.1,1.67
CP007,Footwear,Libera,Unisex,5,5,4.2,3872.01,0.0,18717.19,3.2,2,2,1,0,9,0,0.0,0.0,4.2,4.9,5.2,4.27,3.4,-0.7,0.93
CP007,Footwear,Libera,Unisex,6,5,5.0,4241.79,0.0,22450.18,4.2,3,1,0,0,9,0,0.0,0.0,4.2,4.2,4.67,4.2,4.2,0.0,0.47
CP007,Footwear,Libera,Unisex,7,4,6.25,3842.75,0.0,27607.34,5.25,4,0,0,0,9,1,8.75,8.12,5.25,4.75,4.33,4.79,5.0,0.5,-0.46
CP007,Footwear,Libera,Unisex,8,5,4.2,4055.41,0.0,19095.79,3.8,3,0,0,21,9,1,8.0,7.5,5.8,5.4,5.2,5.13,3.6,0.4,0.07
CP007,Footwear,Libera,Unisex,9,5,3.6,3560.19,0.0,15974.26,3.2,2,0,0,5,8,0,0.0,0.0,4.2,5.0,5.0,5.17,2.0,-0.8,-0.17
CP007,Footwear,Libera,Unisex,10,5,3.6,3630.1,0.0,13672.45,3.4,3,1,0,0,9,0,0.0,0.0,3.6,3.9,4.53,4.53,3.2,-0.3,0.0
CP007,Footwear,Libera,Unisex,11,5,5.0,3736.76,0.0,20127.3,4.2,3,0,0,0,9,1,15.0,15.0,3.6,3.6,3.8,4.5,4.8,0.0,-0.7
CP007,Footwear,Libera,Unisex,12,5,4.6,3645.32,0.0,18353.39,3.8,3,1,6,0,9,2,21.0,16.33,5.0,4.3,4.07,4.53,2.8,0.7,-0.47
CP007,Footwear,Libera,Women,1,5,7.0,8100.08,0.0,60263.21,5.0,3,0,0,10,9,0,5.0,5.0,8.8,8.2,7.53,5.93,7.2,0.6,1.6
CP007,Footwear,Libera,Women,2,5,4.8,7678.76,0.0,38512.2,3.8,2,1,0,0,8,0,0.0,0.0,7.0,6.7,7.0,5.6,3.6,0.3,1.4
CP007,Footwear,Libera,Women,3,5,8.0,8680.33,0.0,71362.81,5.8,2,0,0,0,9,0,0.0,0.0,4.8,5.9,5.93,5.6,5.0,-1.1,0.33
CP007,Footwear,Libera,Women,4,4,5.25,8164.87,0.0,42367.0,4.0,2,2,9,0,8,0,6.25,6.25,7.75,6.5,7.0,5.79,3.75,1.25,1.21
CP007,Footwear,Libera,Women,5,4,7.25,8170.6,0.0,62807.37,5.5,2,2,1,0,9,0,3.75,3.75,4.75,5.5,5.17,5.83,3.25,-0.75,-0.67
CP007,Footwear,Libera,Women,6,5,6.8,7421.02,0.0,53142.34,5.6,3,1,0,0,9,0,0.0,0.0,8.0,6.8,6.6,6.0,7.2,1.2,0.6
CP007,Footwear,Libera,Women,7,5,8.6,7166.92,0.0,65582.22,6.6,3,0,0,0,9,1,11.0,11.0,6.8,7.4,6.8,6.73,5.6,-0.6,0.07
CP007,Footwear,Libera,Women,8,5,5.8,7811.92,0.0,46214.11,3.8,3,0,0,21,9,1,8.0,7.0,8.6,7.7,7.8,6.73,5.2,0.9,1.07
CP007,Footwear,Libera,Women,9,5,3.6,6855.68,0.0,27055.37,2.6,2,0,0,5,8,0,0.0,0.0,5.8,7.2,7.07,6.83,4.0,-1.4,0.23
CP007,Footwear,Libera,Women,10,5,7.4,7506.27,0.0,59395.86,6.2,3,1,0,0,9,0,0.0,0.0,3.6,4.7,6.0,6.4,2.2,-1.1,-0.4
CP007,Footwear,Libera,Women,11,5,9.4,6539.43,0.0,64848.34,7.4,3,0,0,0,9,1,15.0,15.0,7.4,5.5,5.6,6.7,8.4,1.9,-1.1
CP007,Footwear,Libera,Women,12,4,11.0,8029.87,0.0,91976.85,8.75,3,1,6,0,9,1,18.75,18.33,9.5,8.62,6.58,6.75,8.5,0.88,-0.17
CP007,Footwear,Miss Modano,Kids,1,5,20.0,6657.8,0.0,135955.73,15.6,4,0,0,10,9,1,10.0,10.0,7.8,9.4,11.6,11.4,18.2,-1.6,0.2
CP007,Footwear,Miss Modano,Kids,2,5,11.8,5999.63,0.0,74309.47,9.8,4,1,0,0,8,0,0.0,0.0,20.0,10.6,10.73,11.67,10.0,9.4,-0.93
CP007,Footwear,Miss Modano,Kids,3,5,13.6,6642.48,0.0,92188.97,11.0,5,0,0,0,9,0,0.0,0.0,11.8,15.9,10.07,11.1,10.2,-4.1,-1.03
CP007,Footwear,Miss Modano,Kids,4,5,12.0,6440.41,0.33,78789.85,8.8,4,2,9,0,9,1,10.0,9.67,13.6,12.7,15.13,11.4,8.4,0.9,3.73
CP007,Footwear,Miss Modano,Kids,5,5,14.8,6869.67,0.38,101455.0,11.4,5,2,1,0,9,1,5.0,5.0,12.0,12.8,12.47,10.2,13.2,-0.8,2.27
CP007,Footwear,Miss Modano,Kids,6,5,12.0,6263.72,0.0,73567.05,9.4,4,1,0,0,9,0,0.0,0.0,14.8,13.4,13.47,10.33,9.8,1.4,3.13
CP007,Footwear,Miss Modano,Kids,7,5,14.8,6844.92,0.0,105759.46,11.2,5,0,0,0,9,1,12.0,12.0,12.0,13.4,12.93,14.03,11.8,-1.4,-1.1
CP007,Footwear,Miss Modano,Kids,8,5,14.2,6620.79,0.0,102665.52,11.2,5,0,0,21,9,1,11.0,10.5,14.8,13.4,13.87,13.17,12.4,1.4,0.7
CP007,Footwear,Miss Modano,Kids,9,5,11.6,6668.47,0.0,74717.05,9.2,5,0,0,5,8,0,0.0,0.0,14.2,14.5,13.67,13.57,9.4,-0.3,0.1
CP007,Footwear,Miss Modano,Kids,10,5,17.6,6531.24,0.0,112657.15,13.8,5,1,0,0,9,0,0.0,0.0,11.6,12.9,13.53,13.23,16.0,-1.3,0.3
CP007,Footwear,Miss Modano,Kids,11,5,14.0,6157.9,0.0,87727.6,10.4,5,0,0,0,9,1,20.0,19.5,17.6,14.6,14.47,14.17,11.0,3.0,0.3
CP007,Footwear,Miss Modano,Kids,12,5,8.6,6724.19,0.0,62646.11,6.6,4,1,6,0,9,2,23.0,19.5,14.0,15.8,14.4,14.03,7.8,-1.8,0.37
CP007,Footwear,Miss Modano,Men,1,5,26.6,6762.65,0.0,159757.26,21.4,11,0,0,10,9,2,12.0,10.73,32.0,24.1,21.53,19.63,20.8,7.9,1.9
CP007,Footwear,Miss Modano,Men,2,5,26.8,6910.38,0.0,174242.99,22.4,10,1,0,0,8,0,0.0,0.0,26.6,26.6,23.13,19.87,22.0,0.0,3.27
CP007,Footwear,Miss Modano,Men,3,5,28.4,7360.74,0.0,196907.12,24.4,10,0,0,0,9,0,0.0,0.0,26.8,26.7,24.93,20.3,22.6,0.1,4.63
CP007,Footwear,Miss Modano,Men,4,5,27.4,6471.42,0.0,160239.22,22.2,9,2,9,0,9,1,11.0,8.5,28.4,27.6,27.27,21.97,20.6,0.8,5.3
CP007,Footwear,Miss Modano,Men,5,5,22.6,7063.75,0.0,147065.76,18.8,10,2,1,0,9,2,11.0,9.93,27.4,27.9,27.53,22.6,20.0,-0.5,4.93
CP007,Footwear,Miss Modano,Men,6,5,19.4,7288.52,0.0,126117.12,16.4,9,1,0,0,9,0,0.0,0.0,22.6,25.0,26.13,22.8,15.8,-2.4,3.33
CP007,Footwear,Miss Modano,Men,7,5,22.2,7474.34,0.0,164227.66,17.8,9,0,0,0,9,2,17.0,15.0,19.4,21.0,23.13,25.2,19.8,-1.6,-2.07
CP007,Footwear,Miss Modano,Men,8,5,23.8,6668.5,0.0,146882.34,20.0,8,0,0,21,9,1,18.0,17.0,22.2,20.8,21.4,24.47,19.0,1.4,-3.07
CP007,Footwear,Miss Modano,Men,9,5,17.2,7791.1,0.0,128631.67,14.0,7,0,0,5,8,0,0.0,0.0,23.8,23.0,21.8,23.97,14.4,0.8,-2.17
CP007,Footwear,Miss Modano,Men,10,5,22.8,6882.13,0.0,134452.99,18.8,8,1,0,0,9,0,0.0,0.0,17.2,20.5,21.07,22.1,16.4,-3.3,-1.03
CP007,Footwear,Miss Modano,Men,11,5,21.6,8048.77,0.0,167388.54,17.4,9,0,0,0,9,3,28.0,25.47,22.8,20.0,21.27,21.33,16.2,2.8,-0.07
CP007,Footwear,Miss Modano,Men,12,5,40.4,6856.94,0.0,250465.84,33.0,10,1,6,0,9,4,29.0,22.73,21.6,22.2,20.53,21.17,32.0,-0.6,-0.63
CP007,Footwear,Miss Modano,Unisex,1,5,11.4,7697.12,0.0,83942.06,9.0,5,0,0,10,9,1,11.0,9.83,16.8,15.9,15.2,14.17,8.6,0.9,1.03
CP007,Footwear,Miss Modano,Unisex,2,5,17.4,6903.41,0.0,115379.75,13.2,5,1,0,0,8,0,0.0,0.0,11.4,12.6,13.4,13.43,13.6,-1.2,-0.03
CP007,Footwear,Miss Modano,Unisex,3,5,10.6,7374.69,0.0,76031.71,7.2,3,0,0,0,9,0,0.0,0.0,17.4,14.4,12.87,13.53,9.2,3.0,-0.67
CP007,Footwear,Miss Modano,Unisex,4,5,12.4,8060.62,0.0,99707.28,10.4,5,2,9,0,9,1,11.0,10.5,10.6,14.0,13.13,12.57,10.6,-3.4,0.57
CP007,Footwear,Miss Modano,Unisex,5,5,12.4,7684.89,0.25,90999.89,9.6,4,2,1,0,9,1,14.0,13.5,12.4,11.5,13.47,11.87,7.8,0.9,1.6
CP007,Footwear,Miss Modano,Unisex,6,5,14.2,8142.67,0.0,106289.3,11.0,4,1,0,0,9,0,0.0,0.0,12.4,12.4,11.8,11.23,13.8,0.0,0.57
CP007,Footwear,Miss Modano,Unisex,7,5,15.4,7926.53,0.0,114365.58,11.6,4,0,0,0,9,1,11.0,11.0,14.2,13.3,13.0,13.07,12.8,0.9,-0.07
CP007,Footwear,Miss Modano,Unisex,8,5,16.2,7451.35,0.0,115139.42,12.6,5,0,0,21,9,1,8.0,8.0,15.4,14.8,14.0,13.73,12.8,0.6,0.27
CP007,Footwear,Miss Modano,Unisex,9,5,17.2,8214.71,0.0,137921.69,12.4,5,0,0,5,8,0,0.0,0.0,16.2,15.8,15.27,13.53,13.8,0.4,1.73
CP007,Footwear,Miss Modano,Unisex,10,5,17.8,7294.88,0.0,127990.95,13.4,5,1,0,0,9,0,0.0,0.0,17.2,16.7,16.27,14.63,13.8,0.5,1.63
CP007,Footwear,Miss Modano,Unisex,11,5,17.0,7362.15,1.3,118218.76,13.2,5,0,0,0,9,1,17.0,15.33,17.8,17.5,17.07,15.53,15.0,0.3,1.53
CP007,Footwear,Miss Modano,Unisex,12,5,20.0,6491.64,0.0,129999.7,14.8,4,1,6,0,9,2,26.0,23.67,17.0,17.4,17.33,16.3,16.8,-0.4,1.03
CP007,Footwear,Miss Modano,Women,1,5,11.0,6837.15,0.0,67586.67,8.4,4,0,0,10,9,1,5.0,4.5,11.6,10.6,10.67,10.87,8.0,1.0,-0.2
CP007,Footwear,Miss Modano,Women,2,5,17.6,7473.14,0.0,123233.89,14.0,5,1,0,0,8,0,0.0,0.0,11.0,10.2,10.0,10.23,14.6,0.8,-0.23
CP007,Footwear,Miss Modano,Women,3,5,17.0,8493.33,0.0,135972.11,14.2,5,0,0,0,9,0,0.0,0.0,17.6,14.3,11.33,10.7,12.0,3.3,0.63
CP007,Footwear,Miss Modano,Women,4,5,15.4,8193.69,0.0,112742.73,11.6,4,2,9,0,9,1,6.0,5.5,17.0,17.3,15.2,11.67,9.0,-0.3,3.53
CP007,Footwear,Miss Modano,Women,5,5,16.4,7744.82,0.0,120289.03,13.0,5,2,1,0,9,1,5.0,4.5,15.4,16.2,16.67,11.93,14.2,-0.8,4.73
CP007,Footwear,Miss Modano,Women,6,5,13.4,7737.25,0.0,95847.88,10.6,5,1,0,0,9,0,0.0,0.0,16.4,15.9,16.27,12.7,10.6,0.5,3.57
CP007,Footwear,Miss Modano,Women,7,5,15.4,8521.85,0.0,117689.83,12.2,5,0,0,0,9,1,6.0,5.5,13.4,14.9,15.07,15.13,12.6,-1.5,-0.07
CP007,Footwear,Miss Modano,Women,8,5,14.2,7612.85,0.0,99592.03,10.4,3,0,0,21,9,1,8.0,8.0,15.4,14.4,15.07,15.87,10.8,1.0,-0.8
CP007,Footwear,Miss Modano,Women,9,5,11.8,6650.56,0.0,77768.99,9.2,4,0,0,5,8,0,0.0,0.0,14.2,14.8,14.33,15.3,9.8,-0.6,-0.97
CP007,Footwear,Miss Modano,Women,10,5,16.2,8090.49,0.0,117040.3,13.8,5,1,0,0,9,0,0.0,0.0,11.8,13.0,13.8,14.43,10.8,-1.2,-0.63
CP007,Footwear,Miss Modano,Women,11,5,13.6,7123.26,0.0,92324.33,10.6,4,0,0,0,9,1,18.0,17.5,16.2,14.0,14.07,14.57,9.6,2.2,-0.5
CP007,Footwear,Miss Modano,Women,12,4,14.5,8813.92,0.0,114762.11,11.75,4,1,6,0,9,3,25.0,21.92,12.0,12.75,12.58,13.38,11.75,-0.75,-0.79
CP007,Footwear,Modano,Kids,1,5,20.2,7093.25,0.0,142275.42,15.6,8,0,0,10,9,2,14.0,12.87,14.0,15.3,14.67,15.57,15.8,-1.3,-0.9
CP007,Footwear,Modano,Kids,2,5,16.8,6668.14,0.0,112256.24,13.0,7,1,0,0,8,0,0.0,0.0,20.2,15.6,15.93,16.5,12.2,4.6,-0.57
CP007,Footwear,Modano,Kids,3,5,21.2,6847.22,0.0,140112.76,16.8,8,0,0,0,9,0,0.0,0.0,16.8,18.5,15.07,15.9,16.4,-1.7,-0.83
CP007,Footwear,Modano,Kids,4,5,22.2,7055.86,0.22,155481.96,17.6,8,2,9,0,9,2,11.0,9.67,21.2,19.0,19.4,15.53,16.4,2.2,3.87
CP007,Footwear,Modano,Kids,5,5,22.2,6956.93,0.0,154290.97,17.0,8,2,1,0,9,1,9.0,9.0,22.2,21.7,20.07,16.3,18.6,0.5,3.77
CP007,Footwear,Modano,Kids,6,5,16.4,7095.0,0.0,114362.3,13.4,8,1,0,0,9,0,0.0,0.0,22.2,22.2,21.87,16.53,14.0,0.0,5.33
CP007,Footwear,Modano,Kids,7,5,14.0,6490.2,0.0,88475.6,11.2,6,0,0,0,9,2,13.0,11.17,16.4,19.3,20.27,19.83,11.6,-2.9,0.43
CP007,Footwear,Modano,Kids,8,5,22.4,6607.15,0.0,146881.29,18.0,8,0,0,21,9,1,12.0,10.0,14.0,15.2,17.53,18.8,17.6,-1.2,-1.27
CP007,Footwear,Modano,Kids,9,5,23.6,6818.67,0.0,154864.0,21.0,10,0,0,5,8,0,0.0,0.0,22.4,18.2,17.6,19.73,20.2,4.2,-2.13
CP007,Footwear,Modano,Kids,10,5,15.6,7128.66,0.0,109241.54,13.0,8,1,0,0,9,0,0.0,0.0,23.6,23.0,20.0,20.13,13.4,0.6,-0.13
CP007,Footwear,Modano,Kids,11,5,19.4,7144.44,0.0,139285.64,16.2,9,0,0,0,9,1,19.0,18.5,15.6,19.6,20.53,19.03,16.6,-4.0,1.5
CP007,Footwear,Modano,Kids,12,5,18.0,7347.21,0.0,130389.64,14.2,7,1,6,0,9,4,28.0,21.57,19.4,17.5,19.53,18.57,14.0,1.9,0.97
CP007,Footwear,Modano,Men,1,5,9.8,6250.11,0.0,62049.29,9.4,6,0,0,10,9,1,10.0,9.5,7.6,6.9,7.13,7.87,7.4,0.7,-0.73
CP007,Footwear,Modano,Men,2,5,8.0,5949.82,0.0,48806.26,7.4,6,1,0,0,8,0,0.0,0.0,9.8,8.0,7.4,7.7,6.2,1.8,-0.3
CP007,Footwear,Modano,Men,3,5,11.0,5352.1,0.0,60175.01,10.6,6,0,0,0,9,0,0.0,0.0,8.0,8.9,7.53,7.33,8.0,-0.9,0.2
CP007,Footwear,Modano,Men,4,5,8.6,4957.72,0.0,45152.58,8.0,5,2,9,0,9,1,12.0,10.0,11.0,9.5,9.6,7.57,6.4,1.5,2.03
CP007,Footwear,Modano,Men,5,5,10.6,4950.45,0.0,54369.94,10.0,7,2,1,0,9,0,5.0,5.0,8.6,9.8,9.2,7.5,8.0,-1.2,1.7
CP007,Footwear,Modano,Men,6,5,11.2,6818.77,0.0,75824.64,10.6,6,1,0,0,9,0,0.0,0.0,10.6,9.6,10.07,7.83,9.6,1.0,2.23
CP007,Footwear,Modano,Men,7,5,11.0,5698.55,0.0,64143.75,11.0,6,0,0,0,9,2,12.0,10.6,11.2,10.9,10.13,9.87,9.4,0.3,0.27
CP007,Footwear,Modano,Men,8,5,12.2,5661.94,0.0,72044.79,11.0,7,0,0,21,9,1,13.0,11.83,11.0,11.1,10.93,10.07,8.8,-0.1,0.87
CP007,Footwear,Modano,Men,9,5,9.0,5915.32,0.0,53918.44,8.6,5,0,0,5,8,0,0.0,0.0,12.2,11.6,11.47,10.77,7.6,0.6,0.7
CP007,Footwear,Modano,Men,10,5,9.6,5791.53,0.0,57792.71,8.8,6,1,0,0,9,0,0.0,0.0,9.0,10.6,10.73,10.43,7.6,-1.6,0.3
CP007,Footwear,Modano,Men,11,5,8.0,5575.68,0.0,46313.2,7.6,5,0,0,0,9,1,21.0,20.5,9.6,9.3,10.27,10.6,6.2,0.3,-0.33
CP007,Footwear,Modano,Men,12,5,11.0,6145.56,0.0,68772.35,9.8,5,1,6,0,9,2,27.0,24.23,8.0,8.8,8.87,10.17,7.6,-0.8,-1.3
CP007,Footwear,Modano,Unisex,1,5,3.8,2879.99,0.0,10235.51,3.2,2,0,0,10,9,0,6.0,6.0,4.0,3.9,3.93,4.3,2.2,0.1,-0.37
CP007,Footwear,Modano,Unisex,2,5,4.6,3063.16,0.0,13079.32,4.2,3,1,0,0,8,0,0.0,0.0,3.8,3.6,3.67,4.33,3.4,0.2,-0.67
CP007,Footwear,Modano,Unisex,3,5,4.6,2733.89,0.0,11142.39,4.2,2,0,0,0,9,0,0.0,0.0,4.6,4.2,3.53,3.83,3.4,0.4,-0.3
CP007,Footwear,Modano,Unisex,4,5,6.0,2754.23,0.0,13325.53,5.0,3,2,9,0,9,2,17.0,15.17,4.6,4.6,4.33,3.7,5.2,0.0,0.63
CP007,Footwear,Modano,Unisex,5,5,4.0,3111.96,0.0,11212.94,3.4,2,2,1,0,9,1,11.0,11.0,6.0,5.3,5.07,3.9,3.8,0.7,1.17
CP007,Footwear,Modano,Unisex,6,5,5.6,2795.86,0.0,13969.02,4.8,3,1,0,0,9,0,0.0,0.0,4.0,5.0,4.87,3.9,4.2,-1.0,0.97
CP007,Footwear,Modano,Unisex,7,5,4.4,3129.83,0.0,12434.96,4.4,3,0,0,0,9,1,6.0,6.0,5.6,4.8,5.2,4.77,3.0,0.8,0.43
CP007,Footwear,Modano,Unisex,8,5,6.4,2505.02,0.0,13449.8,4.8,2,0,0,21,9,1,8.0,7.0,4.4,5.0,4.67,4.87,6.4,-0.6,-0.2
CP007,Footwear,Modano,Unisex,9,5,7.0,2877.41,0.0,18672.85,6.0,3,0,0,5,8,0,0.0,0.0,6.4,5.4,5.47,5.17,4.6,1.0,0.3
CP007,Footwear,Modano,Unisex,10,4,4.25,3109.99,0.0,12869.05,4.0,2,1,0,0,9,0,0.0,0.0,6.5,7.12,6.08,5.88,5.0,-0.62,0.21
CP007,Footwear,Modano,Unisex,11,5,4.2,3096.36,0.0,12114.24,4.0,2,0,0,0,9,0,12.0,12.0,5.2,5.3,6.0,5.27,3.8,-0.1,0.73
CP007,Footwear,Modano,Unisex,12,5,4.6,2936.89,0.0,12236.97,3.8,3,1,6,0,9,2,20.0,19.33,4.2,4.7,4.93,5.2,4.0,-0.5,-0.27
CP007,Footwear,Modano,Women,1,5,10.8,7279.32,0.25,86170.67,10.0,6,0,0,10,9,1,8.0,7.33,11.8,9.5,9.07,8.5,8.2,2.3,0.57
CP007,Footwear,Modano,Women,2,5,9.2,7082.77,0.0,71951.89,8.6,5,1,0,0,8,0,0.0,0.0,10.8,10.1,9.13,8.67,7.8,0.7,0.47
CP007,Footwear,Modano,Women,3,5,9.6,7595.25,0.0,78769.03,8.8,5,0,0,0,9,0,0.0,0.0,9.2,10.0,9.27,8.73,7.4,-0.8,0.53
CP007,Footwear,Modano,Women,4,5,13.8,8023.06,0.0,114892.17,12.2,7,2,9,0,9,2,19.0,16.0,9.6,9.4,9.87,8.4,9.8,0.2,1.47
CP007,Footwear,Modano,Women,5,5,11.8,8216.46,0.0,109096.21,10.0,6,2,1,0,9,1,8.0,8.0,13.8,11.7,10.87,8.8,8.8,2.1,2.07
CP007,Footwear,Modano,Women,6,5,11.4,8393.63,0.0,100623.36,10.2,6,1,0,0,9,0,0.0,0.0,11.8,12.8,11.73,9.23,10.0,-1.0,2.5
CP007,Footwear,Modano,Women,7,5,9.8,7902.48,0.0,80879.71,9.0,5,0,0,0,9,2,13.0,11.5,11.4,11.6,12.33,11.1,7.4,-0.2,1.23
CP007,Footwear,Modano,Women,8,5,8.6,8424.63,0.6,75139.38,7.6,6,0,0,21,9,1,11.0,10.0,9.8,10.6,11.0,10.93,7.2,-0.8,0.07
CP007,Footwear,Modano,Women,9,5,11.8,7737.23,0.0,98086.18,11.2,7,0,0,5,8,0,0.0,0.0,8.6,9.2,9.93,10.83,9.2,-0.6,-0.9
CP007,Footwear,Modano,Women,10,5,11.4,8281.69,0.0,104068.96,10.0,5,1,0,0,9,0,0.0,0.0,11.8,10.2,10.07,11.2,8.2,1.6,-1.13
CP007,Footwear,Modano,Women,11,5,11.8,7618.04,0.0,99143.27,10.4,6,0,0,0,9,1,20.0,18.67,11.4,11.6,10.6,10.8,7.2,-0.2,-0.2
CP007,Footwear,Modano,Women,12,5,15.2,7850.55,0.67,131512.01,13.4,7,1,6,0,9,4,28.0,23.4,11.8,11.6,11.67,10.8,11.8,0.2,0.87
CP007,Kids,Emerald,Kids,1,5,116.8,1829.57,0.11,226054.28,87.6,28,0,0,10,9,10,15.0,12.76,130.0,106.1,99.07,99.63,92.6,23.9,-0.57
CP007,Kids,Emerald,Kids,2,5,118.4,1866.29,0.0,230397.52,89.6,32,1,0,0,8,0,0.0,0.0,116.8,110.9,101.33,100.0,93.0,5.9,1.33
CP007,Kids,Emerald,Kids,3,5,114.6,1864.01,0.0,224302.02,81.8,32,0,0,0,9,0,0.0,0.0,118.4,117.6,106.6,95.3,88.0,0.8,11.3
CP007,Kids,Emerald,Kids,4,5,165.8,1815.53,0.1,330053.17,125.8,33,2,9,0,9,8,24.0,17.38,114.6,116.5,116.6,96.6,128.6,-1.9,20.0
CP007,Kids,Emerald,Kids,5,5,115.8,1862.45,0.0,222200.32,88.6,31,2,1,0,9,5,15.0,11.82,165.8,140.2,132.93,104.03,85.4,25.6,28.9
CP007,Kids,Emerald,Kids,6,5,117.2,1889.22,0.0,237446.36,89.4,30,1,0,0,9,0,0.0,0.0,115.8,140.8,132.07,106.13,98.6,-25.0,25.93
CP007,Kids,Emerald,Kids,7,5,114.6,1773.1,0.25,215889.97,87.6,33,0,0,0,9,12,20.0,15.07,117.2,116.5,132.93,124.77,89.6,0.7,8.17
CP007,Kids,Emerald,Kids,8,5,150.6,1884.03,0.05,297584.29,114.6,31,0,0,21,9,7,20.0,14.06,114.6,115.9,115.87,124.4,126.2,-1.3,-8.53
CP007,Kids,Emerald,Kids,9,5,107.4,1895.14,0.0,211393.0,81.2,30,0,0,5,8,0,0.0,0.0,150.6,132.6,127.47,129.77,84.8,18.0,-2.3
CP007,Kids,Emerald,Kids,10,5,106.6,1823.13,0.0,202237.8,75.8,31,1,0,0,9,0,0.0,0.0,107.4,129.0,124.2,128.57,85.0,-21.6,-4.37
CP007,Kids,Emerald,Kids,11,5,112.8,1801.69,0.19,211983.94,82.6,27,0,0,0,9,6,28.0,24.24,106.6,107.0,121.53,118.7,82.2,-0.4,2.83
CP007,Kids,Emerald,Kids,12,5,157.4,1771.64,0.13,297497.2,121.0,33,1,6,0,9,16,30.0,23.15,112.8,109.7,108.93,118.2,130.0,3.1,-9.27
CP007,Kids,Hustle,Kids,1,5,79.2,1809.44,0.1,151052.22,58.4,25,0,0,10,9,6,15.0,12.61,84.4,75.0,69.93,68.47,61.0,9.4,1.47
CP007,Kids,Hustle,Kids,2,5,71.4,1912.33,0.0,138935.43,51.8,25,1,0,0,8,0,0.0,0.0,79.2,75.3,72.07,69.9,55.0,3.9,2.17
CP007,Kids,Hustle,Kids,3,5,82.4,1889.29,0.0,161415.98,61.6,27,0,0,0,9,0,0.0,0.0,71.4,75.3,69.8,66.6,65.6,-3.9,3.2
CP007,Kids,Hustle,Kids,4,5,104.0,1978.01,0.26,210858.0,80.6,26,2,9,0,9,9,24.0,17.51,82.4,76.9,77.67,66.63,79.6,5.5,11.03
CP007,Kids,Hustle,Kids,5,5,81.4,1854.33,0.0,152834.51,61.4,29,2,1,0,9,6,15.0,12.03,104.0,93.2,85.93,70.2,63.2,10.8,15.73
CP007,Kids,Hustle,Kids,6,5,82.2,1902.29,0.0,163493.06,61.4,27,1,0,0,9,0,0.0,0.0,81.4,92.7,89.27,70.37,65.6,-11.3,18.9
CP007,Kids,Hustle,Kids,7,5,70.2,1958.48,0.14,142302.77,53.0,25,0,0,0,9,6,19.0,15.05,82.2,81.8,89.2,83.43,57.6,0.4,5.77
CP007,Kids,Hustle,Kids,8,5,93.0,1927.81,0.15,187931.29,70.4,26,0,0,21,9,7,19.0,14.19,70.2,76.2,77.93,81.93,78.6,-6.0,-4.0
CP007,Kids,Hustle,Kids,9,5,83.8,1819.47,0.0,159691.66,63.0,29,0,0,5,8,0,0.0,0.0,93.0,81.6,81.8,85.53,64.8,11.4,-3.73
CP007,Kids,Hustle,Kids,10,5,74.6,2011.02,0.0,156045.21,57.6,24,1,0,0,9,0,0.0,0.0,83.8,88.4,82.33,85.77,59.8,-4.6,-3.43
CP007,Kids,Hustle,Kids,11,5,83.6,1812.91,0.14,164493.44,61.0,23,0,0,0,9,5,29.0,25.53,74.6,79.2,83.8,80.87,65.6,-4.6,2.93
CP007,Kids,Hustle,Kids,12,5,114.6,1799.48,0.22,215133.94,85.0,26,1,6,0,9,14,30.0,23.02,83.6,79.1,80.67,81.23,84.4,4.5,-0.57
CP007,Kids,King Street,Kids,1,5,32.8,2306.71,0.0,74583.38,26.4,13,0,0,10,9,3,13.0,11.85,34.6,28.9,26.47,24.57,24.4,5.7,1.9
CP007,Kids,King Street,Kids,2,5,31.2,2121.27,0.0,64928.35,24.6,12,1,0,0,8,0,0.0,0.0,32.8,30.9,28.33,25.87,22.4,1.9,2.47
CP007,Kids,King Street,Kids,3,5,29.0,2268.68,0.0,62568.73,23.0,12,0,0,0,9,0,0.0,0.0,31.2,32.0,29.0,25.87,21.8,-0.8,3.13
CP007,Kids,King Street,Kids,4,5,37.4,2160.43,0.0,75660.77,29.2,11,2,9,0,9,3,19.0,14.87,29.0,30.1,31.0,25.93,31.0,-1.1,5.07
CP007,Kids,King Street,Kids,5,5,30.2,2234.66,0.0,65799.18,23.8,13,2,1,0,9,2,15.0,13.83,37.4,33.2,32.53,27.67,23.8,4.2,4.87
CP007,Kids,King Street,Kids,6,5,26.0,2255.24,0.0,56180.15,19.4,13,1,0,0,9,0,0.0,0.0,30.2,33.8,32.2,28.13,22.2,-3.6,4.07
CP007,Kids,King Street,Kids,7,5,24.8,2343.22,0.0,57540.13,20.4,11,0,0,0,9,3,14.0,12.57,26.0,28.1,31.2,31.1,19.4,-2.1,0.1
CP007,Kids,King Street,Kids,8,5,32.0,2225.02,0.0,69559.32,23.8,12,0,0,21,9,3,15.0,12.83,24.8,25.4,27.0,29.77,25.2,-0.6,-2.77
CP007,Kids,King Street,Kids,9,5,29.2,2189.33,0.0,60400.31,24.8,13,0,0,5,8,0,0.0,0.0,32.0,28.4,27.6,29.9,23.4,3.6,-2.3
CP007,Kids,King Street,Kids,10,5,28.4,2184.72,0.0,58439.87,23.4,13,1,0,0,9,0,0.0,0.0,29.2,30.6,28.67,29.93,21.6,-1.4,-1.27
CP007,Kids,King Street,Kids,11,5,30.0,2287.34,0.0,69373.34,24.0,12,0,0,0,9,2,28.0,26.5,28.4,28.8,29.87,28.43,23.2,-0.4,1.43
CP007,Kids,King Street,Kids,12,5,42.8,2094.21,0.36,80592.99,34.4,13,1,6,0,9,6,28.0,21.36,30.0,29.2,29.2,28.4,34.6,0.8,0.8
CP007,Kids,Libera,Kids,1,5,35.6,1999.54,0.0,70850.28,27.0,11,0,0,10,9,2,11.0,10.13,35.0,29.1,29.33,27.47,29.8,5.9,1.87
CP007,Kids,Libera,Kids,2,5,35.4,2049.17,0.0,72513.29,27.2,11,1,0,0,8,0,0.0,0.0,35.6,32.3,29.27,29.27,27.2,3.3,0.0
CP007,Kids,Libera,Kids,3,5,36.2,2090.3,0.0,72142.82,29.0,12,0,0,0,9,0,0.0,0.0,35.4,35.5,31.73,29.7,29.2,-0.1,2.03
CP007,Kids,Libera,Kids,4,5,53.4,2018.07,0.0,108980.13,43.4,13,2,9,0,9,2,18.0,16.0,36.2,35.8,35.73,29.4,43.6,0.4,6.33
CP007,Kids,Libera,Kids,5,5,38.2,1821.91,0.11,71311.2,30.4,13,2,1,0,9,2,14.0,13.33,53.4,44.8,41.67,31.97,27.2,8.6,9.7
CP007,Kids,Libera,Kids,6,5,34.4,1903.86,0.0,64128.46,27.0,12,1,0,0,9,0,0.0,0.0,38.2,45.8,42.6,33.4,30.8,-7.6,9.2
CP007,Kids,Libera,Kids,7,5,24.0,2121.4,0.31,50186.97,17.8,9,0,0,0,9,3,20.0,17.47,34.4,36.3,42.0,38.87,18.8,-1.9,3.13
CP007,Kids,Libera,Kids,8,5,38.6,1949.17,0.0,76166.54,29.6,11,0,0,21,9,2,14.0,11.75,24.0,29.2,32.2,36.93,28.0,-5.2,-4.73
CP007,Kids,Libera,Kids,9,5,38.0,1880.0,0.0,72110.84,30.6,13,0,0,5,8,0,0.0,0.0,38.6,31.3,32.33,37.47,30.0,7.3,-5.13
CP007,Kids,Libera,Kids,10,5,35.8,1895.07,0.0,69788.12,28.6,11,1,0,0,9,0,0.0,0.0,38.0,38.3,33.53,37.77,29.8,-0.3,-4.23
CP007,Kids,Libera,Kids,11,5,29.6,2182.06,0.0,60657.53,23.4,11,0,0,0,9,1,16.0,16.0,35.8,36.9,37.47,34.83,23.2,-1.1,2.63
CP007,Kids,Libera,Kids,12,5,47.2,2026.3,0.24,106656.58,39.2,11,1,6,0,9,4,28.0,22.0,29.6,32.7,34.47,33.4,35.0,-3.1,1.07
CP007,Kids,Miss Modano,Kids,1,5,63.6,1983.16,0.0,127271.88,47.6,21,0,0,10,9,6,15.0,12.64,78.8,69.5,65.53,61.23,48.2,9.3,4.3
CP007,Kids,Miss Modano,Kids,2,5,64.4,1952.38,0.0,124275.55,45.6,22,1,0,0,8,0,0.0,0.0,63.6,66.3,64.27,60.7,45.2,-2.7,3.57
CP007,Kids,Miss Modano,Kids,3,5,73.6,2083.7,0.0,157186.72,55.0,23,0,0,0,9,0,0.0,0.0,64.4,64.0,62.47,60.87,58.6,0.4,1.6
CP007,Kids,Miss Modano,Kids,4,5,94.8,2023.44,0.0,191171.55,74.6,22,2,9,0,9,6,24.0,16.96,73.6,69.0,67.2,60.7,77.6,4.6,6.5
CP007,Kids,Miss Modano,Kids,5,5,74.0,1956.31,0.0,152958.69,53.2,23,2,1,0,9,3,14.0,12.75,94.8,84.2,77.6,64.5,61.2,10.6,13.1
CP007,Kids,Miss Modano,Kids,6,5,68.0,2111.36,0.0,144468.26,51.4,21,1,0,0,9,0,0.0,0.0,74.0,84.4,80.8,63.43,52.0,-10.4,17.37
CP007,Kids,Miss Modano,Kids,7,5,69.4,1976.11,0.0,135570.75,51.6,23,0,0,0,9,6,20.0,15.83,68.0,71.0,78.93,73.07,57.0,-3.0,5.87
CP007,Kids,Miss Modano,Kids,8,5,69.0,1951.56,0.0,132456.82,50.8,21,0,0,21,9,6,19.0,15.01,69.4,68.7,70.47,74.03,53.8,0.7,-3.57
CP007,Kids,Miss Modano,Kids,9,5,73.2,2036.86,0.0,150248.82,54.6,22,0,0,5,8,0,0.0,0.0,69.0,69.2,68.8,74.8,60.0,-0.2,-6.0
CP007,Kids,Miss Modano,Kids,10,5,70.0,2016.34,0.0,137899.15,51.4,22,1,0,0,9,0,0.0,0.0,73.2,71.1,70.53,74.73,57.6,2.1,-4.2
CP007,Kids,Miss Modano,Kids,11,5,78.6,1880.63,0.28,148193.16,58.2,23,0,0,0,9,5,30.0,24.94,70.0,71.6,70.73,70.6,60.2,-1.6,0.13
CP007,Kids,Miss Modano,Kids,12,5,95.4,1871.88,0.0,173908.85,71.0,23,1,6,0,9,9,29.0,22.28,78.6,74.3,73.93,71.37,78.8,4.3,2.57
CP007,Kids,Modano,Kids,1,5,60.0,2098.79,0.0,127417.78,45.6,21,0,0,10,9,4,15.0,12.03,58.2,48.4,45.13,42.0,48.4,9.8,3.13
CP007,Kids,Modano,Kids,2,5,48.4,2142.02,0.0,102721.28,36.4,20,1,0,0,8,0,0.0,0.0,60.0,51.4,47.13,42.8,38.8,8.6,4.33
CP007,Kids,Modano,Kids,3,5,59.0,2104.78,0.0,121468.56,47.4,22,0,0,0,9,0,0.0,0.0,48.4,54.2,47.0,41.47,49.8,-5.8,5.53
CP007,Kids,Modano,Kids,4,5,73.8,2001.98,0.0,146314.18,53.0,23,2,9,0,9,6,25.0,17.84,59.0,53.7,55.8,43.67,59.0,5.3,12.13
CP007,Kids,Modano,Kids,5,5,48.2,2145.94,0.21,104164.38,35.6,18,2,1,0,9,4,15.0,13.0,73.8,66.4,60.4,47.53,37.8,7.4,12.87
CP007,Kids,Modano,Kids,6,5,56.6,2103.82,0.0,120627.51,45.0,21,1,0,0,9,0,0.0,0.0,48.2,61.0,60.33,46.87,48.4,-12.8,13.47
CP007,Kids,Modano,Kids,7,5,49.0,2118.1,0.15,107447.8,39.6,21,0,0,0,9,4,18.0,14.25,56.6,52.4,59.53,57.67,39.8,4.2,1.87
CP007,Kids,Modano,Kids,8,5,57.4,2073.51,0.09,122463.66,43.8,20,0,0,21,9,5,18.0,14.54,49.0,52.8,51.27,55.83,46.2,-3.8,-4.57
CP007,Kids,Modano,Kids,9,5,38.4,2071.63,0.0,77091.8,31.6,17,0,0,5,8,0,0.0,0.0,57.4,53.2,54.33,57.33,30.6,4.2,-3.0
CP007,Kids,Modano,Kids,10,5,52.6,2130.2,0.0,112050.47,42.2,21,1,0,0,9,0,0.0,0.0,38.4,47.9,48.27,53.9,38.6,-9.5,-5.63
CP007,Kids,Modano,Kids,11,5,48.0,1971.58,0.0,91685.93,36.8,19,0,0,0,9,3,29.0,25.93,52.6,45.5,49.47,50.37,38.6,7.1,-0.9
CP007,Kids,Modano,Kids,12,5,70.0,2041.01,0.32,141599.19,54.6,22,1,6,0,9,12,30.0,22.4,48.0,50.3,46.33,50.33,58.2,-2.3,-4.0
CP007,Men,Emerald,Men,1,5,90.0,3621.54,0.0,336617.9,69.6,33,0,0,10,9,9,15.0,12.71,99.4,87.6,81.93,76.4,65.4,11.8,5.53
CP007,Men,Emerald,Men,2,5,91.6,3785.1,0.0,354917.1,71.8,32,1,0,0,8,0,0.0,0.0,90.0,88.6,84.33,78.13,67.0,1.4,6.2
CP007,Men,Emerald,Men,3,5,89.4,3523.42,0.0,317511.96,70.0,32,0,0,0,9,0,0.0,0.0,91.6,90.8,86.0,80.37,70.6,0.8,5.63
CP007,Men,Emerald,Men,4,5,91.0,3745.53,0.04,354984.2,71.4,30,2,9,0,9,7,25.0,17.77,89.4,90.5,90.33,79.13,70.8,-1.1,11.2
CP007,Men,Emerald,Men,5,5,96.4,3625.95,0.0,352903.06,77.4,32,2,1,0,9,5,15.0,13.34,91.0,90.2,90.67,79.53,72.2,0.8,11.13
CP007,Men,Emerald,Men,6,5,86.0,3682.37,0.0,319668.48,70.0,31,1,0,0,9,0,0.0,0.0,96.4,93.7,92.27,79.67,70.2,2.7,12.6
CP007,Men,Emerald,Men,7,5,89.6,3667.52,0.04,329235.35,71.0,33,0,0,0,9,9,20.0,15.55,86.0,91.2,91.13,90.73,67.4,-5.2,0.4
CP007,Men,Emerald,Men,8,5,85.8,3756.37,0.11,330053.79,69.4,32,0,0,21,9,5,20.0,15.91,89.6,87.8,90.67,90.67,67.4,1.8,0.0
CP007,Men,Emerald,Men,9,5,90.8,3454.4,0.0,320367.46,74.8,31,0,0,5,8,0,0.0,0.0,85.8,87.7,87.13,89.7,77.8,-1.9,-2.57
CP007,Men,Emerald,Men,10,5,91.6,3741.21,0.0,352315.75,72.0,30,1,0,0,9,0,0.0,0.0,90.8,88.3,88.73,89.93,70.6,2.5,-1.2
CP007,Men,Emerald,Men,11,5,100.2,3643.91,0.07,375225.57,78.2,31,0,0,0,9,6,30.0,25.51,91.6,91.2,89.4,90.03,75.8,0.4,-0.63
CP007,Men,Emerald,Men,12,5,123.4,3641.46,0.18,446484.78,97.2,32,1,6,0,9,16,30.0,21.53,100.2,95.9,94.2,90.67,99.4,4.3,3.53
CP007,Men,Hustle,Men,1,5,79.0,3641.35,0.07,282879.8,65.2,33,0,0,10,9,7,15.0,12.21,70.2,63.1,62.67,61.93,64.0,7.1,0.73
CP007,Men,Hustle,Men,2,5,66.0,3338.83,0.0,216782.5,56.0,30,1,0,0,8,0,0.0,0.0,79.0,66.2,62.8,61.1,49.6,12.8,1.7
CP007,Men,Hustle,Men,3,5,71.0,3569.9,0.0,246827.28,58.6,31,0,0,0,9,0,0.0,0.0,66.0,72.5,60.87,59.53,55.6,-6.5,1.33
CP007,Men,Hustle,Men,4,5,78.2,3662.08,0.03,276411.85,63.2,34,2,9,0,9,10,25.0,17.93,71.0,68.5,72.0,59.87,55.0,2.5,12.13
CP007,Men,Hustle,Men,5,5,83.4,3610.14,0.03,294539.61,67.2,33,2,1,0,9,8,15.0,12.85,78.2,74.6,71.73,60.9,65.4,3.6,10.83
CP007,Men,Hustle,Men,6,5,77.8,3516.92,0.0,272937.07,64.2,35,1,0,0,9,0,0.0,0.0,83.4,80.8,77.53,61.77,62.4,2.6,15.77
CP007,Men,Hustle,Men,7,5,81.8,3782.15,0.04,300927.09,68.8,36,0,0,0,9,8,20.0,15.58,77.8,80.6,79.8,75.9,67.2,-2.8,3.9
CP007,Men,Hustle,Men,8,5,75.8,3572.33,0.11,266022.09,61.8,32,0,0,21,9,7,17.0,12.96,81.8,79.8,81.0,76.37,59.6,2.0,4.63
CP007,Men,Hustle,Men,9,5,71.6,3506.13,0.0,242964.31,59.6,32,0,0,5,8,0,0.0,0.0,75.8,78.8,78.47,78.0,56.8,-3.0,0.47
CP007,Men,Hustle,Men,10,5,78.4,3437.86,0.0,266502.11,63.0,31,1,0,0,9,0,0.0,0.0,71.6,73.7,76.4,78.1,61.8,-2.1,-1.7
CP007,Men,Hustle,Men,11,5,72.8,3479.24,0.0,250682.05,58.4,32,0,0,0,9,7,30.0,25.09,78.4,75.0,75.27,78.13,56.0,3.4,-2.87
CP007,Men,Hustle,Men,12,5,96.2,3618.96,0.0,336175.9,79.2,34,1,6,0,9,14,29.0,21.5,72.8,75.6,74.27,76.37,70.2,-2.8,-2.1
CP007,Men,King Street,Men,1,5,24.4,3607.84,0.0,84102.29,20.8,13,0,0,10,9,4,15.0,13.51,33.8,26.9,26.47,25.17,20.6,6.9,1.3
CP007,Men,King Street,Men,2,5,26.6,3522.25,0.0,92205.66,22.4,13,1,0,0,8,0,0.0,0.0,24.4,26.2,24.13,24.2,21.8,-1.8,-0.07
CP007,Men,King Street,Men,3,5,29.2,3722.45,0.0,110244.77,23.8,13,0,0,0,9,0,0.0,0.0,26.6,25.5,24.13,23.23,19.8,1.1,0.9
CP007,Men,King Street,Men,4,5,28.4,3735.69,0.42,103745.07,22.4,13,2,9,0,9,4,22.0,16.76,29.2,27.9,26.73,23.63,19.6,1.3,3.1
CP007,Men,King Street,Men,5,5,28.0,3711.55,0.0,103295.23,23.0,12,2,1,0,9,4,14.0,11.89,28.4,28.8,28.07,23.3,21.6,-0.4,4.77
CP007,Men,King Street,Men,6,5,27.6,3778.31,0.0,101400.77,22.8,13,1,0,0,9,0,0.0,0.0,28.0,28.2,28.53,23.97,23.2,-0.2,4.57
CP007,Men,King Street,Men,7,5,32.2,3585.99,0.11,112913.86,27.0,14,0,0,0,9,3,13.0,10.52,27.6,27.8,28.0,27.37,24.4,-0.2,0.63
CP007,Men,King Street,Men,8,5,34.8,3462.85,0.28,117755.69,28.6,14,0,0,21,9,3,18.0,14.83,32.2,29.9,29.27,28.67,25.8,2.3,0.6
CP007,Men,King Street,Men,9,5,24.2,3750.13,0.0,89025.89,20.2,13,0,0,5,8,0,0.0,0.0,34.8,33.5,31.53,30.03,21.4,1.3,1.5
CP007,Men,King Street,Men,10,5,30.4,3433.18,0.0,102919.52,25.2,14,1,0,0,9,0,0.0,0.0,24.2,29.5,30.4,29.2,25.6,-5.3,1.2
CP007,Men,King Street,Men,11,5,23.2,3615.7,0.26,83465.59,19.0,12,0,0,0,9,3,26.0,24.25,30.4,27.3,29.8,29.53,20.0,3.1,0.27
CP007,Men,King Street,Men,12,5,41.6,3808.83,0.12,154421.58,34.4,15,1,6,0,9,6,29.0,22.84,23.2,26.8,25.93,28.73,33.8,-3.6,-2.8
CP007,Men,Libera,Men,1,5,28.6,3331.4,0.0,99706.0,26.4,18,0,0,10,9,5,15.0,13.07,28.8,26.4,25.67,27.07,22.8,2.4,-1.4
CP007,Men,Libera,Men,2,5,30.6,3592.14,0.0,118245.11,27.8,17,1,0,0,8,0,0.0,0.0,28.6,25.8,25.2,25.8,24.0,2.8,-0.6
CP007,Men,Libera,Men,3,5,31.8,3346.79,0.0,112694.8,29.4,18,0,0,0,9,0,0.0,0.0,30.6,29.6,25.27,25.57,27.2,1.0,-0.3
CP007,Men,Libera,Men,4,5,27.6,3662.25,0.0,105724.8,24.8,15,2,9,0,9,5,25.0,16.98,31.8,31.2,30.33,24.77,23.0,0.6,5.57
CP007,Men,Libera,Men,5,5,27.6,3433.36,0.12,100087.52,25.4,16,2,1,0,9,3,12.0,10.27,27.6,29.7,30.0,23.8,24.2,-2.1,6.2
CP007,Men,Libera,Men,6,5,27.6,3430.34,0.0,103080.34,24.6,15,1,0,0,9,0,0.0,0.0,27.6,27.6,29.0,23.47,22.6,0.0,5.53
CP007,Men,Libera,Men,7,5,37.4,3348.84,0.1,136321.15,33.8,19,0,0,0,9,4,19.0,14.92,27.6,27.6,27.6,28.97,30.4,0.0,-1.37
CP007,Men,Libera,Men,8,5,33.6,3417.86,0.07,118406.46,29.4,17,0,0,21,9,4,19.0,16.03,37.4,32.5,30.87,30.43,25.6,4.9,0.43
CP007,Men,Libera,Men,9,5,33.8,3573.14,0.0,134502.53,30.6,17,0,0,5,8,0,0.0,0.0,33.6,35.5,32.87,30.93,29.4,-1.9,1.93
CP007,Men,Libera,Men,10,5,32.0,3543.55,0.0,117215.48,29.0,16,1,0,0,9,0,0.0,0.0,33.8,33.7,34.93,31.27,24.2,0.1,3.67
CP007,Men,Libera,Men,11,5,31.6,3647.35,0.0,121910.86,27.6,15,0,0,0,9,3,28.0,24.75,32.0,32.9,33.13,32.0,24.0,-0.9,1.13
CP007,Men,Libera,Men,12,5,40.6,3414.71,0.31,146905.98,33.8,17,1,6,0,9,11,30.0,21.89,31.6,31.8,32.47,32.67,28.8,-0.2,-0.2
CP007,Men,Miss Modano,Men,1,5,93.8,3650.16,0.11,334061.26,76.0,34,0,0,10,9,10,15.0,12.42,84.8,76.7,75.67,72.0,72.2,8.1,3.67
CP007,Men,Miss Modano,Men,2,5,90.8,3717.99,0.0,320519.02,72.4,32,1,0,0,8,0,0.0,0.0,93.8,82.6,77.93,73.77,67.6,11.2,4.17
CP007,Men,Miss Modano,Men,3,5,103.0,3601.07,0.0,358283.33,82.0,35,0,0,0,9,0,0.0,0.0,90.8,92.3,80.07,75.27,81.0,-1.5,4.8
CP007,Men,Miss Modano,Men,4,5,109.4,3558.14,0.0,382478.85,85.0,34,2,9,0,9,7,23.0,17.89,103.0,96.9,95.87,77.73,85.8,6.1,18.13
CP007,Men,Miss Modano,Men,5,5,111.8,3551.51,0.06,389099.01,93.2,35,2,1,0,9,6,15.0,12.58,109.4,106.2,101.07,80.5,89.6,3.2,20.57
CP007,Men,Miss Modano,Men,6,5,94.0,3580.1,0.0,322398.08,75.6,33,1,0,0,9,0,0.0,0.0,111.8,110.6,108.07,84.2,74.4,1.2,23.87
CP007,Men,Miss Modano,Men,7,5,93.2,3676.03,0.08,338732.45,74.8,34,0,0,0,9,9,20.0,15.49,94.0,102.9,105.07,100.47,69.8,-8.9,4.6
CP007,Men,Miss Modano,Men,8,5,85.4,3433.05,0.0,291201.2,67.6,32,0,0,21,9,8,20.0,14.08,93.2,93.6,99.67,100.37,66.0,-0.4,-0.7
CP007,Men,Miss Modano,Men,9,5,88.8,3560.01,0.0,312566.6,70.0,34,0,0,5,8,0,0.0,0.0,85.4,89.3,90.87,99.47,69.2,-3.9,-8.6
CP007,Men,Miss Modano,Men,10,5,87.4,3640.29,0.0,313243.71,68.6,34,1,0,0,9,0,0.0,0.0,88.8,87.1,89.13,97.1,73.6,1.7,-7.97
CP007,Men,Miss Modano,Men,11,5,88.2,3718.73,0.0,322892.05,70.8,32,0,0,0,9,7,29.0,24.87,87.4,88.1,87.2,93.43,68.6,-0.7,-6.23
CP007,Men,Miss Modano,Men,12,5,107.8,3548.0,0.34,378839.89,83.8,31,1,6,0,9,17,30.0,21.47,88.2,87.8,88.13,89.5,84.8,0.4,-1.37
CP007,Men,Modano,Men,1,5,41.6,3432.58,0.05,144583.09,38.2,24,0,0,10,9,5,14.0,11.97,43.2,35.5,35.47,31.87,32.0,7.7,3.6
CP007,Men,Modano,Men,2,5,40.4,3473.59,0.0,139059.94,37.2,22,1,0,0,8,0,0.0,0.0,41.6,39.0,35.27,32.57,31.6,2.6,2.7
CP007,Men,Modano,Men,3,5,42.6,3353.4,0.0,146054.62,40.8,25,0,0,0,9,0,0.0,0.0,40.4,41.0,37.13,33.13,31.0,-0.6,4.0
CP007,Men,Modano,Men,4,5,51.6,3627.32,0.21,187412.05,43.8,25,2,9,0,9,5,22.0,16.39,42.6,41.5,41.53,34.93,40.0,1.1,6.6
CP007,Men,Modano,Men,5,5,34.6,3433.79,0.17,120760.89,32.2,22,2,1,0,9,4,15.0,12.9,51.6,47.1,44.87,36.2,26.0,4.5,8.67
CP007,Men,Modano,Men,6,5,39.2,3684.93,0.0,144194.34,37.0,23,1,0,0,9,0,0.0,0.0,34.6,43.1,42.93,35.9,32.0,-8.5,7.03
CP007,Men,Modano,Men,7,5,39.2,3514.12,0.09,136382.84,37.2,23,0,0,0,9,6,19.0,14.89,39.2,36.9,41.8,41.67,30.6,2.3,0.13
CP007,Men,Modano,Men,8,5,40.4,3718.78,0.0,150747.65,39.2,23,0,0,21,9,5,19.0,15.46,39.2,39.2,37.67,41.27,30.0,0.0,-3.6
CP007,Men,Modano,Men,9,5,31.2,3900.67,0.0,123197.93,30.0,21,0,0,5,8,0,0.0,0.0,40.4,39.8,39.6,41.27,24.2,0.6,-1.67
CP007,Men,Modano,Men,10,5,45.0,3693.07,0.0,170865.45,41.2,25,1,0,0,9,0,0.0,0.0,31.2,35.8,36.93,39.37,35.4,-4.6,-2.43
CP007,Men,Modano,Men,11,5,38.0,3165.45,0.0,122592.79,35.6,22,0,0,0,9,5,29.0,24.97,45.0,38.1,38.87,38.27,27.8,6.9,0.6
CP007,Men,Modano,Men,12,5,52.6,3416.51,0.16,180489.58,45.0,25,1,6,0,9,12,29.0,22.66,38.0,41.5,38.07,38.83,43.2,-3.5,-0.77
CP007,Women,Emerald,Women,1,5,147.0,3914.8,0.0,531718.74,112.0,37,0,0,10,9,7,14.0,11.8,168.0,153.5,145.53,130.13,118.4,14.5,15.4
CP007,Women,Emerald,Women,2,5,135.8,4114.33,0.0,541517.67,106.4,36,1,0,0,8,0,0.0,0.0,147.0,142.0,141.0,131.7,108.6,5.0,9.3
CP007,Women,Emerald,Women,3,5,159.8,4104.17,0.0,614466.13,122.0,39,0,0,0,9,0,0.0,0.0,135.8,141.4,129.27,129.83,131.8,-5.6,-0.57
CP007,Women,Emerald,Women,4,5,193.4,3994.7,0.03,728428.44,151.6,37,2,9,0,9,12,25.0,17.9,159.8,147.8,147.53,129.4,152.4,12.0,18.13
CP007,Women,Emerald,Women,5,5,145.0,4132.4,0.05,572638.41,108.0,39,2,1,0,9,5,15.0,12.88,193.4,176.6,163.0,133.2,119.0,16.8,29.8
CP007,Women,Emerald,Women,6,5,128.0,4139.31,0.0,507303.24,97.4,32,1,0,0,9,0,0.0,0.0,145.0,169.2,166.07,128.53,103.2,-24.2,37.53
CP007,Women,Emerald,Women,7,5,140.6,4145.93,0.03,564901.68,103.8,37,0,0,0,9,9,20.0,14.94,128.0,136.5,155.47,151.5,106.6,-8.5,3.97
CP007,Women,Emerald,Women,8,5,144.0,4168.19,0.04,564577.17,110.2,36,0,0,21,9,7,20.0,15.5,140.6,134.3,137.87,150.43,115.0,6.3,-12.57
CP007,Women,Emerald,Women,9,5,148.4,4190.85,0.0,595738.66,108.6,39,0,0,5,8,0,0.0,0.0,144.0,142.3,137.53,151.8,122.6,1.7,-14.27
CP007,Women,Emerald,Women,10,5,157.0,4181.75,0.0,627209.81,116.6,37,1,0,0,9,0,0.0,0.0,148.4,146.2,144.33,149.9,129.6,2.2,-5.57
CP007,Women,Emerald,Women,11,5,171.8,4022.01,0.25,650512.04,130.6,40,0,0,0,9,5,28.0,25.17,157.0,152.7,149.8,143.83,139.0,4.3,5.97
CP007,Women,Emerald,Women,12,5,207.2,4089.58,0.38,800670.31,164.8,39,1,6,0,9,17,30.0,23.53,171.8,164.4,159.07,148.3,168.0,7.4,10.77
CP007,Women,Hustle,Women,1,5,108.4,3490.92,0.0,401068.85,79.0,33,0,0,10,9,9,15.0,12.47,114.0,100.1,101.47,95.5,89.6,13.9,5.97
CP007,Women,Hustle,Women,2,5,106.0,3683.78,0.0,402238.36,77.8,33,1,0,0,8,0,0.0,0.0,108.4,101.6,96.47,95.0,80.8,6.8,1.47
CP007,Women,Hustle,Women,3,5,126.8,3452.17,0.0,459515.55,93.6,34,0,0,0,9,0,0.0,0.0,106.0,107.2,96.33,94.27,97.2,-1.2,2.07
CP007,Women,Hustle,Women,4,5,140.0,3367.02,0.0,505585.19,106.8,32,2,9,0,9,12,25.0,18.4,126.8,116.4,113.73,96.17,110.6,10.4,17.57
CP007,Women,Hustle,Women,5,5,121.2,3694.88,0.0,469583.36,91.0,35,2,1,0,9,4,14.0,11.83,140.0,133.4,124.27,98.5,102.2,6.6,25.77
CP007,Women,Hustle,Women,6,5,117.0,3659.24,0.0,430119.62,86.6,34,1,0,0,9,0,0.0,0.0,121.2,130.6,129.33,100.73,95.0,-9.4,28.6
CP007,Women,Hustle,Women,7,5,112.6,3609.04,0.04,427233.12,82.0,32,0,0,0,9,10,20.0,14.9,117.0,119.1,126.07,119.9,92.2,-2.1,6.17
CP007,Women,Hustle,Women,8,5,114.4,3549.37,0.15,407468.83,86.8,33,0,0,21,9,7,20.0,15.37,112.6,114.8,116.93,120.6,90.2,-2.2,-3.67
CP007,Women,Hustle,Women,9,5,111.4,3552.26,0.0,411789.95,81.6,34,0,0,5,8,0,0.0,0.0,114.4,113.5,114.67,122.0,86.2,0.9,-7.33
CP007,Women,Hustle,Women,10,5,133.6,3596.5,0.0,501230.45,99.8,34,1,0,0,9,0,0.0,0.0,111.4,112.9,112.8,119.43,104.2,-1.5,-6.63
CP007,Women,Hustle,Women,11,5,111.4,3548.69,0.0,409261.05,81.2,31,0,0,0,9,6,28.0,24.38,133.6,122.5,119.8,118.37,86.2,11.1,1.43
CP007,Women,Hustle,Women,12,5,156.4,3638.99,0.0,564880.38,123.4,33,1,6,0,9,13,30.0,21.82,111.4,122.5,118.8,116.73,114.0,-11.1,2.07
CP007,Women,King Street,Women,1,5,49.8,4212.96,0.17,213551.52,38.2,14,0,0,10,9,4,14.0,11.77,52.4,44.3,43.2,40.23,40.0,8.1,2.97
CP007,Women,King Street,Women,2,5,39.2,4300.33,0.0,164036.35,28.4,13,1,0,0,8,0,0.0,0.0,49.8,46.1,42.8,41.43,30.8,3.7,1.37
CP007,Women,King Street,Women,3,5,47.0,3859.11,0.0,184770.15,34.2,13,0,0,0,9,0,0.0,0.0,39.2,44.5,40.2,39.4,38.8,-5.3,0.8
CP007,Women,King Street,Women,4,5,48.8,4148.19,0.0,201153.05,37.6,13,2,9,0,9,3,20.0,16.5,47.0,43.1,45.33,39.53,38.8,3.9,5.8
CP007,Women,King Street,Women,5,5,53.6,3879.69,0.0,205509.23,40.6,15,2,1,0,9,1,10.0,9.5,48.8,47.9,45.0,39.57,42.0,0.9,5.43
CP007,Women,King Street,Women,6,5,50.0,3860.14,0.0,189882.83,36.8,14,1,0,0,9,0,0.0,0.0,53.6,51.2,49.8,41.13,43.2,2.4,8.67
CP007,Women,King Street,Women,7,5,41.4,3775.87,0.0,159463.04,29.6,14,0,0,0,9,4,20.0,15.75,50.0,51.8,50.8,48.07,32.6,-1.8,2.73
CP007,Women,King Street,Women,8,5,53.6,4099.77,0.0,220726.31,42.6,15,0,0,21,9,3,18.0,14.43,41.4,45.7,48.33,46.67,40.6,-4.3,1.67
CP007,Women,King Street,Women,9,5,47.8,4021.72,0.0,191145.09,36.4,13,0,0,5,8,0,0.0,0.0,53.6,47.5,48.33,49.07,38.6,6.1,-0.73
CP007,Women,King Street,Women,10,5,50.6,3817.21,0.0,202651.47,38.8,15,1,0,0,9,0,0.0,0.0,47.8,50.7,47.6,49.2,41.0,-2.9,-1.6
CP007,Women,King Street,Women,11,5,46.4,3908.51,0.0,190140.8,35.0,14,0,0,0,9,2,25.0,23.75,50.6,49.2,50.67,49.5,36.2,1.4,1.17
CP007,Women,King Street,Women,12,5,68.0,3963.19,0.0,264439.63,52.2,13,1,6,0,9,8,30.0,22.88,46.4,48.5,48.27,48.3,52.4,-2.1,-0.03
CP007,Women,Libera,Women,1,5,38.4,3869.12,0.0,131565.68,31.0,13,0,0,10,9,2,13.0,12.33,39.4,35.2,35.53,32.0,31.8,4.2,3.53
CP007,Women,Libera,Women,2,5,40.0,3929.95,0.0,150937.67,30.8,14,1,0,0,8,0,0.0,0.0,38.4,32.8,32.2,31.57,31.8,5.6,0.63
CP007,Women,Libera,Women,3,5,35.8,4127.75,0.0,133135.0,28.4,12,0,0,0,9,0,0.0,0.0,40.0,39.2,32.47,32.2,30.0,0.8,0.27
CP007,Women,Libera,Women,4,5,49.0,3844.73,0.0,176487.2,40.0,13,2,9,0,9,4,24.0,18.76,35.8,37.9,38.07,32.57,41.8,-2.1,5.5
CP007,Women,Libera,Women,5,5,34.2,3799.89,0.0,122728.96,27.0,12,2,1,0,9,2,13.0,11.83,49.0,42.4,41.6,32.13,26.4,6.6,9.47
CP007,Women,Libera,Women,6,5,49.0,3936.68,0.0,171680.67,39.4,14,1,0,0,9,0,0.0,0.0,34.2,41.6,39.67,31.1,38.2,-7.4,8.57
CP007,Women,Libera,Women,7,5,36.6,3783.62,0.07,130651.36,30.0,14,0,0,0,9,5,17.0,14.08,49.0,41.6,44.07,41.07,28.8,7.4,3.0
CP007,Women,Libera,Women,8,5,32.6,4442.45,0.0,139300.12,26.2,12,0,0,21,9,3,17.0,14.9,36.6,42.8,39.93,40.77,28.0,-6.2,-0.83
CP007,Women,Libera,Women,9,5,35.0,4186.86,0.0,138479.6,29.0,13,0,0,5,8,0,0.0,0.0,32.6,34.6,39.4,39.53,28.6,-2.0,-0.13
CP007,Women,Libera,Women,10,5,43.2,3620.54,0.0,136632.36,34.8,13,1,0,0,9,0,0.0,0.0,35.0,33.8,34.73,39.4,36.2,1.2,-4.67
CP007,Women,Libera,Women,11,5,39.6,3972.3,0.29,147400.17,31.6,13,0,0,0,9,2,20.0,18.92,43.2,39.1,36.93,38.43,31.0,4.1,-1.5
CP007,Women,Libera,Women,12,5,49.8,3847.64,0.14,171199.28,40.8,13,1,6,0,9,7,29.0,21.77,39.6,41.4,39.27,39.33,39.4,-1.8,-0.07
CP007,Women,Miss Modano,Women,1,5,86.8,4054.45,0.13,345718.08,65.8,27,0,0,10,9,6,15.0,12.12,84.0,80.2,75.0,76.47,65.6,3.8,-1.47
CP007,Women,Miss Modano,Women,2,5,79.8,4118.82,0.0,334606.2,62.8,24,1,0,0,8,0,0.0,0.0,86.8,77.0,76.8,74.47,66.6,9.8,2.33
CP007,Women,Miss Modano,Women,3,5,101.6,4141.61,0.0,421315.87,79.4,29,0,0,0,9,0,0.0,0.0,79.8,83.3,72.2,72.13,77.4,-3.5,0.07
CP007,Women,Miss Modano,Women,4,5,105.4,3939.55,0.0,419176.95,83.0,25,2,9,0,9,7,23.0,17.31,101.6,90.7,89.4,73.5,90.2,10.9,15.9
CP007,Women,Miss Modano,Women,5,5,88.8,4067.89,0.0,364876.02,69.2,24,2,1,0,9,4,14.0,11.94,105.4,103.5,95.6,76.5,71.6,1.9,19.1
CP007,Women,Miss Modano,Women,6,5,84.0,4137.42,0.0,344097.43,65.2,24,1,0,0,9,0,0.0,0.0,88.8,97.1,98.6,75.27,74.4,-8.3,23.33
CP007,Women,Miss Modano,Women,7,5,102.2,3813.06,0.12,378370.89,79.2,26,0,0,0,9,8,19.0,15.09,84.0,86.4,92.73,91.07,82.0,-2.4,1.67
CP007,Women,Miss Modano,Women,8,5,97.4,3993.53,0.0,399798.94,76.0,27,0,0,21,9,6,20.0,15.06,102.2,93.1,91.67,93.63,76.6,9.1,-1.97
CP007,Women,Miss Modano,Women,9,5,87.4,4161.63,0.0,353556.27,67.2,24,0,0,5,8,0,0.0,0.0,97.4,99.8,94.53,96.57,75.2,-2.4,-2.03
CP007,Women,Miss Modano,Women,10,5,86.0,3897.05,0.0,321122.7,69.6,24,1,0,0,9,0,0.0,0.0,87.4,92.4,95.67,94.2,64.6,-5.0,1.47
CP007,Women,Miss Modano,Women,11,5,102.6,3837.86,0.0,386609.38,81.2,26,0,0,0,9,3,26.0,25.0,86.0,86.7,90.27,90.97,76.4,-0.7,-0.7
CP007,Women,Miss Modano,Women,12,5,107.2,3868.45,0.49,407940.2,88.0,27,1,6,0,9,15,30.0,23.52,102.6,94.3,92.0,93.27,84.0,8.3,-1.27
CP007,Women,Modano,Women,1,5,83.2,4107.98,0.11,341520.13,63.8,30,0,0,10,9,8,15.0,13.39,75.0,69.3,71.27,66.83,66.2,5.7,4.43
CP007,Women,Modano,Women,2,5,78.4,3919.1,0.0,305802.61,58.6,26,1,0,0,8,0,0.0,0.0,83.2,70.0,67.87,67.77,66.2,13.2,0.1
CP007,Women,Modano,Women,3,5,91.0,4156.1,0.0,391168.12,70.8,30,0,0,0,9,0,0.0,0.0,78.4,80.8,67.8,66.23,75.0,-2.4,1.57
CP007,Women,Modano,Women,4,5,96.6,4125.24,0.1,413276.44,74.6,28,2,9,0,9,7,23.0,17.13,91.0,84.7,84.2,69.57,73.8,6.3,14.63
CP007,Women,Modano,Women,5,5,100.8,4046.63,0.09,412412.01,78.8,30,2,1,0,9,5,14.0,12.49,96.6,93.8,88.67,70.2,82.2,2.8,18.47
CP007,Women,Modano,Women,6,5,76.4,4047.7,0.0,306645.9,57.8,28,1,0,0,9,0,0.0,0.0,100.8,98.7,96.13,72.8,63.4,2.1,23.33
CP007,Women,Modano,Women,7,5,79.4,4078.3,0.06,327258.27,61.6,28,0,0,0,9,6,20.0,16.86,76.4,88.6,91.27,87.73,59.4,-12.2,3.53
CP007,Women,Modano,Women,8,5,84.0,4001.31,0.0,327032.78,65.4,27,0,0,21,9,6,20.0,15.47,79.4,77.9,85.53,87.1,72.6,1.5,-1.57
CP007,Women,Modano,Women,9,5,72.0,4019.56,0.0,290654.07,54.6,27,0,0,5,8,0,0.0,0.0,84.0,81.7,79.93,88.03,55.2,2.3,-8.1
CP007,Women,Modano,Women,10,5,91.8,3966.53,0.0,376901.84,70.4,29,1,0,0,9,0,0.0,0.0,72.0,78.0,78.47,84.87,75.2,-6.0,-6.4
CP007,Women,Modano,Women,11,5,84.0,3818.33,0.16,312651.1,63.8,25,0,0,0,9,4,27.0,23.08,91.8,81.9,82.6,84.07,63.6,9.9,-1.47
CP007,Women,Modano,Women,12,5,92.2,3994.72,0.1,357639.95,70.2,27,1,6,0,9,13,30.0,23.54,84.0,87.9,82.6,81.27,75.0,-3.9,1.33
CP008,Accessories,Emerald,Men,1,5,12.8,3084.39,0.0,37793.05,10.6,4,0,0,10,9,1,7.0,7.0,7.4,9.8,9.33,9.03,10.0,-2.4,0.3
CP008,Accessories,Emerald,Men,2,5,5.8,2706.65,0.0,14151.58,4.4,3,1,0,0,8,0,0.0,0.0,12.8,8.8,9.93,9.43,5.0,4.0,0.5
CP008,Accessories,Emerald,Men,3,5,13.8,2728.42,0.0,38381.47,11.0,4,0,0,0,9,0,0.0,0.0,5.8,9.3,7.53,8.67,10.0,-3.5,-1.13
CP008,Accessories,Emerald,Men,4,5,12.8,2853.64,0.0,35073.14,10.4,4,2,9,0,9,2,19.0,16.33,13.8,9.8,10.8,9.23,10.4,4.0,1.57
CP008,Accessories,Emerald,Men,5,5,8.8,2637.95,0.0,20503.35,6.2,3,2,1,0,9,1,9.0,8.5,12.8,13.3,10.8,9.73,7.0,-0.5,1.07
CP008,Accessories,Emerald,Men,6,5,10.8,2800.27,0.0,30205.23,8.0,4,1,0,0,9,0,0.0,0.0,8.8,10.8,11.8,8.97,9.2,-2.0,2.83
CP008,Accessories,Emerald,Men,7,5,8.6,2643.36,0.0,21901.04,6.6,3,0,0,0,9,0,0.0,0.0,10.8,9.8,10.8,10.8,7.8,1.0,0.0
CP008,Accessories,Emerald,Men,8,5,10.8,3138.76,0.57,33181.04,9.2,5,0,0,21,9,2,18.0,16.25,8.6,9.7,9.4,10.1,9.6,-1.1,-0.7
CP008,Accessories,Emerald,Men,9,5,10.8,2971.89,0.0,32276.97,8.6,4,0,0,5,8,0,0.0,0.0,10.8,9.7,10.07,10.93,8.8,1.1,-0.87
CP008,Accessories,Emerald,Men,10,5,12.0,2407.49,0.0,26818.24,9.2,5,1,0,0,9,0,0.0,0.0,10.8,10.8,10.07,10.43,8.4,0.0,-0.37
CP008,Accessories,Emerald,Men,11,5,14.4,2684.77,0.0,37117.45,11.2,4,0,0,0,9,0,8.0,8.0,12.0,11.4,11.2,10.3,12.2,0.6,0.9
CP008,Accessories,Emerald,Men,12,5,9.6,2641.98,0.0,26151.27,7.8,3,1,6,0,9,3,23.0,18.25,14.4,13.2,12.4,11.23,7.4,1.2,1.17
CP008,Accessories,Emerald,Unisex,1,5,20.2,2255.85,0.0,47198.32,16.2,9,0,0,10,9,2,14.0,13.5,22.4,19.8,19.67,16.2,14.4,2.6,3.47
CP008,Accessories,Emerald,Unisex,2,5,14.8,2336.25,0.0,32940.99,12.4,7,1,0,0,8,0,0.0,0.0,20.2,20.1,19.13,17.13,11.6,0.1,2.0
CP008,Accessories,Emerald,Unisex,3,5,16.6,2499.04,0.0,40963.36,13.8,9,0,0,0,9,0,0.0,0.0,14.8,17.5,17.07,16.93,12.4,-2.7,0.13
CP008,Accessories,Emerald,Unisex,4,5,22.4,2108.82,0.0,47084.27,18.2,10,2,9,0,9,3,23.0,19.4,16.6,15.7,17.2,16.93,17.6,0.9,0.27
CP008,Accessories,Emerald,Unisex,5,5,19.8,2301.71,0.34,43168.6,17.6,10,2,1,0,9,2,9.0,7.75,22.4,19.5,17.93,16.77,15.6,2.9,1.17
CP008,Accessories,Emerald,Unisex,6,5,14.4,2234.55,0.0,32319.62,12.2,8,1,0,0,9,0,0.0,0.0,19.8,21.1,19.6,16.6,10.6,-1.3,3.0
CP008,Accessories,Emerald,Unisex,7,5,17.0,2305.56,0.0,39528.77,15.4,10,0,0,0,9,2,15.0,14.0,14.4,17.1,18.87,18.03,12.2,-2.7,0.83
CP008,Accessories,Emerald,Unisex,8,5,16.0,2366.18,0.0,37739.11,13.8,9,0,0,21,9,4,18.0,16.12,17.0,15.7,17.07,17.5,12.2,1.3,-0.43
CP008,Accessories,Emerald,Unisex,9,5,18.2,2235.39,0.0,39661.96,14.8,9,0,0,5,8,0,0.0,0.0,16.0,16.5,15.8,17.7,13.8,-0.5,-1.9
CP008,Accessories,Emerald,Unisex,10,5,26.4,2359.82,0.0,62006.51,22.2,10,1,0,0,9,0,0.0,0.0,18.2,17.1,17.07,17.97,19.4,1.1,-0.9
CP008,Accessories,Emerald,Unisex,11,5,22.6,2172.44,0.0,48154.41,19.8,10,0,0,0,9,3,22.0,18.5,26.4,22.3,20.2,18.63,17.2,4.1,1.57
CP008,Accessories,Emerald,Unisex,12,5,27.2,2486.03,0.23,66953.28,21.4,9,1,6,0,9,5,27.0,20.24,22.6,24.5,22.4,19.1,22.4,-1.9,3.3
CP008,Accessories,Emerald,Women,1,5,4.4,3044.07,0.0,14410.82,4.4,3,0,0,10,9,1,5.0,5.0,5.8,5.1,4.53,4.13,4.8,0.7,0.4
CP008,Accessories,Emerald,Women,2,4,3.0,3415.67,0.0,11194.92,2.5,2,1,0,0,8,0,0.0,0.0,4.5,4.25,3.92,3.58,3.5,0.25,0.33
CP008,Accessories,Emerald,Women,3,5,4.8,3408.38,0.0,17338.25,4.4,2,0,0,0,9,0,0.0,0.0,3.2,4.3,4.27,3.73,2.8,-1.1,0.53
CP008,Accessories,Emerald,Women,4,5,9.4,2694.42,1.33,31940.77,8.0,3,2,9,0,9,1,14.0,13.5,4.8,4.0,4.47,3.9,4.2,0.8,0.57
CP008,Accessories,Emerald,Women,5,4,5.5,2661.86,0.0,17596.53,4.5,2,2,1,0,9,0,2.5,2.5,10.75,7.38,5.92,3.96,5.25,3.38,1.96
CP008,Accessories,Emerald,Women,6,5,5.0,3314.05,0.0,18556.35,4.0,3,1,0,0,9,0,0.0,0.0,5.2,7.7,6.47,4.5,6.0,-2.5,1.97
CP008,Accessories,Emerald,Women,7,5,5.4,3445.04,0.0,19334.6,4.4,3,0,0,0,9,0,6.0,6.0,5.0,5.1,6.8,5.67,4.8,-0.1,1.13
CP008,Accessories,Emerald,Women,8,5,5.4,2702.14,0.0,15751.17,5.0,3,0,0,21,9,1,7.0,6.33,5.4,5.2,5.2,5.67,3.8,0.2,-0.47
CP008,Accessories,Emerald,Women,9,4,2.25,3404.93,0.0,7800.32,2.0,2,0,0,5,8,0,0.0,0.0,5.5,5.75,5.42,5.79,3.5,-0.25,-0.38
CP008,Accessories,Emerald,Women,10,5,4.2,2690.25,0.0,12431.19,3.6,3,1,0,0,9,0,0.0,0.0,2.8,3.9,4.6,5.6,3.8,-1.1,-1.0
CP008,Accessories,Emerald,Women,11,5,5.2,2907.01,0.0,16108.62,4.2,2,0,0,0,9,0,0.0,0.0,4.2,3.5,4.0,4.97,3.4,0.7,-0.97
CP008,Accessories,Emerald,Women,12,5,7.8,2532.52,0.0,21464.81,6.0,3,1,6,0,9,2,23.0,21.83,5.2,4.7,4.07,4.7,4.0,0.5,-0.63
CP008,Accessories,Hustle,Men,1,5,10.2,2690.64,0.0,28015.07,8.0,5,0,0,10,9,0,4.0,4.0,12.8,11.3,10.6,9.67,7.4,1.5,0.93
CP008,Accessories,Hustle,Men,2,5,9.6,2446.76,0.0,23276.04,8.6,6,1,0,0,8,0,0.0,0.0,10.2,10.9,10.53,9.23,7.8,-0.7,1.3
CP008,Accessories,Hustle,Men,3,5,12.8,2790.94,0.0,31547.2,10.8,6,0,0,0,9,0,0.0,0.0,9.6,9.9,10.2,9.33,10.0,-0.3,0.87
CP008,Accessories,Hustle,Men,4,5,13.8,2901.94,0.38,36346.04,10.6,6,2,9,0,9,2,16.0,14.67,12.8,11.2,10.87,10.13,10.6,1.6,0.73
CP008,Accessories,Hustle,Men,5,5,13.0,2500.09,0.0,29593.89,11.8,6,2,1,0,9,1,8.0,7.0,13.8,13.3,12.07,10.3,9.4,0.5,1.77
CP008,Accessories,Hustle,Men,6,5,8.0,2562.68,0.0,21155.19,6.4,5,1,0,0,9,0,0.0,0.0,13.0,13.4,13.2,10.33,6.0,-0.4,2.87
CP008,Accessories,Hustle,Men,7,5,16.4,2653.81,0.0,41487.93,13.6,7,0,0,0,9,1,10.0,9.5,8.0,10.5,11.6,11.23,11.6,-2.5,0.37
CP008,Accessories,Hustle,Men,8,5,10.8,3055.25,0.3,28647.43,8.8,6,0,0,21,9,2,17.0,16.17,16.4,12.2,12.47,12.27,8.2,4.2,0.2
CP008,Accessories,Hustle,Men,9,5,8.0,1568.34,0.0,13544.75,6.8,5,0,0,5,8,0,0.0,0.0,10.8,13.6,11.73,12.47,6.4,-2.8,-0.73
CP008,Accessories,Hustle,Men,10,5,10.8,3222.04,0.0,33643.4,10.2,5,1,0,0,9,0,0.0,0.0,8.0,9.4,11.73,11.67,9.2,-1.4,0.07
CP008,Accessories,Hustle,Men,11,5,13.0,2641.33,0.0,33223.45,11.2,6,0,0,0,9,0,6.0,6.0,10.8,9.4,9.87,11.17,9.8,1.4,-1.3
CP008,Accessories,Hustle,Men,12,5,15.4,2369.06,0.0,34174.09,12.6,6,1,6,0,9,2,23.0,18.67,13.0,11.9,10.6,11.17,12.8,1.1,-0.57
CP008,Accessories,Hustle,Unisex,1,5,9.4,2664.39,0.0,25357.35,7.6,5,0,0,10,9,1,8.0,7.5,8.8,7.1,8.0,7.9,7.6,1.7,0.1
CP008,Accessories,Hustle,Unisex,2,5,8.6,2728.19,0.0,22568.83,6.8,4,1,0,0,8,0,0.0,0.0,9.4,8.3,7.33,8.1,6.2,1.1,-0.77
CP008,Accessories,Hustle,Unisex,3,5,10.0,2605.27,0.0,25187.71,9.4,4,0,0,0,9,0,0.0,0.0,8.6,9.0,7.87,7.93,7.6,-0.4,-0.07
CP008,Accessories,Hustle,Unisex,4,5,10.2,2769.19,0.0,26584.28,8.0,4,2,9,0,9,1,15.0,13.0,10.0,9.3,9.33,7.77,7.6,0.7,1.57
CP008,Accessories,Hustle,Unisex,5,5,11.0,2484.2,0.0,27889.93,9.0,4,2,1,0,9,1,12.0,12.0,10.2,10.1,9.6,7.43,10.0,0.1,2.17
CP008,Accessories,Hustle,Unisex,6,5,11.6,2911.83,0.0,33784.77,9.4,5,1,0,0,9,0,0.0,0.0,11.0,10.6,10.4,8.17,9.2,0.4,2.23
CP008,Accessories,Hustle,Unisex,7,5,10.0,2601.74,0.0,25470.82,8.6,5,0,0,0,9,2,13.0,11.83,11.6,11.3,10.93,10.13,6.6,0.3,0.8
CP008,Accessories,Hustle,Unisex,8,5,9.2,2671.23,0.0,24959.37,7.8,5,0,0,21,9,1,11.0,10.67,10.0,10.8,10.87,10.23,8.0,-0.8,0.63
CP008,Accessories,Hustle,Unisex,9,5,10.2,2417.44,0.0,25493.43,9.0,4,0,0,5,8,0,0.0,0.0,9.2,9.6,10.27,10.33,8.8,-0.4,-0.07
CP008,Accessories,Hustle,Unisex,10,5,12.2,2662.83,0.0,31987.62,10.6,6,1,0,0,9,0,0.0,0.0,10.2,9.7,9.8,10.37,9.8,0.5,-0.57
CP008,Accessories,Hustle,Unisex,11,5,8.0,2957.98,0.0,22418.81,6.2,4,0,0,0,9,1,12.0,11.0,12.2,11.2,10.53,10.7,5.4,1.0,-0.17
CP008,Accessories,Hustle,Unisex,12,5,11.4,2477.93,0.62,27120.1,9.0,5,1,6,0,9,3,27.0,22.5,8.0,10.1,10.13,10.2,8.8,-2.1,-0.07
CP008,Accessories,Hustle,Women,1,5,14.4,3413.66,0.0,52260.72,12.2,7,0,0,10,9,2,11.0,10.17,14.6,13.8,13.53,12.83,11.0,0.8,0.7
CP008,Accessories,Hustle,Women,2,5,12.0,2786.03,0.0,35251.42,11.8,7,1,0,0,8,0,0.0,0.0,14.4,13.6,13.4,12.57,10.4,0.8,0.83
CP008,Accessories,Hustle,Women,3,5,17.2,2782.15,0.0,57495.13,14.6,7,0,0,0,9,0,0.0,0.0,12.0,13.2,12.4,12.2,12.2,-1.2,0.2
CP008,Accessories,Hustle,Women,4,5,14.2,2657.97,0.0,41394.84,12.4,8,2,9,0,9,2,16.0,14.17,17.2,14.6,14.53,13.07,12.2,2.6,1.47
CP008,Accessories,Hustle,Women,5,5,13.8,2878.71,0.12,43354.28,12.6,8,2,1,0,9,1,7.0,7.0,14.2,15.7,14.47,12.7,10.8,-1.5,1.77
CP008,Accessories,Hustle,Women,6,5,12.2,3217.5,0.0,45024.31,10.6,6,1,0,0,9,0,0.0,0.0,13.8,14.0,15.07,12.47,10.2,-0.2,2.6
CP008,Accessories,Hustle,Women,7,5,17.2,2849.88,0.25,55952.01,15.2,8,0,0,0,9,2,14.0,11.33,12.2,13.0,13.4,13.97,14.2,-0.8,-0.57
CP008,Accessories,Hustle,Women,8,5,14.8,2713.89,0.0,45197.24,13.2,7,0,0,21,9,1,15.0,14.67,17.2,14.7,14.4,14.43,12.2,2.5,-0.03
CP008,Accessories,Hustle,Women,9,5,12.0,2967.79,0.0,39885.82,11.0,7,0,0,5,8,0,0.0,0.0,14.8,16.0,14.73,14.9,10.0,-1.2,-0.17
CP008,Accessories,Hustle,Women,10,5,15.2,2511.61,0.0,41522.13,14.0,9,1,0,0,9,0,0.0,0.0,12.0,13.4,14.67,14.03,13.0,-1.4,0.63
CP008,Accessories,Hustle,Women,11,5,16.6,2861.75,0.0,53423.18,15.0,8,0,0,0,9,2,18.0,16.33,15.2,13.6,14.0,14.2,13.0,1.6,-0.2
CP008,Accessories,Hustle,Women,12,5,17.6,2706.86,0.0,58093.5,14.8,8,1,6,0,9,3,23.0,19.6,16.6,15.9,14.6,14.67,14.6,0.7,-0.07
CP008,Accessories,King Street,Men,1,5,15.0,3005.6,0.0,46802.81,12.2,7,0,0,10,9,1,11.0,10.67,12.4,11.4,10.6,9.9,12.2,1.0,0.7
CP008,Accessories,King Street,Men,2,5,9.6,2864.93,0.0,28812.57,8.2,6,1,0,0,8,0,0.0,0.0,15.0,12.0,11.47,10.03,8.0,3.0,1.43
CP008,Accessories,King Street,Men,3,5,12.6,2982.16,0.0,39124.1,10.2,6,0,0,0,9,0,0.0,0.0,9.6,12.3,10.33,9.63,10.4,-2.7,0.7
CP008,Accessories,King Street,Men,4,5,14.2,2855.34,0.0,40872.45,10.8,5,2,9,0,9,1,15.0,14.67,12.6,11.1,12.4,9.93,11.6,1.5,2.47
CP008,Accessories,King Street,Men,5,5,14.0,3267.58,0.17,46878.72,11.2,7,2,1,0,9,1,8.0,8.0,14.2,13.4,12.13,10.33,11.2,0.8,1.8
CP008,Accessories,King Street,Men,6,5,15.0,2840.53,0.0,44209.85,11.0,6,1,0,0,9,0,0.0,0.0,14.0,14.1,13.6,10.63,11.2,-0.1,2.97
CP008,Accessories,King Street,Men,7,5,13.8,3269.78,0.0,43953.57,11.4,6,0,0,0,9,1,14.0,13.17,15.0,14.5,14.4,13.4,10.8,0.5,1.0
CP008,Accessories,King Street,Men,8,5,13.2,3060.32,0.0,38425.5,11.2,6,0,0,21,9,2,16.0,14.17,13.8,14.4,14.27,13.2,9.4,-0.6,1.07
CP008,Accessories,King Street,Men,9,5,9.6,3094.56,0.0,28820.54,7.8,5,0,0,5,8,0,0.0,0.0,13.2,13.5,14.0,13.8,7.4,-0.3,0.2
CP008,Accessories,King Street,Men,10,5,11.6,3091.03,0.0,35243.4,9.8,6,1,0,0,9,0,0.0,0.0,9.6,11.4,12.2,13.3,9.0,-1.8,-1.1
CP008,Accessories,King Street,Men,11,5,14.4,2911.9,0.0,42932.51,12.6,7,0,0,0,9,2,21.0,19.75,11.6,10.6,11.47,12.87,10.4,1.0,-1.4
CP008,Accessories,King Street,Men,12,5,16.0,3099.32,0.0,50912.06,13.2,6,1,6,0,9,4,28.0,22.85,14.4,13.0,11.87,12.93,12.4,1.4,-1.07
CP008,Accessories,King Street,Unisex,1,5,2.8,2446.19,0.0,6540.64,2.6,2,0,0,10,9,1,5.0,4.5,5.0,4.3,4.27,3.83,2.6,0.7,0.43
CP008,Accessories,King Street,Unisex,2,5,5.4,2731.54,0.0,14634.71,5.0,3,1,0,0,8,0,0.0,0.0,2.8,3.5,3.53,3.6,3.4,-0.7,-0.07
CP008,Accessories,King Street,Unisex,3,5,3.6,2656.5,0.0,9717.1,3.0,2,0,0,0,9,0,0.0,0.0,5.4,4.1,4.0,3.8,3.0,1.3,0.2
CP008,Accessories,King Street,Unisex,4,5,5.8,2721.55,0.0,16402.99,4.8,3,2,9,0,9,0,8.0,8.0,3.6,4.5,3.93,3.7,4.8,-0.9,0.23
CP008,Accessories,King Street,Unisex,5,5,4.0,2544.13,0.0,10471.66,3.2,3,2,1,0,9,2,15.0,14.0,5.8,4.7,4.93,3.77,3.6,1.1,1.17
CP008,Accessories,King Street,Unisex,6,5,6.2,2746.72,0.0,16995.35,5.4,3,1,0,0,9,0,0.0,0.0,4.0,4.9,4.47,3.7,6.0,-0.9,0.77
CP008,Accessories,King Street,Unisex,7,5,4.0,2667.26,0.0,10978.52,3.4,3,0,0,0,9,1,9.0,8.5,6.2,5.1,5.33,4.63,3.4,1.1,0.7
CP008,Accessories,King Street,Unisex,8,5,4.2,2498.94,0.0,10853.95,4.0,2,0,0,21,9,1,6.0,5.33,4.0,5.1,4.73,4.83,3.8,-1.1,-0.1
CP008,Accessories,King Street,Unisex,9,5,4.2,2901.58,0.0,12435.26,3.2,2,0,0,5,8,0,0.0,0.0,4.2,4.1,4.8,4.63,3.0,0.1,0.17
CP008,Accessories,King Street,Unisex,10,5,5.0,2681.28,0.0,13329.59,4.0,3,1,0,0,9,0,0.0,0.0,4.2,4.2,4.13,4.73,4.2,0.0,-0.6
CP008,Accessories,King Street,Unisex,11,5,4.8,2909.05,0.0,13570.54,4.0,3,0,0,0,9,0,5.0,5.0,5.0,4.6,4.47,4.6,3.6,0.4,-0.13
CP008,Accessories,King Street,Unisex,12,5,7.0,2649.32,1.0,19582.29,5.8,3,1,6,0,9,1,21.0,19.0,4.8,4.9,4.67,4.73,5.0,-0.1,-0.07
CP008,Accessories,King Street,Women,1,5,10.4,3296.13,0.0,35516.11,9.4,5,0,0,10,9,0,5.0,5.0,7.2,5.9,6.47,6.77,8.4,1.3,-0.3
CP008,Accessories,King Street,Women,2,5,6.6,3020.18,0.0,20250.82,5.6,4,1,0,0,8,0,0.0,0.0,10.4,8.0,6.87,7.2,5.4,2.4,-0.33
CP008,Accessories,King Street,Women,3,5,10.2,3005.39,0.0,31257.79,8.6,5,0,0,0,9,0,0.0,0.0,6.6,8.5,7.0,6.8,8.6,-1.9,0.2
CP008,Accessories,King Street,Women,4,5,11.4,3211.52,0.95,36595.51,9.2,4,2,9,0,9,3,20.0,15.17,10.2,8.4,9.07,6.87,9.2,1.8,2.2
CP008,Accessories,King Street,Women,5,5,9.2,3227.32,0.0,30256.93,7.4,4,2,1,0,9,0,5.0,5.0,11.4,10.8,9.4,7.13,7.0,0.6,2.27
CP008,Accessories,King Street,Women,6,5,12.8,3280.28,0.0,43980.38,10.2,6,1,0,0,9,0,0.0,0.0,9.2,10.3,10.27,7.6,10.4,-1.1,2.67
CP008,Accessories,King Street,Women,7,5,7.2,3241.86,0.0,24512.28,6.2,4,0,0,0,9,1,12.0,11.0,12.8,11.0,11.13,10.1,6.2,1.8,1.03
CP008,Accessories,King Street,Women,8,5,8.6,3008.55,0.0,26228.03,7.8,5,0,0,21,9,1,9.0,9.0,7.2,10.0,9.73,9.57,7.4,-2.8,0.17
CP008,Accessories,King Street,Women,9,5,9.6,3166.64,0.0,32498.78,7.6,5,0,0,5,8,0,0.0,0.0,8.6,7.9,9.53,9.9,7.6,0.7,-0.37
CP008,Accessories,King Street,Women,10,5,8.8,3190.03,0.0,28640.85,7.4,5,1,0,0,9,0,0.0,0.0,9.6,9.1,8.47,9.8,7.6,0.5,-1.33
CP008,Accessories,King Street,Women,11,5,6.6,3126.64,0.0,21534.29,5.4,4,0,0,0,9,1,16.0,16.0,8.8,9.2,9.0,9.37,4.6,-0.4,-0.37
CP008,Accessories,King Street,Women,12,5,9.6,3203.48,0.5,33003.92,7.8,4,1,6,0,9,3,26.0,21.92,6.6,7.7,8.33,8.93,7.2,-1.1,-0.6
CP008,Accessories,Libera,Men,1,3,1.0,306.58,0.0,306.58,1.0,1,0,0,10,9,0,5.0,5.0,1.67,1.83,1.67,1.72,1.0,-0.17,-0.06
CP008,Accessories,Libera,Men,2,4,2.0,306.58,0.0,613.16,2.0,1,1,0,0,8,0,0.0,0.0,1.0,1.12,1.25,1.25,0.75,-0.12,0.0
CP008,Accessories,Libera,Men,3,4,1.75,306.58,0.0,536.52,1.75,1,0,0,0,9,0,0.0,0.0,1.5,1.38,1.42,1.5,0.75,0.12,-0.08
CP008,Accessories,Libera,Men,4,4,1.5,306.58,0.0,459.87,1.5,1,2,9,0,8,0,0.0,0.0,2.25,1.38,1.25,1.25,1.0,0.88,0.0
CP008,Accessories,Libera,Men,5,4,1.0,306.58,0.0,306.58,1.0,1,2,1,0,9,0,0.0,0.0,1.25,1.75,1.25,1.17,0.75,-0.5,0.08
CP008,Accessories,Libera,Men,6,3,1.33,306.58,0.0,408.77,1.33,1,1,0,0,9,0,0.0,0.0,1.0,1.0,1.33,0.78,2.0,0.0,0.56
CP008,Accessories,Libera,Men,7,2,1.5,306.58,0.0,459.87,1.5,1,0,0,0,8,0,0.0,0.0,1.0,1.0,1.0,0.58,1.5,0.0,0.42
CP008,Accessories,Libera,Men,8,3,2.33,306.58,0.0,715.35,2.33,1,0,0,21,9,0,0.0,0.0,1.33,1.33,1.44,1.11,1.0,0.0,0.33
CP008,Accessories,Libera,Men,9,3,1.67,306.58,0.0,510.97,1.67,1,0,0,5,8,0,0.0,0.0,1.67,1.33,1.33,1.67,0.67,0.33,-0.33
CP008,Accessories,Libera,Men,10,1,1.0,306.58,0.0,306.58,1.0,1,1,0,0,8,0,0.0,0.0,4.0,3.0,2.33,1.83,1.0,1.0,0.5
CP008,Accessories,Libera,Men,11,3,1.67,306.58,0.0,510.97,1.67,1,0,0,0,8,0,10.0,10.0,1.67,2.0,1.78,1.67,1.0,-0.33,0.11
CP008,Accessories,Libera,Men,12,3,1.33,306.58,0.0,408.77,1.33,1,1,6,0,8,0,0.0,0.0,1.33,1.33,1.56,1.39,1.33,0.0,0.17
CP008,Accessories,Libera,Unisex,1,5,5.8,1905.41,0.0,11667.74,5.8,4,0,0,10,9,0,5.0,5.0,3.6,4.6,4.53,5.0,4.0,-1.0,-0.47
CP008,Accessories,Libera,Unisex,2,5,4.2,2704.46,0.0,10414.01,4.2,3,1,0,0,8,0,0.0,0.0,5.8,4.2,4.67,4.67,3.4,1.6,0.0
CP008,Accessories,Libera,Unisex,3,5,5.0,2058.55,0.0,11303.33,5.0,4,0,0,0,9,0,0.0,0.0,4.2,5.0,3.93,4.33,4.6,-0.8,-0.4
CP008,Accessories,Libera,Unisex,4,5,6.6,2037.07,0.0,13033.81,6.6,4,2,9,0,9,2,19.0,16.75,5.0,4.6,5.0,4.27,5.4,0.4,0.73
CP008,Accessories,Libera,Unisex,5,5,4.6,2448.94,0.0,10417.27,4.6,2,2,1,0,9,0,2.0,2.0,6.6,5.8,5.27,4.57,3.2,0.8,0.7
CP008,Accessories,Libera,Unisex,6,5,6.6,2251.88,0.0,15370.85,6.6,4,1,0,0,9,0,0.0,0.0,4.6,5.6,5.4,4.3,5.2,-1.0,1.1
CP008,Accessories,Libera,Unisex,7,5,8.0,2417.91,0.0,19228.17,8.0,5,0,0,0,9,1,9.0,9.0,6.6,5.6,5.93,5.47,6.8,1.0,0.47
CP008,Accessories,Libera,Unisex,8,5,7.2,2469.36,0.0,17257.84,7.2,4,0,0,21,9,2,16.0,14.0,8.0,7.3,6.4,5.83,5.4,0.7,0.57
CP008,Accessories,Libera,Unisex,9,5,6.8,2121.45,0.0,14881.47,6.8,4,0,0,5,8,0,0.0,0.0,7.2,7.6,7.27,6.33,4.2,-0.4,0.93
CP008,Accessories,Libera,Unisex,10,5,5.6,2471.97,0.0,13760.72,5.6,4,1,0,0,9,0,0.0,0.0,6.8,7.0,7.33,6.63,4.4,-0.2,0.7
CP008,Accessories,Libera,Unisex,11,5,6.6,3243.41,0.0,21205.37,6.6,3,0,0,0,9,0,8.0,8.0,5.6,6.2,6.53,6.47,5.6,-0.6,0.07
CP008,Accessories,Libera,Unisex,12,5,4.8,2632.44,0.0,11615.28,4.8,3,1,6,0,9,3,19.0,16.25,6.6,6.1,6.33,6.8,3.6,0.5,-0.47
CP008,Accessories,Libera,Women,1,5,6.4,2719.83,0.0,19209.92,5.0,3,0,0,10,9,1,8.0,7.5,5.6,5.9,6.53,6.43,4.4,-0.3,0.1
CP008,Accessories,Libera,Women,2,5,8.8,2777.84,0.0,25195.08,8.0,5,1,0,0,8,0,0.0,0.0,6.4,5.9,6.0,6.67,7.6,0.5,-0.67
CP008,Accessories,Libera,Women,3,5,11.4,2791.15,0.0,32998.12,9.2,4,0,0,0,9,0,0.0,0.0,8.8,7.6,6.27,6.77,9.2,1.2,-0.5
CP008,Accessories,Libera,Women,4,5,6.8,2691.54,0.67,18645.64,5.2,4,2,9,0,9,1,11.0,10.0,11.4,10.1,8.87,6.83,5.6,1.3,2.03
CP008,Accessories,Libera,Women,5,5,5.6,2681.81,0.0,15275.11,4.8,4,2,1,0,9,1,7.0,6.5,6.8,9.1,9.0,6.47,4.6,-2.3,2.53
CP008,Accessories,Libera,Women,6,5,7.8,2776.96,0.0,21643.87,7.2,4,1,0,0,9,0,0.0,0.0,5.6,6.2,7.93,6.2,6.8,-0.6,1.73
CP008,Accessories,Libera,Women,7,5,6.4,2874.9,0.0,19546.71,5.8,4,0,0,0,9,2,12.0,10.8,7.8,6.7,6.73,7.8,4.8,1.1,-1.07
CP008,Accessories,Libera,Women,8,5,7.0,2743.73,0.0,20363.68,6.6,4,0,0,21,9,0,5.0,5.0,6.4,7.1,6.6,7.8,6.4,-0.7,-1.2
CP008,Accessories,Libera,Women,9,5,9.6,2679.68,0.0,26562.39,8.8,5,0,0,5,8,0,0.0,0.0,7.0,6.7,7.07,7.5,7.8,0.3,-0.43
CP008,Accessories,Libera,Women,10,5,8.8,2918.81,0.0,27180.14,7.4,4,1,0,0,9,0,0.0,0.0,9.6,8.3,7.67,7.2,7.8,1.3,0.47
CP008,Accessories,Libera,Women,11,5,7.6,2726.14,0.0,21443.71,6.6,4,0,0,0,9,0,11.0,11.0,8.8,9.2,8.47,7.53,6.2,-0.4,0.93
CP008,Accessories,Libera,Women,12,5,7.0,2609.84,0.0,19102.86,5.6,3,1,6,0,9,2,25.0,21.5,7.6,8.2,8.67,7.87,5.6,-0.6,0.8
CP008,Accessories,Miss Modano,Men,1,5,19.2,2423.37,0.19,42511.0,15.4,6,0,0,10,9,1,13.0,12.67,11.0,12.9,12.8,13.5,12.8,-1.9,-0.7
CP008,Accessories,Miss Modano,Men,2,5,15.6,2739.45,0.0,39517.05,12.4,6,1,0,0,8,0,0.0,0.0,19.2,12.9,13.53,14.17,12.4,6.3,-0.63
CP008,Accessories,Miss Modano,Men,3,5,16.0,2588.67,0.0,38337.87,12.8,7,0,0,0,9,0,0.0,0.0,15.6,17.4,13.0,13.57,13.0,-1.8,-0.57
CP008,Accessories,Miss Modano,Men,4,5,22.0,2360.39,0.0,49540.16,17.8,8,2,9,0,9,2,14.0,12.33,16.0,15.8,16.93,12.97,15.8,0.2,3.97
CP008,Accessories,Miss Modano,Men,5,5,20.2,2726.84,0.0,51922.26,15.4,7,2,1,0,9,2,8.0,7.47,22.0,19.0,17.87,13.77,16.6,3.0,4.1
CP008,Accessories,Miss Modano,Men,6,5,17.2,2321.85,0.0,37648.6,14.2,7,1,0,0,9,0,0.0,0.0,20.2,21.1,19.4,13.73,12.8,-0.9,5.67
CP008,Accessories,Miss Modano,Men,7,5,14.4,2255.43,0.0,31504.24,11.2,6,0,0,0,9,2,12.0,10.93,17.2,18.7,19.8,18.37,10.8,-1.5,1.43
CP008,Accessories,Miss Modano,Men,8,5,20.6,2210.57,0.42,44712.35,17.0,8,0,0,21,9,2,14.0,11.67,14.4,15.8,17.27,17.57,16.8,-1.4,-0.3
CP008,Accessories,Miss Modano,Men,9,5,18.2,2313.02,0.0,39344.76,14.0,7,0,0,5,8,0,0.0,0.0,20.6,17.5,17.4,18.4,15.0,3.1,-1.0
CP008,Accessories,Miss Modano,Men,10,5,15.6,2179.03,0.0,32195.57,12.6,7,1,0,0,9,0,0.0,0.0,18.2,19.4,17.73,18.77,12.6,-1.2,-1.03
CP008,Accessories,Miss Modano,Men,11,5,18.0,2222.09,0.45,39040.46,14.0,8,0,0,0,9,1,10.0,10.0,15.6,16.9,18.13,17.7,14.8,-1.3,0.43
CP008,Accessories,Miss Modano,Men,12,5,15.6,2352.01,0.0,34899.91,12.6,6,1,6,0,9,3,25.0,22.45,18.0,16.8,17.27,17.33,11.0,1.2,-0.07
CP008,Accessories,Miss Modano,Unisex,1,5,9.8,2980.75,0.2,27519.14,9.4,6,0,0,10,9,2,13.0,12.17,11.0,9.9,10.0,9.3,8.4,1.1,0.7
CP008,Accessories,Miss Modano,Unisex,2,5,10.4,2760.22,0.0,28945.03,10.4,6,1,0,0,8,0,0.0,0.0,9.8,9.4,9.2,8.9,9.0,0.4,0.3
CP008,Accessories,Miss Modano,Unisex,3,5,10.8,2628.53,0.0,27277.81,10.8,6,0,0,0,9,0,0.0,0.0,10.4,10.1,9.0,9.2,8.0,0.3,-0.2
CP008,Accessories,Miss Modano,Unisex,4,5,13.8,2729.86,0.0,34598.96,12.2,7,2,9,0,9,2,15.0,11.5,10.8,10.6,10.33,8.9,10.8,0.2,1.43
CP008,Accessories,Miss Modano,Unisex,5,5,10.4,3075.96,0.0,31750.17,9.8,6,2,1,0,9,1,6.0,5.5,13.8,12.3,11.67,9.07,8.4,1.5,2.6
CP008,Accessories,Miss Modano,Unisex,6,5,10.6,2386.9,0.0,25268.59,10.2,7,1,0,0,9,0,0.0,0.0,10.4,12.1,11.67,8.97,8.4,-1.7,2.7
CP008,Accessories,Miss Modano,Unisex,7,5,12.8,2656.28,0.0,32300.14,11.8,6,0,0,0,9,1,8.0,7.5,10.6,10.5,11.6,10.97,10.2,0.1,0.63
CP008,Accessories,Miss Modano,Unisex,8,5,8.8,2681.05,0.0,22022.28,8.2,6,0,0,21,9,1,14.0,14.0,12.8,11.7,11.27,11.47,6.4,1.1,-0.2
CP008,Accessories,Miss Modano,Unisex,9,5,12.0,2506.73,0.0,28374.51,11.2,7,0,0,5,8,0,0.0,0.0,8.8,10.8,10.73,11.2,9.2,-2.0,-0.47
CP008,Accessories,Miss Modano,Unisex,10,5,12.2,2594.52,0.0,30373.95,11.2,8,1,0,0,9,0,0.0,0.0,12.0,10.4,11.2,11.4,10.2,1.6,-0.2
CP008,Accessories,Miss Modano,Unisex,11,5,10.4,2397.74,0.0,25396.31,10.0,6,0,0,0,9,1,18.0,17.5,12.2,12.1,11.0,11.13,8.8,0.1,-0.13
CP008,Accessories,Miss Modano,Unisex,12,5,12.8,2882.73,0.0,36662.06,12.2,7,1,6,0,9,3,29.0,22.83,10.4,11.3,11.53,11.13,11.0,-0.9,0.4
CP008,Accessories,Miss Modano,Women,1,5,9.4,2324.29,0.0,17293.04,7.0,4,0,0,10,9,1,5.0,4.5,7.8,7.2,7.33,7.8,9.0,0.6,-0.47
CP008,Accessories,Miss Modano,Women,2,5,10.8,1982.15,0.0,19247.68,9.0,5,1,0,0,8,0,0.0,0.0,9.4,7.0,6.87,7.23,9.4,2.4,-0.37
CP008,Accessories,Miss Modano,Women,3,5,9.8,1870.87,0.0,15768.27,8.0,5,0,0,0,9,0,0.0,0.0,10.8,10.1,7.53,7.43,7.4,0.7,0.1
CP008,Accessories,Miss Modano,Women,4,5,10.2,1517.27,0.0,11962.32,7.6,4,2,9,0,9,1,10.0,9.0,9.8,10.3,10.0,7.33,7.4,-0.5,2.67
CP008,Accessories,Miss Modano,Women,5,5,7.0,1827.93,0.0,11465.62,5.6,4,2,1,0,9,1,6.0,5.5,10.2,10.0,10.27,7.53,5.6,0.2,2.73
CP008,Accessories,Miss Modano,Women,6,5,8.6,2576.21,0.0,19214.35,7.0,4,1,0,0,9,0,0.0,0.0,7.0,8.6,9.0,7.37,7.0,-1.6,1.63
CP008,Accessories,Miss Modano,Women,7,5,13.0,2339.98,0.0,25508.83,10.4,6,0,0,0,9,2,16.0,13.83,8.6,7.8,8.6,9.3,9.6,0.8,-0.7
CP008,Accessories,Miss Modano,Women,8,5,9.6,1862.14,0.0,15784.83,7.4,4,0,0,21,9,2,11.0,10.67,13.0,10.8,9.53,9.9,7.4,2.2,-0.37
CP008,Accessories,Miss Modano,Women,9,5,11.2,2180.88,0.0,20791.01,9.4,5,0,0,5,8,0,0.0,0.0,9.6,11.3,10.4,9.7,7.8,-1.7,0.7
CP008,Accessories,Miss Modano,Women,10,5,9.0,1961.17,0.0,14909.85,7.4,4,1,0,0,9,0,0.0,0.0,11.2,10.4,11.27,9.93,7.6,0.8,1.33
CP008,Accessories,Miss Modano,Women,11,5,8.8,1826.7,0.0,14013.68,7.2,4,0,0,0,9,1,15.0,14.5,9.0,10.1,9.93,9.73,6.6,-1.1,0.2
CP008,Accessories,Miss Modano,Women,12,5,9.6,2232.67,0.0,20676.73,7.8,4,1,6,0,9,3,27.0,22.58,8.8,8.9,9.67,10.03,7.8,-0.1,-0.37
CP008,Accessories,Modano,Men,1,5,5.4,3480.31,0.0,19190.07,4.4,3,0,0,10,9,2,13.0,12.5,7.6,6.3,6.47,6.07,3.8,1.3,0.4
CP008,Accessories,Modano,Men,2,5,7.8,3452.84,0.0,27050.67,7.0,4,1,0,0,8,0,0.0,0.0,5.4,6.0,5.67,5.97,6.2,-0.6,-0.3
CP008,Accessories,Modano,Men,3,5,7.0,3479.33,0.0,24919.16,5.8,3,0,0,0,9,0,0.0,0.0,7.8,6.6,6.47,6.33,6.2,1.2,0.13
CP008,Accessories,Modano,Men,4,5,9.0,3569.73,0.0,33007.15,8.0,3,2,9,0,9,0,5.0,5.0,7.0,7.4,6.73,6.13,8.6,-0.4,0.6
CP008,Accessories,Modano,Men,5,5,4.2,3554.2,0.0,15505.25,3.8,3,2,1,0,9,1,8.0,8.0,9.0,8.0,7.93,6.3,3.6,1.0,1.63
CP008,Accessories,Modano,Men,6,5,6.2,3446.18,0.0,21724.56,5.8,4,1,0,0,9,0,0.0,0.0,4.2,6.6,6.73,5.97,4.6,-2.4,0.77
CP008,Accessories,Modano,Men,7,5,6.0,3463.58,0.0,21133.86,5.6,3,0,0,0,9,1,13.0,12.5,6.2,5.2,6.47,6.6,5.0,1.0,-0.13
CP008,Accessories,Modano,Men,8,5,6.8,3462.76,0.0,24732.11,5.2,3,0,0,21,9,1,13.0,13.0,6.0,6.1,5.47,6.7,5.2,-0.1,-1.23
CP008,Accessories,Modano,Men,9,5,8.0,3423.41,0.0,27558.39,7.6,4,0,0,5,8,0,0.0,0.0,6.8,6.4,6.33,6.53,6.8,0.4,-0.2
CP008,Accessories,Modano,Men,10,5,8.0,3311.06,0.0,26996.22,7.0,3,1,0,0,9,0,0.0,0.0,8.0,7.4,6.93,6.7,6.8,0.6,0.23
CP008,Accessories,Modano,Men,11,5,7.4,3463.75,0.0,26324.44,6.6,4,0,0,0,9,1,14.0,13.0,8.0,8.0,7.6,6.53,5.0,0.0,1.07
CP008,Accessories,Modano,Men,12,5,8.0,3416.91,0.0,28270.81,7.0,4,1,6,0,9,1,15.0,14.0,7.4,7.7,7.8,7.07,7.6,-0.3,0.73
CP008,Accessories,Modano,Unisex,1,5,4.8,2821.22,0.0,14744.11,4.4,3,0,0,10,9,0,6.0,6.0,5.6,4.7,4.87,4.27,4.2,0.9,0.6
CP008,Accessories,Modano,Unisex,2,5,5.2,2480.59,0.0,14431.47,4.8,3,1,0,0,8,0,0.0,0.0,4.8,4.7,4.4,4.17,4.6,0.1,0.23
CP008,Accessories,Modano,Unisex,3,5,6.2,2259.93,0.0,15348.0,5.8,4,0,0,0,9,0,0.0,0.0,5.2,5.0,4.53,4.17,4.4,0.2,0.37
CP008,Accessories,Modano,Unisex,4,5,6.8,2597.47,0.0,20808.65,5.8,3,2,9,0,9,2,17.0,14.67,6.2,5.7,5.4,4.6,5.6,0.5,0.8
CP008,Accessories,Modano,Unisex,5,5,5.2,2942.21,0.0,17094.44,4.4,3,2,1,0,9,0,4.0,4.0,6.8,6.5,6.07,4.47,4.0,0.3,1.6
CP008,Accessories,Modano,Unisex,6,5,5.4,2690.12,0.0,14506.9,5.2,3,1,0,0,9,0,0.0,0.0,5.2,6.0,6.07,4.5,4.4,-0.8,1.57
CP008,Accessories,Modano,Unisex,7,5,5.2,2467.94,0.0,13269.5,5.0,4,0,0,0,9,1,7.0,6.5,5.4,5.3,5.8,5.6,4.4,0.1,0.2
CP008,Accessories,Modano,Unisex,8,5,6.4,2265.01,0.0,17370.79,5.6,3,0,0,21,9,1,8.0,7.0,5.2,5.3,5.27,5.67,4.2,-0.1,-0.4
CP008,Accessories,Modano,Unisex,9,5,3.8,2175.5,0.0,9272.8,3.4,3,0,0,5,8,0,0.0,0.0,6.4,5.8,5.67,5.87,2.4,0.6,-0.2
CP008,Accessories,Modano,Unisex,10,5,5.8,2384.91,0.0,15959.72,5.0,3,1,0,0,9,0,0.0,0.0,3.8,5.1,5.13,5.47,5.2,-1.3,-0.33
CP008,Accessories,Modano,Unisex,11,5,6.0,2758.67,0.0,18731.51,5.4,3,0,0,0,9,1,22.0,22.0,5.8,4.8,5.33,5.3,3.8,1.0,0.03
CP008,Accessories,Modano,Unisex,12,5,7.0,2452.58,0.0,20595.41,6.0,4,1,6,0,9,2,18.0,16.83,6.0,5.9,5.2,5.43,5.6,0.1,-0.23
CP008,Accessories,Modano,Women,1,5,6.8,2581.3,0.0,17420.89,6.6,4,0,0,10,9,1,6.0,5.5,8.6,7.9,7.4,6.3,5.4,0.7,1.1
CP008,Accessories,Modano,Women,2,5,7.6,2192.91,0.0,16824.81,7.6,5,1,0,0,8,0,0.0,0.0,6.8,7.0,7.07,6.4,5.4,-0.2,0.67
CP008,Accessories,Modano,Women,3,5,6.2,2363.64,0.0,15293.76,6.0,4,0,0,0,9,0,0.0,0.0,7.6,7.2,6.87,6.57,5.8,0.4,0.3
CP008,Accessories,Modano,Women,4,5,7.2,2054.67,0.0,15067.06,7.2,5,2,9,0,9,1,17.0,15.33,6.2,6.9,6.87,6.57,6.0,-0.7,0.3
CP008,Accessories,Modano,Women,5,5,6.0,2074.42,0.0,12617.53,5.6,5,2,1,0,9,0,3.0,3.0,7.2,6.7,7.0,6.53,4.8,0.5,0.47
CP008,Accessories,Modano,Women,6,5,5.2,2278.99,0.0,11994.31,4.8,4,1,0,0,9,0,0.0,0.0,6.0,6.6,6.47,6.17,3.4,-0.6,0.3
CP008,Accessories,Modano,Women,7,5,5.6,2085.18,0.0,12674.1,5.4,4,0,0,0,9,1,13.0,12.33,5.2,5.6,6.13,6.5,4.8,-0.4,-0.37
CP008,Accessories,Modano,Women,8,5,7.0,2247.33,0.0,16093.51,7.0,5,0,0,21,9,1,8.0,7.5,5.6,5.4,5.6,6.3,5.6,0.2,-0.7
CP008,Accessories,Modano,Women,9,5,6.4,2084.92,0.0,13535.99,6.2,4,0,0,5,8,0,0.0,0.0,7.0,6.3,5.93,6.2,5.2,0.7,-0.27
CP008,Accessories,Modano,Women,10,5,8.2,2354.05,0.0,19031.46,8.0,5,1,0,0,9,0,0.0,0.0,6.4,6.7,6.33,6.23,6.4,-0.3,0.1
CP008,Accessories,Modano,Women,11,5,9.0,2133.38,0.0,20295.52,8.4,5,0,0,0,9,1,14.0,14.0,8.2,7.3,7.2,6.4,7.2,0.9,0.8
CP008,Accessories,Modano,Women,12,5,11.4,2195.61,0.44,26601.02,8.8,4,1,6,0,9,4,29.0,23.2,9.0,8.6,7.87,6.9,8.6,0.4,0.97
CP008,Footwear,Emerald,Kids,1,5,38.8,7716.62,0.0,324901.67,30.2,13,0,0,10,9,3,15.0,13.0,35.8,33.3,31.93,31.63,33.6,2.5,0.3
CP008,Footwear,Emerald,Kids,2,5,35.0,7953.73,0.0,286262.17,27.2,12,1,0,0,8,0,0.0,0.0,38.8,32.9,32.2,30.8,26.4,5.9,1.4
CP008,Footwear,Emerald,Kids,3,5,35.0,8004.61,0.0,292383.67,28.4,13,0,0,0,9,0,0.0,0.0,35.0,36.9,31.07,30.73,28.8,-1.9,0.33
CP008,Footwear,Emerald,Kids,4,5,41.0,7982.84,0.24,346685.22,31.2,13,2,9,0,9,4,23.0,18.25,35.0,35.0,36.27,30.07,31.8,0.0,6.2
CP008,Footwear,Emerald,Kids,5,5,35.0,7631.15,0.0,283223.46,30.0,14,2,1,0,9,2,15.0,13.0,41.0,38.0,37.0,31.0,28.6,3.0,6.0
CP008,Footwear,Emerald,Kids,6,5,27.8,7822.82,0.0,232413.22,23.2,12,1,0,0,9,0,0.0,0.0,35.0,38.0,37.0,30.5,24.4,-3.0,6.5
CP008,Footwear,Emerald,Kids,7,5,39.8,7908.43,0.1,319340.26,32.0,13,0,0,0,9,4,18.0,14.33,27.8,31.4,34.6,35.43,35.0,-3.6,-0.83
CP008,Footwear,Emerald,Kids,8,5,36.2,7417.49,0.0,285917.62,27.0,12,0,0,21,9,2,14.0,12.83,39.8,33.8,34.2,35.6,27.8,6.0,-1.4
CP008,Footwear,Emerald,Kids,9,5,43.2,7493.33,0.0,333164.07,34.4,14,0,0,5,8,0,0.0,0.0,36.2,38.0,34.6,35.8,31.2,-1.8,-1.2
CP008,Footwear,Emerald,Kids,10,5,35.8,7782.17,0.0,292381.26,29.2,11,1,0,0,9,0,0.0,0.0,43.2,39.7,39.73,37.17,29.2,3.5,2.57
CP008,Footwear,Emerald,Kids,11,5,40.6,7033.48,0.0,306066.35,32.4,14,0,0,0,9,1,23.0,23.0,35.8,39.5,38.4,36.3,30.8,-3.7,2.1
CP008,Footwear,Emerald,Kids,12,5,43.2,7439.29,0.0,341255.09,34.2,15,1,6,0,9,7,30.0,22.81,40.6,38.2,39.87,37.23,35.8,2.4,2.63
CP008,Footwear,Emerald,Men,1,5,9.6,5913.38,0.0,41023.26,7.8,4,0,0,10,9,1,8.0,7.2,11.2,11.0,10.93,9.4,8.6,0.2,1.53
CP008,Footwear,Emerald,Men,2,5,11.4,6138.32,0.0,45586.43,9.0,5,1,0,0,8,0,0.0,0.0,9.6,9.2,9.73,9.4,8.0,0.4,0.33
CP008,Footwear,Emerald,Men,3,5,13.6,5267.37,0.0,54270.4,10.4,5,0,0,0,9,0,0.0,0.0,11.4,10.5,8.87,9.43,11.0,0.9,-0.57
CP008,Footwear,Emerald,Men,4,5,9.4,5675.81,0.0,40475.85,7.4,4,2,9,0,9,2,12.0,9.25,13.6,12.5,11.53,9.47,5.6,1.1,2.07
CP008,Footwear,Emerald,Men,5,5,13.8,5414.51,0.14,57222.63,12.2,4,2,1,0,9,1,7.0,6.5,9.4,11.5,11.47,9.07,11.2,-2.1,2.4
CP008,Footwear,Emerald,Men,6,5,7.4,5954.28,0.0,34539.62,6.2,4,1,0,0,9,0,0.0,0.0,13.8,11.6,12.27,9.4,4.8,2.2,2.87
CP008,Footwear,Emerald,Men,7,5,8.8,5971.13,0.0,42697.7,8.0,4,0,0,0,9,1,12.0,12.0,7.4,10.6,10.2,10.87,7.2,-3.2,-0.67
CP008,Footwear,Emerald,Men,8,5,9.6,4862.22,0.0,34696.78,8.6,4,0,0,21,9,1,10.0,8.67,8.8,8.1,10.0,10.73,8.0,0.7,-0.73
CP008,Footwear,Emerald,Men,9,5,10.0,6153.18,0.0,49294.38,8.2,5,0,0,5,8,0,0.0,0.0,9.6,9.2,8.6,10.43,8.4,0.4,-1.83
CP008,Footwear,Emerald,Men,10,5,12.6,6076.96,0.0,60264.49,10.6,5,1,0,0,9,0,0.0,0.0,10.0,9.8,9.47,9.83,10.8,0.2,-0.37
CP008,Footwear,Emerald,Men,11,5,12.4,5726.85,0.0,55325.19,10.0,4,0,0,0,9,1,17.0,16.0,12.6,11.3,10.73,10.37,10.8,1.3,0.37
CP008,Footwear,Emerald,Men,12,5,13.8,5667.35,0.0,58032.74,11.0,5,1,6,0,9,2,25.0,22.17,12.4,12.5,11.67,10.13,11.2,-0.1,1.53
CP008,Footwear,Emerald,Unisex,1,5,11.4,6213.64,0.0,73383.26,8.8,5,0,0,10,9,1,14.0,13.5,11.8,11.0,11.07,9.97,9.4,0.8,1.1
CP008,Footwear,Emerald,Unisex,2,5,12.4,6303.46,0.0,85126.5,9.4,4,1,0,0,8,0,0.0,0.0,11.4,10.7,10.53,10.1,10.4,0.7,0.43
CP008,Footwear,Emerald,Unisex,3,5,11.8,7449.38,0.0,91225.74,8.8,4,0,0,0,9,0,0.0,0.0,12.4,11.9,10.73,10.57,8.2,0.5,0.17
CP008,Footwear,Emerald,Unisex,4,5,14.6,6211.43,0.0,95573.17,11.0,5,2,9,0,9,1,13.0,13.0,11.8,12.1,11.87,10.37,11.0,-0.3,1.5
CP008,Footwear,Emerald,Unisex,5,5,11.6,5990.32,0.0,73693.83,8.8,5,2,1,0,9,1,9.0,7.83,14.6,13.2,12.93,10.27,10.0,1.4,2.67
CP008,Footwear,Emerald,Unisex,6,5,13.0,7017.42,0.0,98637.86,9.6,5,1,0,0,9,0,0.0,0.0,11.6,13.1,12.67,10.2,11.6,-1.5,2.47
CP008,Footwear,Emerald,Unisex,7,5,10.6,7150.6,0.0,76476.03,8.6,4,0,0,0,9,1,7.0,6.5,13.0,12.3,13.07,12.47,8.8,0.7,0.6
CP008,Footwear,Emerald,Unisex,8,5,10.8,7537.72,0.0,80513.7,9.0,4,0,0,21,9,1,6.0,6.0,10.6,11.8,11.73,12.33,8.0,-1.2,-0.6
CP008,Footwear,Emerald,Unisex,9,5,12.6,6747.46,0.0,92063.52,10.0,6,0,0,5,8,0,0.0,0.0,10.8,10.7,11.47,12.07,9.8,0.1,-0.6
CP008,Footwear,Emerald,Unisex,10,5,14.2,6433.22,0.0,92652.64,10.8,4,1,0,0,9,0,0.0,0.0,12.6,11.7,11.33,12.2,11.2,0.9,-0.87
CP008,Footwear,Emerald,Unisex,11,5,13.4,6255.07,0.0,90936.62,10.4,5,0,0,0,9,0,10.0,10.0,14.2,13.4,12.53,12.13,10.2,0.8,0.4
CP008,Footwear,Emerald,Unisex,12,5,14.4,6764.69,0.0,98902.31,11.0,5,1,6,0,9,2,26.0,24.0,13.4,13.8,13.4,12.43,11.8,-0.4,0.97
CP008,Footwear,Emerald,Women,1,5,27.2,7703.06,0.0,210468.88,21.2,8,0,0,10,9,3,14.0,13.17,23.2,24.4,25.2,21.17,22.6,-1.2,4.03
CP008,Footwear,Emerald,Women,2,5,23.2,7499.15,0.0,168226.64,18.6,7,1,0,0,8,0,0.0,0.0,27.2,23.4,24.13,21.77,17.4,3.8,2.37
CP008,Footwear,Emerald,Women,3,5,25.2,7810.62,0.0,196582.13,18.8,6,0,0,0,9,0,0.0,0.0,23.2,25.2,22.53,22.43,20.4,-2.0,0.1
CP008,Footwear,Emerald,Women,4,5,32.6,7029.51,0.0,222632.01,27.4,8,2,9,0,9,1,18.0,17.0,25.2,24.2,25.2,23.33,25.0,1.0,1.87
CP008,Footwear,Emerald,Women,5,5,32.4,7270.21,0.0,225649.97,25.4,8,2,1,0,9,2,14.0,12.5,32.6,28.9,27.0,23.27,26.8,3.7,3.73
CP008,Footwear,Emerald,Women,6,5,27.6,7241.52,0.0,189931.14,22.0,8,1,0,0,9,0,0.0,0.0,32.4,32.5,30.07,22.8,21.2,-0.1,7.27
CP008,Footwear,Emerald,Women,7,5,26.4,7278.75,0.0,195869.39,19.6,8,0,0,0,9,2,18.0,16.17,27.6,30.0,30.87,28.03,20.0,-2.4,2.83
CP008,Footwear,Emerald,Women,8,5,20.4,7796.3,0.0,161334.9,14.6,6,0,0,21,9,1,12.0,11.0,26.4,27.0,28.8,27.9,16.8,-0.6,0.9
CP008,Footwear,Emerald,Women,9,5,18.8,7104.76,0.0,131081.97,15.0,7,0,0,5,8,0,0.0,0.0,20.4,23.4,24.8,27.43,14.6,-3.0,-2.63
CP008,Footwear,Emerald,Women,10,5,30.8,7200.94,0.0,221906.28,23.4,7,1,0,0,9,0,0.0,0.0,18.8,19.6,21.87,26.37,26.8,-0.8,-4.5
CP008,Footwear,Emerald,Women,11,5,30.2,7190.8,0.0,224837.27,24.4,7,0,0,0,9,1,22.0,21.33,30.8,24.8,23.33,26.07,25.6,6.0,-2.73
CP008,Footwear,Emerald,Women,12,5,29.4,7534.62,0.0,222849.72,23.8,7,1,6,0,9,3,29.0,25.25,30.2,30.5,26.6,25.7,23.2,-0.3,0.9
CP008,Footwear,Hustle,Kids,1,5,15.0,6792.82,0.33,92177.91,13.4,6,0,0,10,9,3,14.0,12.15,16.6,16.6,14.73,13.8,11.6,0.0,0.93
CP008,Footwear,Hustle,Kids,2,5,15.8,6226.52,0.0,93010.47,13.8,6,1,0,0,8,0,0.0,0.0,15.0,13.9,14.8,13.1,11.4,1.1,1.7
CP008,Footwear,Hustle,Kids,3,5,16.6,7587.59,0.0,111612.61,13.6,7,0,0,0,9,0,0.0,0.0,15.8,15.4,13.8,13.13,14.0,0.4,0.67
CP008,Footwear,Hustle,Kids,4,5,17.2,6564.33,0.0,101369.06,14.4,7,2,9,0,9,1,16.0,15.33,16.6,16.2,15.8,13.97,13.2,0.4,1.83
CP008,Footwear,Hustle,Kids,5,5,14.4,7828.06,0.0,94527.24,12.4,7,2,1,0,9,1,8.0,6.83,17.2,16.9,16.53,14.47,12.6,0.3,2.07
CP008,Footwear,Hustle,Kids,6,5,16.2,6719.29,0.0,98934.5,13.0,7,1,0,0,9,0,0.0,0.0,14.4,15.8,16.07,13.7,13.4,-1.4,2.37
CP008,Footwear,Hustle,Kids,7,5,18.8,7051.75,0.0,123291.93,16.8,8,0,0,0,9,2,15.0,13.0,16.2,15.3,15.93,15.87,15.4,0.9,0.07
CP008,Footwear,Hustle,Kids,8,5,17.2,6350.81,0.0,96603.86,12.8,6,0,0,21,9,2,11.0,8.67,18.8,17.5,16.47,16.5,13.4,1.3,-0.03
CP008,Footwear,Hustle,Kids,9,5,11.6,7499.38,0.0,76846.95,10.2,6,0,0,5,8,0,0.0,0.0,17.2,18.0,17.4,16.73,9.8,-0.8,0.67
CP008,Footwear,Hustle,Kids,10,5,13.4,7219.35,0.0,92945.22,12.2,7,1,0,0,9,0,0.0,0.0,11.6,14.4,15.87,15.9,11.0,-2.8,-0.03
CP008,Footwear,Hustle,Kids,11,5,20.0,6832.11,0.0,117871.61,17.4,8,0,0,0,9,2,21.0,19.33,13.4,12.5,14.07,15.27,16.6,0.9,-1.2
CP008,Footwear,Hustle,Kids,12,5,22.4,6562.13,0.42,137656.21,17.2,7,1,6,0,9,4,28.0,23.17,20.0,16.7,15.0,16.2,16.6,3.3,-1.2
CP008,Footwear,Hustle,Men,1,5,18.6,5084.83,0.0,88867.29,15.0,8,0,0,10,9,2,12.0,10.17,20.8,17.6,15.53,16.4,15.6,3.2,-0.87
CP008,Footwear,Hustle,Men,2,5,19.2,5001.44,0.0,89844.57,15.6,8,1,0,0,8,0,0.0,0.0,18.6,17.1,16.2,15.93,15.2,1.5,0.27
CP008,Footwear,Hustle,Men,3,5,14.6,5086.97,0.0,70798.44,12.0,6,0,0,0,9,0,0.0,0.0,19.2,18.9,16.2,15.53,10.6,0.3,0.67
CP008,Footwear,Hustle,Men,4,5,22.6,5227.45,0.0,115704.91,18.0,8,2,9,0,9,3,18.0,13.7,14.6,16.9,17.47,14.07,19.4,-2.3,3.4
CP008,Footwear,Hustle,Men,5,5,18.8,5290.55,0.0,91846.17,15.4,9,2,1,0,9,2,9.0,7.73,22.6,18.6,18.8,15.37,16.4,4.0,3.43
CP008,Footwear,Hustle,Men,6,5,17.4,5454.43,0.0,90617.17,13.8,8,1,0,0,9,0,0.0,0.0,18.8,20.7,18.67,15.47,13.0,-1.9,3.2
CP008,Footwear,Hustle,Men,7,5,18.6,5269.29,0.0,93300.13,16.0,8,0,0,0,9,3,13.0,11.64,17.4,18.1,19.6,18.53,16.2,-0.7,1.07
CP008,Footwear,Hustle,Men,8,5,20.8,5105.62,0.0,97743.79,17.4,8,0,0,21,9,1,8.0,7.25,18.6,18.0,18.27,18.53,16.8,0.6,-0.27
CP008,Footwear,Hustle,Men,9,5,22.0,4998.58,0.0,99667.31,17.6,9,0,0,5,8,0,0.0,0.0,20.8,19.7,18.93,18.8,18.8,1.1,0.13
CP008,Footwear,Hustle,Men,10,5,16.2,5592.29,0.0,83343.84,13.6,8,1,0,0,9,0,0.0,0.0,22.0,21.4,20.47,20.03,11.4,0.6,0.43
CP008,Footwear,Hustle,Men,11,5,17.8,5649.74,0.0,92655.12,15.2,8,0,0,0,9,1,18.0,18.0,16.2,19.1,19.67,18.97,14.4,-2.9,0.7
CP008,Footwear,Hustle,Men,12,5,24.4,5966.3,0.65,141163.33,20.2,8,1,6,0,9,3,28.0,24.33,17.8,17.0,18.67,18.8,20.8,0.8,-0.13
CP008,Footwear,Hustle,Unisex,1,4,4.75,4166.82,0.31,21998.96,4.5,2,0,0,10,9,1,5.0,5.0,4.75,4.12,3.5,3.54,3.0,0.62,-0.04
CP008,Footwear,Hustle,Unisex,2,5,3.4,5831.07,0.0,22250.51,3.2,2,1,0,0,8,0,0.0,0.0,4.8,4.5,4.13,3.77,2.4,0.3,0.37
CP008,Footwear,Hustle,Unisex,3,4,2.5,5675.12,0.0,13701.1,2.5,2,0,0,0,9,0,0.0,0.0,3.25,4.0,3.58,3.25,2.0,-0.75,0.33
CP008,Footwear,Hustle,Unisex,4,5,2.2,6552.58,0.0,14182.56,1.8,2,2,9,0,9,0,6.0,6.0,2.8,3.2,3.8,3.4,1.6,-0.4,0.4
CP008,Footwear,Hustle,Unisex,5,5,5.0,6798.58,0.0,33887.4,5.0,3,2,1,0,9,0,0.0,0.0,2.2,2.5,2.87,3.27,2.8,-0.3,-0.4
CP008,Footwear,Hustle,Unisex,6,5,3.2,6206.83,0.0,19806.29,3.0,2,1,0,0,9,0,0.0,0.0,5.0,3.6,3.33,3.2,2.8,1.4,0.13
CP008,Footwear,Hustle,Unisex,7,5,4.8,5359.75,0.0,26471.81,4.8,3,0,0,0,9,1,11.0,10.5,3.2,4.1,3.47,3.63,4.2,-0.9,-0.17
CP008,Footwear,Hustle,Unisex,8,5,5.4,5706.36,0.0,30694.54,5.2,3,0,0,21,9,0,3.0,3.0,4.8,4.0,4.33,3.6,3.6,0.8,0.73
CP008,Footwear,Hustle,Unisex,9,5,4.4,6936.61,0.0,29264.72,4.4,3,0,0,5,8,0,0.0,0.0,5.4,5.1,4.47,3.9,3.4,0.3,0.57
CP008,Footwear,Hustle,Unisex,10,5,3.4,4279.65,0.0,16819.37,3.2,2,1,0,0,9,0,0.0,0.0,4.4,4.9,4.87,4.17,2.2,-0.5,0.7
CP008,Footwear,Hustle,Unisex,11,5,4.4,5794.18,0.67,27358.22,4.4,3,0,0,0,9,1,11.0,9.5,3.4,3.9,4.4,4.37,4.2,-0.5,0.03
CP008,Footwear,Hustle,Unisex,12,5,7.0,5925.95,1.0,50823.98,5.8,3,1,6,0,9,1,16.0,15.0,4.4,3.9,4.07,4.27,4.4,0.5,-0.2
CP008,Footwear,Hustle,Women,1,5,17.2,4869.33,0.0,80681.5,13.6,4,0,0,10,9,1,11.0,11.0,11.2,11.5,11.4,10.33,12.6,-0.3,1.07
CP008,Footwear,Hustle,Women,2,5,15.0,5656.44,0.0,77445.93,12.0,4,1,0,0,8,0,0.0,0.0,17.2,12.6,12.33,11.13,11.2,4.6,1.2
CP008,Footwear,Hustle,Women,3,5,17.8,5384.52,0.0,87241.15,14.6,5,0,0,0,9,0,0.0,0.0,15.0,16.1,12.93,11.6,12.4,-1.1,1.33
CP008,Footwear,Hustle,Women,4,5,9.4,6420.01,0.0,57440.4,7.4,4,2,9,0,9,1,15.0,14.0,17.8,16.4,16.67,12.67,7.2,1.4,4.0
CP008,Footwear,Hustle,Women,5,5,13.0,6150.14,0.0,72605.3,10.0,5,2,1,0,9,1,11.0,11.0,9.4,13.6,14.07,12.27,9.8,-4.2,1.8
CP008,Footwear,Hustle,Women,6,5,10.8,6520.47,0.0,62321.29,9.2,4,1,0,0,9,0,0.0,0.0,13.0,11.2,13.4,12.0,7.6,1.8,1.4
CP008,Footwear,Hustle,Women,7,5,14.8,5829.88,0.0,79042.43,12.8,5,0,0,0,9,1,15.0,15.0,10.8,11.9,11.07,13.87,9.2,-1.1,-2.8
CP008,Footwear,Hustle,Women,8,5,12.8,6562.32,0.0,76595.7,10.4,4,0,0,21,9,1,10.0,9.0,14.8,12.8,12.87,13.47,10.8,2.0,-0.6
CP008,Footwear,Hustle,Women,9,5,8.8,5537.35,0.0,45505.39,6.8,4,0,0,5,8,0,0.0,0.0,12.8,13.8,12.8,13.1,7.8,-1.0,-0.3
CP008,Footwear,Hustle,Women,10,5,12.8,5074.1,0.0,59972.89,10.6,5,1,0,0,9,0,0.0,0.0,8.8,10.8,12.13,11.6,11.2,-2.0,0.53
CP008,Footwear,Hustle,Women,11,5,13.8,6009.91,0.42,79862.01,11.4,4,0,0,0,9,1,19.0,17.5,12.8,10.8,11.47,12.17,11.8,2.0,-0.7
CP008,Footwear,Hustle,Women,12,5,12.2,5781.45,0.0,59862.57,10.4,4,1,6,0,9,3,24.0,20.1,13.8,13.3,11.8,12.3,11.2,0.5,-0.5
CP008,Footwear,King Street,Kids,1,5,13.4,6184.95,0.23,85833.25,12.0,7,0,0,10,9,2,14.0,13.17,13.0,11.4,12.27,11.33,9.8,1.6,0.93
CP008,Footwear,King Street,Kids,2,5,15.4,5946.42,0.0,97034.69,14.4,8,1,0,0,8,0,0.0,0.0,13.4,12.5,11.6,11.6,12.0,0.9,0.0
CP008,Footwear,King Street,Kids,3,5,13.6,7208.86,0.0,104168.49,12.2,7,0,0,0,9,0,0.0,0.0,15.4,14.4,12.4,11.93,12.6,1.0,0.47
CP008,Footwear,King Street,Kids,4,5,16.2,5161.32,0.44,103142.51,12.6,7,2,9,0,9,3,23.0,20.0,13.6,14.5,14.13,12.2,14.6,-0.9,1.93
CP008,Footwear,King Street,Kids,5,5,17.8,5985.1,0.0,119822.64,15.8,8,2,1,0,9,1,6.0,6.0,16.2,14.9,15.07,12.0,15.0,1.3,3.07
CP008,Footwear,King Street,Kids,6,5,13.8,6111.9,0.0,96916.01,12.0,7,1,0,0,9,0,0.0,0.0,17.8,17.0,15.87,12.53,11.8,0.8,3.33
CP008,Footwear,King Street,Kids,7,5,12.8,6382.45,0.12,86163.81,11.6,7,0,0,0,9,2,17.0,15.67,13.8,15.8,15.93,15.03,10.4,-2.0,0.9
CP008,Footwear,King Street,Kids,8,5,13.6,5268.34,0.17,71210.12,12.4,7,0,0,21,9,3,16.0,13.83,12.8,13.3,14.8,14.93,10.2,-0.5,-0.13
CP008,Footwear,King Street,Kids,9,5,12.8,5817.43,0.0,74679.73,12.0,6,0,0,5,8,0,0.0,0.0,13.6,13.2,13.4,14.63,10.6,0.4,-1.23
CP008,Footwear,King Street,Kids,10,5,17.4,5796.31,0.0,113354.68,15.4,8,1,0,0,9,0,0.0,0.0,12.8,13.2,13.07,14.5,14.0,-0.4,-1.43
CP008,Footwear,King Street,Kids,11,5,12.4,6157.81,0.0,77989.7,10.8,8,0,0,0,9,1,17.0,17.0,17.4,15.1,14.6,14.7,9.8,2.3,-0.1
CP008,Footwear,King Street,Kids,12,5,18.2,5085.65,0.0,111228.01,15.6,7,1,6,0,9,3,28.0,23.17,12.4,14.9,14.2,13.8,13.0,-2.5,0.4
CP008,Footwear,King Street,Men,1,5,9.2,6791.65,0.0,62107.62,8.4,4,0,0,10,9,1,12.0,11.33,5.6,7.7,6.8,6.47,6.8,-2.1,0.33
CP008,Footwear,King Street,Men,2,5,8.2,7065.4,0.0,53855.34,7.2,3,1,0,0,8,0,0.0,0.0,9.2,6.4,7.53,6.77,5.2,2.8,0.77
CP008,Footwear,King Street,Men,3,5,5.8,7536.11,0.0,42113.63,5.0,3,0,0,0,9,0,0.0,0.0,8.2,8.7,6.53,6.7,5.4,-0.5,-0.17
CP008,Footwear,King Street,Men,4,5,8.2,6526.82,0.0,53536.66,7.2,4,2,9,0,9,1,12.0,11.5,5.8,7.0,7.73,6.53,6.4,-1.2,1.2
CP008,Footwear,King Street,Men,5,5,8.4,6556.05,0.0,53820.56,7.6,4,2,1,0,9,1,6.0,5.0,8.2,7.0,7.4,6.73,6.8,1.2,0.67
CP008,Footwear,King Street,Men,6,5,8.4,6797.89,0.0,55207.5,7.4,4,1,0,0,9,0,0.0,0.0,8.4,8.3,7.47,6.03,7.4,0.1,1.43
CP008,Footwear,King Street,Men,7,5,7.0,7285.22,0.0,48578.08,6.2,3,0,0,0,9,1,12.0,11.0,8.4,8.4,8.33,8.03,5.4,0.0,0.3
CP008,Footwear,King Street,Men,8,5,8.8,6536.71,0.0,56621.79,7.8,4,0,0,21,9,1,10.0,10.0,7.0,7.7,7.93,7.67,7.2,-0.7,0.27
CP008,Footwear,King Street,Men,9,5,8.0,6727.4,0.0,52672.91,6.8,3,0,0,5,8,0,0.0,0.0,8.8,7.9,8.07,7.77,5.8,0.9,0.3
CP008,Footwear,King Street,Men,10,5,6.2,6696.59,0.0,40347.06,5.4,3,1,0,0,9,0,0.0,0.0,8.0,8.4,7.93,8.13,5.0,-0.4,-0.2
CP008,Footwear,King Street,Men,11,5,10.8,6538.76,0.0,69605.54,9.6,5,0,0,0,9,1,11.0,10.33,6.2,7.1,7.67,7.8,9.8,-0.9,-0.13
CP008,Footwear,King Street,Men,12,5,6.0,6334.82,0.38,36767.54,5.6,3,1,6,0,9,1,12.0,10.33,10.8,8.5,8.33,8.2,5.6,2.3,0.13
CP008,Footwear,King Street,Unisex,1,5,4.6,8191.28,0.0,37735.74,4.6,3,0,0,10,9,0,3.0,2.5,5.0,4.5,3.87,3.7,5.6,0.5,0.17
CP008,Footwear,King Street,Unisex,2,4,4.5,7874.81,0.0,35790.76,4.5,2,1,0,0,8,0,0.0,0.0,4.75,4.0,3.75,3.21,2.5,0.75,0.54
CP008,Footwear,King Street,Unisex,3,5,4.4,7912.21,0.0,33225.87,4.4,3,0,0,0,9,0,0.0,0.0,4.4,4.6,4.2,3.53,4.8,-0.2,0.67
CP008,Footwear,King Street,Unisex,4,5,5.4,7814.86,0.33,41641.61,5.4,3,2,9,0,9,1,12.0,10.0,4.4,4.4,4.53,3.43,4.2,0.0,1.1
CP008,Footwear,King Street,Unisex,5,5,4.0,7942.78,0.0,32342.28,4.0,3,2,1,0,9,0,4.0,4.0,5.4,4.9,4.73,3.7,3.8,0.5,1.03
CP008,Footwear,King Street,Unisex,6,5,4.4,6637.43,0.0,29753.88,4.4,3,1,0,0,9,0,0.0,0.0,4.0,4.7,4.6,3.73,2.6,-0.7,0.87
CP008,Footwear,King Street,Unisex,7,5,4.2,7456.8,0.0,30835.56,4.2,2,0,0,0,9,0,8.0,8.0,4.4,4.2,4.6,4.57,4.8,0.2,0.03
CP008,Footwear,King Street,Unisex,8,5,4.4,6604.64,0.0,30333.77,4.4,2,0,0,21,9,1,11.0,11.0,4.2,4.3,4.2,4.47,3.4,-0.1,-0.27
CP008,Footwear,King Street,Unisex,9,4,2.75,8736.5,0.0,23441.38,2.75,2,0,0,5,8,0,0.0,0.0,4.5,4.62,4.33,4.5,3.5,-0.12,-0.17
CP008,Footwear,King Street,Unisex,10,5,3.2,7326.16,0.0,25415.95,3.2,2,1,0,0,9,0,0.0,0.0,3.0,3.5,4.07,4.2,2.2,-0.5,-0.13
CP008,Footwear,King Street,Unisex,11,5,4.4,7918.94,0.0,35859.31,4.4,3,0,0,0,9,0,6.0,6.0,3.2,3.1,3.4,3.93,2.8,0.1,-0.53
CP008,Footwear,King Street,Unisex,12,5,5.6,7751.29,0.0,46687.96,5.2,3,1,6,0,9,1,12.0,11.5,4.4,3.8,3.53,3.93,3.8,0.6,-0.4
CP008,Footwear,King Street,Women,1,5,7.6,4887.15,0.0,39421.17,6.6,3,0,0,10,9,1,9.0,8.5,10.4,9.1,7.6,7.77,8.0,1.3,-0.17
CP008,Footwear,King Street,Women,2,5,7.8,5364.69,0.0,42759.58,6.4,3,1,0,0,8,0,0.0,0.0,7.6,8.4,8.2,6.93,7.2,-0.8,1.27
CP008,Footwear,King Street,Women,3,5,10.4,5475.0,0.0,55404.07,8.6,4,0,0,0,9,0,0.0,0.0,7.8,7.7,7.53,6.73,7.2,0.1,0.8
CP008,Footwear,King Street,Women,4,5,11.0,5905.19,0.0,59836.7,8.6,4,2,9,0,9,2,18.0,13.67,10.4,9.1,8.6,7.17,10.0,1.3,1.43
CP008,Footwear,King Street,Women,5,5,9.2,5665.24,0.0,49861.48,7.6,4,2,1,0,9,1,8.0,8.0,11.0,10.7,9.73,7.6,8.6,0.3,2.13
CP008,Footwear,King Street,Women,6,4,8.75,5208.38,0.0,47425.71,8.0,4,1,0,0,8,0,0.0,0.0,10.0,10.75,10.5,7.04,6.25,-0.75,3.46
CP008,Footwear,King Street,Women,7,5,14.0,5484.58,0.33,74833.01,11.4,4,0,0,0,9,1,10.0,10.0,8.2,9.0,9.87,9.43,11.2,-0.8,0.43
CP008,Footwear,King Street,Women,8,5,8.6,5310.55,0.0,45149.05,7.6,4,0,0,21,9,0,7.0,7.0,14.0,11.1,10.67,10.13,7.6,2.9,0.53
CP008,Footwear,King Street,Women,9,5,7.0,4991.27,0.0,36226.37,6.0,3,0,0,5,8,0,0.0,0.0,8.6,11.3,10.27,10.17,5.2,-2.7,0.1
CP008,Footwear,King Street,Women,10,5,5.6,4567.4,0.0,25464.37,5.0,3,1,0,0,9,0,0.0,0.0,7.0,7.8,9.87,9.87,4.8,-0.8,0.0
CP008,Footwear,King Street,Women,11,5,10.0,4928.15,0.0,48803.99,8.8,5,0,0,0,9,1,16.0,15.0,5.6,6.3,7.07,8.87,7.6,-0.7,-1.8
CP008,Footwear,King Street,Women,12,5,13.4,5185.82,0.43,65997.78,10.6,4,1,6,0,9,2,19.0,16.5,10.0,7.8,7.53,8.9,8.6,2.2,-1.37
CP008,Footwear,Libera,Kids,1,5,6.2,6662.52,0.0,46714.75,5.2,3,0,0,10,9,1,8.0,7.17,7.8,6.1,5.47,4.47,3.0,1.7,1.0
CP008,Footwear,Libera,Kids,2,5,5.6,8178.26,0.0,45366.61,5.4,4,1,0,0,8,0,0.0,0.0,6.2,6.1,5.53,4.53,5.0,0.1,1.0
CP008,Footwear,Libera,Kids,3,5,4.0,7990.87,0.0,33224.6,3.8,3,0,0,0,9,0,0.0,0.0,5.6,5.9,5.47,4.83,4.2,-0.3,0.63
CP008,Footwear,Libera,Kids,4,5,6.4,7233.63,0.0,44545.77,5.6,3,2,9,0,9,2,21.0,19.5,4.0,4.8,5.27,4.7,5.0,-0.8,0.57
CP008,Footwear,Libera,Kids,5,5,4.2,7318.41,0.38,29922.47,4.2,3,2,1,0,9,1,9.0,9.0,6.4,5.2,5.33,4.87,3.2,1.2,0.47
CP008,Footwear,Libera,Kids,6,5,5.4,8493.08,0.0,46767.55,5.0,3,1,0,0,9,0,0.0,0.0,4.2,5.3,4.87,4.57,5.4,-1.1,0.3
CP008,Footwear,Libera,Kids,7,5,5.0,8216.66,0.0,39484.49,5.0,3,0,0,0,9,1,10.0,10.0,5.4,4.8,5.33,5.3,4.0,0.6,0.03
CP008,Footwear,Libera,Kids,8,5,4.0,6008.7,0.0,25075.31,4.0,3,0,0,21,9,0,4.0,4.0,5.0,5.2,4.87,5.1,2.4,-0.2,-0.23
CP008,Footwear,Libera,Kids,9,4,4.75,6250.28,0.0,33620.85,4.5,3,0,0,5,8,0,0.0,0.0,4.0,4.62,5.08,4.83,5.0,-0.62,0.25
CP008,Footwear,Libera,Kids,10,5,4.8,7405.45,0.0,35661.73,4.8,3,1,0,0,9,0,0.0,0.0,4.6,4.3,4.47,4.93,4.2,0.3,-0.47
CP008,Footwear,Libera,Kids,11,5,4.6,7601.04,0.0,34816.07,4.6,3,0,0,0,9,0,10.0,10.0,4.8,4.7,4.47,4.73,4.4,0.1,-0.27
CP008,Footwear,Libera,Kids,12,5,9.0,6476.58,0.0,57855.76,7.0,3,1,6,0,9,2,19.0,16.53,4.6,4.7,4.67,4.87,7.8,-0.1,-0.2
CP008,Footwear,Libera,Men,1,5,6.8,7110.23,0.0,44390.31,5.0,2,0,0,10,9,0,5.0,5.0,6.6,6.6,6.53,6.2,6.2,0.0,0.33
CP008,Footwear,Libera,Men,2,5,8.0,7701.51,0.0,62636.66,6.2,2,1,0,0,8,0,0.0,0.0,6.8,6.3,6.4,6.33,6.0,0.5,0.07
CP008,Footwear,Libera,Men,3,5,9.0,6897.37,0.0,56494.9,6.6,3,0,0,0,9,0,0.0,0.0,8.0,7.4,6.4,6.23,7.2,0.6,0.17
CP008,Footwear,Libera,Men,4,5,6.4,7214.96,0.0,45767.16,4.8,2,2,9,0,9,1,19.0,17.33,9.0,8.5,7.93,6.73,5.0,0.5,1.2
CP008,Footwear,Libera,Men,5,5,7.6,8014.71,0.0,54409.6,6.2,3,2,1,0,9,0,0.0,0.0,6.4,7.7,7.8,6.53,6.4,-1.3,1.27
CP008,Footwear,Libera,Men,6,5,8.6,6689.21,0.0,57688.4,7.0,3,1,0,0,9,0,0.0,0.0,7.6,7.0,7.67,6.63,7.8,0.6,1.03
CP008,Footwear,Libera,Men,7,5,7.4,7147.89,0.0,47868.25,5.8,3,0,0,0,9,0,8.0,8.0,8.6,8.1,7.53,7.73,5.2,0.5,-0.2
CP008,Footwear,Libera,Men,8,5,6.6,6516.73,0.0,44978.12,5.4,2,0,0,21,9,0,7.0,7.0,7.4,8.0,7.87,7.83,7.2,-0.6,0.03
CP008,Footwear,Libera,Men,9,4,6.0,8313.94,0.0,46465.66,4.5,3,0,0,5,8,0,0.0,0.0,6.25,6.25,7.25,7.12,3.75,0.0,0.12
CP008,Footwear,Libera,Men,10,5,8.2,7174.9,0.0,51001.97,6.4,2,1,0,0,9,0,0.0,0.0,6.4,6.9,6.67,7.27,8.0,-0.5,-0.6
CP008,Footwear,Libera,Men,11,5,7.8,6019.68,0.0,45900.66,5.8,2,0,0,0,9,0,6.0,5.0,8.2,7.3,7.33,7.5,4.6,0.9,-0.17
CP008,Footwear,Libera,Men,12,5,10.8,7114.34,0.0,73838.75,8.8,3,1,6,0,9,1,20.0,17.5,7.8,8.0,7.47,7.6,7.0,-0.2,-0.13
CP008,Footwear,Libera,Unisex,1,5,6.2,4025.16,0.0,28107.65,5.0,3,0,0,10,9,1,9.0,8.5,4.6,4.5,4.13,3.87,4.2,0.1,0.27
CP008,Footwear,Libera,Unisex,2,5,5.0,3975.24,0.0,21266.86,4.2,3,1,0,0,8,0,0.0,0.0,6.2,4.9,4.73,3.87,4.0,1.3,0.87
CP008,Footwear,Libera,Unisex,3,5,5.2,4004.65,0.0,23976.93,4.4,3,0,0,0,9,0,0.0,0.0,5.0,5.6,4.67,4.1,4.6,-0.6,0.57
CP008,Footwear,Libera,Unisex,4,5,5.0,3728.99,0.0,21202.93,4.4,2,2,9,0,9,0,7.0,7.0,5.2,5.1,5.47,4.37,3.2,0.1,1.1
CP008,Footwear,Libera,Unisex,5,5,4.6,3490.12,0.0,17474.21,4.2,2,2,1,0,9,0,2.0,2.0,5.0,5.1,5.07,4.6,3.0,-0.1,0.47
CP008,Footwear,Libera,Unisex,6,5,4.6,3916.06,0.0,22470.73,3.8,2,1,0,0,9,0,0.0,0.0,4.6,4.8,4.93,4.43,1.8,-0.2,0.5
CP008,Footwear,Libera,Unisex,7,5,7.0,3958.41,0.0,28502.31,6.2,3,0,0,0,9,0,5.0,5.0,4.6,4.6,4.73,5.1,5.2,0.0,-0.37
CP008,Footwear,Libera,Unisex,8,5,3.2,3005.88,0.0,10258.39,3.0,2,0,0,21,9,0,4.0,3.5,7.0,5.8,5.4,5.23,2.8,1.2,0.17
CP008,Footwear,Libera,Unisex,9,5,3.4,3470.5,0.0,13214.55,3.2,2,0,0,5,8,0,0.0,0.0,3.2,5.1,4.93,4.93,2.8,-1.9,0.0
CP008,Footwear,Libera,Unisex,10,5,4.0,3934.86,0.0,17401.17,3.4,2,1,0,0,9,0,0.0,0.0,3.4,3.3,4.53,4.63,3.4,0.1,-0.1
CP008,Footwear,Libera,Unisex,11,5,5.8,3647.79,0.83,22758.42,5.2,3,0,0,0,9,1,16.0,16.0,4.0,3.7,3.53,4.47,4.4,0.3,-0.93
CP008,Footwear,Libera,Unisex,12,5,5.8,4128.9,0.0,28153.02,5.0,2,1,6,0,9,1,7.0,6.33,5.8,4.9,4.4,4.67,4.6,0.9,-0.27
CP008,Footwear,Libera,Women,1,5,6.6,7862.23,0.0,52496.79,5.2,3,0,0,10,9,0,4.0,4.0,8.2,6.6,6.8,6.33,6.4,1.6,0.47
CP008,Footwear,Libera,Women,2,5,7.0,8145.11,0.0,58235.79,5.4,2,1,0,0,8,0,0.0,0.0,6.6,6.8,6.2,6.47,2.6,-0.2,-0.27
CP008,Footwear,Libera,Women,3,5,5.2,7723.25,0.0,40635.52,4.2,2,0,0,0,9,0,0.0,0.0,7.0,6.8,6.73,6.33,7.4,0.2,0.4
CP008,Footwear,Libera,Women,4,5,10.2,6877.52,0.0,77067.8,7.6,3,2,9,0,9,1,11.0,10.5,5.2,6.1,6.27,5.9,5.2,-0.9,0.37
CP008,Footwear,Libera,Women,5,5,9.6,7752.54,0.0,79357.85,7.4,3,2,1,0,9,1,6.0,6.0,10.2,7.7,7.47,6.03,8.0,2.5,1.43
CP008,Footwear,Libera,Women,6,4,7.0,6790.79,0.0,48016.2,5.0,3,1,0,0,8,0,0.0,0.0,8.5,8.75,7.83,5.58,6.5,-0.25,2.25
CP008,Footwear,Libera,Women,7,5,7.4,7537.88,0.0,58188.84,5.8,2,0,0,0,9,1,8.0,8.0,8.4,9.1,8.6,7.67,4.6,-0.7,0.93
CP008,Footwear,Libera,Women,8,5,9.4,7271.2,0.38,71538.72,7.6,3,0,0,21,9,1,7.0,7.0,7.4,7.9,8.53,7.67,6.4,-0.5,0.87
CP008,Footwear,Libera,Women,9,5,7.8,7472.74,0.0,67912.9,5.2,2,0,0,5,8,0,0.0,0.0,9.4,8.4,8.4,8.47,4.8,1.0,-0.07
CP008,Footwear,Libera,Women,10,5,8.4,8169.38,0.0,72601.28,6.8,3,1,0,0,9,0,0.0,0.0,7.8,8.6,8.2,8.4,8.0,-0.8,-0.2
CP008,Footwear,Libera,Women,11,5,7.0,8492.06,0.0,62214.94,5.8,3,0,0,0,9,1,17.0,17.0,8.4,8.1,8.53,8.53,6.0,0.3,0.0
CP008,Footwear,Libera,Women,12,5,10.0,7805.8,0.0,81719.57,7.6,3,1,6,0,9,2,30.0,27.83,7.0,7.7,7.73,8.07,7.4,-0.7,-0.33
CP008,Footwear,Miss Modano,Kids,1,5,12.8,6616.25,0.0,86961.11,9.8,4,0,0,10,9,1,6.0,5.0,9.8,9.0,9.53,10.3,9.4,0.8,-0.77
CP008,Footwear,Miss Modano,Kids,2,5,12.8,6591.42,0.0,85455.7,9.6,5,1,0,0,8,0,0.0,0.0,12.8,10.4,9.67,10.0,9.8,2.4,-0.33
CP008,Footwear,Miss Modano,Kids,3,5,10.0,6599.32,0.0,72242.56,7.8,4,0,0,0,9,0,0.0,0.0,12.8,12.8,10.47,10.1,8.4,0.0,0.37
CP008,Footwear,Miss Modano,Kids,4,5,12.4,6742.93,0.0,88539.77,9.4,5,2,9,0,9,1,9.0,7.17,10.0,11.4,11.87,9.53,11.2,-1.4,2.33
CP008,Footwear,Miss Modano,Kids,5,5,18.8,6833.41,0.12,134404.53,15.4,6,2,1,0,9,1,7.0,7.0,12.4,11.2,11.73,9.3,15.4,1.2,2.43
CP008,Footwear,Miss Modano,Kids,6,5,11.2,6622.44,0.0,76757.08,8.6,5,1,0,0,9,0,0.0,0.0,18.8,15.6,13.73,10.7,7.8,3.2,3.03
CP008,Footwear,Miss Modano,Kids,7,5,14.4,5979.44,0.5,92586.44,11.6,5,0,0,0,9,2,13.0,11.25,11.2,15.0,14.13,13.0,12.8,-3.8,1.13
CP008,Footwear,Miss Modano,Kids,8,5,12.2,6791.53,0.0,84407.68,9.6,5,0,0,21,9,2,15.0,12.5,14.4,12.8,14.8,13.27,10.0,1.6,1.53
CP008,Footwear,Miss Modano,Kids,9,5,13.2,6503.25,0.0,83686.42,11.0,5,0,0,5,8,0,0.0,0.0,12.2,13.3,12.6,13.17,10.4,-1.1,-0.57
CP008,Footwear,Miss Modano,Kids,10,5,12.6,7298.04,0.0,95090.59,10.2,5,1,0,0,9,0,0.0,0.0,13.2,12.7,13.27,13.7,10.6,0.5,-0.43
CP008,Footwear,Miss Modano,Kids,11,5,10.2,7156.22,0.0,70741.78,7.8,5,0,0,0,9,1,15.0,14.17,12.6,12.9,12.67,13.73,8.2,-0.3,-1.07
CP008,Footwear,Miss Modano,Kids,12,5,12.4,6727.43,0.0,85015.89,9.4,4,1,6,0,9,3,22.0,17.9,10.2,11.4,12.0,12.3,9.8,-1.2,-0.3
CP008,Footwear,Miss Modano,Men,1,5,20.8,7054.2,0.0,137200.58,17.0,9,0,0,10,9,2,14.0,13.17,17.2,17.3,16.8,17.1,17.4,-0.1,-0.3
CP008,Footwear,Miss Modano,Men,2,5,26.2,7446.72,0.0,186246.0,22.0,10,1,0,0,8,0,0.0,0.0,20.8,17.3,17.33,16.47,21.6,3.5,0.87
CP008,Footwear,Miss Modano,Men,3,5,23.0,7447.95,0.0,162753.42,19.2,9,0,0,0,9,0,0.0,0.0,26.2,23.5,18.47,17.33,17.0,2.7,1.13
CP008,Footwear,Miss Modano,Men,4,5,28.2,7187.02,0.0,185250.64,22.0,9,2,9,0,9,1,12.0,10.5,23.0,24.6,23.33,17.77,20.6,-1.6,5.57
CP008,Footwear,Miss Modano,Men,5,5,26.6,7558.31,0.1,184872.93,22.2,10,2,1,0,9,2,11.0,9.83,28.2,25.6,25.8,18.97,21.8,2.6,6.83
CP008,Footwear,Miss Modano,Men,6,5,20.8,6822.87,0.0,130134.83,17.2,9,1,0,0,9,0,0.0,0.0,26.6,27.4,25.93,19.83,15.6,-0.8,6.1
CP008,Footwear,Miss Modano,Men,7,5,28.0,6590.89,0.0,162140.02,22.6,9,0,0,0,9,4,20.0,15.92,20.8,23.7,25.2,24.27,21.2,-2.9,0.93
CP008,Footwear,Miss Modano,Men,8,5,18.4,7077.98,0.0,124162.5,16.0,8,0,0,21,9,4,20.0,16.73,28.0,24.4,25.13,25.47,15.6,3.6,-0.33
CP008,Footwear,Miss Modano,Men,9,5,20.0,6839.33,0.0,122156.84,16.6,8,0,0,5,8,0,0.0,0.0,18.4,23.2,22.4,24.17,15.4,-4.8,-1.77
CP008,Footwear,Miss Modano,Men,10,5,20.2,6903.45,0.0,129040.65,16.0,9,1,0,0,9,0,0.0,0.0,20.0,19.2,22.13,23.67,15.8,0.8,-1.53
CP008,Footwear,Miss Modano,Men,11,5,23.4,7415.22,0.0,163622.47,19.0,9,0,0,0,9,1,20.0,20.0,20.2,20.1,19.53,22.33,17.4,0.1,-2.8
CP008,Footwear,Miss Modano,Men,12,5,23.2,6898.13,0.0,144804.82,19.0,9,1,6,0,9,5,25.0,21.71,23.4,21.8,21.2,21.8,17.2,1.6,-0.6
CP008,Footwear,Miss Modano,Unisex,1,5,8.8,7800.18,0.0,68514.28,6.6,4,0,0,10,9,1,7.0,7.0,17.6,15.0,14.93,12.53,6.0,2.6,2.4
CP008,Footwear,Miss Modano,Unisex,2,5,11.8,6682.85,0.0,76755.52,9.0,4,1,0,0,8,0,0.0,0.0,8.8,12.6,12.53,12.03,10.2,-3.8,0.5
CP008,Footwear,Miss Modano,Unisex,3,5,17.4,8007.05,0.0,132894.36,13.6,6,0,0,0,9,0,0.0,0.0,11.8,10.3,11.73,12.17,15.4,1.5,-0.43
CP008,Footwear,Miss Modano,Unisex,4,5,13.8,6934.91,0.0,94903.25,10.6,4,2,9,0,9,0,9.0,9.0,17.4,14.6,12.67,12.97,7.0,2.8,-0.3
CP008,Footwear,Miss Modano,Unisex,5,5,12.2,7227.87,0.22,87636.84,8.8,5,2,1,0,9,2,10.0,9.75,13.8,15.6,14.33,12.57,9.6,-1.8,1.77
CP008,Footwear,Miss Modano,Unisex,6,5,11.0,7444.55,0.0,81381.44,8.6,4,1,0,0,9,0,0.0,0.0,12.2,13.0,14.47,11.97,9.6,-0.8,2.5
CP008,Footwear,Miss Modano,Unisex,7,5,11.8,7127.9,0.0,78145.35,9.4,4,0,0,0,9,1,11.0,11.0,11.0,11.6,12.33,12.5,10.6,-0.6,-0.17
CP008,Footwear,Miss Modano,Unisex,8,5,13.0,7943.72,0.0,98733.5,10.4,5,0,0,21,9,1,11.0,10.5,11.8,11.4,11.67,13.0,9.2,0.4,-1.33
CP008,Footwear,Miss Modano,Unisex,9,5,13.6,7075.3,0.0,91324.34,10.6,4,0,0,5,8,0,0.0,0.0,13.0,12.4,11.93,13.2,10.6,0.6,-1.27
CP008,Footwear,Miss Modano,Unisex,10,5,16.4,7526.38,0.0,122495.43,13.0,5,1,0,0,9,0,0.0,0.0,13.6,13.3,12.8,12.57,14.8,0.3,0.23
CP008,Footwear,Miss Modano,Unisex,11,5,15.4,8224.62,0.0,123176.39,11.8,5,0,0,0,9,1,20.0,18.33,16.4,15.0,14.33,13.0,12.4,1.4,1.33
CP008,Footwear,Miss Modano,Unisex,12,5,18.6,7434.16,0.0,138442.49,14.4,4,1,6,0,9,3,27.0,25.38,15.4,15.9,15.13,13.53,17.6,-0.5,1.6
CP008,Footwear,Miss Modano,Women,1,5,13.6,7725.07,0.0,93406.62,11.2,4,0,0,10,9,1,11.0,10.0,11.4,11.1,10.67,9.47,8.8,0.3,1.2
CP008,Footwear,Miss Modano,Women,2,5,10.2,7983.48,0.0,74697.2,8.2,4,1,0,0,8,0,0.0,0.0,13.6,11.2,11.07,9.9,9.2,2.4,1.17
CP008,Footwear,Miss Modano,Women,3,5,13.4,6510.48,0.0,91337.96,10.8,4,0,0,0,9,0,0.0,0.0,10.2,11.9,9.87,9.87,9.0,-1.7,0.0
CP008,Footwear,Miss Modano,Women,4,5,13.2,8143.97,0.0,98215.52,10.8,5,2,9,0,9,2,21.0,19.5,13.4,11.8,12.4,10.17,10.4,1.6,2.23
CP008,Footwear,Miss Modano,Women,5,5,15.2,8059.47,0.0,109054.98,11.8,4,2,1,0,9,1,6.0,5.5,13.2,13.3,12.27,10.07,13.0,-0.1,2.2
CP008,Footwear,Miss Modano,Women,6,5,9.6,7309.48,0.0,65631.55,7.6,4,1,0,0,9,0,0.0,0.0,15.2,14.2,13.93,10.37,7.6,1.0,3.57
CP008,Footwear,Miss Modano,Women,7,5,11.2,7492.97,0.0,76252.99,9.4,4,0,0,0,9,0,4.0,3.0,9.6,12.4,12.67,12.53,8.4,-2.8,0.13
CP008,Footwear,Miss Modano,Women,8,5,11.8,8457.36,0.0,90555.98,9.4,4,0,0,21,9,1,14.0,12.17,11.2,10.4,12.0,12.13,7.4,0.8,-0.13
CP008,Footwear,Miss Modano,Women,9,5,13.6,8329.94,0.0,98405.95,10.4,4,0,0,5,8,0,0.0,0.0,11.8,11.5,10.87,12.4,9.0,0.3,-1.53
CP008,Footwear,Miss Modano,Women,10,5,12.6,8203.92,0.0,97176.5,10.6,5,1,0,0,9,0,0.0,0.0,13.6,12.7,12.2,12.43,9.8,0.9,-0.23
CP008,Footwear,Miss Modano,Women,11,5,13.2,7552.37,0.0,90664.39,10.6,5,0,0,0,9,0,5.0,5.0,12.6,13.1,12.67,12.33,10.8,-0.5,0.33
CP008,Footwear,Miss Modano,Women,12,5,14.8,7962.26,0.0,103563.43,11.2,4,1,6,0,9,2,22.0,19.5,13.2,12.9,13.13,12.0,11.4,0.3,1.13
CP008,Footwear,Modano,Kids,1,5,18.6,6971.37,0.0,129884.99,14.6,7,0,0,10,9,1,9.0,9.0,21.8,20.1,18.13,17.13,13.4,1.7,1.0
CP008,Footwear,Modano,Kids,2,5,14.4,7132.71,0.0,102314.56,12.8,7,1,0,0,8,0,0.0,0.0,18.6,19.3,19.0,17.5,9.8,-0.7,1.5
CP008,Footwear,Modano,Kids,3,5,20.8,6413.24,0.0,135739.53,16.6,10,0,0,0,9,0,0.0,0.0,14.4,16.5,16.53,16.47,16.6,-2.1,0.07
CP008,Footwear,Modano,Kids,4,5,27.2,6974.64,0.46,186540.82,21.6,10,2,9,0,9,2,16.0,12.83,20.8,17.6,17.93,16.5,20.0,3.2,1.43
CP008,Footwear,Modano,Kids,5,5,18.2,7094.63,0.0,132439.44,15.2,8,2,1,0,9,1,9.0,7.83,27.2,24.0,20.8,17.63,14.8,3.2,3.17
CP008,Footwear,Modano,Kids,6,5,18.0,6844.09,0.0,124808.74,12.6,7,1,0,0,9,0,0.0,0.0,18.2,22.7,22.07,16.83,13.2,-4.5,5.23
CP008,Footwear,Modano,Kids,7,5,18.2,7195.99,0.0,129851.21,14.2,8,0,0,0,9,2,17.0,15.5,18.0,18.1,21.13,19.53,14.6,-0.1,1.6
CP008,Footwear,Modano,Kids,8,5,19.6,6782.36,0.0,131543.92,16.4,8,0,0,21,9,2,17.0,17.0,18.2,18.1,18.13,19.47,17.2,0.1,-1.33
CP008,Footwear,Modano,Kids,9,5,20.6,6924.67,0.0,139433.73,16.8,9,0,0,5,8,0,0.0,0.0,19.6,18.9,18.6,20.33,16.6,0.7,-1.73
CP008,Footwear,Modano,Kids,10,5,17.8,6679.61,0.0,119964.89,15.4,8,1,0,0,9,0,0.0,0.0,20.6,20.1,19.47,20.3,14.2,0.5,-0.83
CP008,Footwear,Modano,Kids,11,5,21.0,7105.03,0.0,150689.0,16.8,8,0,0,0,9,1,16.0,15.5,17.8,19.2,19.33,18.73,18.4,-1.4,0.6
CP008,Footwear,Modano,Kids,12,5,27.2,7151.37,0.0,192306.67,21.6,9,1,6,0,9,4,27.0,23.09,21.0,19.4,19.8,19.2,21.8,1.6,0.6
CP008,Footwear,Modano,Men,1,5,7.6,5800.57,0.0,45393.98,7.2,6,0,0,10,9,2,9.0,9.0,10.8,9.6,8.73,8.47,6.4,1.2,0.27
CP008,Footwear,Modano,Men,2,5,8.6,6303.63,0.0,54698.44,8.2,5,1,0,0,8,0,0.0,0.0,7.6,8.6,8.53,8.17,6.6,-1.0,0.37
CP008,Footwear,Modano,Men,3,5,12.2,6159.81,0.0,76781.62,11.8,6,0,0,0,9,0,0.0,0.0,8.6,8.1,7.87,8.03,10.2,0.5,-0.17
CP008,Footwear,Modano,Men,4,5,11.2,5817.21,0.0,67866.75,9.8,5,2,9,0,9,1,14.0,11.75,12.2,10.4,9.47,7.97,9.0,1.8,1.5
CP008,Footwear,Modano,Men,5,5,9.0,5259.79,0.41,50125.95,8.6,6,2,1,0,9,1,11.0,10.5,11.2,11.7,10.67,8.17,8.6,-0.5,2.5
CP008,Footwear,Modano,Men,6,5,10.8,6169.69,0.0,67061.73,10.6,6,1,0,0,9,0,0.0,0.0,9.0,10.1,10.8,7.8,7.6,-1.1,3.0
CP008,Footwear,Modano,Men,7,5,11.2,6213.15,0.0,72621.76,10.8,6,0,0,0,9,2,12.0,10.5,10.8,9.9,10.33,9.9,8.2,0.9,0.43
CP008,Footwear,Modano,Men,8,5,9.8,5244.95,0.0,55271.73,9.2,5,0,0,21,9,1,13.0,12.0,11.2,11.0,10.33,10.5,7.2,0.2,-0.17
CP008,Footwear,Modano,Men,9,5,10.6,6353.03,0.0,68378.15,10.2,6,0,0,5,8,0,0.0,0.0,9.8,10.5,10.6,10.7,9.2,-0.7,-0.1
CP008,Footwear,Modano,Men,10,5,9.0,6462.04,0.0,55986.26,8.8,6,1,0,0,9,0,0.0,0.0,10.6,10.2,10.53,10.43,7.0,0.4,0.1
CP008,Footwear,Modano,Men,11,5,10.2,5653.72,0.0,57932.64,9.8,6,0,0,0,9,1,21.0,21.0,9.0,9.8,9.8,10.07,8.4,-0.8,-0.27
CP008,Footwear,Modano,Men,12,5,14.2,5630.45,0.0,81862.54,13.0,7,1,6,0,9,2,26.0,22.5,10.2,9.6,9.93,10.27,10.8,0.6,-0.33
CP008,Footwear,Modano,Unisex,1,5,4.6,3006.01,1.0,13383.81,4.4,3,0,0,10,9,1,8.0,8.0,4.4,4.7,4.27,4.57,3.4,-0.3,-0.3
CP008,Footwear,Modano,Unisex,2,5,4.6,2762.61,0.0,11616.73,3.6,2,1,0,0,8,0,0.0,0.0,4.6,4.0,4.33,4.37,4.4,0.6,-0.03
CP008,Footwear,Modano,Unisex,3,5,6.2,2826.95,0.0,15836.95,5.6,3,0,0,0,9,0,0.0,0.0,4.6,4.6,3.87,4.17,4.2,0.0,-0.3
CP008,Footwear,Modano,Unisex,4,5,5.0,2815.32,0.0,13049.79,4.4,2,2,9,0,9,1,18.0,17.0,6.2,5.4,5.13,4.17,4.2,0.8,0.97
CP008,Footwear,Modano,Unisex,5,5,5.8,2605.35,0.0,12974.7,4.4,2,2,1,0,9,1,6.0,5.0,5.0,5.6,5.27,4.23,4.2,-0.6,1.03
CP008,Footwear,Modano,Unisex,6,5,4.4,2909.18,0.0,12174.83,4.0,3,1,0,0,9,0,0.0,0.0,5.8,5.4,5.67,4.1,3.0,0.4,1.57
CP008,Footwear,Modano,Unisex,7,5,6.2,2747.48,0.0,15619.65,5.2,3,0,0,0,9,0,3.0,3.0,4.4,5.1,5.07,5.1,4.8,-0.7,-0.03
CP008,Footwear,Modano,Unisex,8,5,6.0,2790.41,0.0,14969.04,5.0,2,0,0,21,9,2,16.0,14.67,6.2,5.3,5.47,5.37,4.8,0.9,0.1
CP008,Footwear,Modano,Unisex,9,5,5.8,2870.15,0.0,15168.57,5.0,3,0,0,5,8,0,0.0,0.0,6.0,6.1,5.53,5.6,5.0,-0.1,-0.07
CP008,Footwear,Modano,Unisex,10,5,3.6,3209.81,0.0,10796.79,3.4,2,1,0,0,9,0,0.0,0.0,5.8,5.9,6.0,5.53,3.4,-0.1,0.47
CP008,Footwear,Modano,Unisex,11,5,6.2,2747.95,0.0,14848.71,5.8,3,0,0,0,9,1,21.0,21.0,3.6,4.7,5.13,5.3,5.0,-1.1,-0.17
CP008,Footwear,Modano,Unisex,12,5,7.4,2609.54,0.0,16941.15,6.0,3,1,6,0,9,1,12.0,11.0,6.2,4.9,5.2,5.37,4.4,1.3,-0.17
CP008,Footwear,Modano,Women,1,5,10.8,8135.62,0.21,99896.55,9.2,5,0,0,10,9,2,9.0,7.6,11.4,12.2,11.87,10.53,9.2,-0.8,1.33
CP008,Footwear,Modano,Women,2,5,10.4,7571.49,0.0,89229.71,9.6,6,1,0,0,8,0,0.0,0.0,10.8,9.9,10.93,10.47,6.8,0.9,0.47
CP008,Footwear,Modano,Women,3,5,17.6,7604.88,0.0,145207.75,16.0,7,0,0,0,9,0,0.0,0.0,10.4,10.6,9.87,10.8,13.4,-0.2,-0.93
CP008,Footwear,Modano,Women,4,5,12.6,8527.98,0.0,118257.83,11.8,5,2,9,0,9,1,19.0,16.0,17.6,14.0,12.93,11.4,9.0,3.6,1.53
CP008,Footwear,Modano,Women,5,5,11.6,7774.6,0.0,94617.18,10.0,7,2,1,0,9,1,8.0,7.17,12.6,15.1,13.53,11.17,10.0,-2.5,2.37
CP008,Footwear,Modano,Women,6,5,8.0,7278.93,0.0,58162.08,7.6,5,1,0,0,9,0,0.0,0.0,11.6,12.1,13.93,10.57,5.8,-0.5,3.37
CP008,Footwear,Modano,Women,7,5,10.0,7679.03,0.43,85584.06,9.2,5,0,0,0,9,3,19.0,16.08,8.0,9.8,10.73,11.83,8.8,-1.8,-1.1
CP008,Footwear,Modano,Women,8,5,8.6,8080.05,0.0,70874.32,8.4,5,0,0,21,9,1,10.0,9.0,10.0,9.0,9.87,11.7,7.8,1.0,-1.83
CP008,Footwear,Modano,Women,9,5,13.4,8818.55,0.0,129106.0,11.4,6,0,0,5,8,0,0.0,0.0,8.6,9.3,8.87,11.4,11.0,-0.7,-2.53
CP008,Footwear,Modano,Women,10,5,13.4,8442.32,0.0,127805.85,11.4,5,1,0,0,9,0,0.0,0.0,13.4,11.0,10.67,10.7,11.2,2.4,-0.03
CP008,Footwear,Modano,Women,11,5,13.8,8216.94,0.0,125647.4,12.2,6,0,0,0,9,0,8.0,8.0,13.4,13.4,11.8,10.83,13.0,0.0,0.97
CP008,Footwear,Modano,Women,12,5,15.0,7709.25,0.0,132541.37,12.8,6,1,6,0,9,3,21.0,17.8,13.8,13.6,13.53,11.2,11.4,0.2,2.33
CP008,Kids,Emerald,Kids,1,5,104.0,1745.42,0.05,193028.82,77.8,28,0,0,10,9,7,15.0,13.54,148.4,125.5,116.13,105.77,76.6,22.9,10.37
CP008,Kids,Emerald,Kids,2,5,102.2,1922.62,0.0,207580.23,74.0,28,1,0,0,8,0,0.0,0.0,104.0,117.7,112.67,106.7,85.2,-13.7,5.97
CP008,Kids,Emerald,Kids,3,5,138.6,1893.13,0.0,277277.43,106.0,33,0,0,0,9,0,0.0,0.0,102.2,103.1,106.73,101.23,107.2,-0.9,5.5
CP008,Kids,Emerald,Kids,4,5,141.4,1912.18,0.1,278158.97,110.8,30,2,9,0,9,8,24.0,17.35,138.6,120.4,114.93,105.3,111.6,18.2,9.63
CP008,Kids,Emerald,Kids,5,5,123.6,1863.21,0.11,244049.26,93.0,32,2,1,0,9,5,14.0,11.83,141.4,140.0,127.4,107.4,95.6,1.4,20.0
CP008,Kids,Emerald,Kids,6,5,126.4,1854.59,0.0,239298.16,93.2,34,1,0,0,9,0,0.0,0.0,123.6,132.5,134.53,107.93,101.6,-8.9,26.6
CP008,Kids,Emerald,Kids,7,5,107.6,1811.36,0.4,208374.87,79.8,32,0,0,0,9,7,20.0,15.98,126.4,125.0,130.47,122.7,81.4,1.4,7.77
CP008,Kids,Emerald,Kids,8,5,146.0,1812.74,0.06,280039.48,112.6,32,0,0,21,9,7,20.0,14.99,107.6,117.0,119.2,123.3,117.6,-9.4,-4.1
CP008,Kids,Emerald,Kids,9,5,111.8,1816.95,0.0,214516.03,83.0,30,0,0,5,8,0,0.0,0.0,146.0,126.8,126.67,130.6,87.2,19.2,-3.93
CP008,Kids,Emerald,Kids,10,5,123.4,1808.62,0.0,236833.42,89.0,32,1,0,0,9,0,0.0,0.0,111.8,128.9,121.8,126.13,97.4,-17.1,-4.33
CP008,Kids,Emerald,Kids,11,5,138.0,1816.28,0.06,257084.07,105.8,34,0,0,0,9,4,27.0,22.92,123.4,117.6,127.07,123.13,102.6,5.8,3.93
CP008,Kids,Emerald,Kids,12,5,172.0,1851.5,0.28,326080.58,133.2,33,1,6,0,9,14,29.0,22.75,138.0,130.7,124.4,125.53,148.4,7.3,-1.13
CP008,Kids,Hustle,Kids,1,5,89.4,2000.56,0.1,184457.24,66.8,27,0,0,10,9,6,15.0,12.33,74.4,72.5,66.53,64.03,72.4,1.9,2.5
CP008,Kids,Hustle,Kids,2,5,78.2,1871.99,0.0,152666.65,59.0,25,1,0,0,8,0,0.0,0.0,89.4,73.7,72.67,66.93,65.4,15.7,5.73
CP008,Kids,Hustle,Kids,3,5,80.6,1764.66,0.0,149637.03,61.4,25,0,0,0,9,0,0.0,0.0,78.2,83.8,69.93,65.27,60.2,-5.6,4.67
CP008,Kids,Hustle,Kids,4,5,87.2,1794.01,0.31,163902.22,67.0,25,2,9,0,9,8,25.0,15.58,80.6,79.4,82.73,67.13,72.0,1.2,15.6
CP008,Kids,Hustle,Kids,5,5,87.2,1851.78,0.0,172747.23,66.8,27,2,1,0,9,4,15.0,12.85,87.2,83.9,82.0,68.9,71.0,3.3,13.1
CP008,Kids,Hustle,Kids,6,5,83.4,1932.83,0.0,167194.22,63.8,28,1,0,0,9,0,0.0,0.0,87.2,87.2,85.0,69.53,62.8,0.0,15.47
CP008,Kids,Hustle,Kids,7,5,72.6,1923.49,0.1,145837.54,53.8,26,0,0,0,9,7,20.0,15.01,83.4,85.3,85.93,84.33,55.6,-1.9,1.6
CP008,Kids,Hustle,Kids,8,5,90.0,1796.85,0.2,170224.41,69.2,28,0,0,21,9,8,20.0,15.22,72.6,78.0,81.07,81.53,72.4,-5.4,-0.47
CP008,Kids,Hustle,Kids,9,5,78.8,1867.4,0.0,157775.64,60.4,27,0,0,5,8,0,0.0,0.0,90.0,81.3,82.0,83.5,56.6,8.7,-1.5
CP008,Kids,Hustle,Kids,10,5,68.6,1975.93,0.0,137475.24,53.4,25,1,0,0,9,0,0.0,0.0,78.8,84.4,80.47,83.2,54.6,-5.6,-2.73
CP008,Kids,Hustle,Kids,11,5,86.8,1761.47,0.0,159535.29,64.8,27,0,0,0,9,5,30.0,25.2,68.6,73.7,79.13,80.1,70.6,-5.1,-0.97
CP008,Kids,Hustle,Kids,12,5,90.0,1936.77,0.1,181016.66,67.8,27,1,6,0,9,14,30.0,23.48,86.8,77.7,78.07,80.03,74.4,9.1,-1.97
CP008,Kids,King Street,Kids,1,5,32.8,2322.35,0.0,71211.83,25.8,12,0,0,10,9,4,15.0,12.05,39.4,33.4,29.67,26.67,22.4,6.0,3.0
CP008,Kids,King Street,Kids,2,5,29.2,2227.03,0.0,62191.7,22.4,11,1,0,0,8,0,0.0,0.0,32.8,34.0,31.8,28.1,25.4,-1.2,3.7
CP008,Kids,King Street,Kids,3,5,33.4,2197.02,0.0,72161.7,25.6,14,0,0,0,9,0,0.0,0.0,29.2,31.0,30.47,27.03,25.4,-1.8,3.43
CP008,Kids,King Street,Kids,4,5,37.6,2323.89,0.0,83006.56,29.4,13,2,9,0,9,2,15.0,11.92,33.4,31.3,31.8,28.13,31.2,2.1,3.67
CP008,Kids,King Street,Kids,5,5,22.8,2123.54,0.0,48656.41,19.0,11,2,1,0,9,2,11.0,9.83,37.6,35.5,33.4,29.03,18.8,2.1,4.37
CP008,Kids,King Street,Kids,6,5,26.8,2149.15,0.0,56600.89,21.8,12,1,0,0,9,0,0.0,0.0,22.8,30.2,31.27,27.7,23.2,-7.4,3.57
CP008,Kids,King Street,Kids,7,5,25.8,2236.65,0.0,56945.66,23.4,13,0,0,0,9,2,17.0,15.0,26.8,24.8,29.07,30.43,20.0,2.0,-1.37
CP008,Kids,King Street,Kids,8,5,35.0,2180.79,0.0,73128.76,26.8,12,0,0,21,9,4,18.0,14.74,25.8,26.3,25.13,29.27,29.8,-0.5,-4.13
CP008,Kids,King Street,Kids,9,5,27.4,2233.57,0.0,58359.92,21.2,13,0,0,5,8,0,0.0,0.0,35.0,30.4,29.2,30.23,21.2,4.6,-1.03
CP008,Kids,King Street,Kids,10,5,30.0,2129.71,0.0,59559.52,24.0,13,1,0,0,9,0,0.0,0.0,27.4,31.2,29.4,29.23,22.2,-3.8,0.17
CP008,Kids,King Street,Kids,11,5,34.2,2163.06,0.25,70144.79,27.0,13,0,0,0,9,2,22.0,21.42,30.0,28.7,30.8,27.97,27.4,1.3,2.83
CP008,Kids,King Street,Kids,12,5,51.2,2416.72,0.24,122655.18,39.0,13,1,6,0,9,7,30.0,23.83,34.2,32.1,30.53,29.87,39.4,2.1,0.67
CP008,Kids,Libera,Kids,1,5,35.6,2030.98,0.22,73237.26,28.8,10,0,0,10,9,2,11.0,9.33,45.4,37.4,35.87,32.5,23.8,8.0,3.37
CP008,Kids,Libera,Kids,2,5,32.4,2009.85,0.0,63510.89,26.2,11,1,0,0,8,0,0.0,0.0,35.6,38.1,35.2,33.33,23.2,-2.5,1.87
CP008,Kids,Libera,Kids,3,5,27.4,1886.2,0.0,52069.7,22.4,9,0,0,0,9,0,0.0,0.0,32.4,34.0,34.8,32.57,21.8,-1.6,2.23
CP008,Kids,Libera,Kids,4,5,41.0,2067.44,0.11,84301.75,32.8,11,2,9,0,9,4,23.0,17.07,27.4,29.9,31.8,31.77,33.0,-2.5,0.03
CP008,Kids,Libera,Kids,5,5,44.8,1949.18,0.0,84234.79,36.2,13,2,1,0,9,2,11.0,10.0,41.0,34.2,33.6,32.1,35.4,6.8,1.5
CP008,Kids,Libera,Kids,6,5,38.6,2073.91,0.0,81247.82,31.8,12,1,0,0,9,0,0.0,0.0,44.8,42.9,37.73,33.13,32.6,1.9,4.6
CP008,Kids,Libera,Kids,7,5,35.2,1962.37,0.27,71805.73,28.4,12,0,0,0,9,4,20.0,16.9,38.6,41.7,41.47,36.63,25.8,-3.1,4.83
CP008,Kids,Libera,Kids,8,5,44.0,2027.36,0.0,88868.47,33.4,12,0,0,21,9,3,16.0,12.36,35.2,36.9,39.53,36.57,32.8,-1.7,2.97
CP008,Kids,Libera,Kids,9,5,35.6,2202.19,0.0,78261.35,29.0,12,0,0,5,8,0,0.0,0.0,44.0,39.6,39.27,38.5,28.8,4.4,0.77
CP008,Kids,Libera,Kids,10,5,38.4,2149.45,0.0,79919.15,30.0,13,1,0,0,9,0,0.0,0.0,35.6,39.8,38.27,39.87,32.8,-4.2,-1.6
CP008,Kids,Libera,Kids,11,5,37.6,1916.02,0.0,71642.65,29.0,12,0,0,0,9,2,28.0,25.17,38.4,37.0,39.33,39.43,29.4,1.4,-0.1
CP008,Kids,Libera,Kids,12,5,54.4,1936.97,0.26,103605.47,44.2,13,1,6,0,9,5,29.0,23.82,37.6,38.0,37.2,38.23,45.4,-0.4,-1.03
CP008,Kids,Miss Modano,Kids,1,5,83.2,2046.31,0.12,174147.81,62.8,25,0,0,10,9,5,15.0,12.32,72.8,66.6,63.07,59.87,57.0,6.2,3.2
CP008,Kids,Miss Modano,Kids,2,5,71.8,1973.89,0.0,142950.17,53.6,23,1,0,0,8,0,0.0,0.0,83.2,73.0,68.8,63.33,54.8,10.2,5.47
CP008,Kids,Miss Modano,Kids,3,5,90.4,1933.06,0.0,172911.9,67.4,25,0,0,0,9,0,0.0,0.0,71.8,77.5,68.2,63.67,70.4,-5.7,4.53
CP008,Kids,Miss Modano,Kids,4,5,88.2,1954.36,0.09,172101.95,69.6,23,2,9,0,9,10,24.0,17.8,90.4,81.1,81.8,65.47,68.8,9.3,16.33
CP008,Kids,Miss Modano,Kids,5,5,74.8,1891.26,0.0,142368.37,55.8,24,2,1,0,9,5,14.0,11.96,88.2,89.3,83.47,68.53,57.2,-1.1,14.93
CP008,Kids,Miss Modano,Kids,6,5,66.4,1915.51,0.0,130480.44,47.8,22,1,0,0,9,0,0.0,0.0,74.8,81.5,84.47,68.33,52.6,-6.7,16.13
CP008,Kids,Miss Modano,Kids,7,5,65.2,2086.74,0.0,137313.97,46.8,23,0,0,0,9,8,20.0,15.26,66.4,70.6,76.47,79.13,52.4,-4.2,-2.67
CP008,Kids,Miss Modano,Kids,8,5,78.4,2011.38,0.1,161107.76,59.8,22,0,0,21,9,7,20.0,14.77,65.2,65.8,68.8,76.13,56.6,-0.6,-7.33
CP008,Kids,Miss Modano,Kids,9,5,76.6,1878.37,0.0,144581.98,56.8,25,0,0,5,8,0,0.0,0.0,78.4,71.8,70.0,77.23,61.0,6.6,-7.23
CP008,Kids,Miss Modano,Kids,10,5,71.2,1963.26,0.0,134864.99,52.4,23,1,0,0,9,0,0.0,0.0,76.6,77.5,73.4,74.93,56.0,-0.9,-1.53
CP008,Kids,Miss Modano,Kids,11,5,73.6,1960.43,0.0,142385.91,53.0,25,0,0,0,9,4,29.0,24.75,71.2,73.9,75.4,72.1,60.4,-2.7,3.3
CP008,Kids,Miss Modano,Kids,12,5,94.4,1940.63,0.33,172605.31,73.2,23,1,6,0,9,10,29.0,21.13,73.6,72.4,73.8,71.9,72.8,1.2,1.9
CP008,Kids,Modano,Kids,1,5,60.0,2075.44,0.0,127233.0,45.2,22,0,0,10,9,3,15.0,12.92,50.6,43.3,41.53,40.6,45.8,7.3,0.93
CP008,Kids,Modano,Kids,2,5,45.4,1982.61,0.0,88527.66,37.0,19,1,0,0,8,0,0.0,0.0,60.0,48.6,44.4,41.93,36.8,11.4,2.47
CP008,Kids,Modano,Kids,3,5,59.2,2104.05,0.0,126092.8,46.2,21,0,0,0,9,0,0.0,0.0,45.4,52.7,44.87,40.0,49.0,-7.3,4.87
CP008,Kids,Modano,Kids,4,5,63.2,2073.39,0.0,127779.88,49.4,21,2,9,0,9,6,22.0,15.9,59.2,52.3,54.87,42.27,53.0,6.9,12.6
CP008,Kids,Modano,Kids,5,5,59.4,2062.88,0.0,123032.58,46.6,22,2,1,0,9,2,12.0,10.83,63.2,61.2,55.93,44.9,45.8,2.0,11.03
CP008,Kids,Modano,Kids,6,5,48.8,1966.6,0.0,97101.65,39.0,22,1,0,0,9,0,0.0,0.0,59.4,61.3,60.6,46.63,39.4,-1.9,13.97
CP008,Kids,Modano,Kids,7,5,50.0,2066.96,0.0,103836.15,40.0,20,0,0,0,9,6,20.0,15.07,48.8,54.1,57.13,56.0,38.6,-5.3,1.13
CP008,Kids,Modano,Kids,8,5,60.6,2116.71,0.08,126504.55,45.0,20,0,0,21,9,6,19.0,16.34,50.0,49.4,52.73,54.33,49.0,0.6,-1.6
CP008,Kids,Modano,Kids,9,5,43.8,2021.43,0.0,87573.22,32.6,18,0,0,5,8,0,0.0,0.0,60.6,55.3,53.13,56.87,31.4,5.3,-3.73
CP008,Kids,Modano,Kids,10,5,47.2,2037.59,0.0,97204.54,37.6,20,1,0,0,9,0,0.0,0.0,43.8,52.2,51.47,54.3,38.0,-8.4,-2.83
CP008,Kids,Modano,Kids,11,5,46.6,2069.46,0.14,97809.01,37.0,20,0,0,0,9,5,30.0,25.93,47.2,45.5,50.53,51.63,36.0,1.7,-1.1
CP008,Kids,Modano,Kids,12,5,65.2,2035.82,0.59,137801.44,49.4,20,1,6,0,9,11,30.0,22.43,46.6,46.9,45.87,49.5,50.6,-0.3,-3.63
CP008,Men,Emerald,Men,1,5,90.6,3670.22,0.0,320511.12,74.4,32,0,0,10,9,8,15.0,13.3,109.4,91.6,83.6,76.97,71.0,17.8,6.63
CP008,Men,Emerald,Men,2,5,91.2,3713.98,0.0,347420.26,71.2,31,1,0,0,8,0,0.0,0.0,90.6,91.0,85.27,77.4,74.8,-0.4,7.87
CP008,Men,Emerald,Men,3,5,96.4,3496.27,0.0,339309.38,76.4,31,0,0,0,9,0,0.0,0.0,91.2,90.9,85.6,78.67,80.0,0.3,6.93
CP008,Men,Emerald,Men,4,5,104.6,3599.85,0.1,382013.09,80.2,32,2,9,0,9,13,25.0,16.77,96.4,93.8,92.73,79.6,84.2,2.6,13.13
CP008,Men,Emerald,Men,5,5,89.8,3607.29,0.0,332441.1,69.2,32,2,1,0,9,8,15.0,12.84,104.6,100.5,97.4,82.37,71.4,4.1,15.03
CP008,Men,Emerald,Men,6,5,87.4,3657.6,0.0,329022.16,69.8,34,1,0,0,9,0,0.0,0.0,89.8,97.2,96.93,81.83,70.0,-7.4,15.1
CP008,Men,Emerald,Men,7,5,88.8,3589.99,0.19,322848.41,70.8,31,0,0,0,9,10,20.0,14.76,87.4,88.6,93.93,93.33,70.0,-1.2,0.6
CP008,Men,Emerald,Men,8,5,80.6,3668.04,0.13,306951.21,64.6,33,0,0,21,9,8,20.0,14.5,88.8,88.1,88.67,93.03,67.2,0.7,-4.37
CP008,Men,Emerald,Men,9,5,88.8,3649.7,0.0,326222.52,69.4,32,0,0,5,8,0,0.0,0.0,80.6,84.7,85.6,91.27,73.8,-4.1,-5.67
CP008,Men,Emerald,Men,10,5,89.0,3710.49,0.0,349908.35,69.4,32,1,0,0,9,0,0.0,0.0,88.8,84.7,86.07,90.0,67.6,4.1,-3.93
CP008,Men,Emerald,Men,11,5,95.2,3841.43,0.0,371139.21,75.0,34,0,0,0,9,4,29.0,23.5,89.0,88.9,86.13,87.4,73.8,0.1,-1.27
CP008,Men,Emerald,Men,12,5,133.0,3623.0,0.08,490889.25,105.0,35,1,6,0,9,12,28.0,21.56,95.2,92.1,91.0,88.3,109.4,3.1,2.7
CP008,Men,Hustle,Men,1,5,69.6,3443.07,0.04,241038.62,59.6,32,0,0,10,9,11,15.0,12.54,79.2,72.7,71.6,67.6,56.0,6.5,4.0
CP008,Men,Hustle,Men,2,5,76.0,3490.36,0.0,252866.44,62.0,32,1,0,0,8,0,0.0,0.0,69.6,67.1,66.8,66.3,56.8,2.5,0.5
CP008,Men,Hustle,Men,3,5,82.6,3464.14,0.0,280404.31,67.6,35,0,0,0,9,0,0.0,0.0,76.0,72.8,64.87,66.07,69.0,3.2,-1.2
CP008,Men,Hustle,Men,4,5,82.2,3439.62,0.04,274331.25,67.0,29,2,9,0,9,12,25.0,15.79,82.6,79.3,76.07,65.67,70.4,3.3,10.4
CP008,Men,Hustle,Men,5,5,82.6,3553.66,0.04,286116.79,70.0,34,2,1,0,9,6,15.0,12.82,82.2,82.4,80.27,65.0,63.2,-0.2,15.27
CP008,Men,Hustle,Men,6,5,83.2,3540.47,0.0,285634.17,70.0,34,1,0,0,9,0,0.0,0.0,82.6,82.4,82.47,65.0,61.2,0.2,17.47
CP008,Men,Hustle,Men,7,5,77.0,3337.87,0.03,251771.68,65.4,34,0,0,0,9,11,20.0,14.84,83.2,82.9,82.67,79.37,62.8,0.3,3.3
CP008,Men,Hustle,Men,8,5,79.2,3298.59,0.24,248192.52,68.2,35,0,0,21,9,8,20.0,15.34,77.0,80.1,80.93,80.6,61.8,-3.1,0.33
CP008,Men,Hustle,Men,9,5,78.0,3462.22,0.0,260841.4,66.2,33,0,0,5,8,0,0.0,0.0,79.2,78.1,79.8,81.13,66.2,1.1,-1.33
CP008,Men,Hustle,Men,10,5,82.2,3669.2,0.0,291243.71,68.4,31,1,0,0,9,0,0.0,0.0,78.0,78.6,78.07,80.37,69.4,-0.6,-2.3
CP008,Men,Hustle,Men,11,5,81.8,3426.21,0.24,266411.18,69.2,34,0,0,0,9,7,29.0,24.18,82.2,80.1,79.8,80.37,66.2,2.1,-0.57
CP008,Men,Hustle,Men,12,5,97.8,3488.28,0.08,333363.01,78.8,35,1,6,0,9,18,30.0,23.4,81.8,82.0,80.67,80.23,79.2,-0.2,0.43
CP008,Men,King Street,Men,1,5,30.6,3621.64,0.0,107147.41,25.2,15,0,0,10,9,3,14.0,12.25,27.6,25.6,24.6,24.5,22.2,2.0,0.1
CP008,Men,King Street,Men,2,5,27.2,3670.46,0.0,97503.17,23.8,12,1,0,0,8,0,0.0,0.0,30.6,27.6,26.27,24.63,22.4,3.0,1.63
CP008,Men,King Street,Men,3,5,28.6,3524.9,0.0,100552.51,24.0,12,0,0,0,9,0,0.0,0.0,27.2,28.9,25.87,24.37,20.8,-1.7,1.5
CP008,Men,King Street,Men,4,5,24.2,3791.49,0.2,88398.81,20.8,11,2,9,0,9,4,25.0,18.27,28.6,27.9,28.8,24.33,19.8,0.7,4.47
CP008,Men,King Street,Men,5,5,29.6,3480.13,0.1,104463.57,25.2,13,2,1,0,9,2,13.0,12.25,24.2,26.4,26.67,23.4,25.4,-2.2,3.27
CP008,Men,King Street,Men,6,5,29.8,3532.53,0.0,102178.73,24.4,13,1,0,0,9,0,0.0,0.0,29.6,26.9,27.47,22.87,22.6,2.7,4.6
CP008,Men,King Street,Men,7,5,31.2,3615.25,0.0,111184.72,26.6,14,0,0,0,9,5,18.0,14.56,29.8,29.7,27.87,28.33,26.8,0.1,-0.47
CP008,Men,King Street,Men,8,5,31.4,3747.42,0.32,115389.61,26.8,14,0,0,21,9,5,17.0,13.74,31.2,30.5,30.2,28.43,24.0,0.7,1.77
CP008,Men,King Street,Men,9,5,27.8,3413.35,0.0,94148.95,23.8,13,0,0,5,8,0,0.0,0.0,31.4,31.3,30.8,29.13,22.4,0.1,1.67
CP008,Men,King Street,Men,10,5,27.2,3799.32,0.0,101680.42,24.4,14,1,0,0,9,0,0.0,0.0,27.8,29.6,30.13,29.0,22.6,-1.8,1.13
CP008,Men,King Street,Men,11,5,29.8,3878.73,0.0,112455.91,25.2,13,0,0,0,9,3,28.0,26.42,27.2,27.5,28.8,29.5,23.6,-0.3,-0.7
CP008,Men,King Street,Men,12,5,36.0,3481.72,0.27,125956.12,28.4,14,1,6,0,9,7,29.0,22.67,29.8,28.5,28.27,29.53,27.6,1.3,-1.27
CP008,Men,Libera,Men,1,5,34.0,3629.43,0.1,130907.94,29.4,17,0,0,10,9,4,15.0,12.8,26.0,27.5,28.13,26.93,26.4,-1.5,1.2
CP008,Men,Libera,Men,2,5,25.0,3357.45,0.0,88850.41,22.4,14,1,0,0,8,0,0.0,0.0,34.0,27.1,27.73,27.53,20.0,6.9,0.2
CP008,Men,Libera,Men,3,5,31.4,3593.47,0.0,118520.14,28.0,17,0,0,0,9,0,0.0,0.0,25.0,29.5,24.4,25.67,23.8,-4.5,-1.27
CP008,Men,Libera,Men,4,5,35.4,3415.23,0.17,130774.29,30.0,18,2,9,0,9,5,25.0,19.73,31.4,28.2,30.13,26.3,29.2,3.2,3.83
CP008,Men,Libera,Men,5,5,33.4,3543.7,0.09,124877.05,29.2,17,2,1,0,9,3,15.0,13.08,35.4,33.4,30.6,26.0,27.4,2.0,4.6
CP008,Men,Libera,Men,6,5,29.4,3299.8,0.0,106578.72,27.2,16,1,0,0,9,0,0.0,0.0,33.4,34.4,33.4,25.67,23.0,-1.0,7.73
CP008,Men,Libera,Men,7,5,31.4,3515.81,0.22,115871.51,29.4,18,0,0,0,9,6,19.0,14.3,29.4,31.4,32.73,31.43,24.6,-2.0,1.3
CP008,Men,Libera,Men,8,5,36.8,3380.29,0.11,133647.46,33.4,19,0,0,21,9,4,18.0,13.5,31.4,30.4,31.4,31.0,30.2,1.0,0.4
CP008,Men,Libera,Men,9,5,28.4,3742.75,0.0,109399.75,25.8,17,0,0,5,8,0,0.0,0.0,36.8,34.1,32.53,32.97,22.4,2.7,-0.43
CP008,Men,Libera,Men,10,5,35.8,3270.78,0.0,126251.75,33.0,20,1,0,0,9,0,0.0,0.0,28.4,32.6,32.2,32.47,29.4,-4.2,-0.27
CP008,Men,Libera,Men,11,5,36.8,3368.68,0.0,130727.06,31.8,18,0,0,0,9,4,30.0,25.97,35.8,32.1,33.67,32.53,29.0,3.7,1.13
CP008,Men,Libera,Men,12,5,31.0,3602.85,0.0,113591.24,27.0,16,1,6,0,9,8,30.0,22.88,36.8,36.3,33.67,33.1,26.0,0.5,0.57
CP008,Men,Miss Modano,Men,1,5,87.0,3415.08,0.0,297721.77,70.4,34,0,0,10,9,8,15.0,12.76,92.6,82.5,82.67,77.13,67.4,10.1,5.53
CP008,Men,Miss Modano,Men,2,5,82.4,3612.94,0.0,292074.14,64.2,30,1,0,0,8,0,0.0,0.0,87.0,79.4,77.07,74.8,65.2,7.6,2.27
CP008,Men,Miss Modano,Men,3,5,94.2,3635.45,0.0,336576.34,73.6,34,0,0,0,9,0,0.0,0.0,82.4,84.7,76.33,75.1,73.0,-2.3,1.23
CP008,Men,Miss Modano,Men,4,5,95.2,3593.59,0.05,334767.94,75.4,32,2,9,0,9,8,25.0,17.12,94.2,88.3,87.87,76.37,68.4,5.9,11.5
CP008,Men,Miss Modano,Men,5,5,100.4,3502.62,0.07,348471.37,79.2,33,2,1,0,9,6,15.0,12.84,95.2,94.7,90.6,75.13,76.6,0.5,15.47
CP008,Men,Miss Modano,Men,6,5,80.8,3372.27,0.0,265799.32,65.6,31,1,0,0,9,0,0.0,0.0,100.4,97.8,96.6,77.47,63.0,2.6,19.13
CP008,Men,Miss Modano,Men,7,5,96.2,3575.75,0.05,337593.17,79.2,35,0,0,0,9,8,20.0,15.72,80.8,90.6,92.13,90.0,80.2,-9.8,2.13
CP008,Men,Miss Modano,Men,8,5,93.2,3576.08,0.03,333064.89,74.4,32,0,0,21,9,6,18.0,14.04,96.2,88.5,92.47,91.53,68.4,7.7,0.93
CP008,Men,Miss Modano,Men,9,5,84.2,3723.86,0.0,308906.72,69.6,32,0,0,5,8,0,0.0,0.0,93.2,94.7,90.07,93.33,66.2,-1.5,-3.27
CP008,Men,Miss Modano,Men,10,5,106.4,3582.05,0.0,379649.51,84.8,36,1,0,0,9,0,0.0,0.0,84.2,88.7,91.2,91.67,83.0,-4.5,-0.47
CP008,Men,Miss Modano,Men,11,5,99.0,3612.13,0.22,345218.91,80.4,34,0,0,0,9,6,29.0,24.68,106.4,95.3,94.6,93.53,72.4,11.1,1.07
CP008,Men,Miss Modano,Men,12,5,113.0,3643.38,0.11,409646.14,87.6,32,1,6,0,9,18,30.0,22.65,99.0,102.7,96.53,93.3,92.6,-3.7,3.23
CP008,Men,Modano,Men,1,5,42.8,3669.13,0.18,157036.54,40.0,24,0,0,10,9,5,14.0,12.06,43.6,36.9,35.33,33.2,35.2,6.7,2.13
CP008,Men,Modano,Men,2,5,40.2,3392.16,0.0,135847.53,37.8,25,1,0,0,8,0,0.0,0.0,42.8,38.2,35.53,33.6,32.0,4.6,1.93
CP008,Men,Modano,Men,3,5,45.0,3452.28,0.0,156410.65,41.6,25,0,0,0,9,0,0.0,0.0,40.2,41.5,37.0,34.17,36.2,-1.3,2.83
CP008,Men,Modano,Men,4,5,44.8,3498.89,0.24,155673.41,40.0,25,2,9,0,9,8,25.0,18.25,45.0,42.6,42.67,34.8,36.2,2.4,7.87
CP008,Men,Modano,Men,5,5,48.0,3448.05,0.0,169988.57,45.0,28,2,1,0,9,4,15.0,13.0,44.8,44.9,43.33,35.37,40.4,-0.1,7.97
CP008,Men,Modano,Men,6,5,41.2,3446.3,0.0,143990.43,38.8,24,1,0,0,9,0,0.0,0.0,48.0,46.4,45.93,36.2,34.2,1.6,9.73
CP008,Men,Modano,Men,7,5,40.0,3611.74,0.14,145440.83,38.2,24,0,0,0,9,6,20.0,15.18,41.2,44.6,44.67,43.67,30.4,-3.4,1.0
CP008,Men,Modano,Men,8,5,39.6,3619.07,0.17,145240.24,37.8,24,0,0,21,9,6,19.0,15.18,40.0,40.6,43.07,43.2,31.2,-0.6,-0.13
CP008,Men,Modano,Men,9,5,40.6,3301.91,0.0,134685.59,39.2,24,0,0,5,8,0,0.0,0.0,39.6,39.8,40.27,43.1,31.6,-0.2,-2.83
CP008,Men,Modano,Men,10,5,40.4,3472.21,0.0,142211.96,38.8,26,1,0,0,9,0,0.0,0.0,40.6,40.1,40.07,42.37,32.2,0.5,-2.3
CP008,Men,Modano,Men,11,5,38.8,3653.76,0.17,143606.65,35.2,24,0,0,0,9,5,30.0,25.31,40.4,40.5,40.2,41.63,30.2,-0.1,-1.43
CP008,Men,Modano,Men,12,5,53.8,3334.8,0.07,183332.29,44.0,24,1,6,0,9,11,30.0,22.74,38.8,39.6,39.93,40.1,43.6,-0.8,-0.17
CP008,Women,Emerald,Women,1,5,140.0,4198.23,0.11,571691.03,103.8,36,0,0,10,9,8,15.0,13.0,179.2,148.2,140.13,126.07,116.2,31.0,14.07
CP008,Women,Emerald,Women,2,5,155.2,3994.83,0.0,579173.31,121.0,38,1,0,0,8,0,0.0,0.0,140.0,147.8,137.6,126.83,125.4,-7.8,10.77
CP008,Women,Emerald,Women,3,5,149.2,4049.62,0.0,578882.41,112.0,37,0,0,0,9,0,0.0,0.0,155.2,147.6,142.0,130.07,111.6,7.6,11.93
CP008,Women,Emerald,Women,4,5,179.2,4033.3,0.16,681663.5,140.6,35,2,9,0,9,9,24.0,16.72,149.2,152.2,148.13,130.67,144.4,-3.0,17.47
CP008,Women,Emerald,Women,5,5,161.6,4048.89,0.0,622806.83,122.8,38,2,1,0,9,7,15.0,13.0,179.2,164.2,161.2,133.07,130.0,15.0,28.13
CP008,Women,Emerald,Women,6,5,143.4,4109.21,0.0,548698.85,107.0,35,1,0,0,9,0,0.0,0.0,161.6,170.4,163.33,134.33,111.4,-8.8,29.0
CP008,Women,Emerald,Women,7,5,138.4,4140.02,0.11,541021.48,103.0,37,0,0,0,9,13,20.0,14.09,143.4,152.5,161.4,154.77,111.8,-9.1,6.63
CP008,Women,Emerald,Women,8,5,141.0,4147.37,0.08,553887.92,106.4,38,0,0,21,9,7,20.0,15.48,138.4,140.9,147.8,154.5,111.0,-2.5,-6.7
CP008,Women,Emerald,Women,9,5,156.4,4000.78,0.0,576568.58,119.6,37,0,0,5,8,0,0.0,0.0,141.0,139.7,140.93,152.13,113.2,1.3,-11.2
CP008,Women,Emerald,Women,10,5,158.8,4030.63,0.0,612995.91,120.2,40,1,0,0,9,0,0.0,0.0,156.4,148.7,145.27,153.33,124.0,7.7,-8.07
CP008,Women,Emerald,Women,11,5,151.2,4138.2,0.0,576659.0,114.8,37,0,0,0,9,6,29.0,24.28,158.8,157.6,152.07,149.93,117.2,1.2,2.13
CP008,Women,Emerald,Women,12,5,228.6,3976.24,0.37,852551.17,179.4,40,1,6,0,9,23,30.0,22.72,151.2,155.0,155.47,148.2,179.2,-3.8,7.27
CP008,Women,Hustle,Women,1,5,116.6,3654.84,0.04,439742.38,85.4,34,0,0,10,9,8,15.0,13.38,122.8,105.2,103.27,99.47,88.6,17.6,3.8
CP008,Women,Hustle,Women,2,5,116.2,3726.06,0.0,450577.79,88.8,32,1,0,0,8,0,0.0,0.0,116.6,108.0,101.2,98.67,92.8,8.6,2.53
CP008,Women,Hustle,Women,3,5,119.4,3595.74,0.0,432306.76,88.8,33,0,0,0,9,0,0.0,0.0,116.2,116.4,103.2,99.17,89.6,-0.2,4.03
CP008,Women,Hustle,Women,4,5,158.6,3728.21,0.0,611324.61,121.0,35,2,9,0,9,11,25.0,17.89,119.4,117.8,117.4,99.0,122.2,1.6,18.4
CP008,Women,Hustle,Women,5,5,117.6,3611.26,0.03,439886.61,85.6,32,2,1,0,9,8,15.0,12.34,158.6,139.0,131.4,104.0,93.0,19.6,27.4
CP008,Women,Hustle,Women,6,5,111.0,3692.91,0.0,420655.5,80.8,32,1,0,0,9,0,0.0,0.0,117.6,138.1,131.87,105.33,83.6,-20.5,26.53
CP008,Women,Hustle,Women,7,5,120.2,3605.01,0.12,446106.57,88.4,34,0,0,0,9,8,20.0,15.28,111.0,114.3,129.07,123.23,98.0,-3.3,5.83
CP008,Women,Hustle,Women,8,5,115.2,3709.42,0.2,457091.79,89.0,33,0,0,21,9,9,20.0,15.02,120.2,115.6,116.27,123.83,90.6,4.6,-7.57
CP008,Women,Hustle,Women,9,5,120.0,3684.03,0.0,460497.78,90.2,34,0,0,5,8,0,0.0,0.0,115.2,117.7,115.47,123.67,98.4,-2.5,-8.2
CP008,Women,Hustle,Women,10,5,125.4,3540.11,0.0,462146.73,94.4,34,1,0,0,9,0,0.0,0.0,120.0,117.6,118.47,123.77,99.4,2.4,-5.3
CP008,Women,Hustle,Women,11,5,112.8,3750.14,0.11,441857.87,85.6,30,0,0,0,9,6,30.0,24.95,125.4,122.7,120.2,118.23,87.6,2.7,1.97
CP008,Women,Hustle,Women,12,5,162.0,3428.67,0.09,591426.74,121.8,34,1,6,0,9,15,30.0,22.71,112.8,119.1,119.4,117.43,122.8,-6.3,1.97
CP008,Women,King Street,Women,1,5,39.0,4022.71,0.33,159794.17,29.4,15,0,0,10,9,3,14.0,12.32,56.0,44.9,41.07,39.37,29.8,11.1,1.7
CP008,Women,King Street,Women,2,5,41.8,3744.89,0.0,148280.75,31.8,12,1,0,0,8,0,0.0,0.0,39.0,43.7,40.4,37.1,34.2,-4.7,3.3
CP008,Women,King Street,Women,3,5,53.0,3951.04,0.0,208907.5,40.4,17,0,0,0,9,0,0.0,0.0,41.8,40.4,40.33,36.63,43.0,1.4,3.7
CP008,Women,King Street,Women,4,5,48.4,3873.35,0.49,192940.45,37.4,14,2,9,0,9,4,21.0,16.17,53.0,47.4,44.6,38.9,40.0,5.6,5.7
CP008,Women,King Street,Women,5,5,44.0,3919.09,0.0,175258.74,32.4,14,2,1,0,9,2,11.0,10.0,48.4,50.7,47.73,39.37,34.8,-2.3,8.37
CP008,Women,King Street,Women,6,5,48.4,4163.38,0.0,200267.31,36.6,14,1,0,0,9,0,0.0,0.0,44.0,46.2,48.47,39.53,38.0,-2.2,8.93
CP008,Women,King Street,Women,7,5,52.6,4084.31,0.0,213284.93,40.2,17,0,0,0,9,3,18.0,15.83,48.4,46.2,46.93,45.77,45.0,2.2,1.17
CP008,Women,King Street,Women,8,5,45.6,3983.02,0.18,180037.78,34.4,15,0,0,21,9,3,18.0,15.5,52.6,50.5,48.33,48.03,36.4,2.1,0.3
CP008,Women,King Street,Women,9,5,41.0,4267.56,0.0,180223.0,30.4,14,0,0,5,8,0,0.0,0.0,45.6,49.1,48.87,48.67,31.6,-3.5,0.2
CP008,Women,King Street,Women,10,5,42.0,4186.8,0.0,177925.47,32.2,13,1,0,0,9,0,0.0,0.0,41.0,43.3,46.4,46.67,33.4,-2.3,-0.27
CP008,Women,King Street,Women,11,5,45.0,4246.51,0.19,184740.29,34.0,13,0,0,0,9,3,27.0,25.6,42.0,41.5,42.87,45.6,33.8,0.5,-2.73
CP008,Women,King Street,Women,12,5,70.4,4157.7,0.0,293801.64,55.0,15,1,6,0,9,8,29.0,23.33,45.0,43.5,42.67,45.77,56.0,1.5,-3.1
CP008,Women,Libera,Women,1,5,39.8,4033.45,0.15,141838.78,32.4,14,0,0,10,9,4,12.0,10.25,46.6,40.8,38.6,35.67,34.2,5.8,2.93
CP008,Women,Libera,Women,2,5,40.6,3518.48,0.0,136551.34,30.6,13,1,0,0,8,0,0.0,0.0,39.8,39.4,37.93,35.43,34.2,0.4,2.5
CP008,Women,Libera,Women,3,5,35.6,4015.95,0.0,134192.3,28.2,12,0,0,0,9,0,0.0,0.0,40.6,40.2,37.13,35.9,29.0,0.4,1.23
CP008,Women,Libera,Women,4,5,42.2,3672.93,0.14,150637.2,33.8,12,2,9,0,9,4,23.0,18.07,35.6,38.1,38.67,34.47,33.0,-2.5,4.2
CP008,Women,Libera,Women,5,5,46.6,3649.6,0.06,152450.7,39.2,13,2,1,0,9,1,10.0,9.67,42.2,38.9,39.47,33.77,35.8,3.3,5.7
CP008,Women,Libera,Women,6,5,43.6,3850.86,0.0,152146.02,35.2,13,1,0,0,9,0,0.0,0.0,46.6,44.4,41.47,33.8,31.0,2.2,7.67
CP008,Women,Libera,Women,7,5,42.0,4216.76,0.24,164479.97,34.0,12,0,0,0,9,3,18.0,15.17,43.6,45.1,44.13,41.4,33.6,-1.5,2.73
CP008,Women,Libera,Women,8,5,42.0,3870.69,0.15,154063.91,34.2,13,0,0,21,9,3,18.0,15.22,42.0,42.8,44.07,41.77,29.8,-0.8,2.3
CP008,Women,Libera,Women,9,5,42.4,3708.25,0.0,147405.57,34.4,13,0,0,5,8,0,0.0,0.0,42.0,42.0,42.53,42.0,34.8,0.0,0.53
CP008,Women,Libera,Women,10,5,42.2,4280.03,0.0,181164.33,34.2,13,1,0,0,9,0,0.0,0.0,42.4,42.2,42.13,43.13,34.2,0.2,-1.0
CP008,Women,Libera,Women,11,5,40.2,3878.88,0.38,143259.01,32.8,12,0,0,0,9,2,24.0,21.85,42.2,42.3,42.2,43.13,35.0,-0.1,-0.93
CP008,Women,Libera,Women,12,5,56.4,3921.76,0.12,204976.22,45.2,15,1,6,0,9,7,26.0,20.42,40.2,41.2,41.6,42.07,46.6,-1.0,-0.47
CP008,Women,Miss Modano,Women,1,5,90.6,4047.51,0.14,358391.65,68.8,27,0,0,10,9,5,15.0,12.23,100.8,86.0,79.07,75.53,71.4,14.8,3.53
CP008,Women,Miss Modano,Women,2,5,85.8,4103.18,0.0,352064.82,67.2,24,1,0,0,8,0,0.0,0.0,90.6,87.7,82.2,75.53,68.6,2.9,6.67
CP008,Women,Miss Modano,Women,3,5,92.8,3985.91,0.0,392546.81,70.8,25,0,0,0,9,0,0.0,0.0,85.8,88.2,83.67,76.37,76.6,-2.4,7.3
CP008,Women,Miss Modano,Women,4,5,103.6,3895.57,0.09,404808.9,83.8,24,2,9,0,9,7,22.0,16.88,92.8,89.3,89.73,76.57,85.8,3.5,13.17
CP008,Women,Miss Modano,Women,5,5,101.0,4080.15,0.0,414236.14,79.6,28,2,1,0,9,5,15.0,13.71,103.6,98.2,94.07,80.57,78.6,5.4,13.5
CP008,Women,Miss Modano,Women,6,5,85.2,4317.33,0.0,365265.63,65.4,25,1,0,0,9,0,0.0,0.0,101.0,102.3,99.13,82.97,59.0,-1.3,16.17
CP008,Women,Miss Modano,Women,7,5,93.4,3918.63,0.0,367862.01,70.6,27,0,0,0,9,8,19.0,14.19,85.2,93.1,96.6,93.17,74.6,-7.9,3.43
CP008,Women,Miss Modano,Women,8,5,89.4,3919.72,0.07,353743.52,69.8,25,0,0,21,9,5,19.0,15.38,93.4,89.3,93.2,93.63,70.6,4.1,-0.43
CP008,Women,Miss Modano,Women,9,5,89.2,3871.22,0.0,350947.51,68.6,24,0,0,5,8,0,0.0,0.0,89.4,91.4,89.33,94.23,70.8,-2.0,-4.9
CP008,Women,Miss Modano,Women,10,5,81.4,3887.48,0.0,318953.73,61.6,25,1,0,0,9,0,0.0,0.0,89.2,89.3,90.67,93.63,65.2,-0.1,-2.97
CP008,Women,Miss Modano,Women,11,5,93.4,4112.5,0.0,388799.76,75.2,26,0,0,0,9,6,30.0,25.38,81.4,85.3,86.67,89.93,71.2,-3.9,-3.27
CP008,Women,Miss Modano,Women,12,5,126.4,3883.01,0.0,474221.84,100.2,27,1,6,0,9,10,30.0,23.99,93.4,87.4,88.0,88.67,100.8,6.0,-0.67
CP008,Women,Modano,Women,1,5,87.4,3963.48,0.06,351335.54,70.0,28,0,0,10,9,5,15.0,12.69,114.2,91.9,83.33,74.93,70.2,22.3,8.4
CP008,Women,Modano,Women,2,5,79.8,4147.34,0.0,325729.08,62.0,26,1,0,0,8,0,0.0,0.0,87.4,92.0,84.53,76.2,60.0,-4.6,8.33
CP008,Women,Modano,Women,3,5,91.8,3870.01,0.0,366357.57,69.8,29,0,0,0,9,0,0.0,0.0,79.8,83.6,84.6,76.5,73.0,-3.8,8.1
CP008,Women,Modano,Women,4,5,100.4,3917.86,0.08,405391.71,79.6,27,2,9,0,9,10,23.0,17.59,91.8,85.8,86.33,77.27,81.0,6.0,9.07
CP008,Women,Modano,Women,5,5,85.0,4031.58,0.0,342315.75,65.4,27,2,1,0,9,5,15.0,13.02,100.4,96.1,90.67,79.03,69.4,4.3,11.63
CP008,Women,Modano,Women,6,5,80.8,3966.33,0.0,327034.64,63.2,26,1,0,0,9,0,0.0,0.0,85.0,92.7,92.4,78.5,67.4,-7.7,13.9
CP008,Women,Modano,Women,7,5,77.2,3913.49,0.12,299514.04,59.4,28,0,0,0,9,8,19.0,14.2,80.8,82.9,88.73,87.53,62.2,-2.1,1.2
CP008,Women,Modano,Women,8,5,87.8,3787.86,0.23,328389.7,70.2,30,0,0,21,9,7,20.0,16.05,77.2,79.0,81.0,85.83,68.0,-1.8,-4.83
CP008,Women,Modano,Women,9,5,91.0,4133.42,0.0,375086.46,69.8,29,0,0,5,8,0,0.0,0.0,87.8,82.5,81.93,87.17,69.4,5.3,-5.23
CP008,Women,Modano,Women,10,5,83.2,4046.25,0.0,343718.09,63.0,29,1,0,0,9,0,0.0,0.0,91.0,89.4,85.33,87.03,66.2,1.6,-1.7
CP008,Women,Modano,Women,11,5,88.6,4079.5,0.09,363112.42,67.6,30,0,0,0,9,5,28.0,23.34,83.2,87.1,87.33,84.17,69.6,-3.9,3.17
CP008,Women,Modano,Women,12,5,142.2,4141.16,0.25,590045.94,113.6,31,1,6,0,9,14,30.0,23.67,88.6,85.9,87.6,84.77,114.2,2.7,2.83
