inventory_id,store_id,product_id,current_stock,reorder_level,max_stock,supplier_lead_time,last_updated
INV000001,CP001,P0001,751,135,1060,14,11/06/2026
INV000002,CP001,P0002,132,27,200,5,11/06/2026
INV000003,CP001,P0003,218,86,713,14,11/06/2026
INV000004,CP001,P0004,464,133,876,3,11/06/2026
INV000005,CP001,P0005,285,85,884,14,11/06/2026
INV000006,CP001,P0006,244,52,321,10,11/06/2026
INV000007,CP001,P0007,121,48,221,14,11/06/2026
INV000008,CP001,P0008,185,43,277,14,11/06/2026
INV000009,CP001,P0009,319,44,435,10,11/06/2026
INV000010,CP001,P0010,119,31,267,3,11/06/2026
INV000011,CP001,P0011,293,94,780,3,11/06/2026
INV000012,CP001,P0012,22,13,64,10,11/06/2026
INV000013,CP001,P0013,200,38,274,7,11/06/2026
INV000014,CP001,P0014,124,37,230,14,11/06/2026
INV000015,CP001,P0015,17,12,67,14,11/06/2026
INV000016,CP001,P0016,48,49,335,7,11/06/2026
INV000017,CP001,P0017,92,31,369,5,11/06/2026
INV000018,CP001,P0018,44,44,256,5,11/06/2026
INV000019,CP001,P0019,579,116,769,14,11/06/2026
INV000020,CP001,P0020,470,97,758,5,11/06/2026
INV000021,CP001,P0021,221,47,339,5,11/06/2026
INV000022,CP001,P0022,125,51,394,10,11/06/2026
INV000023,CP001,P0023,312,104,589,3,11/06/2026
INV000024,CP001,P0024,149,26,212,7,11/06/2026
INV000025,CP001,P0025,160,34,240,3,11/06/2026
INV000026,CP001,P0026,260,42,322,5,11/06/2026
INV000027,CP001,P0027,179,55,424,14,11/06/2026
INV000028,CP001,P0028,20,11,65,7,11/06/2026
INV000029,CP001,P0029,41,8,48,7,11/06/2026
INV000030,CP001,P0030,289,55,551,5,11/06/2026
INV000031,CP001,P0031,49,37,244,5,11/06/2026
INV000032,CP001,P0032,610,113,996,5,11/06/2026
INV000033,CP001,P0033,52,27,163,7,11/06/2026
INV000034,CP001,P0034,31,27,202,5,11/06/2026
INV000035,CP001,P0035,51,11,78,3,11/06/2026
INV000036,CP001,P0036,13,5,30,10,11/06/2026
INV000037,CP001,P0037,252,97,670,14,11/06/2026
INV000038,CP001,P0038,45,10,107,5,11/06/2026
INV000039,CP001,P0039,50,33,330,10,11/06/2026
INV000040,CP001,P0040,48,47,461,14,11/06/2026
INV000041,CP001,P0041,18,18,164,7,11/06/2026
INV000042,CP001,P0042,142,56,404,14,11/06/2026
INV000043,CP001,P0043,139,37,248,3,11/06/2026
INV000044,CP001,P0044,264,51,343,5,11/06/2026
INV000045,CP001,P0045,71,40,413,3,11/06/2026
INV000046,CP001,P0046,112,48,394,10,11/06/2026
INV000047,CP001,P0047,353,45,394,3,11/06/2026
INV000048,CP001,P0048,258,29,311,7,11/06/2026
INV000049,CP001,P0049,76,44,292,10,11/06/2026
INV000050,CP001,P0050,105,39,265,7,11/06/2026
INV000051,CP001,P0051,118,41,399,5,11/06/2026
INV000052,CP001,P0052,134,38,245,3,11/06/2026
INV000053,CP001,P0053,41,17,113,14,11/06/2026
INV000054,CP001,P0054,365,94,720,7,11/06/2026
INV000055,CP001,P0055,316,72,546,7,11/06/2026
INV000056,CP001,P0056,71,47,263,14,11/06/2026
INV000057,CP001,P0057,177,53,419,14,11/06/2026
INV000058,CP001,P0058,123,40,383,5,11/06/2026
INV000059,CP001,P0059,26,21,160,3,11/06/2026
INV000060,CP001,P0060,38,31,243,7,11/06/2026
INV000061,CP001,P0061,147,39,366,14,11/06/2026
INV000062,CP001,P0062,396,92,604,7,11/06/2026
INV000063,CP001,P0063,187,42,250,5,11/06/2026
INV000064,CP001,P0064,62,13,81,14,11/06/2026
INV000065,CP001,P0065,52,35,181,14,11/06/2026
INV000066,CP001,P0066,279,53,392,10,11/06/2026
INV000067,CP001,P0067,55,16,79,14,11/06/2026
INV000068,CP001,P0068,149,91,608,14,11/06/2026
INV000069,CP001,P0069,68,36,382,5,11/06/2026
INV000070,CP001,P0070,835,112,970,14,11/06/2026
INV000071,CP001,P0071,228,39,280,7,11/06/2026
INV000072,CP001,P0072,168,44,310,5,11/06/2026
INV000073,CP001,P0073,42,26,171,7,11/06/2026
INV000074,CP001,P0074,103,23,174,3,11/06/2026
INV000075,CP001,P0075,184,27,243,10,11/06/2026
INV000076,CP001,P0076,114,42,245,3,11/06/2026
INV000077,CP001,P0077,136,28,252,5,11/06/2026
INV000078,CP001,P0078,184,45,295,3,11/06/2026
INV000079,CP001,P0079,171,49,248,14,11/06/2026
INV000080,CP001,P0080,148,45,303,5,11/06/2026
INV000081,CP001,P0081,247,34,351,10,11/06/2026
INV000082,CP001,P0082,123,27,213,14,11/06/2026
INV000083,CP001,P0083,92,45,305,7,11/06/2026
INV000084,CP001,P0084,14,5,30,10,11/06/2026
INV000085,CP001,P0085,27,23,176,7,11/06/2026
INV000086,CP001,P0086,243,78,421,5,11/06/2026
INV000087,CP001,P0087,172,38,286,10,11/06/2026
INV000088,CP001,P0088,334,53,527,3,11/06/2026
INV000089,CP001,P0089,36,33,300,7,11/06/2026
INV000090,CP001,P0090,199,37,299,10,11/06/2026
INV000091,CP001,P0091,98,33,221,3,11/06/2026
INV000092,CP001,P0092,192,35,307,14,11/06/2026
INV000093,CP001,P0093,86,39,287,14,11/06/2026
INV000094,CP001,P0094,208,58,339,7,11/06/2026
INV000095,CP001,P0095,76,44,392,14,11/06/2026
INV000096,CP001,P0096,41,15,106,14,11/06/2026
INV000097,CP001,P0097,195,33,264,5,11/06/2026
INV000098,CP001,P0098,190,31,343,14,11/06/2026
INV000099,CP001,P0099,75,28,194,14,11/06/2026
INV000100,CP001,P0100,68,44,348,7,11/06/2026
INV000101,CP001,P0101,124,108,655,3,11/06/2026
INV000102,CP001,P0102,436,80,528,7,11/06/2026
INV000103,CP001,P0103,122,44,229,5,11/06/2026
INV000104,CP001,P0104,66,34,221,3,11/06/2026
INV000105,CP001,P0105,260,48,421,3,11/06/2026
INV000106,CP001,P0106,97,32,208,3,11/06/2026
INV000107,CP001,P0107,199,95,615,14,11/06/2026
INV000108,CP001,P0108,33,42,347,7,11/06/2026
INV000109,CP001,P0109,62,32,155,5,11/06/2026
INV000110,CP001,P0110,37,35,266,14,11/06/2026
INV000111,CP001,P0111,133,53,293,10,11/06/2026
INV000112,CP001,P0112,168,33,272,14,11/06/2026
INV000113,CP001,P0113,222,117,904,7,11/06/2026
INV000114,CP001,P0114,12,5,30,7,11/06/2026
INV000115,CP001,P0115,159,29,259,5,11/06/2026
INV000116,CP001,P0116,112,31,222,3,11/06/2026
INV000117,CP001,P0117,421,162,1031,10,11/06/2026
INV000118,CP001,P0118,13,5,30,3,11/06/2026
INV000119,CP001,P0119,107,37,265,3,11/06/2026
INV000120,CP001,P0120,62,13,104,14,11/06/2026
INV000121,CP001,P0121,134,52,395,14,11/06/2026
INV000122,CP001,P0122,389,85,456,14,11/06/2026
INV000123,CP001,P0123,161,32,253,10,11/06/2026
INV000124,CP001,P0124,207,39,369,14,11/06/2026
INV000125,CP001,P0125,253,61,466,14,11/06/2026
INV000126,CP001,P0126,188,37,251,3,11/06/2026
INV000127,CP001,P0127,187,41,352,14,11/06/2026
INV000128,CP001,P0128,74,53,410,10,11/06/2026
INV000129,CP001,P0129,275,46,416,14,11/06/2026
INV000130,CP001,P0130,116,40,386,10,11/06/2026
INV000131,CP001,P0131,182,55,310,5,11/06/2026
INV000132,CP001,P0132,288,51,487,14,11/06/2026
INV000133,CP001,P0133,150,44,291,3,11/06/2026
INV000134,CP001,P0134,145,53,304,14,11/06/2026
INV000135,CP001,P0135,129,49,242,5,11/06/2026
INV000136,CP001,P0136,42,9,75,14,11/06/2026
INV000137,CP001,P0137,125,42,222,10,11/06/2026
INV000138,CP001,P0138,101,11,129,5,11/06/2026
INV000139,CP001,P0139,311,34,347,10,11/06/2026
INV000140,CP001,P0140,287,41,488,10,11/06/2026
INV000141,CP001,P0141,119,31,366,10,11/06/2026
INV000142,CP001,P0142,344,61,470,7,11/06/2026
INV000143,CP001,P0143,37,14,109,5,11/06/2026
INV000144,CP001,P0144,163,47,319,14,11/06/2026
INV000145,CP001,P0145,228,50,437,7,11/06/2026
INV000146,CP001,P0146,117,65,566,3,11/06/2026
INV000147,CP001,P0147,106,99,803,14,11/06/2026
INV000148,CP001,P0148,191,96,547,5,11/06/2026
INV000149,CP001,P0149,42,41,238,10,11/06/2026
INV000150,CP001,P0150,89,32,216,5,11/06/2026
INV000151,CP001,P0151,91,21,136,7,11/06/2026
INV000152,CP001,P0152,30,29,179,3,11/06/2026
INV000153,CP001,P0153,351,104,641,7,11/06/2026
INV000154,CP001,P0154,141,49,409,5,11/06/2026
INV000155,CP001,P0155,165,42,302,14,11/06/2026
INV000156,CP001,P0156,70,43,268,14,11/06/2026
INV000157,CP001,P0157,206,32,263,5,11/06/2026
INV000158,CP001,P0158,60,14,123,14,11/06/2026
INV000159,CP001,P0159,310,55,316,14,11/06/2026
INV000160,CP001,P0160,214,53,274,5,11/06/2026
INV000161,CP001,P0161,7,5,30,14,11/06/2026
INV000162,CP001,P0162,219,50,407,5,11/06/2026
INV000163,CP001,P0163,276,37,340,10,11/06/2026
INV000164,CP001,P0164,628,64,675,14,11/06/2026
INV000165,CP001,P0165,187,54,432,7,11/06/2026
INV000166,CP001,P0166,327,98,593,10,11/06/2026
INV000167,CP001,P0167,118,34,255,10,11/06/2026
INV000168,CP001,P0168,109,51,358,3,11/06/2026
INV000169,CP001,P0169,24,10,59,5,11/06/2026
INV000170,CP001,P0170,167,61,386,5,11/06/2026
INV000171,CP001,P0171,598,70,609,7,11/06/2026
INV000172,CP001,P0172,42,53,354,14,11/06/2026
INV000173,CP001,P0173,449,96,874,10,11/06/2026
INV000174,CP001,P0174,244,38,397,3,11/06/2026
INV000175,CP001,P0175,54,29,257,7,11/06/2026
INV000176,CP001,P0176,15,11,117,14,11/06/2026
INV000177,CP001,P0177,94,37,305,7,11/06/2026
INV000178,CP001,P0178,63,53,270,7,11/06/2026
INV000179,CP001,P0179,257,29,267,14,11/06/2026
INV000180,CP001,P0180,127,38,285,5,11/06/2026
INV000181,CP001,P0181,27,10,80,10,11/06/2026
INV000182,CP001,P0182,9,8,49,14,11/06/2026
INV000183,CP001,P0183,111,27,135,7,11/06/2026
INV000184,CP001,P0184,150,33,207,7,11/06/2026
INV000185,CP001,P0185,90,72,383,7,11/06/2026
INV000186,CP001,P0186,418,52,486,10,11/06/2026
INV000187,CP001,P0187,356,153,819,14,11/06/2026
INV000188,CP001,P0188,132,54,331,14,11/06/2026
INV000189,CP001,P0189,25,13,137,5,11/06/2026
INV000190,CP001,P0190,210,49,440,5,11/06/2026
INV000191,CP001,P0191,198,42,388,5,11/06/2026
INV000192,CP001,P0192,460,149,796,14,11/06/2026
INV000193,CP001,P0193,262,44,471,10,11/06/2026
INV000194,CP001,P0194,174,32,222,14,11/06/2026
INV000195,CP001,P0195,135,56,349,3,11/06/2026
INV000196,CP001,P0196,215,82,530,7,11/06/2026
INV000197,CP001,P0197,65,40,235,7,11/06/2026
INV000198,CP001,P0198,87,62,396,3,11/06/2026
INV000199,CP001,P0199,105,76,731,5,11/06/2026
INV000200,CP001,P0200,32,28,255,10,11/06/2026
INV000201,CP001,P0201,108,28,139,3,11/06/2026
INV000202,CP001,P0202,309,54,550,3,11/06/2026
INV000203,CP001,P0203,257,73,516,3,11/06/2026
INV000204,CP001,P0204,468,108,1099,5,11/06/2026
INV000205,CP001,P0205,71,60,350,14,11/06/2026
INV000206,CP001,P0206,123,34,274,5,11/06/2026
INV000207,CP001,P0207,266,110,842,5,11/06/2026
INV000208,CP001,P0208,205,42,368,5,11/06/2026
INV000209,CP001,P0209,130,47,226,7,11/06/2026
INV000210,CP001,P0210,54,58,527,5,11/06/2026
INV000211,CP001,P0211,118,36,206,7,11/06/2026
INV000212,CP001,P0212,206,54,419,5,11/06/2026
INV000213,CP001,P0213,28,30,258,10,11/06/2026
INV000214,CP001,P0214,210,44,265,3,11/06/2026
INV000215,CP001,P0215,301,56,437,3,11/06/2026
INV000216,CP001,P0216,259,67,395,3,11/06/2026
INV000217,CP001,P0217,48,46,305,7,11/06/2026
INV000218,CP001,P0218,64,13,90,3,11/06/2026
INV000219,CP001,P0219,158,45,417,7,11/06/2026
INV000220,CP001,P0220,39,11,70,5,11/06/2026
INV000221,CP001,P0221,191,31,226,10,11/06/2026
INV000222,CP001,P0222,315,57,338,7,11/06/2026
INV000223,CP001,P0223,44,44,296,7,11/06/2026
INV000224,CP001,P0224,101,25,263,7,11/06/2026
INV000225,CP001,P0225,58,59,355,14,11/06/2026
INV000226,CP001,P0226,13,5,30,3,11/06/2026
INV000227,CP001,P0227,92,11,134,14,11/06/2026
INV000228,CP001,P0228,35,11,92,14,11/06/2026
INV000229,CP001,P0229,55,13,88,5,11/06/2026
INV000230,CP001,P0230,157,87,424,14,11/06/2026
INV000231,CP001,P0231,55,18,109,5,11/06/2026
INV000232,CP001,P0232,13,5,30,5,11/06/2026
INV000233,CP001,P0233,211,49,408,10,11/06/2026
INV000234,CP001,P0234,83,38,326,7,11/06/2026
INV000235,CP001,P0235,75,56,447,10,11/06/2026
INV000236,CP001,P0236,210,35,250,5,11/06/2026
INV000237,CP001,P0237,61,30,157,3,11/06/2026
INV000238,CP001,P0238,163,47,336,3,11/06/2026
INV000239,CP001,P0239,70,61,442,3,11/06/2026
INV000240,CP001,P0240,107,27,302,14,11/06/2026
INV000241,CP001,P0241,57,9,85,10,11/06/2026
INV000242,CP001,P0242,94,37,272,14,11/06/2026
INV000243,CP001,P0243,73,31,190,14,11/06/2026
INV000244,CP001,P0244,14,5,30,5,11/06/2026
INV000245,CP001,P0245,114,43,268,14,11/06/2026
INV000246,CP001,P0246,267,52,299,7,11/06/2026
INV000247,CP001,P0247,137,66,510,7,11/06/2026
INV000248,CP001,P0248,44,16,149,5,11/06/2026
INV000249,CP001,P0249,102,30,227,5,11/06/2026
INV000250,CP001,P0250,17,13,67,3,11/06/2026
INV000251,CP001,P0251,302,36,366,14,11/06/2026
INV000252,CP001,P0252,435,79,529,3,11/06/2026
INV000253,CP001,P0253,148,36,335,5,11/06/2026
INV000254,CP001,P0254,28,5,30,3,11/06/2026
INV000255,CP001,P0255,145,52,299,14,11/06/2026
INV000256,CP001,P0256,11,5,30,5,11/06/2026
INV000257,CP001,P0257,107,17,150,7,11/06/2026
INV000258,CP001,P0258,277,46,359,14,11/06/2026
INV000259,CP001,P0259,6,7,49,7,11/06/2026
INV000260,CP001,P0260,519,116,695,10,11/06/2026
INV000261,CP001,P0261,156,56,356,10,11/06/2026
INV000262,CP001,P0262,51,31,357,5,11/06/2026
INV000263,CP001,P0263,410,81,569,5,11/06/2026
INV000264,CP001,P0264,186,76,432,14,11/06/2026
INV000265,CP001,P0265,97,36,303,5,11/06/2026
INV000266,CP001,P0266,14,5,30,5,11/06/2026
INV000267,CP001,P0267,37,16,132,3,11/06/2026
INV000268,CP001,P0268,109,46,279,7,11/06/2026
INV000269,CP001,P0269,116,37,239,7,11/06/2026
INV000270,CP001,P0270,449,114,799,10,11/06/2026
INV000271,CP001,P0271,43,27,242,5,11/06/2026
INV000272,CP001,P0272,200,53,482,7,11/06/2026
INV000273,CP001,P0273,94,41,351,5,11/06/2026
INV000274,CP001,P0274,76,51,272,7,11/06/2026
INV000275,CP001,P0275,366,42,495,10,11/06/2026
INV000276,CP001,P0276,10,5,30,10,11/06/2026
INV000277,CP001,P0277,325,127,603,14,11/06/2026
INV000278,CP001,P0278,84,44,238,14,11/06/2026
INV000279,CP001,P0279,208,76,388,14,11/06/2026
INV000280,CP001,P0280,54,16,99,7,11/06/2026
INV000281,CP001,P0281,242,35,299,14,11/06/2026
INV000282,CP001,P0282,162,34,257,10,11/06/2026
INV000283,CP001,P0283,47,24,122,3,11/06/2026
INV000284,CP001,P0284,186,26,277,10,11/06/2026
INV000285,CP001,P0285,51,46,341,10,11/06/2026
INV000286,CP001,P0286,319,96,935,10,11/06/2026
INV000287,CP001,P0287,198,96,474,3,11/06/2026
INV000288,CP001,P0288,501,93,610,5,11/06/2026
INV000289,CP001,P0289,260,99,716,5,11/06/2026
INV000290,CP001,P0290,214,47,471,5,11/06/2026
INV000291,CP001,P0291,458,67,627,14,11/06/2026
INV000292,CP001,P0292,183,32,256,3,11/06/2026
INV000293,CP001,P0293,601,107,718,3,11/06/2026
INV000294,CP001,P0294,200,90,559,14,11/06/2026
INV000295,CP001,P0295,76,23,118,10,11/06/2026
INV000296,CP001,P0296,171,43,348,7,11/06/2026
INV000297,CP001,P0297,84,16,106,14,11/06/2026
INV000298,CP001,P0298,63,28,252,10,11/06/2026
INV000299,CP001,P0299,31,18,113,7,11/06/2026
INV000300,CP001,P0300,67,15,121,10,11/06/2026
INV000301,CP001,P0301,168,63,601,10,11/06/2026
INV000302,CP001,P0302,190,49,475,5,11/06/2026
INV000303,CP001,P0303,136,43,353,7,11/06/2026
INV000304,CP001,P0304,459,96,690,7,11/06/2026
INV000305,CP001,P0305,54,9,84,5,11/06/2026
INV000306,CP001,P0306,98,17,168,10,11/06/2026
INV000307,CP001,P0307,15,5,30,7,11/06/2026
INV000308,CP001,P0308,98,96,573,5,11/06/2026
INV000309,CP001,P0309,85,34,221,10,11/06/2026
INV000310,CP001,P0310,191,47,250,10,11/06/2026
INV000311,CP001,P0311,190,55,296,14,11/06/2026
INV000312,CP001,P0312,227,37,380,14,11/06/2026
INV000313,CP001,P0313,28,5,30,5,11/06/2026
INV000314,CP001,P0314,226,117,1226,7,11/06/2026
INV000315,CP001,P0315,228,30,327,14,11/06/2026
INV000316,CP001,P0316,40,52,268,10,11/06/2026
INV000317,CP001,P0317,181,89,783,14,11/06/2026
INV000318,CP001,P0318,74,12,109,5,11/06/2026
INV000319,CP001,P0319,130,48,287,14,11/06/2026
INV000320,CP001,P0320,95,92,492,10,11/06/2026
INV000321,CP001,P0321,254,45,359,7,11/06/2026
INV000322,CP001,P0322,402,68,595,14,11/06/2026
INV000323,CP001,P0323,95,47,239,7,11/06/2026
INV000324,CP001,P0324,298,87,444,7,11/06/2026
INV000325,CP001,P0325,153,68,356,14,11/06/2026
INV000326,CP001,P0326,160,34,288,3,11/06/2026
INV000327,CP001,P0327,29,49,473,10,11/06/2026
INV000328,CP001,P0328,197,34,255,10,11/06/2026
INV000329,CP001,P0329,167,29,254,5,11/06/2026
INV000330,CP001,P0330,7,5,30,10,11/06/2026
INV000331,CP001,P0331,65,37,211,14,11/06/2026
INV000332,CP001,P0332,121,55,305,7,11/06/2026
INV000333,CP001,P0333,412,101,712,3,11/06/2026
INV000334,CP001,P0334,14,5,30,7,11/06/2026
INV000335,CP001,P0335,104,41,318,10,11/06/2026
INV000336,CP001,P0336,31,13,61,7,11/06/2026
INV000337,CP001,P0337,179,85,491,14,11/06/2026
INV000338,CP001,P0338,327,61,369,3,11/06/2026
INV000339,CP001,P0339,319,116,793,7,11/06/2026
INV000340,CP001,P0340,193,23,213,10,11/06/2026
INV000341,CP001,P0341,88,34,214,5,11/06/2026
INV000342,CP001,P0342,330,147,1024,10,11/06/2026
INV000343,CP001,P0343,91,35,378,10,11/06/2026
INV000344,CP001,P0344,203,57,393,7,11/06/2026
INV000345,CP001,P0345,71,45,387,10,11/06/2026
INV000346,CP001,P0346,462,68,702,10,11/06/2026
INV000347,CP001,P0347,56,42,315,5,11/06/2026
INV000348,CP001,P0348,132,44,233,7,11/06/2026
INV000349,CP001,P0349,34,37,224,5,11/06/2026
INV000350,CP001,P0350,9,8,75,10,11/06/2026
INV000351,CP001,P0351,133,27,199,5,11/06/2026
INV000352,CP001,P0352,579,110,650,10,11/06/2026
INV000353,CP001,P0353,243,43,281,5,11/06/2026
INV000354,CP001,P0354,293,36,417,7,11/06/2026
INV000355,CP001,P0355,714,85,843,3,11/06/2026
INV000356,CP001,P0356,121,64,524,5,11/06/2026
INV000357,CP001,P0357,35,25,168,7,11/06/2026
INV000358,CP001,P0358,296,51,411,3,11/06/2026
INV000359,CP001,P0359,97,34,191,14,11/06/2026
INV000360,CP001,P0360,113,71,674,5,11/06/2026
INV000361,CP001,P0361,111,19,201,3,11/06/2026
INV000362,CP001,P0362,15,5,30,7,11/06/2026
INV000363,CP001,P0363,274,71,518,3,11/06/2026
INV000364,CP001,P0364,58,35,420,5,11/06/2026
INV000365,CP001,P0365,84,38,273,10,11/06/2026
INV000366,CP001,P0366,208,33,267,14,11/06/2026
INV000367,CP001,P0367,137,46,217,5,11/06/2026
INV000368,CP001,P0368,340,85,846,7,11/06/2026
INV000369,CP001,P0369,187,21,213,3,11/06/2026
INV000370,CP001,P0370,128,26,218,5,11/06/2026
INV000371,CP001,P0371,137,46,351,5,11/06/2026
INV000372,CP001,P0372,96,56,395,5,11/06/2026
INV000373,CP001,P0373,41,46,412,10,11/06/2026
INV000374,CP001,P0374,56,12,101,10,11/06/2026
INV000375,CP001,P0375,426,79,644,10,11/06/2026
INV000376,CP001,P0376,72,40,271,5,11/06/2026
INV000377,CP001,P0377,44,39,344,10,11/06/2026
INV000378,CP001,P0378,83,44,201,14,11/06/2026
INV000379,CP001,P0379,144,67,430,3,11/06/2026
INV000380,CP001,P0380,14,5,30,14,11/06/2026
INV000381,CP001,P0381,97,59,433,10,11/06/2026
INV000382,CP001,P0382,165,36,189,10,11/06/2026
INV000383,CP001,P0383,107,67,323,7,11/06/2026
INV000384,CP001,P0384,130,45,304,14,11/06/2026
INV000385,CP001,P0385,536,59,625,7,11/06/2026
INV000386,CP001,P0386,339,57,538,3,11/06/2026
INV000387,CP001,P0387,166,44,272,14,11/06/2026
INV000388,CP001,P0388,208,40,297,5,11/06/2026
INV000389,CP001,P0389,153,47,257,7,11/06/2026
INV000390,CP001,P0390,421,90,866,3,11/06/2026
INV000391,CP001,P0391,131,39,275,7,11/06/2026
INV000392,CP001,P0392,57,53,473,5,11/06/2026
INV000393,CP001,P0393,106,76,628,7,11/06/2026
INV000394,CP001,P0394,112,26,241,5,11/06/2026
INV000395,CP001,P0395,12,5,30,7,11/06/2026
INV000396,CP001,P0396,61,35,209,10,11/06/2026
INV000397,CP001,P0397,87,32,375,7,11/06/2026
INV000398,CP001,P0398,41,32,240,5,11/06/2026
INV000399,CP001,P0399,193,34,352,5,11/06/2026
INV000400,CP001,P0400,301,39,377,3,11/06/2026
INV000401,CP001,P0401,102,32,230,7,11/06/2026
INV000402,CP001,P0402,74,42,413,14,11/06/2026
INV000403,CP001,P0403,303,93,561,14,11/06/2026
INV000404,CP001,P0404,205,47,403,14,11/06/2026
INV000405,CP001,P0405,408,87,500,7,11/06/2026
INV000406,CP001,P0406,72,34,196,7,11/06/2026
INV000407,CP001,P0407,550,124,843,3,11/06/2026
INV000408,CP001,P0408,186,57,302,14,11/06/2026
INV000409,CP001,P0409,76,35,311,3,11/06/2026
INV000410,CP001,P0410,93,14,98,3,11/06/2026
INV000411,CP001,P0411,91,61,360,7,11/06/2026
INV000412,CP001,P0412,145,41,378,7,11/06/2026
INV000413,CP001,P0413,23,12,81,5,11/06/2026
INV000414,CP001,P0414,29,14,94,14,11/06/2026
INV000415,CP001,P0415,213,39,298,10,11/06/2026
INV000416,CP001,P0416,123,29,302,5,11/06/2026
INV000417,CP001,P0417,97,35,268,10,11/06/2026
INV000418,CP001,P0418,606,107,911,3,11/06/2026
INV000419,CP001,P0419,440,62,469,3,11/06/2026
INV000420,CP001,P0420,57,24,175,7,11/06/2026
INV000421,CP001,P0421,269,46,362,10,11/06/2026
INV000422,CP001,P0422,44,21,168,10,11/06/2026
INV000423,CP001,P0423,130,60,344,3,11/06/2026
INV000424,CP001,P0424,41,19,93,7,11/06/2026
INV000425,CP001,P0425,110,37,223,14,11/06/2026
INV000426,CP001,P0426,246,63,412,5,11/06/2026
INV000427,CP001,P0427,174,34,280,7,11/06/2026
INV000428,CP001,P0428,172,49,422,10,11/06/2026
INV000429,CP001,P0429,208,37,273,7,11/06/2026
INV000430,CP001,P0430,108,29,323,3,11/06/2026
INV000431,CP001,P0431,10,5,33,14,11/06/2026
INV000432,CP001,P0432,100,49,309,5,11/06/2026
INV000433,CP001,P0433,39,35,242,5,11/06/2026
INV000434,CP001,P0434,508,113,990,10,11/06/2026
INV000435,CP001,P0435,385,91,716,7,11/06/2026
INV000436,CP001,P0436,119,26,149,3,11/06/2026
INV000437,CP001,P0437,167,27,272,14,11/06/2026
INV000438,CP001,P0438,55,50,320,14,11/06/2026
INV000439,CP001,P0439,162,51,361,5,11/06/2026
INV000440,CP001,P0440,163,53,546,3,11/06/2026
INV000441,CP001,P0441,567,95,593,10,11/06/2026
INV000442,CP001,P0442,161,38,292,3,11/06/2026
INV000443,CP001,P0443,117,28,253,14,11/06/2026
INV000444,CP001,P0444,418,41,459,14,11/06/2026
INV000445,CP001,P0445,201,40,229,5,11/06/2026
INV000446,CP001,P0446,15,5,30,10,11/06/2026
INV000447,CP001,P0447,199,32,325,14,11/06/2026
INV000448,CP001,P0448,56,62,419,3,11/06/2026
INV000449,CP001,P0449,256,48,421,7,11/06/2026
INV000450,CP001,P0450,69,36,224,7,11/06/2026
INV000451,CP001,P0451,465,159,868,14,11/06/2026
INV000452,CP001,P0452,201,71,529,5,11/06/2026
INV000453,CP001,P0453,152,28,262,5,11/06/2026
INV000454,CP001,P0454,89,36,217,10,11/06/2026
INV000455,CP001,P0455,370,133,881,10,11/06/2026
INV000456,CP001,P0456,18,11,69,3,11/06/2026
INV000457,CP001,P0457,10,8,58,14,11/06/2026
INV000458,CP001,P0458,369,53,452,10,11/06/2026
INV000459,CP001,P0459,18,14,104,7,11/06/2026
INV000460,CP001,P0460,342,71,446,3,11/06/2026
INV000461,CP001,P0461,152,34,372,14,11/06/2026
INV000462,CP001,P0462,374,70,762,14,11/06/2026
INV000463,CP001,P0463,177,82,655,10,11/06/2026
INV000464,CP001,P0464,188,47,347,3,11/06/2026
INV000465,CP001,P0465,143,35,238,14,11/06/2026
INV000466,CP001,P0466,14,5,30,3,11/06/2026
INV000467,CP001,P0467,190,45,337,14,11/06/2026
INV000468,CP001,P0468,132,37,314,14,11/06/2026
INV000469,CP001,P0469,26,11,96,10,11/06/2026
INV000470,CP001,P0470,177,85,687,14,11/06/2026
INV000471,CP001,P0471,181,76,508,5,11/06/2026
INV000472,CP001,P0472,243,42,300,5,11/06/2026
INV000473,CP001,P0473,163,47,312,14,11/06/2026
INV000474,CP001,P0474,87,31,269,5,11/06/2026
INV000475,CP001,P0475,26,13,109,7,11/06/2026
INV000476,CP001,P0476,126,37,201,3,11/06/2026
INV000477,CP001,P0477,274,108,951,3,11/06/2026
INV000478,CP001,P0478,193,50,280,5,11/06/2026
INV000479,CP001,P0479,188,85,568,7,11/06/2026
INV000480,CP001,P0480,66,30,176,7,11/06/2026
INV000481,CP001,P0481,158,89,510,3,11/06/2026
INV000482,CP001,P0482,208,113,976,14,11/06/2026
INV000483,CP001,P0483,302,61,474,10,11/06/2026
INV000484,CP001,P0484,62,51,369,14,11/06/2026
INV000485,CP001,P0485,97,96,505,5,11/06/2026
INV000486,CP001,P0486,132,35,290,3,11/06/2026
INV000487,CP001,P0487,223,38,374,5,11/06/2026
INV000488,CP001,P0488,87,66,637,3,11/06/2026
INV000489,CP001,P0489,213,36,280,5,11/06/2026
INV000490,CP001,P0490,11,8,58,5,11/06/2026
INV000491,CP001,P0491,79,18,161,7,11/06/2026
INV000492,CP001,P0492,52,29,190,5,11/06/2026
INV000493,CP001,P0493,309,51,429,7,11/06/2026
INV000494,CP001,P0494,66,63,312,5,11/06/2026
INV000495,CP001,P0495,190,43,312,10,11/06/2026
INV000496,CP001,P0496,241,44,476,5,11/06/2026
INV000497,CP001,P0497,81,39,322,10,11/06/2026
INV000498,CP001,P0498,14,15,95,5,11/06/2026
INV000499,CP001,P0499,98,30,178,14,11/06/2026
INV000500,CP001,P0500,61,18,104,7,11/06/2026
INV000501,CP001,P0501,26,5,30,7,11/06/2026
INV000502,CP001,P0502,72,39,288,14,11/06/2026
INV000503,CP001,P0503,95,73,669,3,11/06/2026
INV000504,CP001,P0504,288,68,569,5,11/06/2026
INV000505,CP001,P0505,84,40,234,7,11/06/2026
INV000506,CP001,P0506,85,37,175,7,11/06/2026
INV000507,CP001,P0507,50,52,286,10,11/06/2026
INV000508,CP001,P0508,635,114,942,5,11/06/2026
INV000509,CP001,P0509,147,60,425,14,11/06/2026
INV000510,CP001,P0510,32,13,77,10,11/06/2026
INV000511,CP001,P0511,79,47,356,3,11/06/2026
INV000512,CP001,P0512,42,36,275,7,11/06/2026
INV000513,CP001,P0513,15,14,112,7,11/06/2026
INV000514,CP001,P0514,182,63,595,3,11/06/2026
INV000515,CP001,P0515,53,26,154,3,11/06/2026
INV000516,CP001,P0516,68,35,247,14,11/06/2026
INV000517,CP001,P0517,53,31,256,14,11/06/2026
INV000518,CP001,P0518,40,50,224,14,11/06/2026
INV000519,CP001,P0519,520,93,641,10,11/06/2026
INV000520,CP001,P0520,57,50,424,14,11/06/2026
INV000521,CP001,P0521,91,27,164,10,11/06/2026
INV000522,CP001,P0522,133,36,328,10,11/06/2026
INV000523,CP001,P0523,69,11,119,3,11/06/2026
INV000524,CP001,P0524,63,53,239,3,11/06/2026
INV000525,CP001,P0525,260,78,427,7,11/06/2026
INV000526,CP001,P0526,65,41,292,3,11/06/2026
INV000527,CP001,P0527,120,30,273,7,11/06/2026
INV000528,CP001,P0528,63,14,97,5,11/06/2026
INV000529,CP001,P0529,179,42,345,5,11/06/2026
INV000530,CP001,P0530,144,42,310,10,11/06/2026
INV000531,CP001,P0531,221,48,502,5,11/06/2026
INV000532,CP001,P0532,166,71,469,5,11/06/2026
INV000533,CP001,P0533,56,60,295,5,11/06/2026
INV000534,CP001,P0534,49,31,205,3,11/06/2026
INV000535,CP001,P0535,120,21,188,14,11/06/2026
INV000536,CP001,P0536,276,44,393,7,11/06/2026
INV000537,CP001,P0537,13,5,30,5,11/06/2026
INV000538,CP001,P0538,30,14,117,7,11/06/2026
INV000539,CP001,P0539,276,133,633,14,11/06/2026
INV000540,CP001,P0540,17,5,30,14,11/06/2026
INV000541,CP001,P0541,257,50,322,7,11/06/2026
INV000542,CP001,P0542,29,9,80,14,11/06/2026
INV000543,CP001,P0543,129,46,223,10,11/06/2026
INV000544,CP001,P0544,54,34,250,5,11/06/2026
INV000545,CP001,P0545,61,55,327,14,11/06/2026
INV000546,CP001,P0546,316,91,532,3,11/06/2026
INV000547,CP001,P0547,40,7,61,5,11/06/2026
INV000548,CP001,P0548,97,29,226,5,11/06/2026
INV000549,CP001,P0549,335,77,495,7,11/06/2026
INV000550,CP001,P0550,234,40,458,14,11/06/2026
INV000551,CP001,P0551,79,33,204,3,11/06/2026
INV000552,CP001,P0552,185,43,422,10,11/06/2026
INV000553,CP001,P0553,168,60,330,14,11/06/2026
INV000554,CP001,P0554,146,36,251,3,11/06/2026
INV000555,CP001,P0555,279,58,352,7,11/06/2026
INV000556,CP001,P0556,105,29,234,3,11/06/2026
INV000557,CP001,P0557,24,5,32,14,11/06/2026
INV000558,CP001,P0558,231,99,696,14,11/06/2026
INV000559,CP001,P0559,40,16,86,7,11/06/2026
INV000560,CP001,P0560,62,23,164,7,11/06/2026
INV000561,CP001,P0561,105,31,157,7,11/06/2026
INV000562,CP001,P0562,245,42,347,5,11/06/2026
INV000563,CP001,P0563,137,56,338,10,11/06/2026
INV000564,CP001,P0564,287,56,498,14,11/06/2026
INV000565,CP001,P0565,157,106,787,7,11/06/2026
INV000566,CP001,P0566,59,25,147,3,11/06/2026
INV000567,CP001,P0567,128,88,565,14,11/06/2026
INV000568,CP001,P0568,108,26,232,3,11/06/2026
INV000569,CP001,P0569,196,34,248,3,11/06/2026
INV000570,CP001,P0570,150,23,190,3,11/06/2026
INV000571,CP001,P0571,324,42,351,3,11/06/2026
INV000572,CP001,P0572,232,45,374,5,11/06/2026
INV000573,CP001,P0573,193,46,307,5,11/06/2026
INV000574,CP001,P0574,70,33,279,10,11/06/2026
INV000575,CP001,P0575,163,31,226,7,11/06/2026
INV000576,CP001,P0576,64,28,279,5,11/06/2026
INV000577,CP001,P0577,230,65,426,5,11/06/2026
INV000578,CP001,P0578,162,41,241,10,11/06/2026
INV000579,CP001,P0579,7,5,30,7,11/06/2026
INV000580,CP001,P0580,311,73,569,5,11/06/2026
INV000581,CP001,P0581,208,42,301,7,11/06/2026
INV000582,CP001,P0582,150,42,216,5,11/06/2026
INV000583,CP001,P0583,186,61,464,10,11/06/2026
INV000584,CP001,P0584,219,47,414,3,11/06/2026
INV000585,CP001,P0585,74,88,462,10,11/06/2026
INV000586,CP001,P0586,137,38,279,3,11/06/2026
INV000587,CP001,P0587,193,43,397,7,11/06/2026
INV000588,CP001,P0588,101,27,162,10,11/06/2026
INV000589,CP001,P0589,6,5,30,3,11/06/2026
INV000590,CP001,P0590,366,94,551,3,11/06/2026
INV000591,CP001,P0591,55,62,656,5,11/06/2026
INV000592,CP001,P0592,196,47,307,7,11/06/2026
INV000593,CP001,P0593,300,70,592,5,11/06/2026
INV000594,CP001,P0594,122,42,280,10,11/06/2026
INV000595,CP001,P0595,184,65,433,5,11/06/2026
INV000596,CP001,P0596,299,109,777,5,11/06/2026
INV000597,CP001,P0597,46,14,75,10,11/06/2026
INV000598,CP001,P0598,168,101,682,10,11/06/2026
INV000599,CP001,P0599,79,77,681,10,11/06/2026
INV000600,CP001,P0600,77,54,415,3,11/06/2026
INV000601,CP001,P0601,83,43,318,3,11/06/2026
INV000602,CP001,P0602,54,40,280,3,11/06/2026
INV000603,CP001,P0603,174,34,335,5,11/06/2026
INV000604,CP001,P0604,11,5,30,3,11/06/2026
INV000605,CP001,P0605,361,93,518,3,11/06/2026
INV000606,CP001,P0606,320,129,684,3,11/06/2026
INV000607,CP001,P0607,116,25,188,3,11/06/2026
INV000608,CP001,P0608,15,5,30,7,11/06/2026
INV000609,CP001,P0609,446,108,669,14,11/06/2026
INV000610,CP001,P0610,149,46,442,3,11/06/2026
INV000611,CP001,P0611,62,28,185,14,11/06/2026
INV000612,CP001,P0612,464,96,679,10,11/06/2026
INV000613,CP001,P0613,108,45,285,5,11/06/2026
INV000614,CP001,P0614,68,42,338,7,11/06/2026
INV000615,CP001,P0615,697,99,709,14,11/06/2026
INV000616,CP001,P0616,202,43,379,3,11/06/2026
INV000617,CP001,P0617,168,38,395,10,11/06/2026
INV000618,CP001,P0618,189,23,209,10,11/06/2026
INV000619,CP001,P0619,183,41,250,5,11/06/2026
INV000620,CP001,P0620,179,35,204,7,11/06/2026
INV000621,CP001,P0621,95,84,561,5,11/06/2026
INV000622,CP001,P0622,114,36,284,7,11/06/2026
INV000623,CP001,P0623,156,58,490,14,11/06/2026
INV000624,CP001,P0624,14,5,30,3,11/06/2026
INV000625,CP001,P0625,503,115,573,3,11/06/2026
INV000626,CP001,P0626,348,68,353,3,11/06/2026
INV000627,CP001,P0627,42,9,78,5,11/06/2026
INV000628,CP001,P0628,20,7,40,10,11/06/2026
INV000629,CP001,P0629,187,37,302,14,11/06/2026
INV000630,CP001,P0630,183,176,1013,7,11/06/2026
INV000631,CP001,P0631,242,43,379,10,11/06/2026
INV000632,CP001,P0632,171,43,259,5,11/06/2026
INV000633,CP001,P0633,180,35,380,7,11/06/2026
INV000634,CP001,P0634,127,60,493,5,11/06/2026
INV000635,CP001,P0635,140,36,231,7,11/06/2026
INV000636,CP001,P0636,37,40,336,14,11/06/2026
INV000637,CP001,P0637,141,64,451,10,11/06/2026
INV000638,CP001,P0638,269,53,302,7,11/06/2026
INV000639,CP001,P0639,95,82,592,14,11/06/2026
INV000640,CP001,P0640,147,62,409,14,11/06/2026
INV000641,CP001,P0641,268,64,452,10,11/06/2026
INV000642,CP001,P0642,139,41,313,10,11/06/2026
INV000643,CP001,P0643,180,58,266,3,11/06/2026
INV000644,CP001,P0644,18,11,84,7,11/06/2026
INV000645,CP001,P0645,75,46,309,7,11/06/2026
INV000646,CP001,P0646,109,86,574,7,11/06/2026
INV000647,CP001,P0647,378,81,758,7,11/06/2026
INV000648,CP001,P0648,147,47,271,3,11/06/2026
INV000649,CP001,P0649,130,36,345,10,11/06/2026
INV000650,CP001,P0650,63,10,83,14,11/06/2026
INV000651,CP001,P0651,162,48,487,5,11/06/2026
INV000652,CP001,P0652,286,40,409,10,11/06/2026
INV000653,CP001,P0653,197,64,341,14,11/06/2026
INV000654,CP001,P0654,23,23,162,14,11/06/2026
INV000655,CP001,P0655,60,64,293,5,11/06/2026
INV000656,CP001,P0656,10,8,58,14,11/06/2026
INV000657,CP001,P0657,177,30,230,3,11/06/2026
INV000658,CP001,P0658,40,9,67,14,11/06/2026
INV000659,CP001,P0659,30,10,93,7,11/06/2026
INV000660,CP001,P0660,100,38,182,14,11/06/2026
INV000661,CP001,P0661,44,8,64,14,11/06/2026
INV000662,CP001,P0662,138,37,335,3,11/06/2026
INV000663,CP001,P0663,352,55,565,10,11/06/2026
INV000664,CP001,P0664,156,34,274,10,11/06/2026
INV000665,CP001,P0665,74,51,278,7,11/06/2026
INV000666,CP001,P0666,104,32,217,14,11/06/2026
INV000667,CP001,P0667,93,53,521,10,11/06/2026
INV000668,CP001,P0668,160,39,357,3,11/06/2026
INV000669,CP001,P0669,147,48,420,5,11/06/2026
INV000670,CP001,P0670,196,23,274,7,11/06/2026
INV000671,CP001,P0671,462,122,953,3,11/06/2026
INV000672,CP001,P0672,111,33,361,14,11/06/2026
INV000673,CP001,P0673,247,39,256,3,11/06/2026
INV000674,CP001,P0674,296,103,865,14,11/06/2026
INV000675,CP001,P0675,52,25,222,3,11/06/2026
INV000676,CP001,P0676,68,37,224,5,11/06/2026
INV000677,CP001,P0677,32,31,163,14,11/06/2026
INV000678,CP001,P0678,5,5,30,7,11/06/2026
INV000679,CP001,P0679,140,80,621,3,11/06/2026
INV000680,CP001,P0680,400,101,685,3,11/06/2026
INV000681,CP001,P0681,362,64,539,14,11/06/2026
INV000682,CP001,P0682,118,22,257,3,11/06/2026
INV000683,CP001,P0683,600,112,1164,7,11/06/2026
INV000684,CP001,P0684,227,47,464,10,11/06/2026
INV000685,CP001,P0685,34,26,179,7,11/06/2026
INV000686,CP001,P0686,281,52,484,5,11/06/2026
INV000687,CP001,P0687,72,31,255,5,11/06/2026
INV000688,CP001,P0688,193,37,252,5,11/06/2026
INV000689,CP001,P0689,68,12,75,14,11/06/2026
INV000690,CP001,P0690,424,115,589,10,11/06/2026
INV000691,CP001,P0691,273,53,431,14,11/06/2026
INV000692,CP001,P0692,102,38,184,7,11/06/2026
INV000693,CP001,P0693,132,47,295,7,11/06/2026
INV000694,CP001,P0694,647,102,959,5,11/06/2026
INV000695,CP001,P0695,107,35,181,7,11/06/2026
INV000696,CP001,P0696,285,89,681,3,11/06/2026
INV000697,CP001,P0697,10,5,30,14,11/06/2026
INV000698,CP001,P0698,137,30,265,14,11/06/2026
INV000699,CP001,P0699,201,25,264,10,11/06/2026
INV000700,CP001,P0700,586,97,813,5,11/06/2026
INV000701,CP001,P0701,64,29,240,14,11/06/2026
INV000702,CP001,P0702,68,8,90,3,11/06/2026
INV000703,CP001,P0703,112,38,196,7,11/06/2026
INV000704,CP001,P0704,150,121,798,3,11/06/2026
INV000705,CP001,P0705,187,32,241,10,11/06/2026
INV000706,CP001,P0706,52,23,133,7,11/06/2026
INV000707,CP001,P0707,200,34,352,14,11/06/2026
INV000708,CP001,P0708,10,5,30,3,11/06/2026
INV000709,CP001,P0709,212,85,431,10,11/06/2026
INV000710,CP001,P0710,15,5,30,10,11/06/2026
INV000711,CP001,P0711,142,45,378,3,11/06/2026
INV000712,CP001,P0712,106,43,300,7,11/06/2026
INV000713,CP001,P0713,581,136,1255,7,11/06/2026
INV000714,CP001,P0714,148,43,341,14,11/06/2026
INV000715,CP001,P0715,104,40,216,10,11/06/2026
INV000716,CP001,P0716,41,25,227,14,11/06/2026
INV000717,CP001,P0717,148,41,291,10,11/06/2026
INV000718,CP001,P0718,79,39,448,3,11/06/2026
INV000719,CP001,P0719,7,5,30,5,11/06/2026
INV000720,CP001,P0720,18,12,56,14,11/06/2026
INV000721,CP001,P0721,106,31,291,7,11/06/2026
INV000722,CP001,P0722,37,26,163,10,11/06/2026
INV000723,CP001,P0723,17,7,61,5,11/06/2026
INV000724,CP001,P0724,45,23,258,3,11/06/2026
INV000725,CP001,P0725,342,94,763,10,11/06/2026
INV000726,CP001,P0726,186,87,664,14,11/06/2026
INV000727,CP001,P0727,609,120,1097,3,11/06/2026
INV000728,CP001,P0728,263,43,324,5,11/06/2026
INV000729,CP001,P0729,51,46,436,7,11/06/2026
INV000730,CP001,P0730,242,53,350,5,11/06/2026
INV000731,CP001,P0731,158,62,497,5,11/06/2026
INV000732,CP001,P0732,131,29,224,14,11/06/2026
INV000733,CP001,P0733,149,39,418,14,11/06/2026
INV000734,CP001,P0734,70,13,125,10,11/06/2026
INV000735,CP001,P0735,190,35,284,10,11/06/2026
INV000736,CP001,P0736,266,57,389,7,11/06/2026
INV000737,CP001,P0737,74,43,333,7,11/06/2026
INV000738,CP001,P0738,375,64,591,5,11/06/2026
INV000739,CP001,P0739,214,65,482,3,11/06/2026
INV000740,CP001,P0740,89,43,410,10,11/06/2026
INV000741,CP001,P0741,451,76,644,3,11/06/2026
INV000742,CP001,P0742,124,38,191,3,11/06/2026
INV000743,CP001,P0743,118,77,613,14,11/06/2026
INV000744,CP001,P0744,222,87,494,14,11/06/2026
INV000745,CP001,P0745,241,66,435,7,11/06/2026
INV000746,CP001,P0746,81,34,264,5,11/06/2026
INV000747,CP001,P0747,83,27,227,10,11/06/2026
INV000748,CP001,P0748,199,44,256,5,11/06/2026
INV000749,CP001,P0749,168,56,343,3,11/06/2026
INV000750,CP001,P0750,58,50,512,7,11/06/2026
INV000751,CP001,P0751,173,128,593,7,11/06/2026
INV000752,CP001,P0752,37,37,282,3,11/06/2026
INV000753,CP001,P0753,130,32,221,7,11/06/2026
INV000754,CP001,P0754,84,14,103,5,11/06/2026
INV000755,CP001,P0755,209,44,236,10,11/06/2026
INV000756,CP001,P0756,116,75,707,14,11/06/2026
INV000757,CP001,P0757,65,9,102,14,11/06/2026
INV000758,CP001,P0758,174,120,936,5,11/06/2026
INV000759,CP001,P0759,167,44,377,7,11/06/2026
INV000760,CP001,P0760,115,32,235,14,11/06/2026
INV000761,CP001,P0761,52,42,368,5,11/06/2026
INV000762,CP001,P0762,178,28,291,3,11/06/2026
INV000763,CP001,P0763,14,5,30,5,11/06/2026
INV000764,CP001,P0764,143,36,265,3,11/06/2026
INV000765,CP001,P0765,365,108,728,7,11/06/2026
INV000766,CP001,P0766,23,5,30,5,11/06/2026
INV000767,CP001,P0767,251,52,312,5,11/06/2026
INV000768,CP001,P0768,437,108,668,5,11/06/2026
INV000769,CP001,P0769,49,15,89,5,11/06/2026
INV000770,CP001,P0770,114,32,148,5,11/06/2026
INV000771,CP001,P0771,98,36,328,10,11/06/2026
INV000772,CP001,P0772,242,42,344,3,11/06/2026
INV000773,CP001,P0773,137,37,309,7,11/06/2026
INV000774,CP001,P0774,503,82,769,7,11/06/2026
INV000775,CP001,P0775,123,66,334,10,11/06/2026
INV000776,CP001,P0776,207,33,367,5,11/06/2026
INV000777,CP001,P0777,22,5,30,3,11/06/2026
INV000778,CP001,P0778,324,36,377,3,11/06/2026
INV000779,CP001,P0779,76,59,368,10,11/06/2026
INV000780,CP001,P0780,30,17,130,7,11/06/2026
INV000781,CP001,P0781,280,65,661,7,11/06/2026
INV000782,CP001,P0782,263,48,483,5,11/06/2026
INV000783,CP001,P0783,77,39,229,10,11/06/2026
INV000784,CP001,P0784,23,5,30,14,11/06/2026
INV000785,CP001,P0785,244,35,327,10,11/06/2026
INV000786,CP001,P0786,18,8,71,14,11/06/2026
INV000787,CP001,P0787,163,66,445,7,11/06/2026
INV000788,CP001,P0788,110,34,318,5,11/06/2026
INV000789,CP001,P0789,241,60,538,5,11/06/2026
INV000790,CP001,P0790,75,38,297,7,11/06/2026
INV000791,CP001,P0791,165,31,216,5,11/06/2026
INV000792,CP001,P0792,56,36,204,10,11/06/2026
INV000793,CP001,P0793,4,5,30,14,11/06/2026
INV000794,CP001,P0794,55,10,87,10,11/06/2026
INV000795,CP001,P0795,106,52,316,7,11/06/2026
INV000796,CP001,P0796,44,38,259,5,11/06/2026
INV000797,CP001,P0797,67,35,267,5,11/06/2026
INV000798,CP001,P0798,214,40,247,3,11/06/2026
INV000799,CP001,P0799,96,83,609,14,11/06/2026
INV000800,CP001,P0800,57,30,199,7,11/06/2026
INV000801,CP001,P0801,31,11,100,3,11/06/2026
INV000802,CP001,P0802,166,36,401,5,11/06/2026
INV000803,CP001,P0803,265,67,500,10,11/06/2026
INV000804,CP001,P0804,111,97,520,7,11/06/2026
INV000805,CP001,P0805,21,5,30,14,11/06/2026
INV000806,CP001,P0806,105,19,168,3,11/06/2026
INV000807,CP001,P0807,159,25,232,10,11/06/2026
INV000808,CP001,P0808,185,39,217,10,11/06/2026
INV000809,CP001,P0809,139,60,346,10,11/06/2026
INV000810,CP001,P0810,114,36,252,3,11/06/2026
INV000811,CP001,P0811,96,41,362,5,11/06/2026
INV000812,CP001,P0812,212,61,372,14,11/06/2026
INV000813,CP001,P0813,178,115,909,5,11/06/2026
INV000814,CP001,P0814,62,13,92,14,11/06/2026
INV000815,CP001,P0815,175,50,285,3,11/06/2026
INV000816,CP001,P0816,46,19,83,7,11/06/2026
INV000817,CP001,P0817,219,33,292,10,11/06/2026
INV000818,CP001,P0818,468,138,959,5,11/06/2026
INV000819,CP001,P0819,190,88,445,5,11/06/2026
INV000820,CP001,P0820,121,19,215,10,11/06/2026
INV000821,CP001,P0821,207,35,298,3,11/06/2026
INV000822,CP001,P0822,129,41,211,5,11/06/2026
INV000823,CP001,P0823,346,64,641,7,11/06/2026
INV000824,CP001,P0824,116,67,432,7,11/06/2026
INV000825,CP001,P0825,163,40,309,14,11/06/2026
INV000826,CP001,P0826,154,38,206,5,11/06/2026
INV000827,CP001,P0827,51,30,213,5,11/06/2026
INV000828,CP001,P0828,257,91,600,7,11/06/2026
INV000829,CP001,P0829,251,66,473,5,11/06/2026
INV000830,CP001,P0830,128,36,259,3,11/06/2026
INV000831,CP001,P0831,272,39,291,10,11/06/2026
INV000832,CP001,P0832,177,61,422,5,11/06/2026
INV000833,CP001,P0833,199,43,370,3,11/06/2026
INV000834,CP001,P0834,48,9,79,10,11/06/2026
INV000835,CP001,P0835,175,35,343,14,11/06/2026
INV000836,CP001,P0836,327,76,547,10,11/06/2026
INV000837,CP001,P0837,186,30,242,7,11/06/2026
INV000838,CP001,P0838,117,33,261,10,11/06/2026
INV000839,CP001,P0839,453,114,736,7,11/06/2026
INV000840,CP001,P0840,122,31,273,5,11/06/2026
INV000841,CP001,P0841,202,52,403,3,11/06/2026
INV000842,CP001,P0842,48,66,529,7,11/06/2026
INV000843,CP001,P0843,135,74,334,3,11/06/2026
INV000844,CP001,P0844,324,121,956,14,11/06/2026
INV000845,CP001,P0845,37,60,431,3,11/06/2026
INV000846,CP001,P0846,95,15,130,3,11/06/2026
INV000847,CP001,P0847,150,22,258,7,11/06/2026
INV000848,CP001,P0848,200,62,466,10,11/06/2026
INV000849,CP001,P0849,357,96,688,3,11/06/2026
INV000850,CP001,P0850,157,46,261,3,11/06/2026
INV000851,CP001,P0851,150,33,219,14,11/06/2026
INV000852,CP001,P0852,12,5,30,10,11/06/2026
INV000853,CP001,P0853,204,33,324,7,11/06/2026
INV000854,CP001,P0854,145,40,276,10,11/06/2026
INV000855,CP001,P0855,914,166,1218,10,11/06/2026
INV000856,CP001,P0856,40,10,60,3,11/06/2026
INV000857,CP001,P0857,458,66,636,3,11/06/2026
INV000858,CP001,P0858,79,27,224,7,11/06/2026
INV000859,CP001,P0859,225,60,410,5,11/06/2026
INV000860,CP001,P0860,192,39,260,10,11/06/2026
INV000861,CP001,P0861,144,38,202,10,11/06/2026
INV000862,CP001,P0862,629,90,674,7,11/06/2026
INV000863,CP001,P0863,240,85,769,3,11/06/2026
INV000864,CP001,P0864,296,78,692,7,11/06/2026
INV000865,CP001,P0865,68,17,158,7,11/06/2026
INV000866,CP001,P0866,216,114,869,5,11/06/2026
INV000867,CP001,P0867,187,28,246,7,11/06/2026
INV000868,CP001,P0868,113,32,270,5,11/06/2026
INV000869,CP001,P0869,164,31,231,5,11/06/2026
INV000870,CP001,P0870,187,58,320,3,11/06/2026
INV000871,CP001,P0871,12,8,43,5,11/06/2026
INV000872,CP001,P0872,6,5,30,3,11/06/2026
INV000873,CP001,P0873,37,12,87,3,11/06/2026
INV000874,CP001,P0874,143,35,296,5,11/06/2026
INV000875,CP001,P0875,24,5,30,14,11/06/2026
INV000876,CP001,P0876,224,44,260,5,11/06/2026
INV000877,CP001,P0877,84,38,290,14,11/06/2026
INV000878,CP001,P0878,229,76,686,10,11/06/2026
INV000879,CP001,P0879,40,23,195,10,11/06/2026
INV000880,CP001,P0880,71,37,204,3,11/06/2026
INV000881,CP001,P0881,46,13,74,14,11/06/2026
INV000882,CP001,P0882,527,89,629,5,11/06/2026
INV000883,CP001,P0883,51,19,123,10,11/06/2026
INV000884,CP001,P0884,398,45,479,3,11/06/2026
INV000885,CP001,P0885,7,5,30,3,11/06/2026
INV000886,CP001,P0886,6,5,30,10,11/06/2026
INV000887,CP001,P0887,65,24,180,5,11/06/2026
INV000888,CP001,P0888,442,127,987,10,11/06/2026
INV000889,CP001,P0889,7,5,30,14,11/06/2026
INV000890,CP001,P0890,208,40,290,10,11/06/2026
INV000891,CP001,P0891,84,30,291,3,11/06/2026
INV000892,CP001,P0892,313,90,520,7,11/06/2026
INV000893,CP001,P0893,147,59,366,3,11/06/2026
INV000894,CP001,P0894,455,88,828,7,11/06/2026
INV000895,CP001,P0895,69,45,293,10,11/06/2026
INV000896,CP001,P0896,144,36,292,7,11/06/2026
INV000897,CP001,P0897,5,5,30,5,11/06/2026
INV000898,CP001,P0898,351,80,483,3,11/06/2026
INV000899,CP001,P0899,309,49,360,10,11/06/2026
INV000900,CP001,P0900,219,54,344,3,11/06/2026
INV000901,CP001,P0901,108,42,275,10,11/06/2026
INV000902,CP001,P0902,497,116,898,10,11/06/2026
INV000903,CP001,P0903,98,30,252,14,11/06/2026
INV000904,CP001,P0904,60,55,279,10,11/06/2026
INV000905,CP001,P0905,164,24,276,7,11/06/2026
INV000906,CP001,P0906,92,40,290,5,11/06/2026
INV000907,CP001,P0907,28,15,152,14,11/06/2026
INV000908,CP001,P0908,132,39,255,5,11/06/2026
INV000909,CP001,P0909,247,59,548,10,11/06/2026
INV000910,CP001,P0910,142,108,920,3,11/06/2026
INV000911,CP001,P0911,70,39,300,10,11/06/2026
INV000912,CP001,P0912,183,35,291,10,11/06/2026
INV000913,CP001,P0913,249,74,630,7,11/06/2026
INV000914,CP001,P0914,200,43,272,10,11/06/2026
INV000915,CP001,P0915,21,8,55,5,11/06/2026
INV000916,CP001,P0916,109,33,266,14,11/06/2026
INV000917,CP001,P0917,59,28,161,7,11/06/2026
INV000918,CP001,P0918,101,48,434,5,11/06/2026
INV000919,CP001,P0919,136,62,364,3,11/06/2026
INV000920,CP001,P0920,551,165,803,3,11/06/2026
INV000921,CP001,P0921,10,5,30,7,11/06/2026
INV000922,CP001,P0922,658,152,981,14,11/06/2026
INV000923,CP001,P0923,220,55,386,10,11/06/2026
INV000924,CP001,P0924,381,135,926,7,11/06/2026
INV000925,CP001,P0925,69,66,392,7,11/06/2026
INV000926,CP001,P0926,293,81,412,7,11/06/2026
INV000927,CP001,P0927,71,31,220,5,11/06/2026
INV000928,CP001,P0928,96,24,182,7,11/06/2026
INV000929,CP001,P0929,248,33,276,3,11/06/2026
INV000930,CP001,P0930,253,73,413,7,11/06/2026
INV000931,CP001,P0931,121,20,143,14,11/06/2026
INV000932,CP001,P0932,155,36,285,3,11/06/2026
INV000933,CP001,P0933,52,17,95,10,11/06/2026
INV000934,CP001,P0934,187,49,440,5,11/06/2026
INV000935,CP001,P0935,336,42,431,3,11/06/2026
INV000936,CP001,P0936,324,74,331,5,11/06/2026
INV000937,CP001,P0937,54,16,131,10,11/06/2026
INV000938,CP001,P0938,338,58,470,7,11/06/2026
INV000939,CP001,P0939,502,78,657,10,11/06/2026
INV000940,CP001,P0940,171,26,186,10,11/06/2026
INV000941,CP001,P0941,207,43,285,3,11/06/2026
INV000942,CP001,P0942,394,121,791,5,11/06/2026
INV000943,CP001,P0943,12,5,30,5,11/06/2026
INV000944,CP001,P0944,267,55,418,10,11/06/2026
INV000945,CP001,P0945,281,38,334,10,11/06/2026
INV000946,CP001,P0946,223,45,419,14,11/06/2026
INV000947,CP001,P0947,73,27,152,10,11/06/2026
INV000948,CP001,P0948,24,9,78,3,11/06/2026
INV000949,CP001,P0949,108,76,442,10,11/06/2026
INV000950,CP001,P0950,146,32,237,3,11/06/2026
INV000951,CP001,P0951,425,125,669,3,11/06/2026
INV000952,CP001,P0952,246,57,445,14,11/06/2026
INV000953,CP001,P0953,183,37,385,14,11/06/2026
INV000954,CP001,P0954,17,5,34,3,11/06/2026
INV000955,CP001,P0955,151,61,396,10,11/06/2026
INV000956,CP001,P0956,139,20,220,7,11/06/2026
INV000957,CP001,P0957,163,40,203,3,11/06/2026
INV000958,CP001,P0958,446,108,600,3,11/06/2026
INV000959,CP001,P0959,1074,161,1287,3,11/06/2026
INV000960,CP001,P0960,52,38,307,10,11/06/2026
INV000961,CP001,P0961,689,111,814,5,11/06/2026
INV000962,CP001,P0962,207,56,435,3,11/06/2026
INV000963,CP001,P0963,54,35,184,5,11/06/2026
INV000964,CP001,P0964,85,37,178,7,11/06/2026
INV000965,CP001,P0965,139,29,227,7,11/06/2026
INV000966,CP001,P0966,155,66,377,5,11/06/2026
INV000967,CP001,P0967,83,40,336,10,11/06/2026
INV000968,CP001,P0968,63,60,382,7,11/06/2026
INV000969,CP001,P0969,152,24,217,14,11/06/2026
INV000970,CP001,P0970,367,83,567,14,11/06/2026
INV000971,CP001,P0971,16,5,30,10,11/06/2026
INV000972,CP001,P0972,43,34,255,10,11/06/2026
INV000973,CP001,P0973,256,47,339,14,11/06/2026
INV000974,CP001,P0974,39,9,93,10,11/06/2026
INV000975,CP001,P0975,80,53,317,10,11/06/2026
INV000976,CP001,P0976,59,48,415,7,11/06/2026
INV000977,CP001,P0977,35,26,232,14,11/06/2026
INV000978,CP001,P0978,50,10,114,7,11/06/2026
INV000979,CP001,P0979,81,56,368,5,11/06/2026
INV000980,CP001,P0980,222,58,422,5,11/06/2026
INV000981,CP001,P0981,656,127,736,3,11/06/2026
INV000982,CP001,P0982,69,15,122,14,11/06/2026
INV000983,CP001,P0983,61,21,130,10,11/06/2026
INV000984,CP001,P0984,131,28,225,3,11/06/2026
INV000985,CP001,P0985,25,15,92,14,11/06/2026
INV000986,CP001,P0986,133,87,958,5,11/06/2026
INV000987,CP001,P0987,66,13,110,10,11/06/2026
INV000988,CP001,P0988,51,11,71,3,11/06/2026
INV000989,CP001,P0989,39,11,81,3,11/06/2026
INV000990,CP001,P0990,132,61,333,7,11/06/2026
INV000991,CP001,P0991,77,58,429,10,11/06/2026
INV000992,CP001,P0992,26,5,30,10,11/06/2026
INV000993,CP001,P0993,83,46,274,10,11/06/2026
INV000994,CP001,P0994,124,24,241,7,11/06/2026
INV000995,CP001,P0995,76,40,229,3,11/06/2026
INV000996,CP001,P0996,160,51,266,7,11/06/2026
INV000997,CP001,P0997,164,34,257,3,11/06/2026
INV000998,CP001,P0998,150,67,330,7,11/06/2026
INV000999,CP001,P0999,114,44,264,14,11/06/2026
INV001000,CP001,P1000,115,40,257,5,11/06/2026
INV001001,CP002,P0001,383,135,835,7,11/06/2026
INV001002,CP002,P0002,125,27,240,5,11/06/2026
INV001003,CP002,P0003,417,101,467,14,11/06/2026
INV001004,CP002,P0004,231,93,614,7,11/06/2026
INV001005,CP002,P0005,46,114,575,10,11/06/2026
INV001006,CP002,P0006,63,40,389,3,11/06/2026
INV001007,CP002,P0007,54,33,239,10,11/06/2026
INV001008,CP002,P0008,138,43,245,14,11/06/2026
INV001009,CP002,P0009,365,40,418,5,11/06/2026
INV001010,CP002,P0010,47,36,220,14,11/06/2026
INV001011,CP002,P0011,101,90,579,10,11/06/2026
INV001012,CP002,P0012,72,12,99,5,11/06/2026
INV001013,CP002,P0013,147,36,299,5,11/06/2026
INV001014,CP002,P0014,188,37,228,7,11/06/2026
INV001015,CP002,P0015,23,10,76,7,11/06/2026
INV001016,CP002,P0016,145,45,412,10,11/06/2026
INV001017,CP002,P0017,103,33,332,7,11/06/2026
INV001018,CP002,P0018,95,40,270,5,11/06/2026
INV001019,CP002,P0019,444,89,599,7,11/06/2026
INV001020,CP002,P0020,522,112,897,10,11/06/2026
INV001021,CP002,P0021,158,46,384,10,11/06/2026
INV001022,CP002,P0022,110,56,283,7,11/06/2026
INV001023,CP002,P0023,566,78,689,10,11/06/2026
INV001024,CP002,P0024,95,27,188,3,11/06/2026
INV001025,CP002,P0025,127,39,227,3,11/06/2026
INV001026,CP002,P0026,103,40,207,7,11/06/2026
INV001027,CP002,P0027,202,46,383,14,11/06/2026
INV001028,CP002,P0028,33,8,84,7,11/06/2026
INV001029,CP002,P0029,32,8,41,5,11/06/2026
INV001030,CP002,P0030,73,73,391,5,11/06/2026
INV001031,CP002,P0031,179,40,284,7,11/06/2026
INV001032,CP002,P0032,347,114,621,3,11/06/2026
INV001033,CP002,P0033,122,30,179,10,11/06/2026
INV001034,CP002,P0034,123,23,217,14,11/06/2026
INV001035,CP002,P0035,83,14,106,5,11/06/2026
INV001036,CP002,P0036,12,5,30,14,11/06/2026
INV001037,CP002,P0037,400,86,705,3,11/06/2026
INV001038,CP002,P0038,26,13,84,14,11/06/2026
INV001039,CP002,P0039,147,38,316,7,11/06/2026
INV001040,CP002,P0040,188,38,422,3,11/06/2026
INV001041,CP002,P0041,53,17,142,14,11/06/2026
INV001042,CP002,P0042,194,52,452,14,11/06/2026
INV001043,CP002,P0043,211,39,292,14,11/06/2026
INV001044,CP002,P0044,120,52,366,3,11/06/2026
INV001045,CP002,P0045,289,40,328,5,11/06/2026
INV001046,CP002,P0046,99,47,230,3,11/06/2026
INV001047,CP002,P0047,216,46,397,3,11/06/2026
INV001048,CP002,P0048,91,32,222,5,11/06/2026
INV001049,CP002,P0049,141,32,214,5,11/06/2026
INV001050,CP002,P0050,213,39,257,14,11/06/2026
INV001051,CP002,P0051,110,46,226,3,11/06/2026
INV001052,CP002,P0052,180,44,332,10,11/06/2026
INV001053,CP002,P0053,103,17,133,3,11/06/2026
INV001054,CP002,P0054,686,128,789,7,11/06/2026
INV001055,CP002,P0055,81,62,498,3,11/06/2026
INV001056,CP002,P0056,192,47,257,7,11/06/2026
INV001057,CP002,P0057,211,53,294,3,11/06/2026
INV001058,CP002,P0058,105,35,241,10,11/06/2026
INV001059,CP002,P0059,55,20,140,3,11/06/2026
INV001060,CP002,P0060,203,41,299,5,11/06/2026
INV001061,CP002,P0061,128,48,304,3,11/06/2026
INV001062,CP002,P0062,560,68,660,7,11/06/2026
INV001063,CP002,P0063,155,48,352,14,11/06/2026
INV001064,CP002,P0064,45,10,61,3,11/06/2026
INV001065,CP002,P0065,60,31,209,5,11/06/2026
INV001066,CP002,P0066,292,52,304,14,11/06/2026
INV001067,CP002,P0067,67,14,113,5,11/06/2026
INV001068,CP002,P0068,317,104,508,5,11/06/2026
INV001069,CP002,P0069,123,41,218,5,11/06/2026
INV001070,CP002,P0070,330,78,639,14,11/06/2026
INV001071,CP002,P0071,134,54,411,7,11/06/2026
INV001072,CP002,P0072,123,36,392,14,11/06/2026
INV001073,CP002,P0073,107,24,148,5,11/06/2026
INV001074,CP002,P0074,136,22,179,3,11/06/2026
INV001075,CP002,P0075,106,34,190,3,11/06/2026
INV001076,CP002,P0076,146,38,215,14,11/06/2026
INV001077,CP002,P0077,120,27,221,10,11/06/2026
INV001078,CP002,P0078,272,54,409,5,11/06/2026
INV001079,CP002,P0079,178,35,367,14,11/06/2026
INV001080,CP002,P0080,222,34,336,14,11/06/2026
INV001081,CP002,P0081,137,36,259,5,11/06/2026
INV001082,CP002,P0082,171,28,287,14,11/06/2026
INV001083,CP002,P0083,125,34,255,5,11/06/2026
INV001084,CP002,P0084,19,5,30,14,11/06/2026
INV001085,CP002,P0085,126,27,220,10,11/06/2026
INV001086,CP002,P0086,132,83,679,5,11/06/2026
INV001087,CP002,P0087,47,34,314,3,11/06/2026
INV001088,CP002,P0088,192,51,314,14,11/06/2026
INV001089,CP002,P0089,65,34,214,10,11/06/2026
INV001090,CP002,P0090,118,30,302,3,11/06/2026
INV001091,CP002,P0091,197,27,280,7,11/06/2026
INV001092,CP002,P0092,131,44,241,5,11/06/2026
INV001093,CP002,P0093,83,33,247,14,11/06/2026
INV001094,CP002,P0094,148,52,281,7,11/06/2026
INV001095,CP002,P0095,108,33,232,3,11/06/2026
INV001096,CP002,P0096,36,13,134,5,11/06/2026
INV001097,CP002,P0097,80,42,226,5,11/06/2026
INV001098,CP002,P0098,78,35,262,14,11/06/2026
INV001099,CP002,P0099,67,22,165,5,11/06/2026
INV001100,CP002,P0100,52,50,279,3,11/06/2026
INV001101,CP002,P0101,327,105,717,3,11/06/2026
INV001102,CP002,P0102,105,61,564,7,11/06/2026
INV001103,CP002,P0103,196,36,303,10,11/06/2026
INV001104,CP002,P0104,159,37,259,10,11/06/2026
INV001105,CP002,P0105,247,39,315,3,11/06/2026
INV001106,CP002,P0106,153,30,232,14,11/06/2026
INV001107,CP002,P0107,86,94,566,14,11/06/2026
INV001108,CP002,P0108,150,40,267,14,11/06/2026
INV001109,CP002,P0109,29,32,256,7,11/06/2026
INV001110,CP002,P0110,111,29,249,7,11/06/2026
INV001111,CP002,P0111,136,44,269,3,11/06/2026
INV001112,CP002,P0112,196,41,212,7,11/06/2026
INV001113,CP002,P0113,305,94,762,5,11/06/2026
INV001114,CP002,P0114,14,5,30,10,11/06/2026
INV001115,CP002,P0115,150,28,220,14,11/06/2026
INV001116,CP002,P0116,124,30,173,10,11/06/2026
INV001117,CP002,P0117,145,111,1007,7,11/06/2026
INV001118,CP002,P0118,19,5,30,10,11/06/2026
INV001119,CP002,P0119,39,38,342,5,11/06/2026
INV001120,CP002,P0120,75,14,138,5,11/06/2026
INV001121,CP002,P0121,132,45,359,7,11/06/2026
INV001122,CP002,P0122,239,64,411,5,11/06/2026
INV001123,CP002,P0123,168,22,239,7,11/06/2026
INV001124,CP002,P0124,108,45,268,14,11/06/2026
INV001125,CP002,P0125,252,55,379,3,11/06/2026
INV001126,CP002,P0126,52,37,223,5,11/06/2026
INV001127,CP002,P0127,190,41,327,3,11/06/2026
INV001128,CP002,P0128,59,52,334,5,11/06/2026
INV001129,CP002,P0129,211,46,367,10,11/06/2026
INV001130,CP002,P0130,137,42,333,3,11/06/2026
INV001131,CP002,P0131,289,41,468,3,11/06/2026
INV001132,CP002,P0132,203,45,305,3,11/06/2026
INV001133,CP002,P0133,65,42,391,14,11/06/2026
INV001134,CP002,P0134,144,37,366,5,11/06/2026
INV001135,CP002,P0135,113,50,291,5,11/06/2026
INV001136,CP002,P0136,57,8,80,5,11/06/2026
INV001137,CP002,P0137,53,32,211,10,11/06/2026
INV001138,CP002,P0138,31,13,96,5,11/06/2026
INV001139,CP002,P0139,129,33,234,3,11/06/2026
INV001140,CP002,P0140,260,43,422,10,11/06/2026
INV001141,CP002,P0141,116,37,249,3,11/06/2026
INV001142,CP002,P0142,422,55,506,5,11/06/2026
INV001143,CP002,P0143,27,15,82,3,11/06/2026
INV001144,CP002,P0144,276,43,323,14,11/06/2026
INV001145,CP002,P0145,46,39,308,14,11/06/2026
INV001146,CP002,P0146,174,75,491,5,11/06/2026
INV001147,CP002,P0147,160,94,531,7,11/06/2026
INV001148,CP002,P0148,234,64,718,5,11/06/2026
INV001149,CP002,P0149,175,28,225,14,11/06/2026
INV001150,CP002,P0150,64,40,195,14,11/06/2026
INV001151,CP002,P0151,47,20,128,14,11/06/2026
INV001152,CP002,P0152,51,29,224,14,11/06/2026
INV001153,CP002,P0153,354,89,694,5,11/06/2026
INV001154,CP002,P0154,51,45,262,14,11/06/2026
INV001155,CP002,P0155,94,39,379,5,11/06/2026
INV001156,CP002,P0156,104,36,220,5,11/06/2026
INV001157,CP002,P0157,92,22,161,7,11/06/2026
INV001158,CP002,P0158,14,14,96,14,11/06/2026
INV001159,CP002,P0159,266,43,357,5,11/06/2026
INV001160,CP002,P0160,172,57,373,3,11/06/2026
INV001161,CP002,P0161,13,5,30,3,11/06/2026
INV001162,CP002,P0162,261,50,379,10,11/06/2026
INV001163,CP002,P0163,200,43,309,14,11/06/2026
INV001164,CP002,P0164,200,80,616,3,11/06/2026
INV001165,CP002,P0165,357,53,427,7,11/06/2026
INV001166,CP002,P0166,353,87,615,14,11/06/2026
INV001167,CP002,P0167,76,33,218,5,11/06/2026
INV001168,CP002,P0168,329,58,460,3,11/06/2026
INV001169,CP002,P0169,20,7,67,7,11/06/2026
INV001170,CP002,P0170,109,59,398,10,11/06/2026
INV001171,CP002,P0171,236,66,375,14,11/06/2026
INV001172,CP002,P0172,106,48,387,5,11/06/2026
INV001173,CP002,P0173,121,95,647,5,11/06/2026
INV001174,CP002,P0174,71,47,359,10,11/06/2026
INV001175,CP002,P0175,134,22,225,3,11/06/2026
INV001176,CP002,P0176,27,14,97,14,11/06/2026
INV001177,CP002,P0177,59,29,205,7,11/06/2026
INV001178,CP002,P0178,204,56,361,3,11/06/2026
INV001179,CP002,P0179,79,40,185,7,11/06/2026
INV001180,CP002,P0180,91,40,346,3,11/06/2026
INV001181,CP002,P0181,23,8,59,7,11/06/2026
INV001182,CP002,P0182,34,8,49,14,11/06/2026
INV001183,CP002,P0183,63,19,209,14,11/06/2026
INV001184,CP002,P0184,32,34,261,7,11/06/2026
INV001185,CP002,P0185,110,56,447,3,11/06/2026
INV001186,CP002,P0186,118,51,346,10,11/06/2026
INV001187,CP002,P0187,328,115,786,10,11/06/2026
INV001188,CP002,P0188,217,49,395,7,11/06/2026
INV001189,CP002,P0189,92,15,118,14,11/06/2026
INV001190,CP002,P0190,131,36,434,7,11/06/2026
INV001191,CP002,P0191,273,43,349,10,11/06/2026
INV001192,CP002,P0192,949,157,1193,10,11/06/2026
INV001193,CP002,P0193,201,45,362,7,11/06/2026
INV001194,CP002,P0194,204,33,269,3,11/06/2026
INV001195,CP002,P0195,181,55,291,3,11/06/2026
INV001196,CP002,P0196,405,62,621,3,11/06/2026
INV001197,CP002,P0197,149,35,223,14,11/06/2026
INV001198,CP002,P0198,164,51,309,7,11/06/2026
INV001199,CP002,P0199,343,74,709,10,11/06/2026
INV001200,CP002,P0200,142,28,236,10,11/06/2026
INV001201,CP002,P0201,156,29,190,5,11/06/2026
INV001202,CP002,P0202,211,43,286,5,11/06/2026
INV001203,CP002,P0203,266,71,426,5,11/06/2026
INV001204,CP002,P0204,113,127,731,10,11/06/2026
INV001205,CP002,P0205,90,52,327,5,11/06/2026
INV001206,CP002,P0206,54,40,194,14,11/06/2026
INV001207,CP002,P0207,489,104,715,10,11/06/2026
INV001208,CP002,P0208,32,41,288,10,11/06/2026
INV001209,CP002,P0209,200,35,277,5,11/06/2026
INV001210,CP002,P0210,313,61,434,3,11/06/2026
INV001211,CP002,P0211,56,25,184,5,11/06/2026
INV001212,CP002,P0212,242,35,260,5,11/06/2026
INV001213,CP002,P0213,43,24,270,3,11/06/2026
INV001214,CP002,P0214,214,48,437,10,11/06/2026
INV001215,CP002,P0215,93,57,423,7,11/06/2026
INV001216,CP002,P0216,150,49,351,5,11/06/2026
INV001217,CP002,P0217,302,54,442,3,11/06/2026
INV001218,CP002,P0218,89,12,120,3,11/06/2026
INV001219,CP002,P0219,257,38,361,3,11/06/2026
INV001220,CP002,P0220,35,9,69,14,11/06/2026
INV001221,CP002,P0221,216,39,285,5,11/06/2026
INV001222,CP002,P0222,290,50,376,3,11/06/2026
INV001223,CP002,P0223,78,41,201,10,11/06/2026
INV001224,CP002,P0224,33,24,153,3,11/06/2026
INV001225,CP002,P0225,204,51,362,3,11/06/2026
INV001226,CP002,P0226,6,5,30,3,11/06/2026
INV001227,CP002,P0227,35,16,125,3,11/06/2026
INV001228,CP002,P0228,25,11,79,5,11/06/2026
INV001229,CP002,P0229,95,15,126,3,11/06/2026
INV001230,CP002,P0230,206,71,386,10,11/06/2026
INV001231,CP002,P0231,9,19,111,14,11/06/2026
INV001232,CP002,P0232,11,5,30,3,11/06/2026
INV001233,CP002,P0233,85,55,247,7,11/06/2026
INV001234,CP002,P0234,37,26,205,7,11/06/2026
INV001235,CP002,P0235,255,67,495,5,11/06/2026
INV001236,CP002,P0236,125,31,182,5,11/06/2026
INV001237,CP002,P0237,97,24,141,5,11/06/2026
INV001238,CP002,P0238,155,34,219,7,11/06/2026
INV001239,CP002,P0239,53,54,262,3,11/06/2026
INV001240,CP002,P0240,146,28,257,10,11/06/2026
INV001241,CP002,P0241,41,8,51,10,11/06/2026
INV001242,CP002,P0242,162,27,310,14,11/06/2026
INV001243,CP002,P0243,33,30,202,14,11/06/2026
INV001244,CP002,P0244,28,5,30,10,11/06/2026
INV001245,CP002,P0245,181,42,386,14,11/06/2026
INV001246,CP002,P0246,162,48,310,10,11/06/2026
INV001247,CP002,P0247,112,64,615,5,11/06/2026
INV001248,CP002,P0248,35,13,122,10,11/06/2026
INV001249,CP002,P0249,80,19,129,5,11/06/2026
INV001250,CP002,P0250,13,11,74,5,11/06/2026
INV001251,CP002,P0251,50,43,329,10,11/06/2026
INV001252,CP002,P0252,523,62,646,10,11/06/2026
INV001253,CP002,P0253,228,37,341,10,11/06/2026
INV001254,CP002,P0254,10,5,30,5,11/06/2026
INV001255,CP002,P0255,36,37,425,14,11/06/2026
INV001256,CP002,P0256,18,5,30,14,11/06/2026
INV001257,CP002,P0257,65,14,121,10,11/06/2026
INV001258,CP002,P0258,90,53,465,5,11/06/2026
INV001259,CP002,P0259,21,8,57,14,11/06/2026
INV001260,CP002,P0260,175,105,740,10,11/06/2026
INV001261,CP002,P0261,277,62,312,5,11/06/2026
INV001262,CP002,P0262,32,34,246,3,11/06/2026
INV001263,CP002,P0263,360,85,440,5,11/06/2026
INV001264,CP002,P0264,344,74,481,5,11/06/2026
INV001265,CP002,P0265,195,40,281,3,11/06/2026
INV001266,CP002,P0266,5,5,30,7,11/06/2026
INV001267,CP002,P0267,100,16,106,14,11/06/2026
INV001268,CP002,P0268,93,31,287,14,11/06/2026
INV001269,CP002,P0269,120,33,247,14,11/06/2026
INV001270,CP002,P0270,173,91,739,5,11/06/2026
INV001271,CP002,P0271,23,25,138,14,11/06/2026
INV001272,CP002,P0272,173,50,377,7,11/06/2026
INV001273,CP002,P0273,140,42,220,7,11/06/2026
INV001274,CP002,P0274,260,52,337,10,11/06/2026
INV001275,CP002,P0275,256,56,427,3,11/06/2026
INV001276,CP002,P0276,5,5,30,14,11/06/2026
INV001277,CP002,P0277,269,101,707,7,11/06/2026
INV001278,CP002,P0278,69,33,323,10,11/06/2026
INV001279,CP002,P0279,130,59,528,7,11/06/2026
INV001280,CP002,P0280,27,11,98,7,11/06/2026
INV001281,CP002,P0281,129,25,179,7,11/06/2026
INV001282,CP002,P0282,131,39,220,10,11/06/2026
INV001283,CP002,P0283,51,19,187,14,11/06/2026
INV001284,CP002,P0284,157,25,233,5,11/06/2026
INV001285,CP002,P0285,142,41,237,7,11/06/2026
INV001286,CP002,P0286,291,95,589,5,11/06/2026
INV001287,CP002,P0287,377,80,668,7,11/06/2026
INV001288,CP002,P0288,483,92,583,10,11/06/2026
INV001289,CP002,P0289,702,97,918,5,11/06/2026
INV001290,CP002,P0290,70,50,326,10,11/06/2026
INV001291,CP002,P0291,72,80,534,14,11/06/2026
INV001292,CP002,P0292,35,36,220,10,11/06/2026
INV001293,CP002,P0293,316,111,702,10,11/06/2026
INV001294,CP002,P0294,88,65,522,5,11/06/2026
INV001295,CP002,P0295,97,23,174,7,11/06/2026
INV001296,CP002,P0296,24,41,323,14,11/06/2026
INV001297,CP002,P0297,62,20,107,14,11/06/2026
INV001298,CP002,P0298,83,29,239,3,11/06/2026
INV001299,CP002,P0299,54,20,128,7,11/06/2026
INV001300,CP002,P0300,27,20,122,5,11/06/2026
INV001301,CP002,P0301,476,62,609,7,11/06/2026
INV001302,CP002,P0302,102,58,375,3,11/06/2026
INV001303,CP002,P0303,52,37,256,14,11/06/2026
INV001304,CP002,P0304,347,64,674,14,11/06/2026
INV001305,CP002,P0305,64,8,85,3,11/06/2026
INV001306,CP002,P0306,126,13,155,10,11/06/2026
INV001307,CP002,P0307,10,5,30,14,11/06/2026
INV001308,CP002,P0308,270,76,622,7,11/06/2026
INV001309,CP002,P0309,119,27,179,7,11/06/2026
INV001310,CP002,P0310,73,38,337,3,11/06/2026
INV001311,CP002,P0311,131,43,320,7,11/06/2026
INV001312,CP002,P0312,46,42,213,5,11/06/2026
INV001313,CP002,P0313,20,5,30,10,11/06/2026
INV001314,CP002,P0314,888,143,1134,10,11/06/2026
INV001315,CP002,P0315,165,34,238,3,11/06/2026
INV001316,CP002,P0316,69,37,253,14,11/06/2026
INV001317,CP002,P0317,141,86,744,5,11/06/2026
INV001318,CP002,P0318,42,9,74,5,11/06/2026
INV001319,CP002,P0319,276,50,409,7,11/06/2026
INV001320,CP002,P0320,114,72,506,10,11/06/2026
INV001321,CP002,P0321,88,33,252,7,11/06/2026
INV001322,CP002,P0322,197,75,426,5,11/06/2026
INV001323,CP002,P0323,327,47,358,14,11/06/2026
INV001324,CP002,P0324,362,62,428,5,11/06/2026
INV001325,CP002,P0325,154,64,474,3,11/06/2026
INV001326,CP002,P0326,96,41,217,5,11/06/2026
INV001327,CP002,P0327,67,50,382,7,11/06/2026
INV001328,CP002,P0328,128,24,186,7,11/06/2026
INV001329,CP002,P0329,75,31,275,10,11/06/2026
INV001330,CP002,P0330,24,5,30,10,11/06/2026
INV001331,CP002,P0331,279,36,297,14,11/06/2026
INV001332,CP002,P0332,234,47,284,3,11/06/2026
INV001333,CP002,P0333,91,93,489,10,11/06/2026
INV001334,CP002,P0334,8,5,30,10,11/06/2026
INV001335,CP002,P0335,289,45,391,7,11/06/2026
INV001336,CP002,P0336,12,12,62,10,11/06/2026
INV001337,CP002,P0337,179,61,620,7,11/06/2026
INV001338,CP002,P0338,86,48,262,5,11/06/2026
INV001339,CP002,P0339,169,104,775,7,11/06/2026
INV001340,CP002,P0340,80,32,166,7,11/06/2026
INV001341,CP002,P0341,228,30,255,14,11/06/2026
INV001342,CP002,P0342,728,119,1140,5,11/06/2026
INV001343,CP002,P0343,218,36,315,10,11/06/2026
INV001344,CP002,P0344,308,60,478,5,11/06/2026
INV001345,CP002,P0345,109,43,203,3,11/06/2026
INV001346,CP002,P0346,113,85,390,14,11/06/2026
INV001347,CP002,P0347,204,29,267,7,11/06/2026
INV001348,CP002,P0348,126,45,351,3,11/06/2026
INV001349,CP002,P0349,118,43,245,10,11/06/2026
INV001350,CP002,P0350,21,9,72,14,11/06/2026
INV001351,CP002,P0351,95,31,158,7,11/06/2026
INV001352,CP002,P0352,163,88,554,5,11/06/2026
INV001353,CP002,P0353,104,38,284,5,11/06/2026
INV001354,CP002,P0354,58,40,252,10,11/06/2026
INV001355,CP002,P0355,251,107,608,7,11/06/2026
INV001356,CP002,P0356,220,89,620,14,11/06/2026
INV001357,CP002,P0357,163,31,226,3,11/06/2026
INV001358,CP002,P0358,169,49,373,3,11/06/2026
INV001359,CP002,P0359,131,39,252,3,11/06/2026
INV001360,CP002,P0360,353,89,450,5,11/06/2026
INV001361,CP002,P0361,104,18,192,7,11/06/2026
INV001362,CP002,P0362,9,5,30,10,11/06/2026
INV001363,CP002,P0363,379,61,520,3,11/06/2026
INV001364,CP002,P0364,98,40,236,3,11/06/2026
INV001365,CP002,P0365,165,37,339,3,11/06/2026
INV001366,CP002,P0366,60,28,267,3,11/06/2026
INV001367,CP002,P0367,38,38,227,14,11/06/2026
INV001368,CP002,P0368,353,80,732,5,11/06/2026
INV001369,CP002,P0369,187,24,205,3,11/06/2026
INV001370,CP002,P0370,104,26,213,10,11/06/2026
INV001371,CP002,P0371,80,39,342,10,11/06/2026
INV001372,CP002,P0372,303,48,433,10,11/06/2026
INV001373,CP002,P0373,88,59,425,10,11/06/2026
INV001374,CP002,P0374,23,10,66,10,11/06/2026
INV001375,CP002,P0375,167,62,435,7,11/06/2026
INV001376,CP002,P0376,111,44,257,7,11/06/2026
INV001377,CP002,P0377,91,51,283,7,11/06/2026
INV001378,CP002,P0378,81,37,212,14,11/06/2026
INV001379,CP002,P0379,126,45,487,5,11/06/2026
INV001380,CP002,P0380,8,5,30,10,11/06/2026
INV001381,CP002,P0381,157,44,314,5,11/06/2026
INV001382,CP002,P0382,123,28,226,5,11/06/2026
INV001383,CP002,P0383,136,50,337,7,11/06/2026
INV001384,CP002,P0384,174,44,444,14,11/06/2026
INV001385,CP002,P0385,255,64,529,10,11/06/2026
INV001386,CP002,P0386,81,49,293,10,11/06/2026
INV001387,CP002,P0387,230,48,365,10,11/06/2026
INV001388,CP002,P0388,46,44,272,5,11/06/2026
INV001389,CP002,P0389,66,44,325,3,11/06/2026
INV001390,CP002,P0390,564,70,819,7,11/06/2026
INV001391,CP002,P0391,123,33,227,5,11/06/2026
INV001392,CP002,P0392,252,51,477,3,11/06/2026
INV001393,CP002,P0393,291,82,469,14,11/06/2026
INV001394,CP002,P0394,197,31,258,14,11/06/2026
INV001395,CP002,P0395,9,5,30,14,11/06/2026
INV001396,CP002,P0396,26,29,311,5,11/06/2026
INV001397,CP002,P0397,88,41,214,3,11/06/2026
INV001398,CP002,P0398,82,30,229,14,11/06/2026
INV001399,CP002,P0399,144,35,341,5,11/06/2026
INV001400,CP002,P0400,118,35,285,5,11/06/2026
INV001401,CP002,P0401,25,29,252,10,11/06/2026
INV001402,CP002,P0402,38,51,294,7,11/06/2026
INV001403,CP002,P0403,569,85,859,14,11/06/2026
INV001404,CP002,P0404,107,38,344,14,11/06/2026
INV001405,CP002,P0405,298,66,625,10,11/06/2026
INV001406,CP002,P0406,71,28,185,10,11/06/2026
INV001407,CP002,P0407,796,129,1050,10,11/06/2026
INV001408,CP002,P0408,165,51,262,5,11/06/2026
INV001409,CP002,P0409,209,38,297,5,11/06/2026
INV001410,CP002,P0410,15,14,116,10,11/06/2026
INV001411,CP002,P0411,245,48,434,3,11/06/2026
INV001412,CP002,P0412,182,40,371,3,11/06/2026
INV001413,CP002,P0413,33,13,70,10,11/06/2026
INV001414,CP002,P0414,20,10,93,3,11/06/2026
INV001415,CP002,P0415,143,38,233,3,11/06/2026
INV001416,CP002,P0416,80,34,194,5,11/06/2026
INV001417,CP002,P0417,120,31,209,3,11/06/2026
INV001418,CP002,P0418,97,100,935,3,11/06/2026
INV001419,CP002,P0419,107,48,378,7,11/06/2026
INV001420,CP002,P0420,29,26,161,3,11/06/2026
INV001421,CP002,P0421,226,62,275,7,11/06/2026
INV001422,CP002,P0422,49,27,149,14,11/06/2026
INV001423,CP002,P0423,136,45,395,10,11/06/2026
INV001424,CP002,P0424,16,14,89,7,11/06/2026
INV001425,CP002,P0425,185,26,222,3,11/06/2026
INV001426,CP002,P0426,461,83,695,10,11/06/2026
INV001427,CP002,P0427,302,37,347,14,11/06/2026
INV001428,CP002,P0428,67,59,471,5,11/06/2026
INV001429,CP002,P0429,152,36,309,5,11/06/2026
INV001430,CP002,P0430,101,35,177,5,11/06/2026
INV001431,CP002,P0431,15,5,30,3,11/06/2026
INV001432,CP002,P0432,213,40,283,3,11/06/2026
INV001433,CP002,P0433,227,28,283,10,11/06/2026
INV001434,CP002,P0434,471,111,1040,5,11/06/2026
INV001435,CP002,P0435,194,72,605,10,11/06/2026
INV001436,CP002,P0436,24,25,205,3,11/06/2026
INV001437,CP002,P0437,64,32,163,10,11/06/2026
INV001438,CP002,P0438,129,53,369,14,11/06/2026
INV001439,CP002,P0439,188,55,398,14,11/06/2026
INV001440,CP002,P0440,169,62,430,3,11/06/2026
INV001441,CP002,P0441,135,92,512,5,11/06/2026
INV001442,CP002,P0442,100,42,273,7,11/06/2026
INV001443,CP002,P0443,94,31,154,14,11/06/2026
INV001444,CP002,P0444,143,52,277,3,11/06/2026
INV001445,CP002,P0445,159,38,197,3,11/06/2026
INV001446,CP002,P0446,20,5,30,7,11/06/2026
INV001447,CP002,P0447,201,39,321,7,11/06/2026
INV001448,CP002,P0448,199,46,468,10,11/06/2026
INV001449,CP002,P0449,82,56,325,10,11/06/2026
INV001450,CP002,P0450,66,43,233,5,11/06/2026
INV001451,CP002,P0451,480,147,1204,3,11/06/2026
INV001452,CP002,P0452,86,56,440,5,11/06/2026
INV001453,CP002,P0453,47,26,229,10,11/06/2026
INV001454,CP002,P0454,90,27,202,14,11/06/2026
INV001455,CP002,P0455,386,98,1021,5,11/06/2026
INV001456,CP002,P0456,10,7,56,5,11/06/2026
INV001457,CP002,P0457,22,9,68,5,11/06/2026
INV001458,CP002,P0458,187,56,374,5,11/06/2026
INV001459,CP002,P0459,106,13,128,3,11/06/2026
INV001460,CP002,P0460,212,69,449,7,11/06/2026
INV001461,CP002,P0461,266,36,357,14,11/06/2026
INV001462,CP002,P0462,409,70,750,10,11/06/2026
INV001463,CP002,P0463,332,78,594,14,11/06/2026
INV001464,CP002,P0464,275,43,363,3,11/06/2026
INV001465,CP002,P0465,192,29,227,14,11/06/2026
INV001466,CP002,P0466,17,5,30,14,11/06/2026
INV001467,CP002,P0467,176,38,305,3,11/06/2026
INV001468,CP002,P0468,48,37,278,3,11/06/2026
INV001469,CP002,P0469,59,11,68,3,11/06/2026
INV001470,CP002,P0470,393,85,722,3,11/06/2026
INV001471,CP002,P0471,305,71,379,5,11/06/2026
INV001472,CP002,P0472,91,42,333,14,11/06/2026
INV001473,CP002,P0473,168,45,311,7,11/06/2026
INV001474,CP002,P0474,95,30,190,14,11/06/2026
INV001475,CP002,P0475,32,13,85,3,11/06/2026
INV001476,CP002,P0476,60,35,210,10,11/06/2026
INV001477,CP002,P0477,139,77,622,7,11/06/2026
INV001478,CP002,P0478,199,54,277,3,11/06/2026
INV001479,CP002,P0479,297,81,391,5,11/06/2026
INV001480,CP002,P0480,61,23,254,10,11/06/2026
INV001481,CP002,P0481,359,63,501,3,11/06/2026
INV001482,CP002,P0482,436,94,937,14,11/06/2026
INV001483,CP002,P0483,171,57,364,5,11/06/2026
INV001484,CP002,P0484,103,35,298,3,11/06/2026
INV001485,CP002,P0485,361,90,613,14,11/06/2026
INV001486,CP002,P0486,63,40,212,5,11/06/2026
INV001487,CP002,P0487,87,46,364,7,11/06/2026
INV001488,CP002,P0488,219,70,516,3,11/06/2026
INV001489,CP002,P0489,88,23,192,10,11/06/2026
INV001490,CP002,P0490,6,7,59,14,11/06/2026
INV001491,CP002,P0491,75,22,127,7,11/06/2026
INV001492,CP002,P0492,144,26,247,14,11/06/2026
INV001493,CP002,P0493,241,51,398,3,11/06/2026
INV001494,CP002,P0494,232,42,344,3,11/06/2026
INV001495,CP002,P0495,288,36,379,3,11/06/2026
INV001496,CP002,P0496,265,55,380,7,11/06/2026
INV001497,CP002,P0497,36,36,288,10,11/06/2026
INV001498,CP002,P0498,61,13,96,14,11/06/2026
INV001499,CP002,P0499,95,28,214,10,11/06/2026
INV001500,CP002,P0500,25,19,109,5,11/06/2026
INV001501,CP002,P0501,8,5,30,14,11/06/2026
INV001502,CP002,P0502,308,35,412,3,11/06/2026
INV001503,CP002,P0503,178,60,671,14,11/06/2026
INV001504,CP002,P0504,177,85,501,14,11/06/2026
INV001505,CP002,P0505,205,33,329,14,11/06/2026
INV001506,CP002,P0506,39,36,183,10,11/06/2026
INV001507,CP002,P0507,127,51,256,14,11/06/2026
INV001508,CP002,P0508,283,111,569,14,11/06/2026
INV001509,CP002,P0509,117,45,291,7,11/06/2026
INV001510,CP002,P0510,50,12,107,5,11/06/2026
INV001511,CP002,P0511,159,44,391,5,11/06/2026
INV001512,CP002,P0512,118,29,170,7,11/06/2026
INV001513,CP002,P0513,39,14,81,10,11/06/2026
INV001514,CP002,P0514,133,59,370,10,11/06/2026
INV001515,CP002,P0515,31,20,198,3,11/06/2026
INV001516,CP002,P0516,62,34,298,14,11/06/2026
INV001517,CP002,P0517,53,21,147,3,11/06/2026
INV001518,CP002,P0518,154,37,278,5,11/06/2026
INV001519,CP002,P0519,412,89,706,14,11/06/2026
INV001520,CP002,P0520,88,36,308,3,11/06/2026
INV001521,CP002,P0521,142,23,221,10,11/06/2026
INV001522,CP002,P0522,76,40,357,10,11/06/2026
INV001523,CP002,P0523,29,10,76,3,11/06/2026
INV001524,CP002,P0524,93,47,228,5,11/06/2026
INV001525,CP002,P0525,507,66,573,3,11/06/2026
INV001526,CP002,P0526,195,48,405,3,11/06/2026
INV001527,CP002,P0527,53,27,199,14,11/06/2026
INV001528,CP002,P0528,16,10,99,10,11/06/2026
INV001529,CP002,P0529,339,39,464,10,11/06/2026
INV001530,CP002,P0530,217,41,240,3,11/06/2026
INV001531,CP002,P0531,205,40,285,7,11/06/2026
INV001532,CP002,P0532,213,64,501,7,11/06/2026
INV001533,CP002,P0533,184,42,420,10,11/06/2026
INV001534,CP002,P0534,127,37,179,10,11/06/2026
INV001535,CP002,P0535,22,15,112,7,11/06/2026
INV001536,CP002,P0536,176,42,273,14,11/06/2026
INV001537,CP002,P0537,5,5,30,5,11/06/2026
INV001538,CP002,P0538,59,17,137,5,11/06/2026
INV001539,CP002,P0539,182,118,672,5,11/06/2026
INV001540,CP002,P0540,17,5,30,5,11/06/2026
INV001541,CP002,P0541,127,40,328,3,11/06/2026
INV001542,CP002,P0542,20,10,83,14,11/06/2026
INV001543,CP002,P0543,161,44,351,7,11/06/2026
INV001544,CP002,P0544,118,41,251,7,11/06/2026
INV001545,CP002,P0545,262,41,363,5,11/06/2026
INV001546,CP002,P0546,69,76,425,3,11/06/2026
INV001547,CP002,P0547,35,7,70,14,11/06/2026
INV001548,CP002,P0548,189,32,279,14,11/06/2026
INV001549,CP002,P0549,407,69,581,10,11/06/2026
INV001550,CP002,P0550,98,51,297,5,11/06/2026
INV001551,CP002,P0551,87,29,289,7,11/06/2026
INV001552,CP002,P0552,290,55,411,3,11/06/2026
INV001553,CP002,P0553,219,41,362,3,11/06/2026
INV001554,CP002,P0554,109,37,257,7,11/06/2026
INV001555,CP002,P0555,131,40,324,14,11/06/2026
INV001556,CP002,P0556,45,22,224,14,11/06/2026
INV001557,CP002,P0557,12,5,30,3,11/06/2026
INV001558,CP002,P0558,437,96,583,3,11/06/2026
INV001559,CP002,P0559,43,12,116,7,11/06/2026
INV001560,CP002,P0560,42,15,102,3,11/06/2026
INV001561,CP002,P0561,74,26,152,5,11/06/2026
INV001562,CP002,P0562,188,45,308,3,11/06/2026
INV001563,CP002,P0563,63,42,465,3,11/06/2026
INV001564,CP002,P0564,118,50,350,10,11/06/2026
INV001565,CP002,P0565,127,97,754,10,11/06/2026
INV001566,CP002,P0566,36,26,160,14,11/06/2026
INV001567,CP002,P0567,544,82,718,3,11/06/2026
INV001568,CP002,P0568,168,31,255,5,11/06/2026
INV001569,CP002,P0569,152,31,178,10,11/06/2026
INV001570,CP002,P0570,144,19,201,5,11/06/2026
INV001571,CP002,P0571,253,37,313,3,11/06/2026
INV001572,CP002,P0572,237,48,346,7,11/06/2026
INV001573,CP002,P0573,293,41,312,3,11/06/2026
INV001574,CP002,P0574,112,36,286,7,11/06/2026
INV001575,CP002,P0575,134,22,168,3,11/06/2026
INV001576,CP002,P0576,34,34,196,14,11/06/2026
INV001577,CP002,P0577,363,58,403,14,11/06/2026
INV001578,CP002,P0578,173,45,215,5,11/06/2026
INV001579,CP002,P0579,26,5,30,5,11/06/2026
INV001580,CP002,P0580,373,67,565,5,11/06/2026
INV001581,CP002,P0581,95,36,285,7,11/06/2026
INV001582,CP002,P0582,188,42,234,3,11/06/2026
INV001583,CP002,P0583,212,43,333,7,11/06/2026
INV001584,CP002,P0584,321,46,325,5,11/06/2026
INV001585,CP002,P0585,308,88,495,14,11/06/2026
INV001586,CP002,P0586,255,42,269,3,11/06/2026
INV001587,CP002,P0587,67,31,312,10,11/06/2026
INV001588,CP002,P0588,94,28,182,10,11/06/2026
INV001589,CP002,P0589,6,5,30,10,11/06/2026
INV001590,CP002,P0590,362,90,593,10,11/06/2026
INV001591,CP002,P0591,291,68,404,3,11/06/2026
INV001592,CP002,P0592,110,43,297,7,11/06/2026
INV001593,CP002,P0593,304,59,508,7,11/06/2026
INV001594,CP002,P0594,71,28,282,5,11/06/2026
INV001595,CP002,P0595,266,63,347,5,11/06/2026
INV001596,CP002,P0596,255,91,748,5,11/06/2026
INV001597,CP002,P0597,60,12,95,3,11/06/2026
INV001598,CP002,P0598,532,97,781,3,11/06/2026
INV001599,CP002,P0599,420,91,653,14,11/06/2026
INV001600,CP002,P0600,213,60,345,14,11/06/2026
INV001601,CP002,P0601,101,30,190,5,11/06/2026
INV001602,CP002,P0602,157,39,333,7,11/06/2026
INV001603,CP002,P0603,174,35,200,14,11/06/2026
INV001604,CP002,P0604,12,5,30,5,11/06/2026
INV001605,CP002,P0605,432,71,807,3,11/06/2026
INV001606,CP002,P0606,482,111,841,14,11/06/2026
INV001607,CP002,P0607,158,30,223,10,11/06/2026
INV001608,CP002,P0608,17,5,30,7,11/06/2026
INV001609,CP002,P0609,490,86,778,10,11/06/2026
INV001610,CP002,P0610,192,45,395,14,11/06/2026
INV001611,CP002,P0611,112,25,156,7,11/06/2026
INV001612,CP002,P0612,392,118,620,14,11/06/2026
INV001613,CP002,P0613,158,48,449,5,11/06/2026
INV001614,CP002,P0614,202,34,263,5,11/06/2026
INV001615,CP002,P0615,143,87,861,14,11/06/2026
INV001616,CP002,P0616,250,43,270,5,11/06/2026
INV001617,CP002,P0617,154,35,295,14,11/06/2026
INV001618,CP002,P0618,93,26,187,14,11/06/2026
INV001619,CP002,P0619,109,33,319,5,11/06/2026
INV001620,CP002,P0620,138,27,218,14,11/06/2026
INV001621,CP002,P0621,340,85,761,14,11/06/2026
INV001622,CP002,P0622,43,28,189,10,11/06/2026
INV001623,CP002,P0623,297,48,449,7,11/06/2026
INV001624,CP002,P0624,5,5,30,3,11/06/2026
INV001625,CP002,P0625,529,74,788,14,11/06/2026
INV001626,CP002,P0626,164,62,289,5,11/06/2026
INV001627,CP002,P0627,40,10,84,10,11/06/2026
INV001628,CP002,P0628,8,8,68,5,11/06/2026
INV001629,CP002,P0629,134,33,328,7,11/06/2026
INV001630,CP002,P0630,631,152,823,14,11/06/2026
INV001631,CP002,P0631,194,39,281,5,11/06/2026
INV001632,CP002,P0632,44,37,227,14,11/06/2026
INV001633,CP002,P0633,61,35,307,10,11/06/2026
INV001634,CP002,P0634,368,54,416,3,11/06/2026
INV001635,CP002,P0635,94,39,327,7,11/06/2026
INV001636,CP002,P0636,167,39,199,14,11/06/2026
INV001637,CP002,P0637,223,51,430,3,11/06/2026
INV001638,CP002,P0638,50,49,235,5,11/06/2026
INV001639,CP002,P0639,167,81,473,7,11/06/2026
INV001640,CP002,P0640,307,55,600,3,11/06/2026
INV001641,CP002,P0641,86,49,345,14,11/06/2026
INV001642,CP002,P0642,105,39,221,5,11/06/2026
INV001643,CP002,P0643,114,42,336,14,11/06/2026
INV001644,CP002,P0644,57,11,98,7,11/06/2026
INV001645,CP002,P0645,153,40,338,7,11/06/2026
INV001646,CP002,P0646,328,89,586,3,11/06/2026
INV001647,CP002,P0647,560,73,726,14,11/06/2026
INV001648,CP002,P0648,222,41,239,7,11/06/2026
INV001649,CP002,P0649,158,39,274,3,11/06/2026
INV001650,CP002,P0650,28,14,75,7,11/06/2026
INV001651,CP002,P0651,101,43,366,14,11/06/2026
INV001652,CP002,P0652,182,43,325,5,11/06/2026
INV001653,CP002,P0653,255,49,433,3,11/06/2026
INV001654,CP002,P0654,90,28,157,14,11/06/2026
INV001655,CP002,P0655,83,60,310,10,11/06/2026
INV001656,CP002,P0656,14,5,43,7,11/06/2026
INV001657,CP002,P0657,106,29,158,14,11/06/2026
INV001658,CP002,P0658,73,11,94,14,11/06/2026
INV001659,CP002,P0659,55,11,65,14,11/06/2026
INV001660,CP002,P0660,159,30,272,7,11/06/2026
INV001661,CP002,P0661,37,10,56,14,11/06/2026
INV001662,CP002,P0662,246,44,389,7,11/06/2026
INV001663,CP002,P0663,129,57,526,3,11/06/2026
INV001664,CP002,P0664,124,29,200,3,11/06/2026
INV001665,CP002,P0665,170,44,310,14,11/06/2026
INV001666,CP002,P0666,181,43,263,10,11/06/2026
INV001667,CP002,P0667,100,43,454,7,11/06/2026
INV001668,CP002,P0668,178,31,318,7,11/06/2026
INV001669,CP002,P0669,160,49,371,10,11/06/2026
INV001670,CP002,P0670,82,22,181,7,11/06/2026
INV001671,CP002,P0671,181,83,630,10,11/06/2026
INV001672,CP002,P0672,221,38,289,10,11/06/2026
INV001673,CP002,P0673,274,44,372,14,11/06/2026
INV001674,CP002,P0674,282,84,631,14,11/06/2026
INV001675,CP002,P0675,110,27,163,5,11/06/2026
INV001676,CP002,P0676,89,32,281,3,11/06/2026
INV001677,CP002,P0677,136,27,233,14,11/06/2026
INV001678,CP002,P0678,11,5,30,14,11/06/2026
INV001679,CP002,P0679,299,105,818,7,11/06/2026
INV001680,CP002,P0680,536,91,760,7,11/06/2026
INV001681,CP002,P0681,238,53,290,5,11/06/2026
INV001682,CP002,P0682,54,21,146,5,11/06/2026
INV001683,CP002,P0683,747,132,1133,14,11/06/2026
INV001684,CP002,P0684,261,38,377,5,11/06/2026
INV001685,CP002,P0685,88,22,206,10,11/06/2026
INV001686,CP002,P0686,39,51,281,14,11/06/2026
INV001687,CP002,P0687,87,28,250,5,11/06/2026
INV001688,CP002,P0688,203,29,275,7,11/06/2026
INV001689,CP002,P0689,59,14,117,14,11/06/2026
INV001690,CP002,P0690,333,80,853,14,11/06/2026
INV001691,CP002,P0691,266,47,402,10,11/06/2026
INV001692,CP002,P0692,139,33,253,7,11/06/2026
INV001693,CP002,P0693,85,34,200,7,11/06/2026
INV001694,CP002,P0694,325,102,641,3,11/06/2026
INV001695,CP002,P0695,202,32,272,7,11/06/2026
INV001696,CP002,P0696,269,82,698,7,11/06/2026
INV001697,CP002,P0697,14,5,30,14,11/06/2026
INV001698,CP002,P0698,44,26,215,7,11/06/2026
INV001699,CP002,P0699,94,27,154,10,11/06/2026
INV001700,CP002,P0700,145,72,448,3,11/06/2026
INV001701,CP002,P0701,52,25,196,10,11/06/2026
INV001702,CP002,P0702,27,8,55,5,11/06/2026
INV001703,CP002,P0703,231,35,276,7,11/06/2026
INV001704,CP002,P0704,365,124,616,7,11/06/2026
INV001705,CP002,P0705,96,20,148,10,11/06/2026
INV001706,CP002,P0706,91,19,150,7,11/06/2026
INV001707,CP002,P0707,172,32,181,5,11/06/2026
INV001708,CP002,P0708,15,5,30,3,11/06/2026
INV001709,CP002,P0709,251,67,644,14,11/06/2026
INV001710,CP002,P0710,18,5,30,10,11/06/2026
INV001711,CP002,P0711,233,44,319,14,11/06/2026
INV001712,CP002,P0712,256,37,359,5,11/06/2026
INV001713,CP002,P0713,703,111,1061,14,11/06/2026
INV001714,CP002,P0714,68,41,348,10,11/06/2026
INV001715,CP002,P0715,137,38,210,7,11/06/2026
INV001716,CP002,P0716,148,27,244,7,11/06/2026
INV001717,CP002,P0717,102,33,221,5,11/06/2026
INV001718,CP002,P0718,78,40,286,3,11/06/2026
INV001719,CP002,P0719,20,5,30,10,11/06/2026
INV001720,CP002,P0720,28,10,49,14,11/06/2026
INV001721,CP002,P0721,51,31,213,5,11/06/2026
INV001722,CP002,P0722,191,26,214,3,11/06/2026
INV001723,CP002,P0723,32,6,55,7,11/06/2026
INV001724,CP002,P0724,180,25,221,10,11/06/2026
INV001725,CP002,P0725,569,84,821,14,11/06/2026
INV001726,CP002,P0726,79,79,527,14,11/06/2026
INV001727,CP002,P0727,146,100,1192,5,11/06/2026
INV001728,CP002,P0728,58,30,236,7,11/06/2026
INV001729,CP002,P0729,181,47,336,14,11/06/2026
INV001730,CP002,P0730,70,58,318,3,11/06/2026
INV001731,CP002,P0731,57,50,279,5,11/06/2026
INV001732,CP002,P0732,107,27,228,10,11/06/2026
INV001733,CP002,P0733,89,48,259,3,11/06/2026
INV001734,CP002,P0734,33,10,111,14,11/06/2026
INV001735,CP002,P0735,60,39,217,7,11/06/2026
INV001736,CP002,P0736,238,51,425,10,11/06/2026
INV001737,CP002,P0737,84,51,273,3,11/06/2026
INV001738,CP002,P0738,413,64,566,3,11/06/2026
INV001739,CP002,P0739,264,56,501,3,11/06/2026
INV001740,CP002,P0740,180,53,351,5,11/06/2026
INV001741,CP002,P0741,297,58,468,14,11/06/2026
INV001742,CP002,P0742,121,36,281,3,11/06/2026
INV001743,CP002,P0743,131,58,412,10,11/06/2026
INV001744,CP002,P0744,484,95,799,14,11/06/2026
INV001745,CP002,P0745,50,53,317,10,11/06/2026
INV001746,CP002,P0746,96,37,259,10,11/06/2026
INV001747,CP002,P0747,150,29,220,3,11/06/2026
INV001748,CP002,P0748,209,40,371,5,11/06/2026
INV001749,CP002,P0749,151,41,355,14,11/06/2026
INV001750,CP002,P0750,196,58,429,7,11/06/2026
INV001751,CP002,P0751,89,98,748,10,11/06/2026
INV001752,CP002,P0752,43,34,262,7,11/06/2026
INV001753,CP002,P0753,89,22,253,5,11/06/2026
INV001754,CP002,P0754,106,14,121,3,11/06/2026
INV001755,CP002,P0755,97,42,283,14,11/06/2026
INV001756,CP002,P0756,110,75,731,7,11/06/2026
INV001757,CP002,P0757,61,12,76,3,11/06/2026
INV001758,CP002,P0758,219,142,800,10,11/06/2026
INV001759,CP002,P0759,277,54,415,14,11/06/2026
INV001760,CP002,P0760,57,32,173,5,11/06/2026
INV001761,CP002,P0761,239,36,359,10,11/06/2026
INV001762,CP002,P0762,104,24,236,3,11/06/2026
INV001763,CP002,P0763,7,5,30,14,11/06/2026
INV001764,CP002,P0764,165,36,292,3,11/06/2026
INV001765,CP002,P0765,726,108,868,3,11/06/2026
INV001766,CP002,P0766,16,5,30,5,11/06/2026
INV001767,CP002,P0767,55,52,398,5,11/06/2026
INV001768,CP002,P0768,433,116,603,5,11/06/2026
INV001769,CP002,P0769,40,15,127,3,11/06/2026
INV001770,CP002,P0770,84,28,147,5,11/06/2026
INV001771,CP002,P0771,83,29,306,10,11/06/2026
INV001772,CP002,P0772,270,36,327,14,11/06/2026
INV001773,CP002,P0773,252,44,368,5,11/06/2026
INV001774,CP002,P0774,165,89,561,3,11/06/2026
INV001775,CP002,P0775,73,55,433,10,11/06/2026
INV001776,CP002,P0776,176,38,258,14,11/06/2026
INV001777,CP002,P0777,21,5,30,7,11/06/2026
INV001778,CP002,P0778,76,35,266,14,11/06/2026
INV001779,CP002,P0779,314,44,427,10,11/06/2026
INV001780,CP002,P0780,17,15,119,5,11/06/2026
INV001781,CP002,P0781,173,74,338,5,11/06/2026
INV001782,CP002,P0782,165,44,353,10,11/06/2026
INV001783,CP002,P0783,126,47,283,5,11/06/2026
INV001784,CP002,P0784,23,5,30,5,11/06/2026
INV001785,CP002,P0785,239,42,242,5,11/06/2026
INV001786,CP002,P0786,24,7,55,10,11/06/2026
INV001787,CP002,P0787,251,49,372,14,11/06/2026
INV001788,CP002,P0788,53,26,208,10,11/06/2026
INV001789,CP002,P0789,193,47,413,3,11/06/2026
INV001790,CP002,P0790,41,39,210,3,11/06/2026
INV001791,CP002,P0791,68,20,166,10,11/06/2026
INV001792,CP002,P0792,132,26,174,14,11/06/2026
INV001793,CP002,P0793,14,5,30,10,11/06/2026
INV001794,CP002,P0794,43,9,74,5,11/06/2026
INV001795,CP002,P0795,174,42,374,14,11/06/2026
INV001796,CP002,P0796,235,39,320,7,11/06/2026
INV001797,CP002,P0797,33,33,235,10,11/06/2026
INV001798,CP002,P0798,139,32,220,10,11/06/2026
INV001799,CP002,P0799,263,97,780,7,11/06/2026
INV001800,CP002,P0800,22,22,137,14,11/06/2026
INV001801,CP002,P0801,28,12,100,10,11/06/2026
INV001802,CP002,P0802,97,38,297,14,11/06/2026
INV001803,CP002,P0803,185,65,301,14,11/06/2026
INV001804,CP002,P0804,311,78,758,14,11/06/2026
INV001805,CP002,P0805,24,5,30,5,11/06/2026
INV001806,CP002,P0806,63,20,106,7,11/06/2026
INV001807,CP002,P0807,159,29,243,10,11/06/2026
INV001808,CP002,P0808,125,31,282,7,11/06/2026
INV001809,CP002,P0809,236,51,405,7,11/06/2026
INV001810,CP002,P0810,57,32,181,10,11/06/2026
INV001811,CP002,P0811,94,46,265,5,11/06/2026
INV001812,CP002,P0812,205,45,390,10,11/06/2026
INV001813,CP002,P0813,75,81,585,7,11/06/2026
INV001814,CP002,P0814,92,12,100,3,11/06/2026
INV001815,CP002,P0815,74,48,252,7,11/06/2026
INV001816,CP002,P0816,29,14,84,5,11/06/2026
INV001817,CP002,P0817,184,37,253,7,11/06/2026
INV001818,CP002,P0818,707,99,959,3,11/06/2026
INV001819,CP002,P0819,110,80,457,3,11/06/2026
INV001820,CP002,P0820,72,19,115,14,11/06/2026
INV001821,CP002,P0821,42,37,178,7,11/06/2026
INV001822,CP002,P0822,113,31,258,10,11/06/2026
INV001823,CP002,P0823,297,59,533,3,11/06/2026
INV001824,CP002,P0824,66,63,293,5,11/06/2026
INV001825,CP002,P0825,177,34,342,7,11/06/2026
INV001826,CP002,P0826,67,38,254,5,11/06/2026
INV001827,CP002,P0827,151,25,238,5,11/06/2026
INV001828,CP002,P0828,105,68,602,7,11/06/2026
INV001829,CP002,P0829,89,54,359,3,11/06/2026
INV001830,CP002,P0830,91,28,231,3,11/06/2026
INV001831,CP002,P0831,87,38,195,5,11/06/2026
INV001832,CP002,P0832,455,60,507,10,11/06/2026
INV001833,CP002,P0833,230,35,346,5,11/06/2026
INV001834,CP002,P0834,43,12,75,5,11/06/2026
INV001835,CP002,P0835,45,35,198,7,11/06/2026
INV001836,CP002,P0836,475,94,525,3,11/06/2026
INV001837,CP002,P0837,216,37,235,14,11/06/2026
INV001838,CP002,P0838,201,32,292,7,11/06/2026
INV001839,CP002,P0839,305,91,643,5,11/06/2026
INV001840,CP002,P0840,129,35,186,3,11/06/2026
INV001841,CP002,P0841,136,56,324,10,11/06/2026
INV001842,CP002,P0842,182,59,422,5,11/06/2026
INV001843,CP002,P0843,101,62,321,7,11/06/2026
INV001844,CP002,P0844,222,88,684,7,11/06/2026
INV001845,CP002,P0845,156,59,417,5,11/06/2026
INV001846,CP002,P0846,16,15,124,7,11/06/2026
INV001847,CP002,P0847,84,26,223,5,11/06/2026
INV001848,CP002,P0848,93,58,456,7,11/06/2026
INV001849,CP002,P0849,201,69,605,5,11/06/2026
INV001850,CP002,P0850,90,35,231,14,11/06/2026
INV001851,CP002,P0851,159,25,224,5,11/06/2026
INV001852,CP002,P0852,25,5,30,3,11/06/2026
INV001853,CP002,P0853,100,37,187,14,11/06/2026
INV001854,CP002,P0854,31,38,235,10,11/06/2026
INV001855,CP002,P0855,589,122,736,10,11/06/2026
INV001856,CP002,P0856,35,10,77,7,11/06/2026
INV001857,CP002,P0857,177,81,546,10,11/06/2026
INV001858,CP002,P0858,122,28,169,14,11/06/2026
INV001859,CP002,P0859,100,60,345,7,11/06/2026
INV001860,CP002,P0860,242,43,359,7,11/06/2026
INV001861,CP002,P0861,45,29,264,7,11/06/2026
INV001862,CP002,P0862,155,99,673,7,11/06/2026
INV001863,CP002,P0863,391,71,582,14,11/06/2026
INV001864,CP002,P0864,245,70,584,14,11/06/2026
INV001865,CP002,P0865,58,15,95,10,11/06/2026
INV001866,CP002,P0866,518,83,742,10,11/06/2026
INV001867,CP002,P0867,162,26,212,7,11/06/2026
INV001868,CP002,P0868,188,34,194,14,11/06/2026
INV001869,CP002,P0869,70,22,212,5,11/06/2026
INV001870,CP002,P0870,140,55,460,3,11/06/2026
INV001871,CP002,P0871,34,7,66,3,11/06/2026
INV001872,CP002,P0872,10,5,30,10,11/06/2026
INV001873,CP002,P0873,54,10,101,10,11/06/2026
INV001874,CP002,P0874,66,34,245,14,11/06/2026
INV001875,CP002,P0875,21,5,30,5,11/06/2026
INV001876,CP002,P0876,128,33,305,7,11/06/2026
INV001877,CP002,P0877,197,33,292,5,11/06/2026
INV001878,CP002,P0878,109,65,392,3,11/06/2026
INV001879,CP002,P0879,25,24,158,14,11/06/2026
INV001880,CP002,P0880,126,27,263,3,11/06/2026
INV001881,CP002,P0881,73,8,86,14,11/06/2026
INV001882,CP002,P0882,335,98,788,5,11/06/2026
INV001883,CP002,P0883,30,20,103,10,11/06/2026
INV001884,CP002,P0884,254,53,373,7,11/06/2026
INV001885,CP002,P0885,18,5,30,5,11/06/2026
INV001886,CP002,P0886,6,5,30,3,11/06/2026
INV001887,CP002,P0887,30,21,215,14,11/06/2026
INV001888,CP002,P0888,545,138,897,7,11/06/2026
INV001889,CP002,P0889,13,5,30,7,11/06/2026
INV001890,CP002,P0890,104,32,250,3,11/06/2026
INV001891,CP002,P0891,193,28,250,14,11/06/2026
INV001892,CP002,P0892,378,67,484,10,11/06/2026
INV001893,CP002,P0893,366,54,504,7,11/06/2026
INV001894,CP002,P0894,427,78,621,14,11/06/2026
INV001895,CP002,P0895,164,40,248,7,11/06/2026
INV001896,CP002,P0896,109,35,216,10,11/06/2026
INV001897,CP002,P0897,12,5,30,14,11/06/2026
INV001898,CP002,P0898,231,73,475,10,11/06/2026
INV001899,CP002,P0899,136,49,351,3,11/06/2026
INV001900,CP002,P0900,166,53,329,3,11/06/2026
INV001901,CP002,P0901,69,33,330,10,11/06/2026
INV001902,CP002,P0902,205,120,731,3,11/06/2026
INV001903,CP002,P0903,34,29,193,10,11/06/2026
INV001904,CP002,P0904,215,51,408,5,11/06/2026
INV001905,CP002,P0905,37,24,155,3,11/06/2026
INV001906,CP002,P0906,252,33,344,14,11/06/2026
INV001907,CP002,P0907,31,18,154,10,11/06/2026
INV001908,CP002,P0908,88,48,223,14,11/06/2026
INV001909,CP002,P0909,191,61,387,7,11/06/2026
INV001910,CP002,P0910,347,98,662,14,11/06/2026
INV001911,CP002,P0911,86,39,195,5,11/06/2026
INV001912,CP002,P0912,130,36,241,5,11/06/2026
INV001913,CP002,P0913,275,66,579,7,11/06/2026
INV001914,CP002,P0914,127,58,354,10,11/06/2026
INV001915,CP002,P0915,12,7,61,3,11/06/2026
INV001916,CP002,P0916,152,29,254,10,11/06/2026
INV001917,CP002,P0917,37,27,168,5,11/06/2026
INV001918,CP002,P0918,100,60,342,3,11/06/2026
INV001919,CP002,P0919,173,40,359,10,11/06/2026
INV001920,CP002,P0920,878,125,1350,5,11/06/2026
INV001921,CP002,P0921,16,5,30,5,11/06/2026
INV001922,CP002,P0922,198,129,846,5,11/06/2026
INV001923,CP002,P0923,104,42,343,10,11/06/2026
INV001924,CP002,P0924,199,88,815,7,11/06/2026
INV001925,CP002,P0925,64,58,422,14,11/06/2026
INV001926,CP002,P0926,74,60,643,14,11/06/2026
INV001927,CP002,P0927,290,40,332,5,11/06/2026
INV001928,CP002,P0928,52,26,150,14,11/06/2026
INV001929,CP002,P0929,173,27,221,14,11/06/2026
INV001930,CP002,P0930,212,65,494,7,11/06/2026
INV001931,CP002,P0931,73,20,208,14,11/06/2026
INV001932,CP002,P0932,145,27,262,10,11/06/2026
INV001933,CP002,P0933,71,14,81,7,11/06/2026
INV001934,CP002,P0934,308,58,348,5,11/06/2026
INV001935,CP002,P0935,164,43,298,10,11/06/2026
INV001936,CP002,P0936,371,71,434,7,11/06/2026
INV001937,CP002,P0937,110,18,148,5,11/06/2026
INV001938,CP002,P0938,68,50,269,7,11/06/2026
INV001939,CP002,P0939,239,75,418,10,11/06/2026
INV001940,CP002,P0940,43,21,159,14,11/06/2026
INV001941,CP002,P0941,120,47,360,3,11/06/2026
INV001942,CP002,P0942,769,96,875,3,11/06/2026
INV001943,CP002,P0943,24,5,30,7,11/06/2026
INV001944,CP002,P0944,193,61,494,10,11/06/2026
INV001945,CP002,P0945,193,44,299,3,11/06/2026
INV001946,CP002,P0946,51,55,370,3,11/06/2026
INV001947,CP002,P0947,23,24,194,14,11/06/2026
INV001948,CP002,P0948,43,8,77,7,11/06/2026
INV001949,CP002,P0949,111,72,372,3,11/06/2026
INV001950,CP002,P0950,198,33,257,10,11/06/2026
INV001951,CP002,P0951,295,119,803,14,11/06/2026
INV001952,CP002,P0952,142,49,379,7,11/06/2026
INV001953,CP002,P0953,167,36,356,7,11/06/2026
INV001954,CP002,P0954,7,5,30,5,11/06/2026
INV001955,CP002,P0955,80,55,278,3,11/06/2026
INV001956,CP002,P0956,52,26,142,10,11/06/2026
INV001957,CP002,P0957,36,28,289,14,11/06/2026
INV001958,CP002,P0958,601,105,856,3,11/06/2026
INV001959,CP002,P0959,495,143,1100,10,11/06/2026
INV001960,CP002,P0960,157,29,242,7,11/06/2026
INV001961,CP002,P0961,511,122,718,5,11/06/2026
INV001962,CP002,P0962,316,47,500,7,11/06/2026
INV001963,CP002,P0963,29,31,267,14,11/06/2026
INV001964,CP002,P0964,163,34,168,10,11/06/2026
INV001965,CP002,P0965,33,34,240,7,11/06/2026
INV001966,CP002,P0966,228,53,470,5,11/06/2026
INV001967,CP002,P0967,203,41,267,14,11/06/2026
INV001968,CP002,P0968,106,49,346,3,11/06/2026
INV001969,CP002,P0969,56,29,172,3,11/06/2026
INV001970,CP002,P0970,77,64,630,5,11/06/2026
INV001971,CP002,P0971,25,5,30,3,11/06/2026
INV001972,CP002,P0972,126,44,278,3,11/06/2026
INV001973,CP002,P0973,48,50,364,14,11/06/2026
INV001974,CP002,P0974,25,11,48,5,11/06/2026
INV001975,CP002,P0975,176,42,315,14,11/06/2026
INV001976,CP002,P0976,227,50,404,14,11/06/2026
INV001977,CP002,P0977,34,23,212,14,11/06/2026
INV001978,CP002,P0978,28,13,90,7,11/06/2026
INV001979,CP002,P0979,82,52,358,3,11/06/2026
INV001980,CP002,P0980,377,45,427,14,11/06/2026
INV001981,CP002,P0981,464,85,695,5,11/06/2026
INV001982,CP002,P0982,70,15,96,3,11/06/2026
INV001983,CP002,P0983,76,22,122,7,11/06/2026
INV001984,CP002,P0984,23,29,246,5,11/06/2026
INV001985,CP002,P0985,39,16,133,14,11/06/2026
INV001986,CP002,P0986,596,120,663,14,11/06/2026
INV001987,CP002,P0987,63,14,130,14,11/06/2026
INV001988,CP002,P0988,13,7,46,10,11/06/2026
INV001989,CP002,P0989,67,10,90,3,11/06/2026
INV001990,CP002,P0990,245,52,444,5,11/06/2026
INV001991,CP002,P0991,275,54,285,5,11/06/2026
INV001992,CP002,P0992,22,5,30,10,11/06/2026
INV001993,CP002,P0993,205,41,353,3,11/06/2026
INV001994,CP002,P0994,108,24,197,10,11/06/2026
INV001995,CP002,P0995,152,29,245,14,11/06/2026
INV001996,CP002,P0996,127,42,269,3,11/06/2026
INV001997,CP002,P0997,112,32,153,3,11/06/2026
INV001998,CP002,P0998,83,56,303,3,11/06/2026
INV001999,CP002,P0999,120,45,392,5,11/06/2026
INV002000,CP002,P1000,103,40,284,5,11/06/2026
INV002001,CP003,P0001,673,90,952,7,11/06/2026
INV002002,CP003,P0002,121,23,184,14,11/06/2026
INV002003,CP003,P0003,141,71,523,10,11/06/2026
INV002004,CP003,P0004,145,81,515,10,11/06/2026
INV002005,CP003,P0005,531,91,740,3,11/06/2026
INV002006,CP003,P0006,27,42,285,5,11/06/2026
INV002007,CP003,P0007,144,36,183,5,11/06/2026
INV002008,CP003,P0008,146,34,267,7,11/06/2026
INV002009,CP003,P0009,145,42,220,10,11/06/2026
INV002010,CP003,P0010,88,31,167,7,11/06/2026
INV002011,CP003,P0011,185,73,541,7,11/06/2026
INV002012,CP003,P0012,19,10,71,14,11/06/2026
INV002013,CP003,P0013,133,30,207,10,11/06/2026
INV002014,CP003,P0014,138,30,182,7,11/06/2026
INV002015,CP003,P0015,47,8,68,5,11/06/2026
INV002016,CP003,P0016,150,41,216,3,11/06/2026
INV002017,CP003,P0017,121,25,208,14,11/06/2026
INV002018,CP003,P0018,136,29,206,3,11/06/2026
INV002019,CP003,P0019,416,80,760,7,11/06/2026
INV002020,CP003,P0020,286,80,507,7,11/06/2026
INV002021,CP003,P0021,247,39,328,5,11/06/2026
INV002022,CP003,P0022,177,50,280,14,11/06/2026
INV002023,CP003,P0023,212,99,687,10,11/06/2026
INV002024,CP003,P0024,106,25,189,10,11/06/2026
INV002025,CP003,P0025,192,31,237,5,11/06/2026
INV002026,CP003,P0026,154,35,182,5,11/06/2026
INV002027,CP003,P0027,153,50,233,5,11/06/2026
INV002028,CP003,P0028,19,8,56,10,11/06/2026
INV002029,CP003,P0029,24,5,55,5,11/06/2026
INV002030,CP003,P0030,308,57,401,3,11/06/2026
INV002031,CP003,P0031,81,28,256,10,11/06/2026
INV002032,CP003,P0032,480,73,601,5,11/06/2026
INV002033,CP003,P0033,70,22,194,10,11/06/2026
INV002034,CP003,P0034,113,26,190,10,11/06/2026
INV002035,CP003,P0035,33,11,107,7,11/06/2026
INV002036,CP003,P0036,5,5,30,7,11/06/2026
INV002037,CP003,P0037,142,92,458,5,11/06/2026
INV002038,CP003,P0038,49,11,93,3,11/06/2026
INV002039,CP003,P0039,100,30,314,5,11/06/2026
INV002040,CP003,P0040,211,38,327,3,11/06/2026
INV002041,CP003,P0041,84,18,138,5,11/06/2026
INV002042,CP003,P0042,179,45,283,3,11/06/2026
INV002043,CP003,P0043,131,38,203,14,11/06/2026
INV002044,CP003,P0044,102,44,357,14,11/06/2026
INV002045,CP003,P0045,29,30,319,10,11/06/2026
INV002046,CP003,P0046,63,38,336,3,11/06/2026
INV002047,CP003,P0047,198,43,254,5,11/06/2026
INV002048,CP003,P0048,163,29,226,7,11/06/2026
INV002049,CP003,P0049,181,26,306,14,11/06/2026
INV002050,CP003,P0050,196,35,246,3,11/06/2026
INV002051,CP003,P0051,128,38,340,14,11/06/2026
INV002052,CP003,P0052,76,26,292,7,11/06/2026
INV002053,CP003,P0053,18,15,102,5,11/06/2026
INV002054,CP003,P0054,311,97,877,3,11/06/2026
INV002055,CP003,P0055,63,42,342,3,11/06/2026
INV002056,CP003,P0056,174,37,251,5,11/06/2026
INV002057,CP003,P0057,175,53,335,5,11/06/2026
INV002058,CP003,P0058,70,40,177,3,11/06/2026
INV002059,CP003,P0059,45,19,134,14,11/06/2026
INV002060,CP003,P0060,134,30,194,7,11/06/2026
INV002061,CP003,P0061,226,38,358,10,11/06/2026
INV002062,CP003,P0062,178,65,424,14,11/06/2026
INV002063,CP003,P0063,24,32,293,7,11/06/2026
INV002064,CP003,P0064,52,10,72,3,11/06/2026
INV002065,CP003,P0065,120,30,205,5,11/06/2026
INV002066,CP003,P0066,43,42,318,3,11/06/2026
INV002067,CP003,P0067,48,13,92,14,11/06/2026
INV002068,CP003,P0068,206,77,661,10,11/06/2026
INV002069,CP003,P0069,146,34,259,5,11/06/2026
INV002070,CP003,P0070,172,90,558,5,11/06/2026
INV002071,CP003,P0071,208,39,372,10,11/06/2026
INV002072,CP003,P0072,92,32,194,7,11/06/2026
INV002073,CP003,P0073,157,22,221,3,11/06/2026
INV002074,CP003,P0074,119,16,175,7,11/06/2026
INV002075,CP003,P0075,26,21,149,5,11/06/2026
INV002076,CP003,P0076,159,25,238,7,11/06/2026
INV002077,CP003,P0077,78,23,130,14,11/06/2026
INV002078,CP003,P0078,204,50,384,7,11/06/2026
INV002079,CP003,P0079,51,38,213,5,11/06/2026
INV002080,CP003,P0080,88,36,204,10,11/06/2026
INV002081,CP003,P0081,83,27,185,3,11/06/2026
INV002082,CP003,P0082,105,27,196,7,11/06/2026
INV002083,CP003,P0083,100,31,204,7,11/06/2026
INV002084,CP003,P0084,26,5,30,10,11/06/2026
INV002085,CP003,P0085,86,21,118,14,11/06/2026
INV002086,CP003,P0086,146,66,457,3,11/06/2026
INV002087,CP003,P0087,204,29,295,7,11/06/2026
INV002088,CP003,P0088,182,40,311,7,11/06/2026
INV002089,CP003,P0089,101,34,275,7,11/06/2026
INV002090,CP003,P0090,186,34,287,5,11/06/2026
INV002091,CP003,P0091,38,24,210,3,11/06/2026
INV002092,CP003,P0092,80,35,183,14,11/06/2026
INV002093,CP003,P0093,126,35,181,14,11/06/2026
INV002094,CP003,P0094,74,38,350,3,11/06/2026
INV002095,CP003,P0095,292,31,319,3,11/06/2026
INV002096,CP003,P0096,44,12,83,10,11/06/2026
INV002097,CP003,P0097,98,34,187,10,11/06/2026
INV002098,CP003,P0098,115,34,236,3,11/06/2026
INV002099,CP003,P0099,28,23,206,14,11/06/2026
INV002100,CP003,P0100,200,32,240,7,11/06/2026
INV002101,CP003,P0101,485,78,709,10,11/06/2026
INV002102,CP003,P0102,584,70,604,14,11/06/2026
INV002103,CP003,P0103,42,40,233,14,11/06/2026
INV002104,CP003,P0104,191,26,261,7,11/06/2026
INV002105,CP003,P0105,80,40,282,7,11/06/2026
INV002106,CP003,P0106,32,21,138,3,11/06/2026
INV002107,CP003,P0107,477,82,593,14,11/06/2026
INV002108,CP003,P0108,96,34,192,14,11/06/2026
INV002109,CP003,P0109,102,29,153,10,11/06/2026
INV002110,CP003,P0110,31,26,145,14,11/06/2026
INV002111,CP003,P0111,281,44,390,3,11/06/2026
INV002112,CP003,P0112,199,32,269,3,11/06/2026
INV002113,CP003,P0113,201,64,476,10,11/06/2026
INV002114,CP003,P0114,17,5,30,7,11/06/2026
INV002115,CP003,P0115,74,28,147,10,11/06/2026
INV002116,CP003,P0116,142,29,203,3,11/06/2026
INV002117,CP003,P0117,190,113,595,3,11/06/2026
INV002118,CP003,P0118,26,5,30,5,11/06/2026
INV002119,CP003,P0119,49,26,249,14,11/06/2026
INV002120,CP003,P0120,67,11,118,14,11/06/2026
INV002121,CP003,P0121,86,35,238,10,11/06/2026
INV002122,CP003,P0122,295,64,337,10,11/06/2026
INV002123,CP003,P0123,82,21,181,3,11/06/2026
INV002124,CP003,P0124,230,44,349,14,11/06/2026
INV002125,CP003,P0125,188,43,348,7,11/06/2026
INV002126,CP003,P0126,168,28,274,10,11/06/2026
INV002127,CP003,P0127,194,34,334,7,11/06/2026
INV002128,CP003,P0128,224,35,325,7,11/06/2026
INV002129,CP003,P0129,137,49,408,5,11/06/2026
INV002130,CP003,P0130,67,42,218,3,11/06/2026
INV002131,CP003,P0131,132,35,257,3,11/06/2026
INV002132,CP003,P0132,250,37,386,10,11/06/2026
INV002133,CP003,P0133,194,38,285,7,11/06/2026
INV002134,CP003,P0134,169,39,233,10,11/06/2026
INV002135,CP003,P0135,130,37,264,3,11/06/2026
INV002136,CP003,P0136,47,8,50,3,11/06/2026
INV002137,CP003,P0137,113,36,192,7,11/06/2026
INV002138,CP003,P0138,28,11,71,10,11/06/2026
INV002139,CP003,P0139,29,26,254,3,11/06/2026
INV002140,CP003,P0140,229,41,251,7,11/06/2026
INV002141,CP003,P0141,130,33,278,14,11/06/2026
INV002142,CP003,P0142,107,54,372,3,11/06/2026
INV002143,CP003,P0143,38,10,97,5,11/06/2026
INV002144,CP003,P0144,196,27,296,7,11/06/2026
INV002145,CP003,P0145,285,38,349,5,11/06/2026
INV002146,CP003,P0146,274,53,402,3,11/06/2026
INV002147,CP003,P0147,302,60,420,3,11/06/2026
INV002148,CP003,P0148,432,75,594,7,11/06/2026
INV002149,CP003,P0149,231,28,271,14,11/06/2026
INV002150,CP003,P0150,45,27,187,10,11/06/2026
INV002151,CP003,P0151,50,20,161,7,11/06/2026
INV002152,CP003,P0152,154,28,238,3,11/06/2026
INV002153,CP003,P0153,82,62,723,7,11/06/2026
INV002154,CP003,P0154,148,34,185,14,11/06/2026
INV002155,CP003,P0155,193,34,351,7,11/06/2026
INV002156,CP003,P0156,135,34,196,3,11/06/2026
INV002157,CP003,P0157,67,24,204,5,11/06/2026
INV002158,CP003,P0158,64,13,111,3,11/06/2026
INV002159,CP003,P0159,85,39,312,3,11/06/2026
INV002160,CP003,P0160,220,34,376,14,11/06/2026
INV002161,CP003,P0161,12,5,30,14,11/06/2026
INV002162,CP003,P0162,208,35,305,7,11/06/2026
INV002163,CP003,P0163,54,31,305,5,11/06/2026
INV002164,CP003,P0164,185,66,431,3,11/06/2026
INV002165,CP003,P0165,322,46,381,7,11/06/2026
INV002166,CP003,P0166,107,96,728,5,11/06/2026
INV002167,CP003,P0167,126,29,213,14,11/06/2026
INV002168,CP003,P0168,187,42,258,7,11/06/2026
INV002169,CP003,P0169,28,8,41,10,11/06/2026
INV002170,CP003,P0170,133,52,392,5,11/06/2026
INV002171,CP003,P0171,191,61,375,3,11/06/2026
INV002172,CP003,P0172,143,44,326,10,11/06/2026
INV002173,CP003,P0173,203,98,459,3,11/06/2026
INV002174,CP003,P0174,248,33,265,14,11/06/2026
INV002175,CP003,P0175,97,24,128,10,11/06/2026
INV002176,CP003,P0176,51,12,58,3,11/06/2026
INV002177,CP003,P0177,61,34,265,7,11/06/2026
INV002178,CP003,P0178,307,43,345,3,11/06/2026
INV002179,CP003,P0179,138,30,207,3,11/06/2026
INV002180,CP003,P0180,188,25,263,7,11/06/2026
INV002181,CP003,P0181,23,6,53,10,11/06/2026
INV002182,CP003,P0182,16,5,56,3,11/06/2026
INV002183,CP003,P0183,61,20,118,3,11/06/2026
INV002184,CP003,P0184,59,23,262,10,11/06/2026
INV002185,CP003,P0185,68,40,425,14,11/06/2026
INV002186,CP003,P0186,61,49,389,7,11/06/2026
INV002187,CP003,P0187,275,90,685,7,11/06/2026
INV002188,CP003,P0188,52,39,253,3,11/06/2026
INV002189,CP003,P0189,44,14,67,5,11/06/2026
INV002190,CP003,P0190,65,42,228,3,11/06/2026
INV002191,CP003,P0191,196,27,240,3,11/06/2026
INV002192,CP003,P0192,194,129,752,3,11/06/2026
INV002193,CP003,P0193,133,36,289,3,11/06/2026
INV002194,CP003,P0194,50,23,256,10,11/06/2026
INV002195,CP003,P0195,41,36,368,7,11/06/2026
INV002196,CP003,P0196,275,70,381,10,11/06/2026
INV002197,CP003,P0197,170,33,210,5,11/06/2026
INV002198,CP003,P0198,35,35,310,14,11/06/2026
INV002199,CP003,P0199,72,60,543,14,11/06/2026
INV002200,CP003,P0200,89,24,188,5,11/06/2026
INV002201,CP003,P0201,111,20,182,14,11/06/2026
INV002202,CP003,P0202,159,47,393,3,11/06/2026
INV002203,CP003,P0203,120,48,450,7,11/06/2026
INV002204,CP003,P0204,507,84,788,10,11/06/2026
INV002205,CP003,P0205,177,34,315,14,11/06/2026
INV002206,CP003,P0206,51,25,212,5,11/06/2026
INV002207,CP003,P0207,136,72,627,14,11/06/2026
INV002208,CP003,P0208,33,34,290,14,11/06/2026
INV002209,CP003,P0209,153,39,291,3,11/06/2026
INV002210,CP003,P0210,261,57,270,7,11/06/2026
INV002211,CP003,P0211,135,21,187,3,11/06/2026
INV002212,CP003,P0212,199,44,324,14,11/06/2026
INV002213,CP003,P0213,93,21,215,14,11/06/2026
INV002214,CP003,P0214,308,41,389,5,11/06/2026
INV002215,CP003,P0215,233,58,389,5,11/06/2026
INV002216,CP003,P0216,155,54,455,7,11/06/2026
INV002217,CP003,P0217,144,48,325,5,11/06/2026
INV002218,CP003,P0218,57,12,95,5,11/06/2026
INV002219,CP003,P0219,59,40,336,7,11/06/2026
INV002220,CP003,P0220,30,10,52,7,11/06/2026
INV002221,CP003,P0221,44,29,247,14,11/06/2026
INV002222,CP003,P0222,252,48,328,3,11/06/2026
INV002223,CP003,P0223,54,26,291,7,11/06/2026
INV002224,CP003,P0224,119,24,175,5,11/06/2026
INV002225,CP003,P0225,101,46,283,5,11/06/2026
INV002226,CP003,P0226,27,5,30,5,11/06/2026
INV002227,CP003,P0227,80,14,85,7,11/06/2026
INV002228,CP003,P0228,81,11,102,5,11/06/2026
INV002229,CP003,P0229,50,12,89,5,11/06/2026
INV002230,CP003,P0230,290,52,408,14,11/06/2026
INV002231,CP003,P0231,18,15,117,10,11/06/2026
INV002232,CP003,P0232,28,5,30,7,11/06/2026
INV002233,CP003,P0233,63,45,247,14,11/06/2026
INV002234,CP003,P0234,66,31,177,14,11/06/2026
INV002235,CP003,P0235,309,52,503,3,11/06/2026
INV002236,CP003,P0236,50,26,185,3,11/06/2026
INV002237,CP003,P0237,159,19,195,10,11/06/2026
INV002238,CP003,P0238,96,32,241,5,11/06/2026
INV002239,CP003,P0239,147,39,237,14,11/06/2026
INV002240,CP003,P0240,49,25,145,14,11/06/2026
INV002241,CP003,P0241,30,7,48,10,11/06/2026
INV002242,CP003,P0242,60,23,165,7,11/06/2026
INV002243,CP003,P0243,110,19,213,5,11/06/2026
INV002244,CP003,P0244,20,5,30,3,11/06/2026
INV002245,CP003,P0245,232,35,263,14,11/06/2026
INV002246,CP003,P0246,47,41,210,3,11/06/2026
INV002247,CP003,P0247,211,46,422,7,11/06/2026
INV002248,CP003,P0248,53,13,77,3,11/06/2026
INV002249,CP003,P0249,149,19,183,5,11/06/2026
INV002250,CP003,P0250,41,9,83,7,11/06/2026
INV002251,CP003,P0251,36,34,249,3,11/06/2026
INV002252,CP003,P0252,117,65,455,10,11/06/2026
INV002253,CP003,P0253,238,26,285,14,11/06/2026
INV002254,CP003,P0254,13,5,30,7,11/06/2026
INV002255,CP003,P0255,81,42,212,14,11/06/2026
INV002256,CP003,P0256,14,5,30,14,11/06/2026
INV002257,CP003,P0257,98,11,111,14,11/06/2026
INV002258,CP003,P0258,95,52,318,14,11/06/2026
INV002259,CP003,P0259,16,6,64,5,11/06/2026
INV002260,CP003,P0260,289,100,603,10,11/06/2026
INV002261,CP003,P0261,64,46,323,7,11/06/2026
INV002262,CP003,P0262,159,26,218,5,11/06/2026
INV002263,CP003,P0263,304,54,446,10,11/06/2026
INV002264,CP003,P0264,309,49,452,7,11/06/2026
INV002265,CP003,P0265,138,26,274,5,11/06/2026
INV002266,CP003,P0266,18,5,30,14,11/06/2026
INV002267,CP003,P0267,33,12,100,14,11/06/2026
INV002268,CP003,P0268,50,26,308,7,11/06/2026
INV002269,CP003,P0269,48,30,245,10,11/06/2026
INV002270,CP003,P0270,180,98,588,7,11/06/2026
INV002271,CP003,P0271,71,19,168,7,11/06/2026
INV002272,CP003,P0272,285,52,424,3,11/06/2026
INV002273,CP003,P0273,212,33,289,10,11/06/2026
INV002274,CP003,P0274,270,49,350,14,11/06/2026
INV002275,CP003,P0275,53,39,298,5,11/06/2026
INV002276,CP003,P0276,11,5,30,5,11/06/2026
INV002277,CP003,P0277,84,78,631,7,11/06/2026
INV002278,CP003,P0278,139,35,270,14,11/06/2026
INV002279,CP003,P0279,398,49,491,10,11/06/2026
INV002280,CP003,P0280,26,9,74,14,11/06/2026
INV002281,CP003,P0281,88,28,134,14,11/06/2026
INV002282,CP003,P0282,121,34,184,5,11/06/2026
INV002283,CP003,P0283,47,14,122,7,11/06/2026
INV002284,CP003,P0284,28,28,136,3,11/06/2026
INV002285,CP003,P0285,200,26,273,7,11/06/2026
INV002286,CP003,P0286,289,76,593,7,11/06/2026
INV002287,CP003,P0287,360,65,561,3,11/06/2026
INV002288,CP003,P0288,318,64,467,5,11/06/2026
INV002289,CP003,P0289,91,87,673,5,11/06/2026
INV002290,CP003,P0290,105,46,330,5,11/06/2026
INV002291,CP003,P0291,301,54,623,14,11/06/2026
INV002292,CP003,P0292,45,30,184,5,11/06/2026
INV002293,CP003,P0293,640,93,780,3,11/06/2026
INV002294,CP003,P0294,216,60,403,7,11/06/2026
INV002295,CP003,P0295,85,21,123,3,11/06/2026
INV002296,CP003,P0296,127,36,347,14,11/06/2026
INV002297,CP003,P0297,94,18,113,3,11/06/2026
INV002298,CP003,P0298,44,26,212,7,11/06/2026
INV002299,CP003,P0299,79,17,112,5,11/06/2026
INV002300,CP003,P0300,20,17,85,7,11/06/2026
INV002301,CP003,P0301,249,58,404,10,11/06/2026
INV002302,CP003,P0302,210,34,220,5,11/06/2026
INV002303,CP003,P0303,28,27,279,3,11/06/2026
INV002304,CP003,P0304,298,60,427,5,11/06/2026
INV002305,CP003,P0305,14,9,46,5,11/06/2026
INV002306,CP003,P0306,67,13,96,3,11/06/2026
INV002307,CP003,P0307,8,5,30,10,11/06/2026
INV002308,CP003,P0308,111,80,743,14,11/06/2026
INV002309,CP003,P0309,161,24,230,3,11/06/2026
INV002310,CP003,P0310,87,32,188,7,11/06/2026
INV002311,CP003,P0311,148,30,211,5,11/06/2026
INV002312,CP003,P0312,92,32,184,14,11/06/2026
INV002313,CP003,P0313,9,5,30,5,11/06/2026
INV002314,CP003,P0314,465,109,953,7,11/06/2026
INV002315,CP003,P0315,107,27,209,5,11/06/2026
INV002316,CP003,P0316,59,33,330,14,11/06/2026
INV002317,CP003,P0317,225,88,569,10,11/06/2026
INV002318,CP003,P0318,43,8,55,14,11/06/2026
INV002319,CP003,P0319,167,41,244,10,11/06/2026
INV002320,CP003,P0320,196,75,586,14,11/06/2026
INV002321,CP003,P0321,86,27,238,5,11/06/2026
INV002322,CP003,P0322,61,63,436,14,11/06/2026
INV002323,CP003,P0323,135,36,182,14,11/06/2026
INV002324,CP003,P0324,93,63,354,14,11/06/2026
INV002325,CP003,P0325,320,41,364,10,11/06/2026
INV002326,CP003,P0326,96,27,189,3,11/06/2026
INV002327,CP003,P0327,81,54,328,7,11/06/2026
INV002328,CP003,P0328,54,22,231,7,11/06/2026
INV002329,CP003,P0329,92,30,193,7,11/06/2026
INV002330,CP003,P0330,29,5,30,7,11/06/2026
INV002331,CP003,P0331,35,31,268,5,11/06/2026
INV002332,CP003,P0332,210,36,370,3,11/06/2026
INV002333,CP003,P0333,311,68,639,5,11/06/2026
INV002334,CP003,P0334,24,5,30,7,11/06/2026
INV002335,CP003,P0335,187,39,278,3,11/06/2026
INV002336,CP003,P0336,45,10,76,5,11/06/2026
INV002337,CP003,P0337,430,69,533,5,11/06/2026
INV002338,CP003,P0338,66,36,385,5,11/06/2026
INV002339,CP003,P0339,89,99,526,10,11/06/2026
INV002340,CP003,P0340,80,19,192,5,11/06/2026
INV002341,CP003,P0341,54,29,251,5,11/06/2026
INV002342,CP003,P0342,660,144,1022,5,11/06/2026
INV002343,CP003,P0343,185,28,310,5,11/06/2026
INV002344,CP003,P0344,80,49,240,7,11/06/2026
INV002345,CP003,P0345,125,35,175,7,11/06/2026
INV002346,CP003,P0346,178,59,352,14,11/06/2026
INV002347,CP003,P0347,157,28,284,10,11/06/2026
INV002348,CP003,P0348,89,33,330,10,11/06/2026
INV002349,CP003,P0349,32,25,164,5,11/06/2026
INV002350,CP003,P0350,43,7,67,10,11/06/2026
INV002351,CP003,P0351,128,20,149,5,11/06/2026
INV002352,CP003,P0352,102,82,566,5,11/06/2026
INV002353,CP003,P0353,37,31,253,5,11/06/2026
INV002354,CP003,P0354,150,28,193,14,11/06/2026
INV002355,CP003,P0355,181,92,495,14,11/06/2026
INV002356,CP003,P0356,126,73,421,10,11/06/2026
INV002357,CP003,P0357,89,23,179,14,11/06/2026
INV002358,CP003,P0358,140,43,264,3,11/06/2026
INV002359,CP003,P0359,139,25,218,7,11/06/2026
INV002360,CP003,P0360,394,68,450,5,11/06/2026
INV002361,CP003,P0361,67,21,123,10,11/06/2026
INV002362,CP003,P0362,10,5,30,3,11/06/2026
INV002363,CP003,P0363,219,54,357,7,11/06/2026
INV002364,CP003,P0364,70,39,202,14,11/06/2026
INV002365,CP003,P0365,104,36,265,3,11/06/2026
INV002366,CP003,P0366,73,20,175,3,11/06/2026
INV002367,CP003,P0367,157,34,215,14,11/06/2026
INV002368,CP003,P0368,265,90,515,10,11/06/2026
INV002369,CP003,P0369,70,21,136,5,11/06/2026
INV002370,CP003,P0370,35,19,163,10,11/06/2026
INV002371,CP003,P0371,39,26,276,14,11/06/2026
INV002372,CP003,P0372,118,45,307,10,11/06/2026
INV002373,CP003,P0373,229,37,415,5,11/06/2026
INV002374,CP003,P0374,21,9,59,14,11/06/2026
INV002375,CP003,P0375,238,75,387,3,11/06/2026
INV002376,CP003,P0376,112,30,315,5,11/06/2026
INV002377,CP003,P0377,44,42,213,7,11/06/2026
INV002378,CP003,P0378,127,27,223,10,11/06/2026
INV002379,CP003,P0379,207,43,299,5,11/06/2026
INV002380,CP003,P0380,22,5,30,3,11/06/2026
INV002381,CP003,P0381,134,45,273,5,11/06/2026
INV002382,CP003,P0382,116,25,151,3,11/06/2026
INV002383,CP003,P0383,105,47,396,5,11/06/2026
INV002384,CP003,P0384,103,47,384,3,11/06/2026
INV002385,CP003,P0385,97,51,311,10,11/06/2026
INV002386,CP003,P0386,98,51,338,14,11/06/2026
INV002387,CP003,P0387,127,36,260,3,11/06/2026
INV002388,CP003,P0388,85,38,260,10,11/06/2026
INV002389,CP003,P0389,66,30,334,3,11/06/2026
INV002390,CP003,P0390,159,74,503,7,11/06/2026
INV002391,CP003,P0391,35,35,175,14,11/06/2026
INV002392,CP003,P0392,153,39,301,14,11/06/2026
INV002393,CP003,P0393,444,74,542,14,11/06/2026
INV002394,CP003,P0394,32,24,204,7,11/06/2026
INV002395,CP003,P0395,20,5,30,5,11/06/2026
INV002396,CP003,P0396,258,26,282,3,11/06/2026
INV002397,CP003,P0397,141,38,205,7,11/06/2026
INV002398,CP003,P0398,150,27,232,10,11/06/2026
INV002399,CP003,P0399,75,35,208,14,11/06/2026
INV002400,CP003,P0400,102,35,274,5,11/06/2026
INV002401,CP003,P0401,73,24,166,14,11/06/2026
INV002402,CP003,P0402,71,39,271,10,11/06/2026
INV002403,CP003,P0403,268,70,643,7,11/06/2026
INV002404,CP003,P0404,206,34,279,3,11/06/2026
INV002405,CP003,P0405,140,57,449,10,11/06/2026
INV002406,CP003,P0406,124,24,248,14,11/06/2026
INV002407,CP003,P0407,165,128,730,5,11/06/2026
INV002408,CP003,P0408,211,36,297,7,11/06/2026
INV002409,CP003,P0409,107,29,204,10,11/06/2026
INV002410,CP003,P0410,24,10,73,14,11/06/2026
INV002411,CP003,P0411,245,46,363,14,11/06/2026
INV002412,CP003,P0412,52,41,294,10,11/06/2026
INV002413,CP003,P0413,87,11,89,10,11/06/2026
INV002414,CP003,P0414,53,11,94,14,11/06/2026
INV002415,CP003,P0415,94,27,188,5,11/06/2026
INV002416,CP003,P0416,47,30,156,7,11/06/2026
INV002417,CP003,P0417,57,28,137,7,11/06/2026
INV002418,CP003,P0418,222,85,674,5,11/06/2026
INV002419,CP003,P0419,179,43,397,10,11/06/2026
INV002420,CP003,P0420,39,24,115,3,11/06/2026
INV002421,CP003,P0421,212,38,318,3,11/06/2026
INV002422,CP003,P0422,41,18,194,10,11/06/2026
INV002423,CP003,P0423,165,38,278,14,11/06/2026
INV002424,CP003,P0424,46,12,73,7,11/06/2026
INV002425,CP003,P0425,194,28,238,3,11/06/2026
INV002426,CP003,P0426,339,60,479,5,11/06/2026
INV002427,CP003,P0427,130,35,243,10,11/06/2026
INV002428,CP003,P0428,221,38,325,10,11/06/2026
INV002429,CP003,P0429,110,34,192,14,11/06/2026
INV002430,CP003,P0430,150,29,203,14,11/06/2026
INV002431,CP003,P0431,14,5,30,14,11/06/2026
INV002432,CP003,P0432,89,36,237,3,11/06/2026
INV002433,CP003,P0433,147,26,162,7,11/06/2026
INV002434,CP003,P0434,235,122,711,7,11/06/2026
INV002435,CP003,P0435,188,66,687,14,11/06/2026
INV002436,CP003,P0436,77,17,131,14,11/06/2026
INV002437,CP003,P0437,137,26,166,7,11/06/2026
INV002438,CP003,P0438,287,42,347,10,11/06/2026
INV002439,CP003,P0439,316,53,353,7,11/06/2026
INV002440,CP003,P0440,282,42,415,5,11/06/2026
INV002441,CP003,P0441,294,70,526,14,11/06/2026
INV002442,CP003,P0442,95,38,315,10,11/06/2026
INV002443,CP003,P0443,47,23,181,10,11/06/2026
INV002444,CP003,P0444,214,33,330,10,11/06/2026
INV002445,CP003,P0445,114,34,275,7,11/06/2026
INV002446,CP003,P0446,13,5,30,3,11/06/2026
INV002447,CP003,P0447,120,29,251,3,11/06/2026
INV002448,CP003,P0448,221,40,385,5,11/06/2026
INV002449,CP003,P0449,221,46,388,7,11/06/2026
INV002450,CP003,P0450,90,31,230,14,11/06/2026
INV002451,CP003,P0451,211,135,678,14,11/06/2026
INV002452,CP003,P0452,69,46,380,5,11/06/2026
INV002453,CP003,P0453,132,22,188,10,11/06/2026
INV002454,CP003,P0454,29,28,246,10,11/06/2026
INV002455,CP003,P0455,221,95,857,3,11/06/2026
INV002456,CP003,P0456,46,8,61,5,11/06/2026
INV002457,CP003,P0457,22,9,50,10,11/06/2026
INV002458,CP003,P0458,195,40,278,5,11/06/2026
INV002459,CP003,P0459,54,11,83,10,11/06/2026
INV002460,CP003,P0460,334,70,566,7,11/06/2026
INV002461,CP003,P0461,245,38,262,5,11/06/2026
INV002462,CP003,P0462,384,68,667,10,11/06/2026
INV002463,CP003,P0463,317,75,448,5,11/06/2026
INV002464,CP003,P0464,263,38,369,5,11/06/2026
INV002465,CP003,P0465,184,29,280,14,11/06/2026
INV002466,CP003,P0466,15,5,30,14,11/06/2026
INV002467,CP003,P0467,174,29,240,7,11/06/2026
INV002468,CP003,P0468,45,29,275,7,11/06/2026
INV002469,CP003,P0469,41,10,74,10,11/06/2026
INV002470,CP003,P0470,240,66,719,3,11/06/2026
INV002471,CP003,P0471,79,69,434,3,11/06/2026
INV002472,CP003,P0472,251,36,266,14,11/06/2026
INV002473,CP003,P0473,155,35,172,10,11/06/2026
INV002474,CP003,P0474,133,25,163,5,11/06/2026
INV002475,CP003,P0475,15,11,55,3,11/06/2026
INV002476,CP003,P0476,55,22,168,14,11/06/2026
INV002477,CP003,P0477,344,90,500,7,11/06/2026
INV002478,CP003,P0478,127,42,246,5,11/06/2026
INV002479,CP003,P0479,248,72,519,10,11/06/2026
INV002480,CP003,P0480,75,21,126,10,11/06/2026
INV002481,CP003,P0481,375,66,436,14,11/06/2026
INV002482,CP003,P0482,411,91,751,5,11/06/2026
INV002483,CP003,P0483,130,37,344,14,11/06/2026
INV002484,CP003,P0484,102,43,238,14,11/06/2026
INV002485,CP003,P0485,140,72,373,7,11/06/2026
INV002486,CP003,P0486,27,26,215,7,11/06/2026
INV002487,CP003,P0487,188,40,258,7,11/06/2026
INV002488,CP003,P0488,101,62,287,7,11/06/2026
INV002489,CP003,P0489,59,24,135,14,11/06/2026
INV002490,CP003,P0490,33,6,65,5,11/06/2026
INV002491,CP003,P0491,26,15,108,5,11/06/2026
INV002492,CP003,P0492,75,21,177,10,11/06/2026
INV002493,CP003,P0493,68,33,199,7,11/06/2026
INV002494,CP003,P0494,281,51,390,10,11/06/2026
INV002495,CP003,P0495,52,34,318,14,11/06/2026
INV002496,CP003,P0496,170,33,320,10,11/06/2026
INV002497,CP003,P0497,80,24,195,3,11/06/2026
INV002498,CP003,P0498,58,15,98,14,11/06/2026
INV002499,CP003,P0499,47,19,136,5,11/06/2026
INV002500,CP003,P0500,46,16,75,7,11/06/2026
INV002501,CP003,P0501,24,5,30,10,11/06/2026
INV002502,CP003,P0502,147,40,219,3,11/06/2026
INV002503,CP003,P0503,167,54,379,14,11/06/2026
INV002504,CP003,P0504,159,69,368,14,11/06/2026
INV002505,CP003,P0505,103,37,288,14,11/06/2026
INV002506,CP003,P0506,134,31,159,5,11/06/2026
INV002507,CP003,P0507,116,37,360,14,11/06/2026
INV002508,CP003,P0508,503,75,741,5,11/06/2026
INV002509,CP003,P0509,99,38,259,5,11/06/2026
INV002510,CP003,P0510,40,9,93,10,11/06/2026
INV002511,CP003,P0511,267,41,335,5,11/06/2026
INV002512,CP003,P0512,108,21,212,10,11/06/2026
INV002513,CP003,P0513,25,10,61,7,11/06/2026
INV002514,CP003,P0514,270,48,531,10,11/06/2026
INV002515,CP003,P0515,25,21,125,5,11/06/2026
INV002516,CP003,P0516,143,23,200,10,11/06/2026
INV002517,CP003,P0517,108,21,147,5,11/06/2026
INV002518,CP003,P0518,110,35,185,14,11/06/2026
INV002519,CP003,P0519,243,77,496,5,11/06/2026
INV002520,CP003,P0520,101,41,202,14,11/06/2026
INV002521,CP003,P0521,34,24,165,3,11/06/2026
INV002522,CP003,P0522,93,34,199,5,11/06/2026
INV002523,CP003,P0523,43,8,60,7,11/06/2026
INV002524,CP003,P0524,105,44,196,7,11/06/2026
INV002525,CP003,P0525,186,60,525,7,11/06/2026
INV002526,CP003,P0526,117,39,220,7,11/06/2026
INV002527,CP003,P0527,159,22,211,14,11/06/2026
INV002528,CP003,P0528,30,11,97,5,11/06/2026
INV002529,CP003,P0529,139,51,345,14,11/06/2026
INV002530,CP003,P0530,62,25,202,7,11/06/2026
INV002531,CP003,P0531,180,36,333,5,11/06/2026
INV002532,CP003,P0532,254,60,428,7,11/06/2026
INV002533,CP003,P0533,189,41,380,5,11/06/2026
INV002534,CP003,P0534,109,25,157,14,11/06/2026
INV002535,CP003,P0535,55,17,117,14,11/06/2026
INV002536,CP003,P0536,198,41,313,7,11/06/2026
INV002537,CP003,P0537,11,5,30,14,11/06/2026
INV002538,CP003,P0538,25,14,110,14,11/06/2026
INV002539,CP003,P0539,390,110,604,14,11/06/2026
INV002540,CP003,P0540,9,5,30,10,11/06/2026
INV002541,CP003,P0541,143,43,277,5,11/06/2026
INV002542,CP003,P0542,49,10,82,5,11/06/2026
INV002543,CP003,P0543,126,38,190,7,11/06/2026
INV002544,CP003,P0544,93,37,192,10,11/06/2026
INV002545,CP003,P0545,166,37,273,14,11/06/2026
INV002546,CP003,P0546,71,51,553,3,11/06/2026
INV002547,CP003,P0547,12,6,35,5,11/06/2026
INV002548,CP003,P0548,168,30,263,3,11/06/2026
INV002549,CP003,P0549,192,76,625,7,11/06/2026
INV002550,CP003,P0550,216,43,385,10,11/06/2026
INV002551,CP003,P0551,47,30,156,14,11/06/2026
INV002552,CP003,P0552,36,33,243,5,11/06/2026
INV002553,CP003,P0553,151,41,337,5,11/06/2026
INV002554,CP003,P0554,131,36,199,3,11/06/2026
INV002555,CP003,P0555,233,49,317,14,11/06/2026
INV002556,CP003,P0556,57,23,139,14,11/06/2026
INV002557,CP003,P0557,23,5,30,14,11/06/2026
INV002558,CP003,P0558,489,101,592,7,11/06/2026
INV002559,CP003,P0559,12,13,78,7,11/06/2026
INV002560,CP003,P0560,41,13,99,5,11/06/2026
INV002561,CP003,P0561,36,18,121,5,11/06/2026
INV002562,CP003,P0562,250,43,256,7,11/06/2026
INV002563,CP003,P0563,226,50,405,14,11/06/2026
INV002564,CP003,P0564,374,40,441,10,11/06/2026
INV002565,CP003,P0565,259,87,464,14,11/06/2026
INV002566,CP003,P0566,52,20,211,3,11/06/2026
INV002567,CP003,P0567,143,63,418,5,11/06/2026
INV002568,CP003,P0568,33,27,147,10,11/06/2026
INV002569,CP003,P0569,65,26,177,10,11/06/2026
INV002570,CP003,P0570,41,17,135,14,11/06/2026
INV002571,CP003,P0571,77,27,166,5,11/06/2026
INV002572,CP003,P0572,245,40,278,5,11/06/2026
INV002573,CP003,P0573,40,34,284,7,11/06/2026
INV002574,CP003,P0574,166,28,232,3,11/06/2026
INV002575,CP003,P0575,146,21,205,3,11/06/2026
INV002576,CP003,P0576,112,25,151,14,11/06/2026
INV002577,CP003,P0577,134,41,285,3,11/06/2026
INV002578,CP003,P0578,108,30,199,10,11/06/2026
INV002579,CP003,P0579,6,5,30,3,11/06/2026
INV002580,CP003,P0580,241,61,407,3,11/06/2026
INV002581,CP003,P0581,180,27,231,5,11/06/2026
INV002582,CP003,P0582,140,36,160,5,11/06/2026
INV002583,CP003,P0583,158,39,260,10,11/06/2026
INV002584,CP003,P0584,104,42,263,14,11/06/2026
INV002585,CP003,P0585,81,68,426,3,11/06/2026
INV002586,CP003,P0586,144,31,173,7,11/06/2026
INV002587,CP003,P0587,121,31,258,7,11/06/2026
INV002588,CP003,P0588,125,17,196,14,11/06/2026
INV002589,CP003,P0589,9,5,30,7,11/06/2026
INV002590,CP003,P0590,360,78,496,7,11/06/2026
INV002591,CP003,P0591,109,67,561,5,11/06/2026
INV002592,CP003,P0592,124,26,286,7,11/06/2026
INV002593,CP003,P0593,194,57,424,14,11/06/2026
INV002594,CP003,P0594,132,27,212,7,11/06/2026
INV002595,CP003,P0595,153,39,297,5,11/06/2026
INV002596,CP003,P0596,381,71,729,5,11/06/2026
INV002597,CP003,P0597,36,9,76,5,11/06/2026
INV002598,CP003,P0598,382,71,690,14,11/06/2026
INV002599,CP003,P0599,213,71,477,5,11/06/2026
INV002600,CP003,P0600,132,45,360,14,11/06/2026
INV002601,CP003,P0601,135,29,170,3,11/06/2026
INV002602,CP003,P0602,89,36,231,14,11/06/2026
INV002603,CP003,P0603,140,34,291,3,11/06/2026
INV002604,CP003,P0604,10,5,30,10,11/06/2026
INV002605,CP003,P0605,136,60,479,14,11/06/2026
INV002606,CP003,P0606,281,108,729,14,11/06/2026
INV002607,CP003,P0607,148,24,206,3,11/06/2026
INV002608,CP003,P0608,13,5,30,7,11/06/2026
INV002609,CP003,P0609,160,85,462,14,11/06/2026
INV002610,CP003,P0610,115,39,278,3,11/06/2026
INV002611,CP003,P0611,106,24,205,5,11/06/2026
INV002612,CP003,P0612,215,78,609,14,11/06/2026
INV002613,CP003,P0613,78,41,251,14,11/06/2026
INV002614,CP003,P0614,139,26,231,10,11/06/2026
INV002615,CP003,P0615,234,74,561,14,11/06/2026
INV002616,CP003,P0616,34,28,190,14,11/06/2026
INV002617,CP003,P0617,254,29,304,7,11/06/2026
INV002618,CP003,P0618,121,23,154,10,11/06/2026
INV002619,CP003,P0619,193,31,320,7,11/06/2026
INV002620,CP003,P0620,140,27,197,5,11/06/2026
INV002621,CP003,P0621,335,84,707,10,11/06/2026
INV002622,CP003,P0622,64,25,180,7,11/06/2026
INV002623,CP003,P0623,127,53,268,10,11/06/2026
INV002624,CP003,P0624,21,5,30,5,11/06/2026
INV002625,CP003,P0625,345,86,614,10,11/06/2026
INV002626,CP003,P0626,98,44,244,10,11/06/2026
INV002627,CP003,P0627,33,10,63,14,11/06/2026
INV002628,CP003,P0628,40,6,52,5,11/06/2026
INV002629,CP003,P0629,145,34,227,3,11/06/2026
INV002630,CP003,P0630,415,111,816,5,11/06/2026
INV002631,CP003,P0631,110,27,247,10,11/06/2026
INV002632,CP003,P0632,143,31,216,5,11/06/2026
INV002633,CP003,P0633,149,29,206,7,11/06/2026
INV002634,CP003,P0634,137,42,240,5,11/06/2026
INV002635,CP003,P0635,43,36,197,3,11/06/2026
INV002636,CP003,P0636,70,28,304,7,11/06/2026
INV002637,CP003,P0637,202,41,289,3,11/06/2026
INV002638,CP003,P0638,67,45,223,3,11/06/2026
INV002639,CP003,P0639,165,69,411,10,11/06/2026
INV002640,CP003,P0640,261,62,388,7,11/06/2026
INV002641,CP003,P0641,97,43,358,7,11/06/2026
INV002642,CP003,P0642,45,34,264,3,11/06/2026
INV002643,CP003,P0643,64,39,225,5,11/06/2026
INV002644,CP003,P0644,31,10,82,14,11/06/2026
INV002645,CP003,P0645,60,34,216,3,11/06/2026
INV002646,CP003,P0646,386,66,755,5,11/06/2026
INV002647,CP003,P0647,287,68,462,3,11/06/2026
INV002648,CP003,P0648,111,32,197,7,11/06/2026
INV002649,CP003,P0649,52,35,209,5,11/06/2026
INV002650,CP003,P0650,67,11,93,14,11/06/2026
INV002651,CP003,P0651,200,49,403,5,11/06/2026
INV002652,CP003,P0652,152,30,269,5,11/06/2026
INV002653,CP003,P0653,381,52,412,7,11/06/2026
INV002654,CP003,P0654,24,18,116,14,11/06/2026
INV002655,CP003,P0655,60,40,269,14,11/06/2026
INV002656,CP003,P0656,19,6,57,10,11/06/2026
INV002657,CP003,P0657,47,26,144,14,11/06/2026
INV002658,CP003,P0658,61,8,73,3,11/06/2026
INV002659,CP003,P0659,34,10,47,10,11/06/2026
INV002660,CP003,P0660,168,27,210,14,11/06/2026
INV002661,CP003,P0661,15,9,63,5,11/06/2026
INV002662,CP003,P0662,41,40,241,7,11/06/2026
INV002663,CP003,P0663,97,46,380,7,11/06/2026
INV002664,CP003,P0664,106,25,157,7,11/06/2026
INV002665,CP003,P0665,98,44,250,3,11/06/2026
INV002666,CP003,P0666,47,27,218,7,11/06/2026
INV002667,CP003,P0667,101,39,419,3,11/06/2026
INV002668,CP003,P0668,249,30,277,5,11/06/2026
INV002669,CP003,P0669,124,47,300,14,11/06/2026
INV002670,CP003,P0670,95,25,163,5,11/06/2026
INV002671,CP003,P0671,260,88,792,5,11/06/2026
INV002672,CP003,P0672,140,29,202,3,11/06/2026
INV002673,CP003,P0673,73,30,329,10,11/06/2026
INV002674,CP003,P0674,278,66,397,10,11/06/2026
INV002675,CP003,P0675,101,24,196,10,11/06/2026
INV002676,CP003,P0676,82,23,163,10,11/06/2026
INV002677,CP003,P0677,19,20,200,5,11/06/2026
INV002678,CP003,P0678,6,5,30,3,11/06/2026
INV002679,CP003,P0679,351,88,566,14,11/06/2026
INV002680,CP003,P0680,458,70,527,5,11/06/2026
INV002681,CP003,P0681,182,37,427,7,11/06/2026
INV002682,CP003,P0682,134,18,146,10,11/06/2026
INV002683,CP003,P0683,569,133,949,5,11/06/2026
INV002684,CP003,P0684,129,40,310,10,11/06/2026
INV002685,CP003,P0685,74,19,136,3,11/06/2026
INV002686,CP003,P0686,137,43,318,5,11/06/2026
INV002687,CP003,P0687,151,32,225,3,11/06/2026
INV002688,CP003,P0688,149,37,258,5,11/06/2026
INV002689,CP003,P0689,41,9,64,10,11/06/2026
INV002690,CP003,P0690,404,88,542,10,11/06/2026
INV002691,CP003,P0691,76,44,239,14,11/06/2026
INV002692,CP003,P0692,40,23,191,10,11/06/2026
INV002693,CP003,P0693,109,28,307,14,11/06/2026
INV002694,CP003,P0694,243,84,511,5,11/06/2026
INV002695,CP003,P0695,110,20,157,7,11/06/2026
INV002696,CP003,P0696,204,61,580,5,11/06/2026
INV002697,CP003,P0697,7,5,30,14,11/06/2026
INV002698,CP003,P0698,42,30,206,7,11/06/2026
INV002699,CP003,P0699,49,19,148,7,11/06/2026
INV002700,CP003,P0700,58,56,367,14,11/06/2026
INV002701,CP003,P0701,29,22,255,5,11/06/2026
INV002702,CP003,P0702,43,7,70,10,11/06/2026
INV002703,CP003,P0703,120,26,172,5,11/06/2026
INV002704,CP003,P0704,200,84,489,3,11/06/2026
INV002705,CP003,P0705,97,19,153,10,11/06/2026
INV002706,CP003,P0706,58,18,108,3,11/06/2026
INV002707,CP003,P0707,74,33,192,3,11/06/2026
INV002708,CP003,P0708,22,5,30,7,11/06/2026
INV002709,CP003,P0709,231,67,349,5,11/06/2026
INV002710,CP003,P0710,21,5,30,10,11/06/2026
INV002711,CP003,P0711,208,43,320,3,11/06/2026
INV002712,CP003,P0712,62,42,250,3,11/06/2026
INV002713,CP003,P0713,196,95,1010,10,11/06/2026
INV002714,CP003,P0714,155,32,248,7,11/06/2026
INV002715,CP003,P0715,269,33,311,3,11/06/2026
INV002716,CP003,P0716,142,26,161,10,11/06/2026
INV002717,CP003,P0717,111,25,227,10,11/06/2026
INV002718,CP003,P0718,132,43,360,5,11/06/2026
INV002719,CP003,P0719,11,5,30,7,11/06/2026
INV002720,CP003,P0720,32,9,62,5,11/06/2026
INV002721,CP003,P0721,38,26,250,10,11/06/2026
INV002722,CP003,P0722,181,18,212,3,11/06/2026
INV002723,CP003,P0723,13,6,34,3,11/06/2026
INV002724,CP003,P0724,26,24,168,14,11/06/2026
INV002725,CP003,P0725,384,90,514,3,11/06/2026
INV002726,CP003,P0726,123,67,320,10,11/06/2026
INV002727,CP003,P0727,649,119,1041,3,11/06/2026
INV002728,CP003,P0728,127,33,286,3,11/06/2026
INV002729,CP003,P0729,57,38,242,5,11/06/2026
INV002730,CP003,P0730,266,49,410,14,11/06/2026
INV002731,CP003,P0731,402,54,413,7,11/06/2026
INV002732,CP003,P0732,87,18,127,7,11/06/2026
INV002733,CP003,P0733,215,41,322,7,11/06/2026
INV002734,CP003,P0734,66,14,103,10,11/06/2026
INV002735,CP003,P0735,30,27,229,10,11/06/2026
INV002736,CP003,P0736,80,40,234,10,11/06/2026
INV002737,CP003,P0737,136,34,346,7,11/06/2026
INV002738,CP003,P0738,319,72,423,10,11/06/2026
INV002739,CP003,P0739,181,44,269,10,11/06/2026
INV002740,CP003,P0740,329,36,362,14,11/06/2026
INV002741,CP003,P0741,396,49,471,10,11/06/2026
INV002742,CP003,P0742,105,30,181,7,11/06/2026
INV002743,CP003,P0743,364,60,558,14,11/06/2026
INV002744,CP003,P0744,194,73,579,14,11/06/2026
INV002745,CP003,P0745,165,54,482,14,11/06/2026
INV002746,CP003,P0746,244,30,260,5,11/06/2026
INV002747,CP003,P0747,158,29,233,3,11/06/2026
INV002748,CP003,P0748,108,40,281,10,11/06/2026
INV002749,CP003,P0749,128,39,240,7,11/06/2026
INV002750,CP003,P0750,109,40,257,3,11/06/2026
INV002751,CP003,P0751,122,102,504,3,11/06/2026
INV002752,CP003,P0752,140,28,234,14,11/06/2026
INV002753,CP003,P0753,87,19,219,14,11/06/2026
INV002754,CP003,P0754,14,11,71,3,11/06/2026
INV002755,CP003,P0755,143,29,275,7,11/06/2026
INV002756,CP003,P0756,320,75,475,14,11/06/2026
INV002757,CP003,P0757,12,9,81,5,11/06/2026
INV002758,CP003,P0758,136,96,733,14,11/06/2026
INV002759,CP003,P0759,43,43,272,5,11/06/2026
INV002760,CP003,P0760,41,28,198,14,11/06/2026
INV002761,CP003,P0761,157,35,337,7,11/06/2026
INV002762,CP003,P0762,31,30,185,7,11/06/2026
INV002763,CP003,P0763,6,5,30,5,11/06/2026
INV002764,CP003,P0764,98,31,183,5,11/06/2026
INV002765,CP003,P0765,660,109,827,5,11/06/2026
INV002766,CP003,P0766,11,5,30,14,11/06/2026
INV002767,CP003,P0767,187,45,287,3,11/06/2026
INV002768,CP003,P0768,107,85,467,5,11/06/2026
INV002769,CP003,P0769,18,10,95,10,11/06/2026
INV002770,CP003,P0770,34,25,208,5,11/06/2026
INV002771,CP003,P0771,127,25,279,7,11/06/2026
INV002772,CP003,P0772,27,28,259,14,11/06/2026
INV002773,CP003,P0773,153,35,183,10,11/06/2026
INV002774,CP003,P0774,513,71,629,3,11/06/2026
INV002775,CP003,P0775,285,43,392,3,11/06/2026
INV002776,CP003,P0776,71,25,173,3,11/06/2026
INV002777,CP003,P0777,25,5,30,5,11/06/2026
INV002778,CP003,P0778,134,37,178,7,11/06/2026
INV002779,CP003,P0779,126,39,251,5,11/06/2026
INV002780,CP003,P0780,41,11,98,14,11/06/2026
INV002781,CP003,P0781,110,61,347,7,11/06/2026
INV002782,CP003,P0782,105,40,270,3,11/06/2026
INV002783,CP003,P0783,111,40,260,7,11/06/2026
INV002784,CP003,P0784,9,5,30,7,11/06/2026
INV002785,CP003,P0785,158,25,222,10,11/06/2026
INV002786,CP003,P0786,35,6,57,7,11/06/2026
INV002787,CP003,P0787,39,46,263,7,11/06/2026
INV002788,CP003,P0788,151,28,242,10,11/06/2026
INV002789,CP003,P0789,58,57,436,14,11/06/2026
INV002790,CP003,P0790,136,42,269,14,11/06/2026
INV002791,CP003,P0791,22,18,187,5,11/06/2026
INV002792,CP003,P0792,19,24,147,7,11/06/2026
INV002793,CP003,P0793,24,5,30,10,11/06/2026
INV002794,CP003,P0794,22,8,74,5,11/06/2026
INV002795,CP003,P0795,190,46,280,3,11/06/2026
INV002796,CP003,P0796,34,27,298,7,11/06/2026
INV002797,CP003,P0797,100,25,184,5,11/06/2026
INV002798,CP003,P0798,140,25,253,5,11/06/2026
INV002799,CP003,P0799,596,70,695,10,11/06/2026
INV002800,CP003,P0800,141,23,183,10,11/06/2026
INV002801,CP003,P0801,41,10,73,7,11/06/2026
INV002802,CP003,P0802,147,40,342,10,11/06/2026
INV002803,CP003,P0803,214,44,367,14,11/06/2026
INV002804,CP003,P0804,115,79,574,5,11/06/2026
INV002805,CP003,P0805,13,5,30,3,11/06/2026
INV002806,CP003,P0806,41,14,133,3,11/06/2026
INV002807,CP003,P0807,140,21,215,7,11/06/2026
INV002808,CP003,P0808,116,22,161,7,11/06/2026
INV002809,CP003,P0809,86,51,303,10,11/06/2026
INV002810,CP003,P0810,71,30,187,10,11/06/2026
INV002811,CP003,P0811,139,40,195,5,11/06/2026
INV002812,CP003,P0812,195,54,301,14,11/06/2026
INV002813,CP003,P0813,264,70,564,14,11/06/2026
INV002814,CP003,P0814,16,8,53,14,11/06/2026
INV002815,CP003,P0815,126,36,265,10,11/06/2026
INV002816,CP003,P0816,17,13,78,7,11/06/2026
INV002817,CP003,P0817,36,25,147,7,11/06/2026
INV002818,CP003,P0818,247,78,647,10,11/06/2026
INV002819,CP003,P0819,228,59,341,7,11/06/2026
INV002820,CP003,P0820,85,15,172,10,11/06/2026
INV002821,CP003,P0821,67,29,152,10,11/06/2026
INV002822,CP003,P0822,146,30,280,10,11/06/2026
INV002823,CP003,P0823,231,63,303,7,11/06/2026
INV002824,CP003,P0824,200,47,383,7,11/06/2026
INV002825,CP003,P0825,133,35,161,5,11/06/2026
INV002826,CP003,P0826,163,29,239,3,11/06/2026
INV002827,CP003,P0827,166,22,223,14,11/06/2026
INV002828,CP003,P0828,446,68,631,10,11/06/2026
INV002829,CP003,P0829,137,38,268,5,11/06/2026
INV002830,CP003,P0830,194,26,226,7,11/06/2026
INV002831,CP003,P0831,94,30,195,7,11/06/2026
INV002832,CP003,P0832,268,49,344,7,11/06/2026
INV002833,CP003,P0833,25,29,325,3,11/06/2026
INV002834,CP003,P0834,33,8,50,14,11/06/2026
INV002835,CP003,P0835,201,30,216,14,11/06/2026
INV002836,CP003,P0836,121,62,465,14,11/06/2026
INV002837,CP003,P0837,64,23,171,5,11/06/2026
INV002838,CP003,P0838,50,26,198,14,11/06/2026
INV002839,CP003,P0839,181,106,639,14,11/06/2026
INV002840,CP003,P0840,124,27,269,7,11/06/2026
INV002841,CP003,P0841,165,40,397,3,11/06/2026
INV002842,CP003,P0842,259,51,321,5,11/06/2026
INV002843,CP003,P0843,293,50,354,7,11/06/2026
INV002844,CP003,P0844,155,71,800,5,11/06/2026
INV002845,CP003,P0845,198,58,394,14,11/06/2026
INV002846,CP003,P0846,17,12,87,3,11/06/2026
INV002847,CP003,P0847,96,25,171,3,11/06/2026
INV002848,CP003,P0848,149,46,225,5,11/06/2026
INV002849,CP003,P0849,144,78,569,14,11/06/2026
INV002850,CP003,P0850,63,30,253,7,11/06/2026
INV002851,CP003,P0851,88,20,164,7,11/06/2026
INV002852,CP003,P0852,14,5,30,7,11/06/2026
INV002853,CP003,P0853,116,28,178,5,11/06/2026
INV002854,CP003,P0854,187,31,291,10,11/06/2026
INV002855,CP003,P0855,611,101,757,10,11/06/2026
INV002856,CP003,P0856,25,7,42,10,11/06/2026
INV002857,CP003,P0857,388,61,506,14,11/06/2026
INV002858,CP003,P0858,88,26,125,5,11/06/2026
INV002859,CP003,P0859,283,38,442,14,11/06/2026
INV002860,CP003,P0860,200,42,281,14,11/06/2026
INV002861,CP003,P0861,53,36,198,7,11/06/2026
INV002862,CP003,P0862,417,90,594,3,11/06/2026
INV002863,CP003,P0863,513,81,674,3,11/06/2026
INV002864,CP003,P0864,246,71,546,5,11/06/2026
INV002865,CP003,P0865,50,15,99,7,11/06/2026
INV002866,CP003,P0866,370,81,430,7,11/06/2026
INV002867,CP003,P0867,123,16,187,7,11/06/2026
INV002868,CP003,P0868,160,34,230,3,11/06/2026
INV002869,CP003,P0869,169,22,211,7,11/06/2026
INV002870,CP003,P0870,134,45,253,7,11/06/2026
INV002871,CP003,P0871,10,7,47,10,11/06/2026
INV002872,CP003,P0872,15,5,30,10,11/06/2026
INV002873,CP003,P0873,49,8,81,3,11/06/2026
INV002874,CP003,P0874,127,24,249,14,11/06/2026
INV002875,CP003,P0875,9,5,30,14,11/06/2026
INV002876,CP003,P0876,152,35,282,14,11/06/2026
INV002877,CP003,P0877,59,41,207,3,11/06/2026
INV002878,CP003,P0878,322,69,557,7,11/06/2026
INV002879,CP003,P0879,118,22,208,14,11/06/2026
INV002880,CP003,P0880,127,31,207,3,11/06/2026
INV002881,CP003,P0881,24,8,66,7,11/06/2026
INV002882,CP003,P0882,302,71,600,10,11/06/2026
INV002883,CP003,P0883,48,15,88,14,11/06/2026
INV002884,CP003,P0884,53,34,362,14,11/06/2026
INV002885,CP003,P0885,11,5,30,10,11/06/2026
INV002886,CP003,P0886,10,5,30,5,11/06/2026
INV002887,CP003,P0887,27,22,162,14,11/06/2026
INV002888,CP003,P0888,494,93,740,3,11/06/2026
INV002889,CP003,P0889,20,5,30,3,11/06/2026
INV002890,CP003,P0890,173,26,197,14,11/06/2026
INV002891,CP003,P0891,118,28,177,5,11/06/2026
INV002892,CP003,P0892,189,76,386,5,11/06/2026
INV002893,CP003,P0893,267,61,367,3,11/06/2026
INV002894,CP003,P0894,581,81,674,14,11/06/2026
INV002895,CP003,P0895,197,42,361,7,11/06/2026
INV002896,CP003,P0896,40,30,147,3,11/06/2026
INV002897,CP003,P0897,23,5,30,5,11/06/2026
INV002898,CP003,P0898,347,50,490,10,11/06/2026
INV002899,CP003,P0899,122,39,206,10,11/06/2026
INV002900,CP003,P0900,120,49,333,14,11/06/2026
INV002901,CP003,P0901,62,34,187,10,11/06/2026
INV002902,CP003,P0902,64,105,508,14,11/06/2026
INV002903,CP003,P0903,96,23,156,10,11/06/2026
INV002904,CP003,P0904,101,45,331,5,11/06/2026
INV002905,CP003,P0905,140,20,234,10,11/06/2026
INV002906,CP003,P0906,82,29,340,14,11/06/2026
INV002907,CP003,P0907,34,13,87,7,11/06/2026
INV002908,CP003,P0908,102,41,270,7,11/06/2026
INV002909,CP003,P0909,42,45,293,3,11/06/2026
INV002910,CP003,P0910,133,69,788,14,11/06/2026
INV002911,CP003,P0911,73,36,165,7,11/06/2026
INV002912,CP003,P0912,89,24,195,5,11/06/2026
INV002913,CP003,P0913,79,50,542,10,11/06/2026
INV002914,CP003,P0914,49,39,360,10,11/06/2026
INV002915,CP003,P0915,7,7,41,14,11/06/2026
INV002916,CP003,P0916,90,32,166,10,11/06/2026
INV002917,CP003,P0917,185,26,224,10,11/06/2026
INV002918,CP003,P0918,46,47,239,3,11/06/2026
INV002919,CP003,P0919,107,45,298,5,11/06/2026
INV002920,CP003,P0920,242,101,1112,7,11/06/2026
INV002921,CP003,P0921,11,5,30,7,11/06/2026
INV002922,CP003,P0922,118,115,928,5,11/06/2026
INV002923,CP003,P0923,277,39,366,7,11/06/2026
INV002924,CP003,P0924,154,80,872,14,11/06/2026
INV002925,CP003,P0925,159,52,263,3,11/06/2026
INV002926,CP003,P0926,324,62,500,7,11/06/2026
INV002927,CP003,P0927,95,35,228,5,11/06/2026
INV002928,CP003,P0928,137,21,160,10,11/06/2026
INV002929,CP003,P0929,22,25,202,7,11/06/2026
INV002930,CP003,P0930,191,70,439,14,11/06/2026
INV002931,CP003,P0931,95,18,155,10,11/06/2026
INV002932,CP003,P0932,171,24,234,10,11/06/2026
INV002933,CP003,P0933,13,11,82,14,11/06/2026
INV002934,CP003,P0934,148,34,373,10,11/06/2026
INV002935,CP003,P0935,138,49,363,10,11/06/2026
INV002936,CP003,P0936,98,59,352,5,11/06/2026
INV002937,CP003,P0937,42,13,106,7,11/06/2026
INV002938,CP003,P0938,59,47,250,7,11/06/2026
INV002939,CP003,P0939,112,47,455,14,11/06/2026
INV002940,CP003,P0940,150,19,169,3,11/06/2026
INV002941,CP003,P0941,147,28,254,7,11/06/2026
INV002942,CP003,P0942,624,96,899,10,11/06/2026
INV002943,CP003,P0943,22,5,30,7,11/06/2026
INV002944,CP003,P0944,228,50,319,7,11/06/2026
INV002945,CP003,P0945,107,31,315,7,11/06/2026
INV002946,CP003,P0946,90,35,396,5,11/06/2026
INV002947,CP003,P0947,56,22,160,5,11/06/2026
INV002948,CP003,P0948,18,7,39,14,11/06/2026
INV002949,CP003,P0949,248,66,491,5,11/06/2026
INV002950,CP003,P0950,51,21,230,10,11/06/2026
INV002951,CP003,P0951,228,79,493,10,11/06/2026
INV002952,CP003,P0952,89,42,325,14,11/06/2026
INV002953,CP003,P0953,79,35,208,14,11/06/2026
INV002954,CP003,P0954,19,5,30,14,11/06/2026
INV002955,CP003,P0955,101,49,236,14,11/06/2026
INV002956,CP003,P0956,15,15,99,3,11/06/2026
INV002957,CP003,P0957,80,32,244,3,11/06/2026
INV002958,CP003,P0958,310,93,544,10,11/06/2026
INV002959,CP003,P0959,635,95,1009,10,11/06/2026
INV002960,CP003,P0960,151,32,246,5,11/06/2026
INV002961,CP003,P0961,81,77,504,5,11/06/2026
INV002962,CP003,P0962,97,49,429,14,11/06/2026
INV002963,CP003,P0963,24,24,140,14,11/06/2026
INV002964,CP003,P0964,54,24,165,7,11/06/2026
INV002965,CP003,P0965,153,28,244,3,11/06/2026
INV002966,CP003,P0966,28,49,426,3,11/06/2026
INV002967,CP003,P0967,87,31,258,3,11/06/2026
INV002968,CP003,P0968,325,49,371,10,11/06/2026
INV002969,CP003,P0969,19,20,193,3,11/06/2026
INV002970,CP003,P0970,295,69,525,7,11/06/2026
INV002971,CP003,P0971,9,5,30,10,11/06/2026
INV002972,CP003,P0972,49,28,249,3,11/06/2026
INV002973,CP003,P0973,245,29,314,14,11/06/2026
INV002974,CP003,P0974,17,9,48,3,11/06/2026
INV002975,CP003,P0975,95,39,213,10,11/06/2026
INV002976,CP003,P0976,49,42,377,3,11/06/2026
INV002977,CP003,P0977,63,20,143,5,11/06/2026
INV002978,CP003,P0978,30,12,66,3,11/06/2026
INV002979,CP003,P0979,89,35,350,5,11/06/2026
INV002980,CP003,P0980,99,34,310,7,11/06/2026
INV002981,CP003,P0981,396,78,525,3,11/06/2026
INV002982,CP003,P0982,14,13,72,14,11/06/2026
INV002983,CP003,P0983,103,14,141,7,11/06/2026
INV002984,CP003,P0984,27,24,141,14,11/06/2026
INV002985,CP003,P0985,20,16,78,7,11/06/2026
INV002986,CP003,P0986,270,80,631,5,11/06/2026
INV002987,CP003,P0987,13,11,107,7,11/06/2026
INV002988,CP003,P0988,13,7,52,10,11/06/2026
INV002989,CP003,P0989,48,9,90,5,11/06/2026
INV002990,CP003,P0990,82,55,242,10,11/06/2026
INV002991,CP003,P0991,224,48,418,10,11/06/2026
INV002992,CP003,P0992,21,5,30,7,11/06/2026
INV002993,CP003,P0993,131,32,211,14,11/06/2026
INV002994,CP003,P0994,149,29,216,3,11/06/2026
INV002995,CP003,P0995,64,31,227,10,11/06/2026
INV002996,CP003,P0996,106,30,192,5,11/06/2026
INV002997,CP003,P0997,76,27,229,5,11/06/2026
INV002998,CP003,P0998,170,54,312,7,11/06/2026
INV002999,CP003,P0999,302,36,345,14,11/06/2026
INV003000,CP003,P1000,86,27,175,10,11/06/2026
INV003001,CP004,P0001,393,86,629,3,11/06/2026
INV003002,CP004,P0002,26,21,151,7,11/06/2026
INV003003,CP004,P0003,464,53,557,3,11/06/2026
INV003004,CP004,P0004,275,69,453,7,11/06/2026
INV003005,CP004,P0005,357,69,456,3,11/06/2026
INV003006,CP004,P0006,207,31,260,7,11/06/2026
INV003007,CP004,P0007,111,22,222,5,11/06/2026
INV003008,CP004,P0008,47,21,171,3,11/06/2026
INV003009,CP004,P0009,67,29,177,10,11/06/2026
INV003010,CP004,P0010,77,24,121,14,11/06/2026
INV003011,CP004,P0011,251,72,594,10,11/06/2026
INV003012,CP004,P0012,19,7,50,10,11/06/2026
INV003013,CP004,P0013,140,24,174,3,11/06/2026
INV003014,CP004,P0014,96,25,121,5,11/06/2026
INV003015,CP004,P0015,20,5,56,5,11/06/2026
INV003016,CP004,P0016,61,32,224,14,11/06/2026
INV003017,CP004,P0017,24,22,167,7,11/06/2026
INV003018,CP004,P0018,64,32,242,7,11/06/2026
INV003019,CP004,P0019,471,66,552,7,11/06/2026
INV003020,CP004,P0020,226,84,509,3,11/06/2026
INV003021,CP004,P0021,138,27,200,3,11/06/2026
INV003022,CP004,P0022,90,31,182,3,11/06/2026
INV003023,CP004,P0023,73,59,564,14,11/06/2026
INV003024,CP004,P0024,25,18,117,10,11/06/2026
INV003025,CP004,P0025,25,24,200,5,11/06/2026
INV003026,CP004,P0026,68,28,126,5,11/06/2026
INV003027,CP004,P0027,146,28,241,7,11/06/2026
INV003028,CP004,P0028,14,6,45,5,11/06/2026
INV003029,CP004,P0029,20,5,33,10,11/06/2026
INV003030,CP004,P0030,130,47,341,7,11/06/2026
INV003031,CP004,P0031,37,29,238,5,11/06/2026
INV003032,CP004,P0032,85,65,421,5,11/06/2026
INV003033,CP004,P0033,86,18,138,3,11/06/2026
INV003034,CP004,P0034,73,21,97,7,11/06/2026
INV003035,CP004,P0035,62,7,76,14,11/06/2026
INV003036,CP004,P0036,18,5,30,7,11/06/2026
INV003037,CP004,P0037,207,71,614,10,11/06/2026
INV003038,CP004,P0038,39,9,68,7,11/06/2026
INV003039,CP004,P0039,169,21,185,5,11/06/2026
INV003040,CP004,P0040,209,29,227,7,11/06/2026
INV003041,CP004,P0041,25,13,134,5,11/06/2026
INV003042,CP004,P0042,240,29,270,14,11/06/2026
INV003043,CP004,P0043,131,26,215,3,11/06/2026
INV003044,CP004,P0044,64,30,304,3,11/06/2026
INV003045,CP004,P0045,67,24,214,5,11/06/2026
INV003046,CP004,P0046,63,28,157,14,11/06/2026
INV003047,CP004,P0047,111,30,158,14,11/06/2026
INV003048,CP004,P0048,71,22,122,5,11/06/2026
INV003049,CP004,P0049,168,25,221,5,11/06/2026
INV003050,CP004,P0050,102,20,219,14,11/06/2026
INV003051,CP004,P0051,39,24,163,10,11/06/2026
INV003052,CP004,P0052,66,29,131,5,11/06/2026
INV003053,CP004,P0053,43,10,71,14,11/06/2026
INV003054,CP004,P0054,223,84,399,7,11/06/2026
INV003055,CP004,P0055,101,34,241,10,11/06/2026
INV003056,CP004,P0056,77,23,186,7,11/06/2026
INV003057,CP004,P0057,46,40,277,3,11/06/2026
INV003058,CP004,P0058,59,24,148,5,11/06/2026
INV003059,CP004,P0059,62,14,109,10,11/06/2026
INV003060,CP004,P0060,134,21,192,14,11/06/2026
INV003061,CP004,P0061,124,30,168,5,11/06/2026
INV003062,CP004,P0062,101,56,393,3,11/06/2026
INV003063,CP004,P0063,176,30,232,5,11/06/2026
INV003064,CP004,P0064,16,7,46,10,11/06/2026
INV003065,CP004,P0065,124,22,162,14,11/06/2026
INV003066,CP004,P0066,70,35,252,5,11/06/2026
INV003067,CP004,P0067,40,10,77,14,11/06/2026
INV003068,CP004,P0068,413,65,577,14,11/06/2026
INV003069,CP004,P0069,62,32,159,3,11/06/2026
INV003070,CP004,P0070,452,73,519,14,11/06/2026
INV003071,CP004,P0071,54,31,168,5,11/06/2026
INV003072,CP004,P0072,79,26,151,7,11/06/2026
INV003073,CP004,P0073,66,19,115,5,11/06/2026
INV003074,CP004,P0074,52,15,94,7,11/06/2026
INV003075,CP004,P0075,40,22,182,10,11/06/2026
INV003076,CP004,P0076,61,26,214,7,11/06/2026
INV003077,CP004,P0077,125,17,133,5,11/06/2026
INV003078,CP004,P0078,44,38,185,10,11/06/2026
INV003079,CP004,P0079,152,23,240,7,11/06/2026
INV003080,CP004,P0080,101,25,203,7,11/06/2026
INV003081,CP004,P0081,119,25,171,7,11/06/2026
INV003082,CP004,P0082,129,21,144,3,11/06/2026
INV003083,CP004,P0083,106,21,124,5,11/06/2026
INV003084,CP004,P0084,25,5,30,10,11/06/2026
INV003085,CP004,P0085,31,16,86,5,11/06/2026
INV003086,CP004,P0086,225,60,437,14,11/06/2026
INV003087,CP004,P0087,193,28,257,10,11/06/2026
INV003088,CP004,P0088,202,37,341,7,11/06/2026
INV003089,CP004,P0089,161,23,183,5,11/06/2026
INV003090,CP004,P0090,188,25,229,10,11/06/2026
INV003091,CP004,P0091,47,24,166,14,11/06/2026
INV003092,CP004,P0092,61,24,218,3,11/06/2026
INV003093,CP004,P0093,71,31,136,14,11/06/2026
INV003094,CP004,P0094,181,39,212,14,11/06/2026
INV003095,CP004,P0095,69,30,179,14,11/06/2026
INV003096,CP004,P0096,26,10,63,14,11/06/2026
INV003097,CP004,P0097,39,29,207,7,11/06/2026
INV003098,CP004,P0098,145,21,159,7,11/06/2026
INV003099,CP004,P0099,118,15,160,5,11/06/2026
INV003100,CP004,P0100,96,31,164,14,11/06/2026
INV003101,CP004,P0101,334,75,564,5,11/06/2026
INV003102,CP004,P0102,124,41,270,7,11/06/2026
INV003103,CP004,P0103,75,25,147,10,11/06/2026
INV003104,CP004,P0104,77,17,127,3,11/06/2026
INV003105,CP004,P0105,100,33,253,10,11/06/2026
INV003106,CP004,P0106,18,15,164,3,11/06/2026
INV003107,CP004,P0107,326,74,527,10,11/06/2026
INV003108,CP004,P0108,37,29,234,7,11/06/2026
INV003109,CP004,P0109,48,18,100,10,11/06/2026
INV003110,CP004,P0110,100,17,146,10,11/06/2026
INV003111,CP004,P0111,250,37,299,3,11/06/2026
INV003112,CP004,P0112,60,24,185,10,11/06/2026
INV003113,CP004,P0113,193,69,558,14,11/06/2026
INV003114,CP004,P0114,14,5,30,7,11/06/2026
INV003115,CP004,P0115,19,18,136,10,11/06/2026
INV003116,CP004,P0116,125,18,158,3,11/06/2026
INV003117,CP004,P0117,287,78,482,5,11/06/2026
INV003118,CP004,P0118,19,5,30,7,11/06/2026
INV003119,CP004,P0119,93,30,175,7,11/06/2026
INV003120,CP004,P0120,41,8,85,5,11/06/2026
INV003121,CP004,P0121,168,27,194,10,11/06/2026
INV003122,CP004,P0122,146,54,278,3,11/06/2026
INV003123,CP004,P0123,91,19,115,7,11/06/2026
INV003124,CP004,P0124,114,23,261,5,11/06/2026
INV003125,CP004,P0125,84,31,308,5,11/06/2026
INV003126,CP004,P0126,78,20,131,7,11/06/2026
INV003127,CP004,P0127,58,30,233,3,11/06/2026
INV003128,CP004,P0128,58,32,312,3,11/06/2026
INV003129,CP004,P0129,161,35,204,10,11/06/2026
INV003130,CP004,P0130,27,30,218,14,11/06/2026
INV003131,CP004,P0131,51,31,292,7,11/06/2026
INV003132,CP004,P0132,196,37,271,3,11/06/2026
INV003133,CP004,P0133,58,33,212,10,11/06/2026
INV003134,CP004,P0134,205,27,286,10,11/06/2026
INV003135,CP004,P0135,116,23,221,10,11/06/2026
INV003136,CP004,P0136,6,5,35,7,11/06/2026
INV003137,CP004,P0137,139,21,175,5,11/06/2026
INV003138,CP004,P0138,37,8,67,3,11/06/2026
INV003139,CP004,P0139,42,19,215,7,11/06/2026
INV003140,CP004,P0140,145,28,271,7,11/06/2026
INV003141,CP004,P0141,140,20,189,3,11/06/2026
INV003142,CP004,P0142,85,40,314,14,11/06/2026
INV003143,CP004,P0143,30,9,45,3,11/06/2026
INV003144,CP004,P0144,142,21,180,10,11/06/2026
INV003145,CP004,P0145,27,25,195,10,11/06/2026
INV003146,CP004,P0146,231,37,375,5,11/06/2026
INV003147,CP004,P0147,271,67,306,3,11/06/2026
INV003148,CP004,P0148,355,52,438,3,11/06/2026
INV003149,CP004,P0149,35,20,187,10,11/06/2026
INV003150,CP004,P0150,46,22,136,5,11/06/2026
INV003151,CP004,P0151,102,14,137,10,11/06/2026
INV003152,CP004,P0152,51,18,151,5,11/06/2026
INV003153,CP004,P0153,325,65,466,5,11/06/2026
INV003154,CP004,P0154,52,31,172,5,11/06/2026
INV003155,CP004,P0155,48,34,182,14,11/06/2026
INV003156,CP004,P0156,209,23,254,14,11/06/2026
INV003157,CP004,P0157,19,14,157,14,11/06/2026
INV003158,CP004,P0158,19,7,49,3,11/06/2026
INV003159,CP004,P0159,163,33,217,10,11/06/2026
INV003160,CP004,P0160,83,28,221,10,11/06/2026
INV003161,CP004,P0161,19,5,30,3,11/06/2026
INV003162,CP004,P0162,77,24,169,7,11/06/2026
INV003163,CP004,P0163,39,24,232,5,11/06/2026
INV003164,CP004,P0164,116,43,430,7,11/06/2026
INV003165,CP004,P0165,156,33,225,14,11/06/2026
INV003166,CP004,P0166,80,68,550,10,11/06/2026
INV003167,CP004,P0167,23,22,188,5,11/06/2026
INV003168,CP004,P0168,55,38,209,5,11/06/2026
INV003169,CP004,P0169,10,6,43,5,11/06/2026
INV003170,CP004,P0170,102,38,220,10,11/06/2026
INV003171,CP004,P0171,186,50,272,7,11/06/2026
INV003172,CP004,P0172,25,25,215,7,11/06/2026
INV003173,CP004,P0173,253,55,505,5,11/06/2026
INV003174,CP004,P0174,127,29,162,5,11/06/2026
INV003175,CP004,P0175,27,17,109,3,11/06/2026
INV003176,CP004,P0176,30,7,50,14,11/06/2026
INV003177,CP004,P0177,121,24,212,10,11/06/2026
INV003178,CP004,P0178,141,35,296,7,11/06/2026
INV003179,CP004,P0179,76,20,218,10,11/06/2026
INV003180,CP004,P0180,117,29,219,5,11/06/2026
INV003181,CP004,P0181,14,5,40,14,11/06/2026
INV003182,CP004,P0182,16,5,46,10,11/06/2026
INV003183,CP004,P0183,10,11,102,3,11/06/2026
INV003184,CP004,P0184,71,21,156,3,11/06/2026
INV003185,CP004,P0185,123,35,352,14,11/06/2026
INV003186,CP004,P0186,120,30,224,14,11/06/2026
INV003187,CP004,P0187,340,71,570,3,11/06/2026
INV003188,CP004,P0188,144,30,260,10,11/06/2026
INV003189,CP004,P0189,31,9,81,5,11/06/2026
INV003190,CP004,P0190,99,31,175,7,11/06/2026
INV003191,CP004,P0191,24,20,151,7,11/06/2026
INV003192,CP004,P0192,501,101,577,5,11/06/2026
INV003193,CP004,P0193,44,33,253,5,11/06/2026
INV003194,CP004,P0194,34,20,134,7,11/06/2026
INV003195,CP004,P0195,116,36,267,7,11/06/2026
INV003196,CP004,P0196,255,43,385,3,11/06/2026
INV003197,CP004,P0197,175,20,180,7,11/06/2026
INV003198,CP004,P0198,165,29,204,3,11/06/2026
INV003199,CP004,P0199,167,58,385,10,11/06/2026
INV003200,CP004,P0200,107,14,157,3,11/06/2026
INV003201,CP004,P0201,80,20,156,7,11/06/2026
INV003202,CP004,P0202,242,41,318,14,11/06/2026
INV003203,CP004,P0203,43,46,327,14,11/06/2026
INV003204,CP004,P0204,218,79,526,7,11/06/2026
INV003205,CP004,P0205,108,30,243,7,11/06/2026
INV003206,CP004,P0206,164,23,174,7,11/06/2026
INV003207,CP004,P0207,348,67,529,3,11/06/2026
INV003208,CP004,P0208,132,25,175,7,11/06/2026
INV003209,CP004,P0209,160,21,242,3,11/06/2026
INV003210,CP004,P0210,198,38,282,14,11/06/2026
INV003211,CP004,P0211,60,18,110,3,11/06/2026
INV003212,CP004,P0212,97,26,160,14,11/06/2026
INV003213,CP004,P0213,28,19,113,7,11/06/2026
INV003214,CP004,P0214,70,29,254,10,11/06/2026
INV003215,CP004,P0215,42,41,211,5,11/06/2026
INV003216,CP004,P0216,102,35,356,5,11/06/2026
INV003217,CP004,P0217,67,26,190,7,11/06/2026
INV003218,CP004,P0218,15,11,57,7,11/06/2026
INV003219,CP004,P0219,32,31,196,5,11/06/2026
INV003220,CP004,P0220,32,7,72,10,11/06/2026
INV003221,CP004,P0221,190,22,213,10,11/06/2026
INV003222,CP004,P0222,130,31,285,14,11/06/2026
INV003223,CP004,P0223,38,20,172,7,11/06/2026
INV003224,CP004,P0224,127,19,165,7,11/06/2026
INV003225,CP004,P0225,55,43,291,14,11/06/2026
INV003226,CP004,P0226,19,5,30,5,11/06/2026
INV003227,CP004,P0227,18,9,63,3,11/06/2026
INV003228,CP004,P0228,50,8,69,7,11/06/2026
INV003229,CP004,P0229,40,8,84,14,11/06/2026
INV003230,CP004,P0230,67,41,326,3,11/06/2026
INV003231,CP004,P0231,64,9,79,10,11/06/2026
INV003232,CP004,P0232,9,5,30,7,11/06/2026
INV003233,CP004,P0233,134,31,253,5,11/06/2026
INV003234,CP004,P0234,50,24,184,14,11/06/2026
INV003235,CP004,P0235,109,45,267,5,11/06/2026
INV003236,CP004,P0236,46,17,125,5,11/06/2026
INV003237,CP004,P0237,44,14,141,10,11/06/2026
INV003238,CP004,P0238,137,20,173,10,11/06/2026
INV003239,CP004,P0239,89,38,192,7,11/06/2026
INV003240,CP004,P0240,12,18,193,5,11/06/2026
INV003241,CP004,P0241,19,5,31,7,11/06/2026
INV003242,CP004,P0242,21,22,171,5,11/06/2026
INV003243,CP004,P0243,108,16,151,14,11/06/2026
INV003244,CP004,P0244,5,5,30,10,11/06/2026
INV003245,CP004,P0245,78,27,204,14,11/06/2026
INV003246,CP004,P0246,99,31,172,3,11/06/2026
INV003247,CP004,P0247,143,45,298,5,11/06/2026
INV003248,CP004,P0248,49,10,90,5,11/06/2026
INV003249,CP004,P0249,29,17,129,3,11/06/2026
INV003250,CP004,P0250,14,7,67,14,11/06/2026
INV003251,CP004,P0251,52,27,138,10,11/06/2026
INV003252,CP004,P0252,187,53,292,3,11/06/2026
INV003253,CP004,P0253,154,26,202,3,11/06/2026
INV003254,CP004,P0254,6,5,30,10,11/06/2026
INV003255,CP004,P0255,57,31,224,5,11/06/2026
INV003256,CP004,P0256,27,5,30,5,11/06/2026
INV003257,CP004,P0257,32,12,69,5,11/06/2026
INV003258,CP004,P0258,69,31,303,7,11/06/2026
INV003259,CP004,P0259,17,6,30,3,11/06/2026
INV003260,CP004,P0260,288,72,342,14,11/06/2026
INV003261,CP004,P0261,186,43,262,7,11/06/2026
INV003262,CP004,P0262,111,25,215,14,11/06/2026
INV003263,CP004,P0263,156,41,434,3,11/06/2026
INV003264,CP004,P0264,39,45,245,10,11/06/2026
INV003265,CP004,P0265,46,20,121,7,11/06/2026
INV003266,CP004,P0266,18,5,30,3,11/06/2026
INV003267,CP004,P0267,14,10,80,5,11/06/2026
INV003268,CP004,P0268,160,26,187,7,11/06/2026
INV003269,CP004,P0269,48,22,115,7,11/06/2026
INV003270,CP004,P0270,103,55,580,10,11/06/2026
INV003271,CP004,P0271,42,20,96,3,11/06/2026
INV003272,CP004,P0272,209,33,275,10,11/06/2026
INV003273,CP004,P0273,32,27,233,10,11/06/2026
INV003274,CP004,P0274,171,32,211,14,11/06/2026
INV003275,CP004,P0275,98,36,211,3,11/06/2026
INV003276,CP004,P0276,17,5,30,5,11/06/2026
INV003277,CP004,P0277,91,69,617,3,11/06/2026
INV003278,CP004,P0278,80,20,177,10,11/06/2026
INV003279,CP004,P0279,124,42,299,3,11/06/2026
INV003280,CP004,P0280,48,8,53,10,11/06/2026
INV003281,CP004,P0281,58,21,128,3,11/06/2026
INV003282,CP004,P0282,60,26,226,7,11/06/2026
INV003283,CP004,P0283,36,15,100,3,11/06/2026
INV003284,CP004,P0284,30,19,150,14,11/06/2026
INV003285,CP004,P0285,110,27,149,14,11/06/2026
INV003286,CP004,P0286,124,71,373,14,11/06/2026
INV003287,CP004,P0287,67,45,368,10,11/06/2026
INV003288,CP004,P0288,336,58,412,3,11/06/2026
INV003289,CP004,P0289,422,71,566,5,11/06/2026
INV003290,CP004,P0290,110,31,169,3,11/06/2026
INV003291,CP004,P0291,277,46,374,10,11/06/2026
INV003292,CP004,P0292,170,25,202,14,11/06/2026
INV003293,CP004,P0293,296,76,454,7,11/06/2026
INV003294,CP004,P0294,227,55,394,14,11/06/2026
INV003295,CP004,P0295,42,13,131,3,11/06/2026
INV003296,CP004,P0296,46,30,205,10,11/06/2026
INV003297,CP004,P0297,17,14,67,14,11/06/2026
INV003298,CP004,P0298,116,15,165,7,11/06/2026
INV003299,CP004,P0299,26,13,119,3,11/06/2026
INV003300,CP004,P0300,47,13,67,5,11/06/2026
INV003301,CP004,P0301,240,57,401,7,11/06/2026
INV003302,CP004,P0302,128,28,201,10,11/06/2026
INV003303,CP004,P0303,55,28,130,14,11/06/2026
INV003304,CP004,P0304,417,48,448,10,11/06/2026
INV003305,CP004,P0305,43,6,59,3,11/06/2026
INV003306,CP004,P0306,62,10,77,7,11/06/2026
INV003307,CP004,P0307,20,5,30,3,11/06/2026
INV003308,CP004,P0308,465,52,535,3,11/06/2026
INV003309,CP004,P0309,40,19,124,3,11/06/2026
INV003310,CP004,P0310,58,26,186,5,11/06/2026
INV003311,CP004,P0311,49,23,193,5,11/06/2026
INV003312,CP004,P0312,49,24,207,7,11/06/2026
INV003313,CP004,P0313,20,5,30,7,11/06/2026
INV003314,CP004,P0314,542,98,649,7,11/06/2026
INV003315,CP004,P0315,42,18,208,3,11/06/2026
INV003316,CP004,P0316,164,32,244,5,11/06/2026
INV003317,CP004,P0317,110,63,380,14,11/06/2026
INV003318,CP004,P0318,21,6,56,10,11/06/2026
INV003319,CP004,P0319,168,25,292,14,11/06/2026
INV003320,CP004,P0320,273,56,335,7,11/06/2026
INV003321,CP004,P0321,117,28,179,14,11/06/2026
INV003322,CP004,P0322,240,53,455,7,11/06/2026
INV003323,CP004,P0323,133,29,221,14,11/06/2026
INV003324,CP004,P0324,268,53,308,14,11/06/2026
INV003325,CP004,P0325,140,31,200,5,11/06/2026
INV003326,CP004,P0326,105,27,138,3,11/06/2026
INV003327,CP004,P0327,135,38,322,14,11/06/2026
INV003328,CP004,P0328,88,19,127,5,11/06/2026
INV003329,CP004,P0329,50,19,134,14,11/06/2026
INV003330,CP004,P0330,14,5,30,7,11/06/2026
INV003331,CP004,P0331,59,25,135,14,11/06/2026
INV003332,CP004,P0332,268,29,339,14,11/06/2026
INV003333,CP004,P0333,333,54,492,7,11/06/2026
INV003334,CP004,P0334,7,5,30,10,11/06/2026
INV003335,CP004,P0335,95,25,161,10,11/06/2026
INV003336,CP004,P0336,46,7,65,3,11/06/2026
INV003337,CP004,P0337,257,48,388,10,11/06/2026
INV003338,CP004,P0338,165,29,259,3,11/06/2026
INV003339,CP004,P0339,251,57,647,3,11/06/2026
INV003340,CP004,P0340,21,16,112,5,11/06/2026
INV003341,CP004,P0341,106,20,214,10,11/06/2026
INV003342,CP004,P0342,102,107,525,14,11/06/2026
INV003343,CP004,P0343,136,27,170,3,11/06/2026
INV003344,CP004,P0344,167,28,253,10,11/06/2026
INV003345,CP004,P0345,62,21,240,7,11/06/2026
INV003346,CP004,P0346,105,52,445,5,11/06/2026
INV003347,CP004,P0347,50,21,207,14,11/06/2026
INV003348,CP004,P0348,43,28,224,10,11/06/2026
INV003349,CP004,P0349,43,24,167,5,11/06/2026
INV003350,CP004,P0350,15,5,47,10,11/06/2026
INV003351,CP004,P0351,57,15,171,10,11/06/2026
INV003352,CP004,P0352,68,53,398,7,11/06/2026
INV003353,CP004,P0353,96,20,127,3,11/06/2026
INV003354,CP004,P0354,135,25,140,14,11/06/2026
INV003355,CP004,P0355,169,51,546,3,11/06/2026
INV003356,CP004,P0356,111,51,420,3,11/06/2026
INV003357,CP004,P0357,47,15,98,3,11/06/2026
INV003358,CP004,P0358,97,28,174,5,11/06/2026
INV003359,CP004,P0359,48,24,121,3,11/06/2026
INV003360,CP004,P0360,158,60,375,7,11/06/2026
INV003361,CP004,P0361,115,13,130,10,11/06/2026
INV003362,CP004,P0362,24,5,30,14,11/06/2026
INV003363,CP004,P0363,200,32,224,7,11/06/2026
INV003364,CP004,P0364,144,32,229,7,11/06/2026
INV003365,CP004,P0365,69,35,289,7,11/06/2026
INV003366,CP004,P0366,63,18,107,10,11/06/2026
INV003367,CP004,P0367,81,27,199,14,11/06/2026
INV003368,CP004,P0368,85,77,341,3,11/06/2026
INV003369,CP004,P0369,30,13,121,5,11/06/2026
INV003370,CP004,P0370,104,21,166,7,11/06/2026
INV003371,CP004,P0371,75,26,230,7,11/06/2026
INV003372,CP004,P0372,38,31,176,5,11/06/2026
INV003373,CP004,P0373,35,34,293,14,11/06/2026
INV003374,CP004,P0374,11,7,74,5,11/06/2026
INV003375,CP004,P0375,116,39,263,3,11/06/2026
INV003376,CP004,P0376,196,21,252,3,11/06/2026
INV003377,CP004,P0377,52,29,158,14,11/06/2026
INV003378,CP004,P0378,29,27,158,3,11/06/2026
INV003379,CP004,P0379,167,39,349,10,11/06/2026
INV003380,CP004,P0380,19,5,30,7,11/06/2026
INV003381,CP004,P0381,50,37,175,3,11/06/2026
INV003382,CP004,P0382,22,23,166,5,11/06/2026
INV003383,CP004,P0383,249,31,311,14,11/06/2026
INV003384,CP004,P0384,44,33,187,5,11/06/2026
INV003385,CP004,P0385,83,41,378,14,11/06/2026
INV003386,CP004,P0386,156,29,207,3,11/06/2026
INV003387,CP004,P0387,43,34,289,14,11/06/2026
INV003388,CP004,P0388,72,26,192,14,11/06/2026
INV003389,CP004,P0389,91,27,232,14,11/06/2026
INV003390,CP004,P0390,126,54,425,3,11/06/2026
INV003391,CP004,P0391,114,25,145,10,11/06/2026
INV003392,CP004,P0392,115,35,221,14,11/06/2026
INV003393,CP004,P0393,212,43,283,10,11/06/2026
INV003394,CP004,P0394,21,15,131,5,11/06/2026
INV003395,CP004,P0395,11,5,30,14,11/06/2026
INV003396,CP004,P0396,74,21,145,5,11/06/2026
INV003397,CP004,P0397,89,25,141,7,11/06/2026
INV003398,CP004,P0398,51,19,111,7,11/06/2026
INV003399,CP004,P0399,154,25,231,14,11/06/2026
INV003400,CP004,P0400,107,24,180,10,11/06/2026
INV003401,CP004,P0401,36,18,163,10,11/06/2026
INV003402,CP004,P0402,111,27,176,3,11/06/2026
INV003403,CP004,P0403,155,51,352,14,11/06/2026
INV003404,CP004,P0404,136,28,228,7,11/06/2026
INV003405,CP004,P0405,440,52,513,14,11/06/2026
INV003406,CP004,P0406,34,21,122,5,11/06/2026
INV003407,CP004,P0407,416,86,555,5,11/06/2026
INV003408,CP004,P0408,117,32,209,14,11/06/2026
INV003409,CP004,P0409,203,26,220,14,11/06/2026
INV003410,CP004,P0410,12,6,44,10,11/06/2026
INV003411,CP004,P0411,70,37,277,14,11/06/2026
INV003412,CP004,P0412,29,30,281,5,11/06/2026
INV003413,CP004,P0413,27,7,68,14,11/06/2026
INV003414,CP004,P0414,19,8,41,7,11/06/2026
INV003415,CP004,P0415,45,18,118,10,11/06/2026
INV003416,CP004,P0416,59,17,159,5,11/06/2026
INV003417,CP004,P0417,123,17,160,10,11/06/2026
INV003418,CP004,P0418,290,63,420,5,11/06/2026
INV003419,CP004,P0419,147,31,275,3,11/06/2026
INV003420,CP004,P0420,68,14,84,3,11/06/2026
INV003421,CP004,P0421,48,40,227,7,11/06/2026
INV003422,CP004,P0422,34,13,84,7,11/06/2026
INV003423,CP004,P0423,55,30,298,10,11/06/2026
INV003424,CP004,P0424,46,9,91,7,11/06/2026
INV003425,CP004,P0425,83,19,145,3,11/06/2026
INV003426,CP004,P0426,54,44,374,7,11/06/2026
INV003427,CP004,P0427,197,20,212,10,11/06/2026
INV003428,CP004,P0428,111,39,222,7,11/06/2026
INV003429,CP004,P0429,111,25,139,3,11/06/2026
INV003430,CP004,P0430,24,22,140,10,11/06/2026
INV003431,CP004,P0431,5,5,30,5,11/06/2026
INV003432,CP004,P0432,135,31,170,14,11/06/2026
INV003433,CP004,P0433,98,22,127,10,11/06/2026
INV003434,CP004,P0434,524,78,729,3,11/06/2026
INV003435,CP004,P0435,204,68,322,10,11/06/2026
INV003436,CP004,P0436,76,17,100,7,11/06/2026
INV003437,CP004,P0437,56,22,171,7,11/06/2026
INV003438,CP004,P0438,98,32,282,3,11/06/2026
INV003439,CP004,P0439,67,34,186,3,11/06/2026
INV003440,CP004,P0440,159,36,318,7,11/06/2026
INV003441,CP004,P0441,418,47,489,10,11/06/2026
INV003442,CP004,P0442,87,21,166,5,11/06/2026
INV003443,CP004,P0443,70,16,178,5,11/06/2026
INV003444,CP004,P0444,44,33,276,7,11/06/2026
INV003445,CP004,P0445,42,20,154,7,11/06/2026
INV003446,CP004,P0446,9,5,30,10,11/06/2026
INV003447,CP004,P0447,169,28,182,7,11/06/2026
INV003448,CP004,P0448,160,38,260,7,11/06/2026
INV003449,CP004,P0449,168,36,287,3,11/06/2026
INV003450,CP004,P0450,193,28,255,7,11/06/2026
INV003451,CP004,P0451,492,90,907,3,11/06/2026
INV003452,CP004,P0452,56,41,261,14,11/06/2026
INV003453,CP004,P0453,119,17,145,5,11/06/2026
INV003454,CP004,P0454,49,27,184,14,11/06/2026
INV003455,CP004,P0455,131,79,393,3,11/06/2026
INV003456,CP004,P0456,25,5,40,3,11/06/2026
INV003457,CP004,P0457,41,5,51,7,11/06/2026
INV003458,CP004,P0458,36,34,293,5,11/06/2026
INV003459,CP004,P0459,9,8,98,10,11/06/2026
INV003460,CP004,P0460,146,47,268,7,11/06/2026
INV003461,CP004,P0461,49,24,139,5,11/06/2026
INV003462,CP004,P0462,79,57,344,7,11/06/2026
INV003463,CP004,P0463,267,57,359,5,11/06/2026
INV003464,CP004,P0464,47,31,193,14,11/06/2026
INV003465,CP004,P0465,93,19,118,10,11/06/2026
INV003466,CP004,P0466,6,5,30,7,11/06/2026
INV003467,CP004,P0467,148,28,154,3,11/06/2026
INV003468,CP004,P0468,41,28,174,14,11/06/2026
INV003469,CP004,P0469,41,6,49,3,11/06/2026
INV003470,CP004,P0470,204,68,431,10,11/06/2026
INV003471,CP004,P0471,132,47,445,5,11/06/2026
INV003472,CP004,P0472,33,23,130,10,11/06/2026
INV003473,CP004,P0473,61,23,205,7,11/06/2026
INV003474,CP004,P0474,32,15,136,10,11/06/2026
INV003475,CP004,P0475,12,7,51,3,11/06/2026
INV003476,CP004,P0476,143,24,165,7,11/06/2026
INV003477,CP004,P0477,208,52,334,3,11/06/2026
INV003478,CP004,P0478,122,33,228,5,11/06/2026
INV003479,CP004,P0479,72,44,399,10,11/06/2026
INV003480,CP004,P0480,29,18,131,10,11/06/2026
INV003481,CP004,P0481,96,40,421,7,11/06/2026
INV003482,CP004,P0482,505,60,570,14,11/06/2026
INV003483,CP004,P0483,102,33,305,3,11/06/2026
INV003484,CP004,P0484,144,30,248,14,11/06/2026
INV003485,CP004,P0485,290,51,326,7,11/06/2026
INV003486,CP004,P0486,47,28,212,7,11/06/2026
INV003487,CP004,P0487,82,30,213,3,11/06/2026
INV003488,CP004,P0488,128,50,365,14,11/06/2026
INV003489,CP004,P0489,44,18,162,5,11/06/2026
INV003490,CP004,P0490,25,5,47,10,11/06/2026
INV003491,CP004,P0491,87,15,99,7,11/06/2026
INV003492,CP004,P0492,59,19,98,3,11/06/2026
INV003493,CP004,P0493,184,28,277,14,11/06/2026
INV003494,CP004,P0494,191,31,296,7,11/06/2026
INV003495,CP004,P0495,50,30,211,5,11/06/2026
INV003496,CP004,P0496,53,29,161,10,11/06/2026
INV003497,CP004,P0497,51,25,139,3,11/06/2026
INV003498,CP004,P0498,14,10,54,7,11/06/2026
INV003499,CP004,P0499,17,17,112,5,11/06/2026
INV003500,CP004,P0500,46,11,70,10,11/06/2026
INV003501,CP004,P0501,7,5,30,3,11/06/2026
INV003502,CP004,P0502,104,24,213,7,11/06/2026
INV003503,CP004,P0503,157,54,429,5,11/06/2026
INV003504,CP004,P0504,56,53,477,5,11/06/2026
INV003505,CP004,P0505,95,24,213,3,11/06/2026
INV003506,CP004,P0506,57,22,127,5,11/06/2026
INV003507,CP004,P0507,141,35,263,3,11/06/2026
INV003508,CP004,P0508,262,57,475,10,11/06/2026
INV003509,CP004,P0509,101,27,184,10,11/06/2026
INV003510,CP004,P0510,18,7,67,10,11/06/2026
INV003511,CP004,P0511,95,42,280,7,11/06/2026
INV003512,CP004,P0512,107,18,111,14,11/06/2026
INV003513,CP004,P0513,15,10,73,5,11/06/2026
INV003514,CP004,P0514,132,45,381,3,11/06/2026
INV003515,CP004,P0515,28,14,101,10,11/06/2026
INV003516,CP004,P0516,50,20,121,7,11/06/2026
INV003517,CP004,P0517,67,15,116,3,11/06/2026
INV003518,CP004,P0518,150,31,174,7,11/06/2026
INV003519,CP004,P0519,243,60,327,3,11/06/2026
INV003520,CP004,P0520,184,33,223,7,11/06/2026
INV003521,CP004,P0521,51,15,101,3,11/06/2026
INV003522,CP004,P0522,104,24,179,5,11/06/2026
INV003523,CP004,P0523,12,9,44,14,11/06/2026
INV003524,CP004,P0524,102,30,277,7,11/06/2026
INV003525,CP004,P0525,122,43,298,5,11/06/2026
INV003526,CP004,P0526,55,31,177,10,11/06/2026
INV003527,CP004,P0527,94,21,110,3,11/06/2026
INV003528,CP004,P0528,38,6,58,14,11/06/2026
INV003529,CP004,P0529,123,27,216,5,11/06/2026
INV003530,CP004,P0530,62,28,203,3,11/06/2026
INV003531,CP004,P0531,45,36,215,3,11/06/2026
INV003532,CP004,P0532,224,54,346,5,11/06/2026
INV003533,CP004,P0533,55,35,306,14,11/06/2026
INV003534,CP004,P0534,80,20,192,10,11/06/2026
INV003535,CP004,P0535,17,10,97,7,11/06/2026
INV003536,CP004,P0536,165,25,242,3,11/06/2026
INV003537,CP004,P0537,8,5,30,14,11/06/2026
INV003538,CP004,P0538,46,10,54,5,11/06/2026
INV003539,CP004,P0539,359,87,446,10,11/06/2026
INV003540,CP004,P0540,5,5,30,5,11/06/2026
INV003541,CP004,P0541,148,29,219,10,11/06/2026
INV003542,CP004,P0542,25,8,45,7,11/06/2026
INV003543,CP004,P0543,107,20,169,7,11/06/2026
INV003544,CP004,P0544,138,21,239,5,11/06/2026
INV003545,CP004,P0545,198,37,269,3,11/06/2026
INV003546,CP004,P0546,343,55,468,3,11/06/2026
INV003547,CP004,P0547,20,5,39,14,11/06/2026
INV003548,CP004,P0548,145,20,163,7,11/06/2026
INV003549,CP004,P0549,203,40,482,10,11/06/2026
INV003550,CP004,P0550,128,31,191,14,11/06/2026
INV003551,CP004,P0551,70,23,216,14,11/06/2026
INV003552,CP004,P0552,220,25,297,10,11/06/2026
INV003553,CP004,P0553,231,28,244,5,11/06/2026
INV003554,CP004,P0554,30,26,198,7,11/06/2026
INV003555,CP004,P0555,107,38,180,14,11/06/2026
INV003556,CP004,P0556,50,18,132,3,11/06/2026
INV003557,CP004,P0557,7,5,30,14,11/06/2026
INV003558,CP004,P0558,531,84,552,3,11/06/2026
INV003559,CP004,P0559,15,8,85,3,11/06/2026
INV003560,CP004,P0560,29,10,83,3,11/06/2026
INV003561,CP004,P0561,49,15,89,5,11/06/2026
INV003562,CP004,P0562,86,26,257,10,11/06/2026
INV003563,CP004,P0563,97,26,223,14,11/06/2026
INV003564,CP004,P0564,112,31,308,5,11/06/2026
INV003565,CP004,P0565,265,55,332,3,11/06/2026
INV003566,CP004,P0566,39,19,114,10,11/06/2026
INV003567,CP004,P0567,253,44,275,7,11/06/2026
INV003568,CP004,P0568,81,17,146,3,11/06/2026
INV003569,CP004,P0569,100,21,151,10,11/06/2026
INV003570,CP004,P0570,38,15,127,14,11/06/2026
INV003571,CP004,P0571,91,27,153,10,11/06/2026
INV003572,CP004,P0572,92,32,233,5,11/06/2026
INV003573,CP004,P0573,49,21,210,14,11/06/2026
INV003574,CP004,P0574,25,26,149,14,11/06/2026
INV003575,CP004,P0575,81,17,104,7,11/06/2026
INV003576,CP004,P0576,37,20,186,7,11/06/2026
INV003577,CP004,P0577,64,31,224,10,11/06/2026
INV003578,CP004,P0578,133,25,238,14,11/06/2026
INV003579,CP004,P0579,10,5,30,5,11/06/2026
INV003580,CP004,P0580,119,54,388,3,11/06/2026
INV003581,CP004,P0581,31,21,227,7,11/06/2026
INV003582,CP004,P0582,29,22,143,10,11/06/2026
INV003583,CP004,P0583,149,31,257,3,11/06/2026
INV003584,CP004,P0584,100,22,177,7,11/06/2026
INV003585,CP004,P0585,124,42,374,14,11/06/2026
INV003586,CP004,P0586,116,25,167,10,11/06/2026
INV003587,CP004,P0587,40,29,218,7,11/06/2026
INV003588,CP004,P0588,125,19,147,14,11/06/2026
INV003589,CP004,P0589,23,5,30,5,11/06/2026
INV003590,CP004,P0590,227,49,337,5,11/06/2026
INV003591,CP004,P0591,73,52,398,7,11/06/2026
INV003592,CP004,P0592,62,21,157,3,11/06/2026
INV003593,CP004,P0593,41,40,363,3,11/06/2026
INV003594,CP004,P0594,43,19,134,10,11/06/2026
INV003595,CP004,P0595,92,33,325,14,11/06/2026
INV003596,CP004,P0596,93,74,538,7,11/06/2026
INV003597,CP004,P0597,45,6,70,10,11/06/2026
INV003598,CP004,P0598,186,63,500,3,11/06/2026
INV003599,CP004,P0599,177,61,387,5,11/06/2026
INV003600,CP004,P0600,152,36,182,7,11/06/2026
INV003601,CP004,P0601,108,26,184,7,11/06/2026
INV003602,CP004,P0602,71,21,144,3,11/06/2026
INV003603,CP004,P0603,215,25,242,7,11/06/2026
INV003604,CP004,P0604,17,5,30,10,11/06/2026
INV003605,CP004,P0605,310,49,442,3,11/06/2026
INV003606,CP004,P0606,306,83,446,10,11/06/2026
INV003607,CP004,P0607,27,15,144,5,11/06/2026
INV003608,CP004,P0608,20,5,30,7,11/06/2026
INV003609,CP004,P0609,170,72,516,7,11/06/2026
INV003610,CP004,P0610,209,34,267,10,11/06/2026
INV003611,CP004,P0611,97,19,138,5,11/06/2026
INV003612,CP004,P0612,281,75,441,7,11/06/2026
INV003613,CP004,P0613,54,31,201,5,11/06/2026
INV003614,CP004,P0614,118,22,146,7,11/06/2026
INV003615,CP004,P0615,262,70,489,10,11/06/2026
INV003616,CP004,P0616,93,26,153,5,11/06/2026
INV003617,CP004,P0617,49,28,169,5,11/06/2026
INV003618,CP004,P0618,87,16,115,5,11/06/2026
INV003619,CP004,P0619,133,32,171,10,11/06/2026
INV003620,CP004,P0620,42,16,103,7,11/06/2026
INV003621,CP004,P0621,102,63,476,5,11/06/2026
INV003622,CP004,P0622,98,23,153,5,11/06/2026
INV003623,CP004,P0623,119,33,221,14,11/06/2026
INV003624,CP004,P0624,12,5,30,10,11/06/2026
INV003625,CP004,P0625,153,56,555,3,11/06/2026
INV003626,CP004,P0626,74,40,183,10,11/06/2026
INV003627,CP004,P0627,17,6,37,10,11/06/2026
INV003628,CP004,P0628,30,5,42,5,11/06/2026
INV003629,CP004,P0629,127,27,165,3,11/06/2026
INV003630,CP004,P0630,720,110,896,7,11/06/2026
INV003631,CP004,P0631,68,29,210,5,11/06/2026
INV003632,CP004,P0632,57,26,168,5,11/06/2026
INV003633,CP004,P0633,97,28,240,10,11/06/2026
INV003634,CP004,P0634,78,36,257,5,11/06/2026
INV003635,CP004,P0635,86,21,163,3,11/06/2026
INV003636,CP004,P0636,114,21,154,5,11/06/2026
INV003637,CP004,P0637,31,29,266,5,11/06/2026
INV003638,CP004,P0638,227,23,279,5,11/06/2026
INV003639,CP004,P0639,199,42,266,5,11/06/2026
INV003640,CP004,P0640,211,45,314,7,11/06/2026
INV003641,CP004,P0641,96,37,310,10,11/06/2026
INV003642,CP004,P0642,85,21,203,10,11/06/2026
INV003643,CP004,P0643,117,36,179,3,11/06/2026
INV003644,CP004,P0644,27,7,47,5,11/06/2026
INV003645,CP004,P0645,131,29,202,10,11/06/2026
INV003646,CP004,P0646,83,62,526,7,11/06/2026
INV003647,CP004,P0647,82,59,395,7,11/06/2026
INV003648,CP004,P0648,71,30,260,5,11/06/2026
INV003649,CP004,P0649,23,25,238,5,11/06/2026
INV003650,CP004,P0650,11,6,72,3,11/06/2026
INV003651,CP004,P0651,82,29,336,14,11/06/2026
INV003652,CP004,P0652,65,33,264,3,11/06/2026
INV003653,CP004,P0653,194,34,316,5,11/06/2026
INV003654,CP004,P0654,59,18,156,14,11/06/2026
INV003655,CP004,P0655,70,35,237,10,11/06/2026
INV003656,CP004,P0656,5,5,35,10,11/06/2026
INV003657,CP004,P0657,73,14,121,10,11/06/2026
INV003658,CP004,P0658,35,6,59,3,11/06/2026
INV003659,CP004,P0659,7,7,40,14,11/06/2026
INV003660,CP004,P0660,85,25,132,7,11/06/2026
INV003661,CP004,P0661,8,5,52,3,11/06/2026
INV003662,CP004,P0662,118,29,197,14,11/06/2026
INV003663,CP004,P0663,209,44,361,3,11/06/2026
INV003664,CP004,P0664,92,17,95,14,11/06/2026
INV003665,CP004,P0665,224,29,281,14,11/06/2026
INV003666,CP004,P0666,82,25,222,7,11/06/2026
INV003667,CP004,P0667,93,41,284,3,11/06/2026
INV003668,CP004,P0668,138,20,185,10,11/06/2026
INV003669,CP004,P0669,108,29,172,7,11/06/2026
INV003670,CP004,P0670,78,17,119,3,11/06/2026
INV003671,CP004,P0671,207,58,522,3,11/06/2026
INV003672,CP004,P0672,134,24,177,7,11/06/2026
INV003673,CP004,P0673,49,23,144,5,11/06/2026
INV003674,CP004,P0674,53,61,524,10,11/06/2026
INV003675,CP004,P0675,110,18,151,5,11/06/2026
INV003676,CP004,P0676,107,19,188,3,11/06/2026
INV003677,CP004,P0677,33,20,142,3,11/06/2026
INV003678,CP004,P0678,22,5,30,3,11/06/2026
INV003679,CP004,P0679,265,49,383,7,11/06/2026
INV003680,CP004,P0680,279,61,509,5,11/06/2026
INV003681,CP004,P0681,162,34,288,7,11/06/2026
INV003682,CP004,P0682,35,21,128,10,11/06/2026
INV003683,CP004,P0683,522,87,610,7,11/06/2026
INV003684,CP004,P0684,48,26,271,10,11/06/2026
INV003685,CP004,P0685,82,16,127,7,11/06/2026
INV003686,CP004,P0686,115,38,217,14,11/06/2026
INV003687,CP004,P0687,94,19,128,5,11/06/2026
INV003688,CP004,P0688,48,20,182,14,11/06/2026
INV003689,CP004,P0689,9,7,80,3,11/06/2026
INV003690,CP004,P0690,439,64,499,5,11/06/2026
INV003691,CP004,P0691,52,30,167,10,11/06/2026
INV003692,CP004,P0692,44,18,149,14,11/06/2026
INV003693,CP004,P0693,25,20,153,7,11/06/2026
INV003694,CP004,P0694,263,60,476,7,11/06/2026
INV003695,CP004,P0695,142,21,184,3,11/06/2026
INV003696,CP004,P0696,113,40,427,5,11/06/2026
INV003697,CP004,P0697,5,5,30,7,11/06/2026
INV003698,CP004,P0698,169,20,187,5,11/06/2026
INV003699,CP004,P0699,68,16,112,14,11/06/2026
INV003700,CP004,P0700,241,59,316,14,11/06/2026
INV003701,CP004,P0701,100,17,175,5,11/06/2026
INV003702,CP004,P0702,13,6,33,3,11/06/2026
INV003703,CP004,P0703,61,19,111,10,11/06/2026
INV003704,CP004,P0704,389,81,558,10,11/06/2026
INV003705,CP004,P0705,102,20,143,5,11/06/2026
INV003706,CP004,P0706,49,14,87,10,11/06/2026
INV003707,CP004,P0707,61,25,161,10,11/06/2026
INV003708,CP004,P0708,8,5,30,10,11/06/2026
INV003709,CP004,P0709,128,40,253,14,11/06/2026
INV003710,CP004,P0710,17,5,30,14,11/06/2026
INV003711,CP004,P0711,103,32,299,5,11/06/2026
INV003712,CP004,P0712,61,33,239,3,11/06/2026
INV003713,CP004,P0713,497,87,672,10,11/06/2026
INV003714,CP004,P0714,47,25,218,10,11/06/2026
INV003715,CP004,P0715,160,22,212,3,11/06/2026
INV003716,CP004,P0716,67,20,167,10,11/06/2026
INV003717,CP004,P0717,154,22,163,5,11/06/2026
INV003718,CP004,P0718,135,30,186,14,11/06/2026
INV003719,CP004,P0719,5,5,30,10,11/06/2026
INV003720,CP004,P0720,33,6,41,7,11/06/2026
INV003721,CP004,P0721,29,25,204,10,11/06/2026
INV003722,CP004,P0722,27,14,147,14,11/06/2026
INV003723,CP004,P0723,8,5,30,7,11/06/2026
INV003724,CP004,P0724,16,17,165,7,11/06/2026
INV003725,CP004,P0725,286,53,434,14,11/06/2026
INV003726,CP004,P0726,150,54,362,14,11/06/2026
INV003727,CP004,P0727,293,71,543,5,11/06/2026
INV003728,CP004,P0728,132,26,197,14,11/06/2026
INV003729,CP004,P0729,128,30,276,10,11/06/2026
INV003730,CP004,P0730,139,32,191,5,11/06/2026
INV003731,CP004,P0731,108,29,322,10,11/06/2026
INV003732,CP004,P0732,17,16,158,3,11/06/2026
INV003733,CP004,P0733,164,22,261,5,11/06/2026
INV003734,CP004,P0734,32,7,50,3,11/06/2026
INV003735,CP004,P0735,24,27,225,14,11/06/2026
INV003736,CP004,P0736,146,31,227,14,11/06/2026
INV003737,CP004,P0737,32,37,207,5,11/06/2026
INV003738,CP004,P0738,121,42,279,5,11/06/2026
INV003739,CP004,P0739,128,28,310,14,11/06/2026
INV003740,CP004,P0740,85,37,209,5,11/06/2026
INV003741,CP004,P0741,273,43,301,3,11/06/2026
INV003742,CP004,P0742,124,22,154,5,11/06/2026
INV003743,CP004,P0743,123,41,465,10,11/06/2026
INV003744,CP004,P0744,444,54,474,10,11/06/2026
INV003745,CP004,P0745,116,43,365,5,11/06/2026
INV003746,CP004,P0746,96,18,145,7,11/06/2026
INV003747,CP004,P0747,81,19,127,14,11/06/2026
INV003748,CP004,P0748,176,29,193,14,11/06/2026
INV003749,CP004,P0749,28,29,185,3,11/06/2026
INV003750,CP004,P0750,102,28,256,7,11/06/2026
INV003751,CP004,P0751,455,70,599,10,11/06/2026
INV003752,CP004,P0752,31,22,173,3,11/06/2026
INV003753,CP004,P0753,38,15,139,14,11/06/2026
INV003754,CP004,P0754,9,9,46,5,11/06/2026
INV003755,CP004,P0755,56,29,194,7,11/06/2026
INV003756,CP004,P0756,83,59,303,3,11/06/2026
INV003757,CP004,P0757,7,6,62,10,11/06/2026
INV003758,CP004,P0758,364,73,434,10,11/06/2026
INV003759,CP004,P0759,43,27,253,10,11/06/2026
INV003760,CP004,P0760,76,20,109,14,11/06/2026
INV003761,CP004,P0761,196,26,238,3,11/06/2026
INV003762,CP004,P0762,45,22,104,7,11/06/2026
INV003763,CP004,P0763,14,5,30,14,11/06/2026
INV003764,CP004,P0764,56,20,192,7,11/06/2026
INV003765,CP004,P0765,134,66,487,10,11/06/2026
INV003766,CP004,P0766,22,5,30,7,11/06/2026
INV003767,CP004,P0767,214,25,279,7,11/06/2026
INV003768,CP004,P0768,369,58,547,3,11/06/2026
INV003769,CP004,P0769,37,9,47,3,11/06/2026
INV003770,CP004,P0770,71,21,98,14,11/06/2026
INV003771,CP004,P0771,59,20,167,10,11/06/2026
INV003772,CP004,P0772,21,18,127,3,11/06/2026
INV003773,CP004,P0773,57,24,209,10,11/06/2026
INV003774,CP004,P0774,230,55,418,5,11/06/2026
INV003775,CP004,P0775,141,40,210,5,11/06/2026
INV003776,CP004,P0776,61,24,180,5,11/06/2026
INV003777,CP004,P0777,21,5,30,10,11/06/2026
INV003778,CP004,P0778,34,29,201,5,11/06/2026
INV003779,CP004,P0779,228,38,270,5,11/06/2026
INV003780,CP004,P0780,60,12,97,10,11/06/2026
INV003781,CP004,P0781,90,35,238,7,11/06/2026
INV003782,CP004,P0782,120,31,224,14,11/06/2026
INV003783,CP004,P0783,27,26,157,5,11/06/2026
INV003784,CP004,P0784,18,5,30,3,11/06/2026
INV003785,CP004,P0785,120,23,183,5,11/06/2026
INV003786,CP004,P0786,17,5,31,5,11/06/2026
INV003787,CP004,P0787,218,36,261,3,11/06/2026
INV003788,CP004,P0788,42,17,175,5,11/06/2026
INV003789,CP004,P0789,214,41,331,14,11/06/2026
INV003790,CP004,P0790,147,29,159,14,11/06/2026
INV003791,CP004,P0791,72,18,89,10,11/06/2026
INV003792,CP004,P0792,131,19,157,14,11/06/2026
INV003793,CP004,P0793,8,5,30,14,11/06/2026
INV003794,CP004,P0794,14,7,43,3,11/06/2026
INV003795,CP004,P0795,210,36,217,7,11/06/2026
INV003796,CP004,P0796,142,27,212,7,11/06/2026
INV003797,CP004,P0797,128,23,206,5,11/06/2026
INV003798,CP004,P0798,45,25,124,10,11/06/2026
INV003799,CP004,P0799,136,59,453,5,11/06/2026
INV003800,CP004,P0800,109,18,168,5,11/06/2026
INV003801,CP004,P0801,43,8,71,10,11/06/2026
INV003802,CP004,P0802,71,28,212,7,11/06/2026
INV003803,CP004,P0803,274,44,336,14,11/06/2026
INV003804,CP004,P0804,309,44,429,5,11/06/2026
INV003805,CP004,P0805,17,5,30,7,11/06/2026
INV003806,CP004,P0806,22,10,91,7,11/06/2026
INV003807,CP004,P0807,34,16,158,14,11/06/2026
INV003808,CP004,P0808,35,20,138,7,11/06/2026
INV003809,CP004,P0809,72,38,264,7,11/06/2026
INV003810,CP004,P0810,69,21,169,10,11/06/2026
INV003811,CP004,P0811,121,22,221,7,11/06/2026
INV003812,CP004,P0812,192,29,224,14,11/06/2026
INV003813,CP004,P0813,149,77,358,7,11/06/2026
INV003814,CP004,P0814,8,6,50,10,11/06/2026
INV003815,CP004,P0815,84,26,299,3,11/06/2026
INV003816,CP004,P0816,15,9,92,5,11/06/2026
INV003817,CP004,P0817,104,25,171,10,11/06/2026
INV003818,CP004,P0818,142,76,670,5,11/06/2026
INV003819,CP004,P0819,329,49,357,14,11/06/2026
INV003820,CP004,P0820,68,13,80,5,11/06/2026
INV003821,CP004,P0821,29,23,143,5,11/06/2026
INV003822,CP004,P0822,89,20,122,7,11/06/2026
INV003823,CP004,P0823,222,39,361,3,11/06/2026
INV003824,CP004,P0824,60,44,317,7,11/06/2026
INV003825,CP004,P0825,119,27,153,3,11/06/2026
INV003826,CP004,P0826,69,24,202,3,11/06/2026
INV003827,CP004,P0827,113,18,120,5,11/06/2026
INV003828,CP004,P0828,323,60,483,7,11/06/2026
INV003829,CP004,P0829,34,33,340,3,11/06/2026
INV003830,CP004,P0830,37,21,133,7,11/06/2026
INV003831,CP004,P0831,54,28,140,3,11/06/2026
INV003832,CP004,P0832,222,40,256,3,11/06/2026
INV003833,CP004,P0833,134,23,181,7,11/06/2026
INV003834,CP004,P0834,39,6,58,14,11/06/2026
INV003835,CP004,P0835,55,24,220,5,11/06/2026
INV003836,CP004,P0836,205,46,481,7,11/06/2026
INV003837,CP004,P0837,156,16,180,10,11/06/2026
INV003838,CP004,P0838,41,19,135,3,11/06/2026
INV003839,CP004,P0839,318,74,507,10,11/06/2026
INV003840,CP004,P0840,105,18,154,10,11/06/2026
INV003841,CP004,P0841,120,38,287,3,11/06/2026
INV003842,CP004,P0842,209,40,293,3,11/06/2026
INV003843,CP004,P0843,110,33,207,14,11/06/2026
INV003844,CP004,P0844,141,63,522,3,11/06/2026
INV003845,CP004,P0845,147,48,385,7,11/06/2026
INV003846,CP004,P0846,53,10,72,14,11/06/2026
INV003847,CP004,P0847,75,14,114,5,11/06/2026
INV003848,CP004,P0848,139,33,261,5,11/06/2026
INV003849,CP004,P0849,248,50,413,14,11/06/2026
INV003850,CP004,P0850,106,25,172,14,11/06/2026
INV003851,CP004,P0851,122,19,142,5,11/06/2026
INV003852,CP004,P0852,19,5,30,7,11/06/2026
INV003853,CP004,P0853,90,27,165,5,11/06/2026
INV003854,CP004,P0854,148,23,224,5,11/06/2026
INV003855,CP004,P0855,152,82,768,7,11/06/2026
INV003856,CP004,P0856,13,7,53,10,11/06/2026
INV003857,CP004,P0857,38,41,401,14,11/06/2026
INV003858,CP004,P0858,68,20,131,7,11/06/2026
INV003859,CP004,P0859,114,31,218,7,11/06/2026
INV003860,CP004,P0860,151,25,186,3,11/06/2026
INV003861,CP004,P0861,30,26,226,10,11/06/2026
INV003862,CP004,P0862,280,61,444,3,11/06/2026
INV003863,CP004,P0863,74,60,375,14,11/06/2026
INV003864,CP004,P0864,196,61,472,10,11/06/2026
INV003865,CP004,P0865,29,13,63,7,11/06/2026
INV003866,CP004,P0866,466,68,532,10,11/06/2026
INV003867,CP004,P0867,46,12,153,7,11/06/2026
INV003868,CP004,P0868,58,24,153,7,11/06/2026
INV003869,CP004,P0869,31,14,158,3,11/06/2026
INV003870,CP004,P0870,46,34,304,14,11/06/2026
INV003871,CP004,P0871,17,5,40,10,11/06/2026
INV003872,CP004,P0872,10,5,30,14,11/06/2026
INV003873,CP004,P0873,14,6,42,14,11/06/2026
INV003874,CP004,P0874,131,19,167,5,11/06/2026
INV003875,CP004,P0875,18,5,30,5,11/06/2026
INV003876,CP004,P0876,95,25,237,5,11/06/2026
INV003877,CP004,P0877,104,26,166,14,11/06/2026
INV003878,CP004,P0878,70,50,326,10,11/06/2026
INV003879,CP004,P0879,17,16,104,7,11/06/2026
INV003880,CP004,P0880,134,21,168,3,11/06/2026
INV003881,CP004,P0881,23,5,39,14,11/06/2026
INV003882,CP004,P0882,109,54,545,5,11/06/2026
INV003883,CP004,P0883,36,13,71,10,11/06/2026
INV003884,CP004,P0884,38,29,211,3,11/06/2026
INV003885,CP004,P0885,20,5,30,3,11/06/2026
INV003886,CP004,P0886,9,5,30,5,11/06/2026
INV003887,CP004,P0887,113,19,142,5,11/06/2026
INV003888,CP004,P0888,398,62,448,7,11/06/2026
INV003889,CP004,P0889,8,5,30,14,11/06/2026
INV003890,CP004,P0890,39,20,152,7,11/06/2026
INV003891,CP004,P0891,36,20,158,7,11/06/2026
INV003892,CP004,P0892,162,58,327,7,11/06/2026
INV003893,CP004,P0893,127,41,210,10,11/06/2026
INV003894,CP004,P0894,210,55,305,5,11/06/2026
INV003895,CP004,P0895,39,36,269,5,11/06/2026
INV003896,CP004,P0896,38,22,129,10,11/06/2026
INV003897,CP004,P0897,13,5,30,3,11/06/2026
INV003898,CP004,P0898,372,53,402,7,11/06/2026
INV003899,CP004,P0899,211,27,224,7,11/06/2026
INV003900,CP004,P0900,78,28,274,7,11/06/2026
INV003901,CP004,P0901,42,27,194,5,11/06/2026
INV003902,CP004,P0902,362,69,486,7,11/06/2026
INV003903,CP004,P0903,69,18,141,10,11/06/2026
INV003904,CP004,P0904,62,25,188,5,11/06/2026
INV003905,CP004,P0905,30,17,97,7,11/06/2026
INV003906,CP004,P0906,113,24,195,7,11/06/2026
INV003907,CP004,P0907,53,12,89,3,11/06/2026
INV003908,CP004,P0908,78,29,200,3,11/06/2026
INV003909,CP004,P0909,97,41,194,3,11/06/2026
INV003910,CP004,P0910,150,61,454,14,11/06/2026
INV003911,CP004,P0911,95,19,148,7,11/06/2026
INV003912,CP004,P0912,86,17,191,3,11/06/2026
INV003913,CP004,P0913,148,52,262,14,11/06/2026
INV003914,CP004,P0914,41,36,186,14,11/06/2026
INV003915,CP004,P0915,29,7,45,3,11/06/2026
INV003916,CP004,P0916,48,25,137,5,11/06/2026
INV003917,CP004,P0917,23,14,108,10,11/06/2026
INV003918,CP004,P0918,216,37,337,7,11/06/2026
INV003919,CP004,P0919,192,32,307,10,11/06/2026
INV003920,CP004,P0920,165,90,873,5,11/06/2026
INV003921,CP004,P0921,14,5,30,10,11/06/2026
INV003922,CP004,P0922,107,103,680,3,11/06/2026
INV003923,CP004,P0923,152,34,230,3,11/06/2026
INV003924,CP004,P0924,143,83,401,14,11/06/2026
INV003925,CP004,P0925,169,35,264,5,11/06/2026
INV003926,CP004,P0926,79,41,288,14,11/06/2026
INV003927,CP004,P0927,63,19,217,10,11/06/2026
INV003928,CP004,P0928,89,17,121,14,11/06/2026
INV003929,CP004,P0929,77,15,143,10,11/06/2026
INV003930,CP004,P0930,242,53,325,5,11/06/2026
INV003931,CP004,P0931,59,15,107,3,11/06/2026
INV003932,CP004,P0932,23,18,165,3,11/06/2026
INV003933,CP004,P0933,16,9,75,3,11/06/2026
INV003934,CP004,P0934,161,26,309,5,11/06/2026
INV003935,CP004,P0935,98,32,256,5,11/06/2026
INV003936,CP004,P0936,235,46,320,5,11/06/2026
INV003937,CP004,P0937,64,13,93,5,11/06/2026
INV003938,CP004,P0938,92,27,194,10,11/06/2026
INV003939,CP004,P0939,125,35,253,14,11/06/2026
INV003940,CP004,P0940,57,18,107,10,11/06/2026
INV003941,CP004,P0941,135,30,210,7,11/06/2026
INV003942,CP004,P0942,299,86,461,5,11/06/2026
INV003943,CP004,P0943,6,5,30,10,11/06/2026
INV003944,CP004,P0944,194,36,240,7,11/06/2026
INV003945,CP004,P0945,85,26,202,3,11/06/2026
INV003946,CP004,P0946,128,26,265,3,11/06/2026
INV003947,CP004,P0947,96,20,139,7,11/06/2026
INV003948,CP004,P0948,15,7,34,10,11/06/2026
INV003949,CP004,P0949,240,43,290,5,11/06/2026
INV003950,CP004,P0950,41,16,169,14,11/06/2026
INV003951,CP004,P0951,254,78,545,5,11/06/2026
INV003952,CP004,P0952,171,25,268,10,11/06/2026
INV003953,CP004,P0953,78,28,167,10,11/06/2026
INV003954,CP004,P0954,4,5,30,14,11/06/2026
INV003955,CP004,P0955,81,32,234,5,11/06/2026
INV003956,CP004,P0956,27,15,90,7,11/06/2026
INV003957,CP004,P0957,93,20,195,5,11/06/2026
INV003958,CP004,P0958,106,85,667,14,11/06/2026
INV003959,CP004,P0959,450,77,620,7,11/06/2026
INV003960,CP004,P0960,67,28,218,5,11/06/2026
INV003961,CP004,P0961,183,80,413,3,11/06/2026
INV003962,CP004,P0962,103,37,237,5,11/06/2026
INV003963,CP004,P0963,56,20,162,7,11/06/2026
INV003964,CP004,P0964,27,19,185,10,11/06/2026
INV003965,CP004,P0965,115,20,147,7,11/06/2026
INV003966,CP004,P0966,28,37,287,10,11/06/2026
INV003967,CP004,P0967,44,22,136,10,11/06/2026
INV003968,CP004,P0968,186,36,226,10,11/06/2026
INV003969,CP004,P0969,64,17,92,5,11/06/2026
INV003970,CP004,P0970,119,54,358,14,11/06/2026
INV003971,CP004,P0971,27,5,30,14,11/06/2026
INV003972,CP004,P0972,42,27,191,14,11/06/2026
INV003973,CP004,P0973,63,23,168,14,11/06/2026
INV003974,CP004,P0974,32,7,56,14,11/06/2026
INV003975,CP004,P0975,160,25,261,5,11/06/2026
INV003976,CP004,P0976,108,27,253,14,11/06/2026
INV003977,CP004,P0977,62,14,109,14,11/06/2026
INV003978,CP004,P0978,30,8,63,10,11/06/2026
INV003979,CP004,P0979,94,36,232,10,11/06/2026
INV003980,CP004,P0980,93,28,168,10,11/06/2026
INV003981,CP004,P0981,288,55,555,7,11/06/2026
INV003982,CP004,P0982,48,8,67,14,11/06/2026
INV003983,CP004,P0983,50,11,90,14,11/06/2026
INV003984,CP004,P0984,102,15,122,14,11/06/2026
INV003985,CP004,P0985,21,12,74,14,11/06/2026
INV003986,CP004,P0986,207,76,597,5,11/06/2026
INV003987,CP004,P0987,42,7,76,7,11/06/2026
INV003988,CP004,P0988,13,5,45,5,11/06/2026
INV003989,CP004,P0989,15,6,39,10,11/06/2026
INV003990,CP004,P0990,168,36,297,7,11/06/2026
INV003991,CP004,P0991,179,39,245,10,11/06/2026
INV003992,CP004,P0992,9,5,30,14,11/06/2026
INV003993,CP004,P0993,85,25,172,3,11/06/2026
INV003994,CP004,P0994,109,21,151,7,11/06/2026
INV003995,CP004,P0995,57,17,110,7,11/06/2026
INV003996,CP004,P0996,102,32,154,14,11/06/2026
INV003997,CP004,P0997,90,18,140,7,11/06/2026
INV003998,CP004,P0998,33,30,236,7,11/06/2026
INV003999,CP004,P0999,86,36,184,10,11/06/2026
INV004000,CP004,P1000,103,26,138,10,11/06/2026
INV004001,CP005,P0001,317,75,521,14,11/06/2026
INV004002,CP005,P0002,39,26,127,14,11/06/2026
INV004003,CP005,P0003,204,71,428,10,11/06/2026
INV004004,CP005,P0004,73,74,717,5,11/06/2026
INV004005,CP005,P0005,360,68,403,5,11/06/2026
INV004006,CP005,P0006,78,32,178,5,11/06/2026
INV004007,CP005,P0007,89,29,165,5,11/06/2026
INV004008,CP005,P0008,109,23,170,5,11/06/2026
INV004009,CP005,P0009,147,34,290,14,11/06/2026
INV004010,CP005,P0010,27,27,170,7,11/06/2026
INV004011,CP005,P0011,91,79,561,5,11/06/2026
INV004012,CP005,P0012,22,8,41,14,11/06/2026
INV004013,CP005,P0013,42,26,123,14,11/06/2026
INV004014,CP005,P0014,108,21,174,7,11/06/2026
INV004015,CP005,P0015,29,6,72,3,11/06/2026
INV004016,CP005,P0016,51,33,269,14,11/06/2026
INV004017,CP005,P0017,84,22,225,7,11/06/2026
INV004018,CP005,P0018,114,32,200,10,11/06/2026
INV004019,CP005,P0019,94,80,541,3,11/06/2026
INV004020,CP005,P0020,139,73,543,10,11/06/2026
INV004021,CP005,P0021,37,33,159,14,11/06/2026
INV004022,CP005,P0022,161,41,290,10,11/06/2026
INV004023,CP005,P0023,361,69,423,14,11/06/2026
INV004024,CP005,P0024,42,19,156,7,11/06/2026
INV004025,CP005,P0025,100,22,144,10,11/06/2026
INV004026,CP005,P0026,23,23,165,5,11/06/2026
INV004027,CP005,P0027,102,35,258,14,11/06/2026
INV004028,CP005,P0028,35,7,47,5,11/06/2026
INV004029,CP005,P0029,21,5,30,14,11/06/2026
INV004030,CP005,P0030,352,46,379,3,11/06/2026
INV004031,CP005,P0031,101,32,152,10,11/06/2026
INV004032,CP005,P0032,397,75,663,7,11/06/2026
INV004033,CP005,P0033,36,19,143,10,11/06/2026
INV004034,CP005,P0034,77,24,197,5,11/06/2026
INV004035,CP005,P0035,36,11,68,7,11/06/2026
INV004036,CP005,P0036,10,5,30,7,11/06/2026
INV004037,CP005,P0037,360,67,564,10,11/06/2026
INV004038,CP005,P0038,12,7,61,14,11/06/2026
INV004039,CP005,P0039,49,22,170,5,11/06/2026
INV004040,CP005,P0040,249,39,270,5,11/06/2026
INV004041,CP005,P0041,55,13,103,10,11/06/2026
INV004042,CP005,P0042,164,30,316,14,11/06/2026
INV004043,CP005,P0043,41,28,148,14,11/06/2026
INV004044,CP005,P0044,94,36,310,3,11/06/2026
INV004045,CP005,P0045,200,32,241,5,11/06/2026
INV004046,CP005,P0046,121,27,218,14,11/06/2026
INV004047,CP005,P0047,128,26,183,7,11/06/2026
INV004048,CP005,P0048,41,28,133,14,11/06/2026
INV004049,CP005,P0049,124,26,204,5,11/06/2026
INV004050,CP005,P0050,56,27,209,3,11/06/2026
INV004051,CP005,P0051,113,37,218,5,11/06/2026
INV004052,CP005,P0052,60,23,266,5,11/06/2026
INV004053,CP005,P0053,63,10,95,5,11/06/2026
INV004054,CP005,P0054,151,69,720,3,11/06/2026
INV004055,CP005,P0055,188,41,233,14,11/06/2026
INV004056,CP005,P0056,80,28,159,7,11/06/2026
INV004057,CP005,P0057,72,45,250,5,11/06/2026
INV004058,CP005,P0058,81,26,263,7,11/06/2026
INV004059,CP005,P0059,92,20,157,5,11/06/2026
INV004060,CP005,P0060,130,31,173,14,11/06/2026
INV004061,CP005,P0061,172,33,233,3,11/06/2026
INV004062,CP005,P0062,92,52,471,3,11/06/2026
INV004063,CP005,P0063,179,29,248,7,11/06/2026
INV004064,CP005,P0064,51,9,70,7,11/06/2026
INV004065,CP005,P0065,29,24,148,14,11/06/2026
INV004066,CP005,P0066,204,35,280,14,11/06/2026
INV004067,CP005,P0067,10,10,77,14,11/06/2026
INV004068,CP005,P0068,505,56,589,3,11/06/2026
INV004069,CP005,P0069,73,25,223,14,11/06/2026
INV004070,CP005,P0070,160,60,473,7,11/06/2026
INV004071,CP005,P0071,21,28,309,5,11/06/2026
INV004072,CP005,P0072,163,29,228,10,11/06/2026
INV004073,CP005,P0073,23,18,168,10,11/06/2026
INV004074,CP005,P0074,59,17,93,3,11/06/2026
INV004075,CP005,P0075,123,19,173,14,11/06/2026
INV004076,CP005,P0076,131,22,193,14,11/06/2026
INV004077,CP005,P0077,90,15,176,14,11/06/2026
INV004078,CP005,P0078,74,41,241,14,11/06/2026
INV004079,CP005,P0079,203,31,231,10,11/06/2026
INV004080,CP005,P0080,62,26,233,5,11/06/2026
INV004081,CP005,P0081,139,21,248,3,11/06/2026
INV004082,CP005,P0082,97,22,151,7,11/06/2026
INV004083,CP005,P0083,211,23,254,7,11/06/2026
INV004084,CP005,P0084,9,5,30,14,11/06/2026
INV004085,CP005,P0085,93,21,127,10,11/06/2026
INV004086,CP005,P0086,106,48,514,10,11/06/2026
INV004087,CP005,P0087,43,33,192,14,11/06/2026
INV004088,CP005,P0088,112,34,395,5,11/06/2026
INV004089,CP005,P0089,179,22,244,10,11/06/2026
INV004090,CP005,P0090,45,27,167,5,11/06/2026
INV004091,CP005,P0091,121,20,188,5,11/06/2026
INV004092,CP005,P0092,57,28,154,7,11/06/2026
INV004093,CP005,P0093,62,24,200,7,11/06/2026
INV004094,CP005,P0094,56,37,208,5,11/06/2026
INV004095,CP005,P0095,41,34,274,3,11/06/2026
INV004096,CP005,P0096,32,14,105,3,11/06/2026
INV004097,CP005,P0097,44,23,262,3,11/06/2026
INV004098,CP005,P0098,95,21,155,5,11/06/2026
INV004099,CP005,P0099,123,23,161,7,11/06/2026
INV004100,CP005,P0100,136,38,188,10,11/06/2026
INV004101,CP005,P0101,393,65,633,10,11/06/2026
INV004102,CP005,P0102,228,58,415,7,11/06/2026
INV004103,CP005,P0103,43,24,230,14,11/06/2026
INV004104,CP005,P0104,49,27,225,14,11/06/2026
INV004105,CP005,P0105,95,29,206,5,11/06/2026
INV004106,CP005,P0106,80,16,161,3,11/06/2026
INV004107,CP005,P0107,215,77,520,7,11/06/2026
INV004108,CP005,P0108,176,31,193,10,11/06/2026
INV004109,CP005,P0109,121,18,160,7,11/06/2026
INV004110,CP005,P0110,147,26,176,3,11/06/2026
INV004111,CP005,P0111,30,30,234,7,11/06/2026
INV004112,CP005,P0112,62,22,136,10,11/06/2026
INV004113,CP005,P0113,46,68,399,14,11/06/2026
INV004114,CP005,P0114,10,5,30,7,11/06/2026
INV004115,CP005,P0115,87,19,144,3,11/06/2026
INV004116,CP005,P0116,113,26,151,5,11/06/2026
INV004117,CP005,P0117,109,112,714,7,11/06/2026
INV004118,CP005,P0118,15,5,30,3,11/06/2026
INV004119,CP005,P0119,58,27,260,5,11/06/2026
INV004120,CP005,P0120,21,11,70,3,11/06/2026
INV004121,CP005,P0121,42,30,195,7,11/06/2026
INV004122,CP005,P0122,73,48,444,14,11/06/2026
INV004123,CP005,P0123,44,19,175,7,11/06/2026
INV004124,CP005,P0124,136,26,228,5,11/06/2026
INV004125,CP005,P0125,122,35,329,7,11/06/2026
INV004126,CP005,P0126,83,26,157,7,11/06/2026
INV004127,CP005,P0127,144,27,253,3,11/06/2026
INV004128,CP005,P0128,36,36,272,7,11/06/2026
INV004129,CP005,P0129,128,41,214,14,11/06/2026
INV004130,CP005,P0130,155,38,284,10,11/06/2026
INV004131,CP005,P0131,263,29,326,10,11/06/2026
INV004132,CP005,P0132,153,42,280,14,11/06/2026
INV004133,CP005,P0133,192,40,251,3,11/06/2026
INV004134,CP005,P0134,125,31,300,5,11/06/2026
INV004135,CP005,P0135,107,27,169,14,11/06/2026
INV004136,CP005,P0136,25,7,37,7,11/06/2026
INV004137,CP005,P0137,106,30,175,7,11/06/2026
INV004138,CP005,P0138,44,8,80,10,11/06/2026
INV004139,CP005,P0139,115,30,237,14,11/06/2026
INV004140,CP005,P0140,113,33,305,7,11/06/2026
INV004141,CP005,P0141,160,22,212,3,11/06/2026
INV004142,CP005,P0142,117,34,326,14,11/06/2026
INV004143,CP005,P0143,80,10,83,14,11/06/2026
INV004144,CP005,P0144,64,28,229,7,11/06/2026
INV004145,CP005,P0145,78,36,295,5,11/06/2026
INV004146,CP005,P0146,203,42,290,14,11/06/2026
INV004147,CP005,P0147,62,53,324,3,11/06/2026
INV004148,CP005,P0148,346,59,508,10,11/06/2026
INV004149,CP005,P0149,81,20,136,3,11/06/2026
INV004150,CP005,P0150,114,23,171,5,11/06/2026
INV004151,CP005,P0151,81,15,115,14,11/06/2026
INV004152,CP005,P0152,76,27,221,10,11/06/2026
INV004153,CP005,P0153,229,77,389,5,11/06/2026
INV004154,CP005,P0154,172,33,281,3,11/06/2026
INV004155,CP005,P0155,57,27,200,14,11/06/2026
INV004156,CP005,P0156,111,27,204,10,11/06/2026
INV004157,CP005,P0157,42,17,130,3,11/06/2026
INV004158,CP005,P0158,35,9,78,14,11/06/2026
INV004159,CP005,P0159,241,31,310,5,11/06/2026
INV004160,CP005,P0160,138,33,304,14,11/06/2026
INV004161,CP005,P0161,7,5,30,5,11/06/2026
INV004162,CP005,P0162,59,28,258,10,11/06/2026
INV004163,CP005,P0163,172,28,195,10,11/06/2026
INV004164,CP005,P0164,194,52,319,14,11/06/2026
INV004165,CP005,P0165,72,36,316,7,11/06/2026
INV004166,CP005,P0166,172,71,642,14,11/06/2026
INV004167,CP005,P0167,43,21,211,7,11/06/2026
INV004168,CP005,P0168,257,32,332,5,11/06/2026
INV004169,CP005,P0169,15,6,40,14,11/06/2026
INV004170,CP005,P0170,151,37,291,3,11/06/2026
INV004171,CP005,P0171,205,53,338,3,11/06/2026
INV004172,CP005,P0172,143,34,266,5,11/06/2026
INV004173,CP005,P0173,158,76,543,7,11/06/2026
INV004174,CP005,P0174,63,35,225,14,11/06/2026
INV004175,CP005,P0175,36,19,162,7,11/06/2026
INV004176,CP005,P0176,12,8,56,3,11/06/2026
INV004177,CP005,P0177,56,30,229,14,11/06/2026
INV004178,CP005,P0178,40,29,232,3,11/06/2026
INV004179,CP005,P0179,94,21,153,3,11/06/2026
INV004180,CP005,P0180,41,26,207,7,11/06/2026
INV004181,CP005,P0181,14,6,43,7,11/06/2026
INV004182,CP005,P0182,22,5,43,14,11/06/2026
INV004183,CP005,P0183,12,13,102,14,11/06/2026
INV004184,CP005,P0184,90,19,226,14,11/06/2026
INV004185,CP005,P0185,179,46,257,10,11/06/2026
INV004186,CP005,P0186,144,35,326,3,11/06/2026
INV004187,CP005,P0187,154,85,820,14,11/06/2026
INV004188,CP005,P0188,59,37,279,3,11/06/2026
INV004189,CP005,P0189,28,9,98,14,11/06/2026
INV004190,CP005,P0190,118,29,227,3,11/06/2026
INV004191,CP005,P0191,148,27,201,10,11/06/2026
INV004192,CP005,P0192,369,104,702,5,11/06/2026
INV004193,CP005,P0193,56,33,281,14,11/06/2026
INV004194,CP005,P0194,60,22,203,10,11/06/2026
INV004195,CP005,P0195,94,30,240,14,11/06/2026
INV004196,CP005,P0196,183,55,328,14,11/06/2026
INV004197,CP005,P0197,159,25,203,3,11/06/2026
INV004198,CP005,P0198,82,39,250,5,11/06/2026
INV004199,CP005,P0199,168,45,304,3,11/06/2026
INV004200,CP005,P0200,41,16,101,14,11/06/2026
INV004201,CP005,P0201,80,18,135,3,11/06/2026
INV004202,CP005,P0202,40,34,333,14,11/06/2026
INV004203,CP005,P0203,94,44,240,5,11/06/2026
INV004204,CP005,P0204,457,79,721,7,11/06/2026
INV004205,CP005,P0205,52,35,194,7,11/06/2026
INV004206,CP005,P0206,134,24,184,10,11/06/2026
INV004207,CP005,P0207,45,68,609,14,11/06/2026
INV004208,CP005,P0208,108,34,152,14,11/06/2026
INV004209,CP005,P0209,143,27,249,7,11/06/2026
INV004210,CP005,P0210,74,36,354,5,11/06/2026
INV004211,CP005,P0211,80,23,139,5,11/06/2026
INV004212,CP005,P0212,64,31,302,3,11/06/2026
INV004213,CP005,P0213,73,19,140,3,11/06/2026
INV004214,CP005,P0214,57,33,270,14,11/06/2026
INV004215,CP005,P0215,278,34,379,14,11/06/2026
INV004216,CP005,P0216,78,41,236,7,11/06/2026
INV004217,CP005,P0217,118,30,322,10,11/06/2026
INV004218,CP005,P0218,15,10,60,7,11/06/2026
INV004219,CP005,P0219,123,28,193,7,11/06/2026
INV004220,CP005,P0220,35,8,64,10,11/06/2026
INV004221,CP005,P0221,32,24,236,5,11/06/2026
INV004222,CP005,P0222,156,39,267,10,11/06/2026
INV004223,CP005,P0223,198,32,262,3,11/06/2026
INV004224,CP005,P0224,112,21,137,7,11/06/2026
INV004225,CP005,P0225,118,45,292,3,11/06/2026
INV004226,CP005,P0226,16,5,30,5,11/06/2026
INV004227,CP005,P0227,62,10,64,5,11/06/2026
INV004228,CP005,P0228,63,7,70,5,11/06/2026
INV004229,CP005,P0229,22,11,78,3,11/06/2026
INV004230,CP005,P0230,222,50,384,14,11/06/2026
INV004231,CP005,P0231,81,11,110,5,11/06/2026
INV004232,CP005,P0232,25,5,30,10,11/06/2026
INV004233,CP005,P0233,244,31,324,10,11/06/2026
INV004234,CP005,P0234,74,21,130,5,11/06/2026
INV004235,CP005,P0235,181,49,335,5,11/06/2026
INV004236,CP005,P0236,83,22,128,7,11/06/2026
INV004237,CP005,P0237,49,18,116,5,11/06/2026
INV004238,CP005,P0238,175,32,251,10,11/06/2026
INV004239,CP005,P0239,256,33,339,5,11/06/2026
INV004240,CP005,P0240,53,27,199,7,11/06/2026
INV004241,CP005,P0241,8,5,42,10,11/06/2026
INV004242,CP005,P0242,57,28,229,5,11/06/2026
INV004243,CP005,P0243,16,17,180,5,11/06/2026
INV004244,CP005,P0244,8,5,30,14,11/06/2026
INV004245,CP005,P0245,44,24,158,3,11/06/2026
INV004246,CP005,P0246,133,38,235,10,11/06/2026
INV004247,CP005,P0247,122,52,356,7,11/06/2026
INV004248,CP005,P0248,32,10,66,5,11/06/2026
INV004249,CP005,P0249,58,15,148,14,11/06/2026
INV004250,CP005,P0250,13,8,49,5,11/06/2026
INV004251,CP005,P0251,62,31,250,7,11/06/2026
INV004252,CP005,P0252,196,48,318,10,11/06/2026
INV004253,CP005,P0253,82,24,236,5,11/06/2026
INV004254,CP005,P0254,17,5,30,7,11/06/2026
INV004255,CP005,P0255,63,38,183,3,11/06/2026
INV004256,CP005,P0256,24,5,30,14,11/06/2026
INV004257,CP005,P0257,66,13,100,5,11/06/2026
INV004258,CP005,P0258,57,40,246,10,11/06/2026
INV004259,CP005,P0259,18,5,60,3,11/06/2026
INV004260,CP005,P0260,174,70,373,7,11/06/2026
INV004261,CP005,P0261,93,37,337,3,11/06/2026
INV004262,CP005,P0262,47,27,186,14,11/06/2026
INV004263,CP005,P0263,102,60,472,5,11/06/2026
INV004264,CP005,P0264,155,54,260,14,11/06/2026
INV004265,CP005,P0265,194,22,231,7,11/06/2026
INV004266,CP005,P0266,12,5,30,10,11/06/2026
INV004267,CP005,P0267,28,9,74,14,11/06/2026
INV004268,CP005,P0268,136,27,248,10,11/06/2026
INV004269,CP005,P0269,95,23,191,3,11/06/2026
INV004270,CP005,P0270,188,66,703,3,11/06/2026
INV004271,CP005,P0271,94,20,134,5,11/06/2026
INV004272,CP005,P0272,253,39,354,7,11/06/2026
INV004273,CP005,P0273,74,30,230,14,11/06/2026
INV004274,CP005,P0274,33,36,194,5,11/06/2026
INV004275,CP005,P0275,92,31,328,7,11/06/2026
INV004276,CP005,P0276,22,5,30,7,11/06/2026
INV004277,CP005,P0277,454,78,575,3,11/06/2026
INV004278,CP005,P0278,110,24,218,3,11/06/2026
INV004279,CP005,P0279,139,45,298,3,11/06/2026
INV004280,CP005,P0280,66,11,73,10,11/06/2026
INV004281,CP005,P0281,51,21,196,7,11/06/2026
INV004282,CP005,P0282,223,24,238,10,11/06/2026
INV004283,CP005,P0283,48,16,129,10,11/06/2026
INV004284,CP005,P0284,84,19,110,5,11/06/2026
INV004285,CP005,P0285,109,29,143,10,11/06/2026
INV004286,CP005,P0286,439,57,630,7,11/06/2026
INV004287,CP005,P0287,354,51,482,14,11/06/2026
INV004288,CP005,P0288,169,49,339,7,11/06/2026
INV004289,CP005,P0289,199,65,622,3,11/06/2026
INV004290,CP005,P0290,117,38,209,14,11/06/2026
INV004291,CP005,P0291,123,64,477,7,11/06/2026
INV004292,CP005,P0292,55,30,155,14,11/06/2026
INV004293,CP005,P0293,325,65,436,7,11/06/2026
INV004294,CP005,P0294,132,55,364,3,11/06/2026
INV004295,CP005,P0295,27,18,93,3,11/06/2026
INV004296,CP005,P0296,33,29,338,14,11/06/2026
INV004297,CP005,P0297,86,11,124,7,11/06/2026
INV004298,CP005,P0298,79,22,154,5,11/06/2026
INV004299,CP005,P0299,28,16,78,10,11/06/2026
INV004300,CP005,P0300,29,11,113,3,11/06/2026
INV004301,CP005,P0301,443,48,505,7,11/06/2026
INV004302,CP005,P0302,197,36,347,14,11/06/2026
INV004303,CP005,P0303,99,30,205,5,11/06/2026
INV004304,CP005,P0304,204,62,384,7,11/06/2026
INV004305,CP005,P0305,17,7,49,7,11/06/2026
INV004306,CP005,P0306,11,10,82,7,11/06/2026
INV004307,CP005,P0307,19,5,30,3,11/06/2026
INV004308,CP005,P0308,393,79,542,3,11/06/2026
INV004309,CP005,P0309,103,21,180,14,11/06/2026
INV004310,CP005,P0310,135,30,192,10,11/06/2026
INV004311,CP005,P0311,135,37,214,3,11/06/2026
INV004312,CP005,P0312,50,28,148,5,11/06/2026
INV004313,CP005,P0313,5,5,30,5,11/06/2026
INV004314,CP005,P0314,214,105,539,3,11/06/2026
INV004315,CP005,P0315,31,21,170,7,11/06/2026
INV004316,CP005,P0316,46,27,278,10,11/06/2026
INV004317,CP005,P0317,161,54,551,14,11/06/2026
INV004318,CP005,P0318,7,7,45,7,11/06/2026
INV004319,CP005,P0319,101,36,204,14,11/06/2026
INV004320,CP005,P0320,279,54,413,5,11/06/2026
INV004321,CP005,P0321,110,28,251,7,11/06/2026
INV004322,CP005,P0322,139,59,503,14,11/06/2026
INV004323,CP005,P0323,138,24,218,7,11/06/2026
INV004324,CP005,P0324,189,57,377,10,11/06/2026
INV004325,CP005,P0325,82,42,349,3,11/06/2026
INV004326,CP005,P0326,83,28,159,7,11/06/2026
INV004327,CP005,P0327,171,48,381,5,11/06/2026
INV004328,CP005,P0328,81,21,114,14,11/06/2026
INV004329,CP005,P0329,128,17,205,10,11/06/2026
INV004330,CP005,P0330,12,5,30,10,11/06/2026
INV004331,CP005,P0331,91,25,178,7,11/06/2026
INV004332,CP005,P0332,117,38,351,3,11/06/2026
INV004333,CP005,P0333,134,76,432,10,11/06/2026
INV004334,CP005,P0334,12,5,30,5,11/06/2026
INV004335,CP005,P0335,104,26,219,7,11/06/2026
INV004336,CP005,P0336,43,6,51,3,11/06/2026
INV004337,CP005,P0337,172,54,345,3,11/06/2026
INV004338,CP005,P0338,66,37,298,7,11/06/2026
INV004339,CP005,P0339,280,74,431,14,11/06/2026
INV004340,CP005,P0340,26,17,182,14,11/06/2026
INV004341,CP005,P0341,35,28,166,5,11/06/2026
INV004342,CP005,P0342,495,96,608,7,11/06/2026
INV004343,CP005,P0343,95,30,163,7,11/06/2026
INV004344,CP005,P0344,190,32,252,3,11/06/2026
INV004345,CP005,P0345,155,28,234,3,11/06/2026
INV004346,CP005,P0346,255,57,460,5,11/06/2026
INV004347,CP005,P0347,24,21,176,5,11/06/2026
INV004348,CP005,P0348,107,25,224,3,11/06/2026
INV004349,CP005,P0349,120,29,169,10,11/06/2026
INV004350,CP005,P0350,14,6,37,14,11/06/2026
INV004351,CP005,P0351,99,18,123,7,11/06/2026
INV004352,CP005,P0352,210,63,571,14,11/06/2026
INV004353,CP005,P0353,35,27,187,7,11/06/2026
INV004354,CP005,P0354,122,33,227,7,11/06/2026
INV004355,CP005,P0355,381,63,564,14,11/06/2026
INV004356,CP005,P0356,77,63,320,10,11/06/2026
INV004357,CP005,P0357,83,16,179,5,11/06/2026
INV004358,CP005,P0358,90,37,229,5,11/06/2026
INV004359,CP005,P0359,29,21,224,7,11/06/2026
INV004360,CP005,P0360,160,58,510,10,11/06/2026
INV004361,CP005,P0361,30,12,114,14,11/06/2026
INV004362,CP005,P0362,7,5,30,3,11/06/2026
INV004363,CP005,P0363,154,37,282,10,11/06/2026
INV004364,CP005,P0364,197,35,282,5,11/06/2026
INV004365,CP005,P0365,53,34,172,3,11/06/2026
INV004366,CP005,P0366,55,20,157,3,11/06/2026
INV004367,CP005,P0367,35,28,167,3,11/06/2026
INV004368,CP005,P0368,225,70,424,14,11/06/2026
INV004369,CP005,P0369,70,18,114,3,11/06/2026
INV004370,CP005,P0370,66,23,173,5,11/06/2026
INV004371,CP005,P0371,66,23,222,3,11/06/2026
INV004372,CP005,P0372,102,39,332,7,11/06/2026
INV004373,CP005,P0373,177,34,317,5,11/06/2026
INV004374,CP005,P0374,25,7,66,14,11/06/2026
INV004375,CP005,P0375,372,62,494,14,11/06/2026
INV004376,CP005,P0376,175,35,207,7,11/06/2026
INV004377,CP005,P0377,170,34,276,14,11/06/2026
INV004378,CP005,P0378,147,26,213,10,11/06/2026
INV004379,CP005,P0379,91,49,327,3,11/06/2026
INV004380,CP005,P0380,9,5,30,7,11/06/2026
INV004381,CP005,P0381,177,30,235,5,11/06/2026
INV004382,CP005,P0382,98,22,165,7,11/06/2026
INV004383,CP005,P0383,149,37,203,14,11/06/2026
INV004384,CP005,P0384,46,31,238,10,11/06/2026
INV004385,CP005,P0385,253,38,356,5,11/06/2026
INV004386,CP005,P0386,29,33,307,14,11/06/2026
INV004387,CP005,P0387,74,31,199,5,11/06/2026
INV004388,CP005,P0388,29,24,146,5,11/06/2026
INV004389,CP005,P0389,71,35,269,5,11/06/2026
INV004390,CP005,P0390,356,70,436,10,11/06/2026
INV004391,CP005,P0391,70,22,170,14,11/06/2026
INV004392,CP005,P0392,162,44,217,3,11/06/2026
INV004393,CP005,P0393,175,65,298,3,11/06/2026
INV004394,CP005,P0394,88,18,158,3,11/06/2026
INV004395,CP005,P0395,27,5,30,7,11/06/2026
INV004396,CP005,P0396,31,24,200,5,11/06/2026
INV004397,CP005,P0397,25,26,198,14,11/06/2026
INV004398,CP005,P0398,68,18,109,14,11/06/2026
INV004399,CP005,P0399,114,26,253,10,11/06/2026
INV004400,CP005,P0400,231,28,234,10,11/06/2026
INV004401,CP005,P0401,86,21,124,3,11/06/2026
INV004402,CP005,P0402,132,32,252,10,11/06/2026
INV004403,CP005,P0403,440,64,608,10,11/06/2026
INV004404,CP005,P0404,64,30,176,14,11/06/2026
INV004405,CP005,P0405,342,70,517,5,11/06/2026
INV004406,CP005,P0406,71,21,121,10,11/06/2026
INV004407,CP005,P0407,327,83,698,5,11/06/2026
INV004408,CP005,P0408,67,26,223,7,11/06/2026
INV004409,CP005,P0409,64,27,134,14,11/06/2026
INV004410,CP005,P0410,42,10,52,14,11/06/2026
INV004411,CP005,P0411,267,30,336,14,11/06/2026
INV004412,CP005,P0412,130,32,216,7,11/06/2026
INV004413,CP005,P0413,42,8,73,10,11/06/2026
INV004414,CP005,P0414,16,8,45,3,11/06/2026
INV004415,CP005,P0415,74,24,139,10,11/06/2026
INV004416,CP005,P0416,68,23,139,14,11/06/2026
INV004417,CP005,P0417,94,24,134,7,11/06/2026
INV004418,CP005,P0418,196,85,427,14,11/06/2026
INV004419,CP005,P0419,136,39,254,3,11/06/2026
INV004420,CP005,P0420,89,17,161,14,11/06/2026
INV004421,CP005,P0421,55,36,201,14,11/06/2026
INV004422,CP005,P0422,54,15,106,14,11/06/2026
INV004423,CP005,P0423,275,37,291,3,11/06/2026
INV004424,CP005,P0424,48,10,78,7,11/06/2026
INV004425,CP005,P0425,125,17,171,3,11/06/2026
INV004426,CP005,P0426,95,46,376,10,11/06/2026
INV004427,CP005,P0427,63,30,239,3,11/06/2026
INV004428,CP005,P0428,225,29,316,3,11/06/2026
INV004429,CP005,P0429,39,23,149,14,11/06/2026
INV004430,CP005,P0430,100,22,140,5,11/06/2026
INV004431,CP005,P0431,12,5,30,7,11/06/2026
INV004432,CP005,P0432,96,32,174,7,11/06/2026
INV004433,CP005,P0433,53,18,204,10,11/06/2026
INV004434,CP005,P0434,113,104,853,10,11/06/2026
INV004435,CP005,P0435,119,53,494,3,11/06/2026
INV004436,CP005,P0436,66,14,118,14,11/06/2026
INV004437,CP005,P0437,64,17,110,5,11/06/2026
INV004438,CP005,P0438,109,37,185,5,11/06/2026
INV004439,CP005,P0439,117,36,349,14,11/06/2026
INV004440,CP005,P0440,210,38,292,5,11/06/2026
INV004441,CP005,P0441,326,51,471,3,11/06/2026
INV004442,CP005,P0442,124,29,213,7,11/06/2026
INV004443,CP005,P0443,129,20,191,10,11/06/2026
INV004444,CP005,P0444,80,29,285,7,11/06/2026
INV004445,CP005,P0445,33,28,161,3,11/06/2026
INV004446,CP005,P0446,15,5,30,3,11/06/2026
INV004447,CP005,P0447,42,21,212,7,11/06/2026
INV004448,CP005,P0448,82,34,243,10,11/06/2026
INV004449,CP005,P0449,55,40,230,10,11/06/2026
INV004450,CP005,P0450,87,25,223,3,11/06/2026
INV004451,CP005,P0451,487,119,544,5,11/06/2026
INV004452,CP005,P0452,232,43,306,5,11/06/2026
INV004453,CP005,P0453,86,25,159,3,11/06/2026
INV004454,CP005,P0454,38,28,198,7,11/06/2026
INV004455,CP005,P0455,98,76,597,5,11/06/2026
INV004456,CP005,P0456,38,6,63,10,11/06/2026
INV004457,CP005,P0457,29,7,51,14,11/06/2026
INV004458,CP005,P0458,216,33,332,14,11/06/2026
INV004459,CP005,P0459,13,13,79,7,11/06/2026
INV004460,CP005,P0460,150,52,403,14,11/06/2026
INV004461,CP005,P0461,87,23,221,14,11/06/2026
INV004462,CP005,P0462,266,52,337,3,11/06/2026
INV004463,CP005,P0463,131,62,369,5,11/06/2026
INV004464,CP005,P0464,266,33,301,10,11/06/2026
INV004465,CP005,P0465,77,21,171,5,11/06/2026
INV004466,CP005,P0466,12,5,30,5,11/06/2026
INV004467,CP005,P0467,40,30,200,7,11/06/2026
INV004468,CP005,P0468,108,21,240,10,11/06/2026
INV004469,CP005,P0469,31,7,66,7,11/06/2026
INV004470,CP005,P0470,206,55,377,5,11/06/2026
INV004471,CP005,P0471,78,56,502,10,11/06/2026
INV004472,CP005,P0472,174,21,246,3,11/06/2026
INV004473,CP005,P0473,20,24,200,5,11/06/2026
INV004474,CP005,P0474,34,17,189,7,11/06/2026
INV004475,CP005,P0475,36,8,47,10,11/06/2026
INV004476,CP005,P0476,123,24,208,7,11/06/2026
INV004477,CP005,P0477,248,67,505,14,11/06/2026
INV004478,CP005,P0478,74,36,255,5,11/06/2026
INV004479,CP005,P0479,60,51,322,5,11/06/2026
INV004480,CP005,P0480,54,19,151,7,11/06/2026
INV004481,CP005,P0481,84,58,322,14,11/06/2026
INV004482,CP005,P0482,120,72,625,3,11/06/2026
INV004483,CP005,P0483,136,31,325,3,11/06/2026
INV004484,CP005,P0484,130,37,189,3,11/06/2026
INV004485,CP005,P0485,119,58,323,5,11/06/2026
INV004486,CP005,P0486,123,22,221,14,11/06/2026
INV004487,CP005,P0487,110,33,255,14,11/06/2026
INV004488,CP005,P0488,102,40,447,14,11/06/2026
INV004489,CP005,P0489,131,19,140,5,11/06/2026
INV004490,CP005,P0490,13,5,45,10,11/06/2026
INV004491,CP005,P0491,97,15,107,5,11/06/2026
INV004492,CP005,P0492,113,17,196,3,11/06/2026
INV004493,CP005,P0493,222,32,304,7,11/06/2026
INV004494,CP005,P0494,150,41,267,10,11/06/2026
INV004495,CP005,P0495,85,27,164,5,11/06/2026
INV004496,CP005,P0496,149,35,310,10,11/06/2026
INV004497,CP005,P0497,110,26,165,10,11/06/2026
INV004498,CP005,P0498,17,10,68,10,11/06/2026
INV004499,CP005,P0499,80,19,139,5,11/06/2026
INV004500,CP005,P0500,55,12,83,10,11/06/2026
INV004501,CP005,P0501,14,5,30,14,11/06/2026
INV004502,CP005,P0502,150,28,211,5,11/06/2026
INV004503,CP005,P0503,202,59,420,10,11/06/2026
INV004504,CP005,P0504,52,57,476,14,11/06/2026
INV004505,CP005,P0505,121,35,239,14,11/06/2026
INV004506,CP005,P0506,89,27,155,7,11/06/2026
INV004507,CP005,P0507,128,40,318,5,11/06/2026
INV004508,CP005,P0508,152,70,428,3,11/06/2026
INV004509,CP005,P0509,88,29,208,3,11/06/2026
INV004510,CP005,P0510,39,9,60,5,11/06/2026
INV004511,CP005,P0511,32,31,247,14,11/06/2026
INV004512,CP005,P0512,113,19,201,7,11/06/2026
INV004513,CP005,P0513,34,11,75,14,11/06/2026
INV004514,CP005,P0514,152,52,304,10,11/06/2026
INV004515,CP005,P0515,57,14,139,3,11/06/2026
INV004516,CP005,P0516,29,22,133,5,11/06/2026
INV004517,CP005,P0517,56,22,166,3,11/06/2026
INV004518,CP005,P0518,140,34,176,14,11/06/2026
INV004519,CP005,P0519,251,55,623,5,11/06/2026
INV004520,CP005,P0520,113,33,183,5,11/06/2026
INV004521,CP005,P0521,19,18,173,5,11/06/2026
INV004522,CP005,P0522,143,25,189,3,11/06/2026
INV004523,CP005,P0523,58,8,68,7,11/06/2026
INV004524,CP005,P0524,95,35,173,10,11/06/2026
INV004525,CP005,P0525,101,58,462,7,11/06/2026
INV004526,CP005,P0526,193,28,247,10,11/06/2026
INV004527,CP005,P0527,176,23,180,3,11/06/2026
INV004528,CP005,P0528,72,7,84,14,11/06/2026
INV004529,CP005,P0529,153,36,283,7,11/06/2026
INV004530,CP005,P0530,80,30,178,5,11/06/2026
INV004531,CP005,P0531,203,40,275,5,11/06/2026
INV004532,CP005,P0532,251,60,385,14,11/06/2026
INV004533,CP005,P0533,148,35,227,7,11/06/2026
INV004534,CP005,P0534,58,27,135,14,11/06/2026
INV004535,CP005,P0535,47,14,86,10,11/06/2026
INV004536,CP005,P0536,170,34,261,5,11/06/2026
INV004537,CP005,P0537,7,5,30,5,11/06/2026
INV004538,CP005,P0538,53,9,85,5,11/06/2026
INV004539,CP005,P0539,324,81,546,10,11/06/2026
INV004540,CP005,P0540,9,5,30,10,11/06/2026
INV004541,CP005,P0541,76,29,165,5,11/06/2026
INV004542,CP005,P0542,33,8,69,5,11/06/2026
INV004543,CP005,P0543,143,29,192,3,11/06/2026
INV004544,CP005,P0544,104,32,218,10,11/06/2026
INV004545,CP005,P0545,142,31,234,3,11/06/2026
INV004546,CP005,P0546,162,51,349,5,11/06/2026
INV004547,CP005,P0547,23,5,31,10,11/06/2026
INV004548,CP005,P0548,147,24,211,5,11/06/2026
INV004549,CP005,P0549,204,63,289,14,11/06/2026
INV004550,CP005,P0550,34,29,194,3,11/06/2026
INV004551,CP005,P0551,164,27,215,5,11/06/2026
INV004552,CP005,P0552,46,28,207,14,11/06/2026
INV004553,CP005,P0553,150,36,310,5,11/06/2026
INV004554,CP005,P0554,35,23,183,14,11/06/2026
INV004555,CP005,P0555,131,36,202,5,11/06/2026
INV004556,CP005,P0556,36,20,107,7,11/06/2026
INV004557,CP005,P0557,8,5,30,7,11/06/2026
INV004558,CP005,P0558,332,90,613,7,11/06/2026
INV004559,CP005,P0559,22,8,91,3,11/06/2026
INV004560,CP005,P0560,38,15,127,3,11/06/2026
INV004561,CP005,P0561,91,21,99,10,11/06/2026
INV004562,CP005,P0562,110,25,262,10,11/06/2026
INV004563,CP005,P0563,201,39,300,7,11/06/2026
INV004564,CP005,P0564,156,41,206,3,11/06/2026
INV004565,CP005,P0565,287,53,374,10,11/06/2026
INV004566,CP005,P0566,135,17,152,10,11/06/2026
INV004567,CP005,P0567,57,48,303,14,11/06/2026
INV004568,CP005,P0568,80,18,200,7,11/06/2026
INV004569,CP005,P0569,148,26,176,10,11/06/2026
INV004570,CP005,P0570,29,18,142,3,11/06/2026
INV004571,CP005,P0571,201,20,239,5,11/06/2026
INV004572,CP005,P0572,96,34,156,10,11/06/2026
INV004573,CP005,P0573,112,23,188,5,11/06/2026
INV004574,CP005,P0574,99,31,165,14,11/06/2026
INV004575,CP005,P0575,50,17,132,5,11/06/2026
INV004576,CP005,P0576,112,20,145,7,11/06/2026
INV004577,CP005,P0577,198,42,334,5,11/06/2026
INV004578,CP005,P0578,78,24,274,3,11/06/2026
INV004579,CP005,P0579,20,5,30,14,11/06/2026
INV004580,CP005,P0580,152,48,488,10,11/06/2026
INV004581,CP005,P0581,93,24,257,3,11/06/2026
INV004582,CP005,P0582,92,23,156,3,11/06/2026
INV004583,CP005,P0583,188,41,262,10,11/06/2026
INV004584,CP005,P0584,131,25,220,10,11/06/2026
INV004585,CP005,P0585,409,56,533,7,11/06/2026
INV004586,CP005,P0586,111,27,147,14,11/06/2026
INV004587,CP005,P0587,56,31,166,14,11/06/2026
INV004588,CP005,P0588,23,21,141,5,11/06/2026
INV004589,CP005,P0589,25,5,30,5,11/06/2026
INV004590,CP005,P0590,155,50,466,5,11/06/2026
INV004591,CP005,P0591,337,53,402,10,11/06/2026
INV004592,CP005,P0592,174,24,189,7,11/06/2026
INV004593,CP005,P0593,189,44,464,5,11/06/2026
INV004594,CP005,P0594,115,22,167,10,11/06/2026
INV004595,CP005,P0595,55,44,364,7,11/06/2026
INV004596,CP005,P0596,177,76,419,5,11/06/2026
INV004597,CP005,P0597,20,10,58,5,11/06/2026
INV004598,CP005,P0598,142,60,550,7,11/06/2026
INV004599,CP005,P0599,68,71,396,5,11/06/2026
INV004600,CP005,P0600,43,37,221,10,11/06/2026
INV004601,CP005,P0601,139,21,223,7,11/06/2026
INV004602,CP005,P0602,139,31,178,5,11/06/2026
INV004603,CP005,P0603,89,24,194,10,11/06/2026
INV004604,CP005,P0604,16,5,30,14,11/06/2026
INV004605,CP005,P0605,424,69,610,7,11/06/2026
INV004606,CP005,P0606,70,65,614,7,11/06/2026
INV004607,CP005,P0607,78,16,124,7,11/06/2026
INV004608,CP005,P0608,14,5,30,7,11/06/2026
INV004609,CP005,P0609,104,63,545,10,11/06/2026
INV004610,CP005,P0610,115,38,228,10,11/06/2026
INV004611,CP005,P0611,92,20,159,7,11/06/2026
INV004612,CP005,P0612,616,68,725,7,11/06/2026
INV004613,CP005,P0613,186,36,313,3,11/06/2026
INV004614,CP005,P0614,40,27,169,10,11/06/2026
INV004615,CP005,P0615,111,63,362,7,11/06/2026
INV004616,CP005,P0616,179,25,233,10,11/06/2026
INV004617,CP005,P0617,163,29,230,7,11/06/2026
INV004618,CP005,P0618,105,23,176,7,11/06/2026
INV004619,CP005,P0619,103,28,193,14,11/06/2026
INV004620,CP005,P0620,76,24,110,5,11/06/2026
INV004621,CP005,P0621,185,86,465,7,11/06/2026
INV004622,CP005,P0622,54,26,148,7,11/06/2026
INV004623,CP005,P0623,110,40,222,5,11/06/2026
INV004624,CP005,P0624,13,5,30,5,11/06/2026
INV004625,CP005,P0625,317,58,427,3,11/06/2026
INV004626,CP005,P0626,292,41,331,7,11/06/2026
INV004627,CP005,P0627,39,8,56,3,11/06/2026
INV004628,CP005,P0628,8,5,30,5,11/06/2026
INV004629,CP005,P0629,66,31,192,10,11/06/2026
INV004630,CP005,P0630,346,105,676,5,11/06/2026
INV004631,CP005,P0631,40,28,262,14,11/06/2026
INV004632,CP005,P0632,106,31,194,7,11/06/2026
INV004633,CP005,P0633,61,28,256,14,11/06/2026
INV004634,CP005,P0634,176,39,278,10,11/06/2026
INV004635,CP005,P0635,27,23,249,3,11/06/2026
INV004636,CP005,P0636,108,31,243,10,11/06/2026
INV004637,CP005,P0637,137,37,357,3,11/06/2026
INV004638,CP005,P0638,99,34,274,5,11/06/2026
INV004639,CP005,P0639,74,54,471,14,11/06/2026
INV004640,CP005,P0640,175,56,319,3,11/06/2026
INV004641,CP005,P0641,221,44,355,5,11/06/2026
INV004642,CP005,P0642,87,25,184,14,11/06/2026
INV004643,CP005,P0643,97,36,192,14,11/06/2026
INV004644,CP005,P0644,21,7,58,10,11/06/2026
INV004645,CP005,P0645,98,24,207,3,11/06/2026
INV004646,CP005,P0646,333,72,529,3,11/06/2026
INV004647,CP005,P0647,293,45,495,3,11/06/2026
INV004648,CP005,P0648,182,24,206,7,11/06/2026
INV004649,CP005,P0649,83,23,219,3,11/06/2026
INV004650,CP005,P0650,35,9,45,10,11/06/2026
INV004651,CP005,P0651,200,40,354,7,11/06/2026
INV004652,CP005,P0652,136,33,197,5,11/06/2026
INV004653,CP005,P0653,172,44,249,14,11/06/2026
INV004654,CP005,P0654,112,17,125,7,11/06/2026
INV004655,CP005,P0655,246,32,299,7,11/06/2026
INV004656,CP005,P0656,16,5,32,14,11/06/2026
INV004657,CP005,P0657,65,20,128,7,11/06/2026
INV004658,CP005,P0658,14,6,52,5,11/06/2026
INV004659,CP005,P0659,34,8,43,14,11/06/2026
INV004660,CP005,P0660,100,19,196,7,11/06/2026
INV004661,CP005,P0661,10,6,58,10,11/06/2026
INV004662,CP005,P0662,134,35,210,7,11/06/2026
INV004663,CP005,P0663,47,47,313,14,11/06/2026
INV004664,CP005,P0664,102,23,153,3,11/06/2026
INV004665,CP005,P0665,89,26,207,14,11/06/2026
INV004666,CP005,P0666,33,24,256,7,11/06/2026
INV004667,CP005,P0667,47,34,289,14,11/06/2026
INV004668,CP005,P0668,40,29,144,10,11/06/2026
INV004669,CP005,P0669,232,42,327,7,11/06/2026
INV004670,CP005,P0670,164,22,176,14,11/06/2026
INV004671,CP005,P0671,166,71,519,3,11/06/2026
INV004672,CP005,P0672,122,21,246,14,11/06/2026
INV004673,CP005,P0673,58,34,239,3,11/06/2026
INV004674,CP005,P0674,135,51,328,5,11/06/2026
INV004675,CP005,P0675,82,17,117,7,11/06/2026
INV004676,CP005,P0676,55,23,183,10,11/06/2026
INV004677,CP005,P0677,48,18,130,7,11/06/2026
INV004678,CP005,P0678,7,5,30,3,11/06/2026
INV004679,CP005,P0679,64,71,400,10,11/06/2026
INV004680,CP005,P0680,490,65,608,5,11/06/2026
INV004681,CP005,P0681,169,40,243,5,11/06/2026
INV004682,CP005,P0682,61,18,122,7,11/06/2026
INV004683,CP005,P0683,160,105,865,10,11/06/2026
INV004684,CP005,P0684,163,35,258,5,11/06/2026
INV004685,CP005,P0685,96,17,145,14,11/06/2026
INV004686,CP005,P0686,152,45,212,5,11/06/2026
INV004687,CP005,P0687,114,27,158,14,11/06/2026
INV004688,CP005,P0688,31,24,182,3,11/06/2026
INV004689,CP005,P0689,38,10,83,7,11/06/2026
INV004690,CP005,P0690,353,81,542,14,11/06/2026
INV004691,CP005,P0691,33,34,254,3,11/06/2026
INV004692,CP005,P0692,111,24,150,3,11/06/2026
INV004693,CP005,P0693,117,24,238,3,11/06/2026
INV004694,CP005,P0694,103,65,450,3,11/06/2026
INV004695,CP005,P0695,63,24,132,5,11/06/2026
INV004696,CP005,P0696,92,49,326,10,11/06/2026
INV004697,CP005,P0697,5,5,30,3,11/06/2026
INV004698,CP005,P0698,79,24,149,7,11/06/2026
INV004699,CP005,P0699,75,19,161,5,11/06/2026
INV004700,CP005,P0700,263,56,427,10,11/06/2026
INV004701,CP005,P0701,101,24,145,7,11/06/2026
INV004702,CP005,P0702,38,7,62,3,11/06/2026
INV004703,CP005,P0703,43,26,144,14,11/06/2026
INV004704,CP005,P0704,314,62,658,5,11/06/2026
INV004705,CP005,P0705,74,17,104,5,11/06/2026
INV004706,CP005,P0706,73,12,120,3,11/06/2026
INV004707,CP005,P0707,150,25,170,3,11/06/2026
INV004708,CP005,P0708,5,5,30,10,11/06/2026
INV004709,CP005,P0709,274,48,346,5,11/06/2026
INV004710,CP005,P0710,19,5,30,14,11/06/2026
INV004711,CP005,P0711,37,36,258,10,11/06/2026
INV004712,CP005,P0712,53,33,206,7,11/06/2026
INV004713,CP005,P0713,312,93,509,14,11/06/2026
INV004714,CP005,P0714,100,29,156,3,11/06/2026
INV004715,CP005,P0715,67,27,200,3,11/06/2026
INV004716,CP005,P0716,112,19,138,10,11/06/2026
INV004717,CP005,P0717,48,20,197,3,11/06/2026
INV004718,CP005,P0718,107,30,174,7,11/06/2026
INV004719,CP005,P0719,27,5,30,10,11/06/2026
INV004720,CP005,P0720,40,6,46,5,11/06/2026
INV004721,CP005,P0721,48,21,225,7,11/06/2026
INV004722,CP005,P0722,84,19,140,5,11/06/2026
INV004723,CP005,P0723,11,5,34,7,11/06/2026
INV004724,CP005,P0724,55,21,112,5,11/06/2026
INV004725,CP005,P0725,355,61,442,3,11/06/2026
INV004726,CP005,P0726,252,49,450,7,11/06/2026
INV004727,CP005,P0727,160,77,842,3,11/06/2026
INV004728,CP005,P0728,173,22,224,5,11/06/2026
INV004729,CP005,P0729,35,31,285,10,11/06/2026
INV004730,CP005,P0730,44,32,219,7,11/06/2026
INV004731,CP005,P0731,110,44,204,3,11/06/2026
INV004732,CP005,P0732,57,20,129,14,11/06/2026
INV004733,CP005,P0733,121,27,230,7,11/06/2026
INV004734,CP005,P0734,40,8,77,7,11/06/2026
INV004735,CP005,P0735,92,26,194,5,11/06/2026
INV004736,CP005,P0736,212,29,267,10,11/06/2026
INV004737,CP005,P0737,77,29,333,10,11/06/2026
INV004738,CP005,P0738,133,43,279,5,11/06/2026
INV004739,CP005,P0739,216,42,299,10,11/06/2026
INV004740,CP005,P0740,128,38,315,14,11/06/2026
INV004741,CP005,P0741,360,53,444,10,11/06/2026
INV004742,CP005,P0742,123,24,140,7,11/06/2026
INV004743,CP005,P0743,149,46,287,5,11/06/2026
INV004744,CP005,P0744,141,71,327,10,11/06/2026
INV004745,CP005,P0745,103,44,392,3,11/06/2026
INV004746,CP005,P0746,117,19,203,3,11/06/2026
INV004747,CP005,P0747,164,18,202,5,11/06/2026
INV004748,CP005,P0748,251,39,286,3,11/06/2026
INV004749,CP005,P0749,72,27,172,3,11/06/2026
INV004750,CP005,P0750,142,38,218,10,11/06/2026
INV004751,CP005,P0751,130,77,575,10,11/06/2026
INV004752,CP005,P0752,99,21,225,5,11/06/2026
INV004753,CP005,P0753,61,21,103,14,11/06/2026
INV004754,CP005,P0754,20,10,69,7,11/06/2026
INV004755,CP005,P0755,162,27,208,10,11/06/2026
INV004756,CP005,P0756,247,49,409,7,11/06/2026
INV004757,CP005,P0757,26,9,69,14,11/06/2026
INV004758,CP005,P0758,163,103,507,5,11/06/2026
INV004759,CP005,P0759,216,31,329,14,11/06/2026
INV004760,CP005,P0760,63,16,112,7,11/06/2026
INV004761,CP005,P0761,28,24,222,7,11/06/2026
INV004762,CP005,P0762,133,22,155,10,11/06/2026
INV004763,CP005,P0763,12,5,30,5,11/06/2026
INV004764,CP005,P0764,148,24,184,7,11/06/2026
INV004765,CP005,P0765,299,65,448,7,11/06/2026
INV004766,CP005,P0766,13,5,30,5,11/06/2026
INV004767,CP005,P0767,111,40,265,10,11/06/2026
INV004768,CP005,P0768,429,68,523,3,11/06/2026
INV004769,CP005,P0769,62,9,75,5,11/06/2026
INV004770,CP005,P0770,39,19,145,10,11/06/2026
INV004771,CP005,P0771,96,25,220,5,11/06/2026
INV004772,CP005,P0772,164,25,235,10,11/06/2026
INV004773,CP005,P0773,163,31,282,5,11/06/2026
INV004774,CP005,P0774,85,69,381,5,11/06/2026
INV004775,CP005,P0775,230,39,356,10,11/06/2026
INV004776,CP005,P0776,103,29,161,3,11/06/2026
INV004777,CP005,P0777,18,5,30,10,11/06/2026
INV004778,CP005,P0778,160,28,230,10,11/06/2026
INV004779,CP005,P0779,31,31,342,3,11/06/2026
INV004780,CP005,P0780,27,13,78,5,11/06/2026
INV004781,CP005,P0781,79,39,427,14,11/06/2026
INV004782,CP005,P0782,186,38,255,3,11/06/2026
INV004783,CP005,P0783,86,28,282,10,11/06/2026
INV004784,CP005,P0784,17,5,30,14,11/06/2026
INV004785,CP005,P0785,110,23,175,10,11/06/2026
INV004786,CP005,P0786,17,5,36,5,11/06/2026
INV004787,CP005,P0787,57,39,210,5,11/06/2026
INV004788,CP005,P0788,117,20,195,3,11/06/2026
INV004789,CP005,P0789,230,42,334,14,11/06/2026
INV004790,CP005,P0790,92,28,215,5,11/06/2026
INV004791,CP005,P0791,38,15,168,10,11/06/2026
INV004792,CP005,P0792,39,23,177,3,11/06/2026
INV004793,CP005,P0793,14,5,30,14,11/06/2026
INV004794,CP005,P0794,42,6,63,3,11/06/2026
INV004795,CP005,P0795,152,32,244,14,11/06/2026
INV004796,CP005,P0796,103,22,181,5,11/06/2026
INV004797,CP005,P0797,47,25,140,14,11/06/2026
INV004798,CP005,P0798,127,26,163,10,11/06/2026
INV004799,CP005,P0799,153,53,535,10,11/06/2026
INV004800,CP005,P0800,60,19,106,3,11/06/2026
INV004801,CP005,P0801,20,7,53,14,11/06/2026
INV004802,CP005,P0802,58,27,248,10,11/06/2026
INV004803,CP005,P0803,313,34,392,10,11/06/2026
INV004804,CP005,P0804,383,68,565,10,11/06/2026
INV004805,CP005,P0805,17,5,30,5,11/06/2026
INV004806,CP005,P0806,35,12,108,14,11/06/2026
INV004807,CP005,P0807,36,20,120,14,11/06/2026
INV004808,CP005,P0808,111,26,144,7,11/06/2026
INV004809,CP005,P0809,107,33,205,14,11/06/2026
INV004810,CP005,P0810,83,23,126,14,11/06/2026
INV004811,CP005,P0811,86,33,178,10,11/06/2026
INV004812,CP005,P0812,61,45,262,10,11/06/2026
INV004813,CP005,P0813,204,62,457,7,11/06/2026
INV004814,CP005,P0814,28,8,64,14,11/06/2026
INV004815,CP005,P0815,74,41,187,5,11/06/2026
INV004816,CP005,P0816,44,12,86,10,11/06/2026
INV004817,CP005,P0817,43,22,174,7,11/06/2026
INV004818,CP005,P0818,489,79,574,10,11/06/2026
INV004819,CP005,P0819,155,60,307,14,11/06/2026
INV004820,CP005,P0820,91,15,101,7,11/06/2026
INV004821,CP005,P0821,21,19,213,7,11/06/2026
INV004822,CP005,P0822,106,24,223,5,11/06/2026
INV004823,CP005,P0823,265,45,411,5,11/06/2026
INV004824,CP005,P0824,121,37,315,10,11/06/2026
INV004825,CP005,P0825,26,26,225,7,11/06/2026
INV004826,CP005,P0826,120,26,180,10,11/06/2026
INV004827,CP005,P0827,107,17,172,3,11/06/2026
INV004828,CP005,P0828,63,66,368,3,11/06/2026
INV004829,CP005,P0829,100,37,261,5,11/06/2026
INV004830,CP005,P0830,31,24,136,10,11/06/2026
INV004831,CP005,P0831,38,23,141,5,11/06/2026
INV004832,CP005,P0832,39,36,343,10,11/06/2026
INV004833,CP005,P0833,107,31,158,5,11/06/2026
INV004834,CP005,P0834,10,6,51,3,11/06/2026
INV004835,CP005,P0835,19,21,178,14,11/06/2026
INV004836,CP005,P0836,306,74,415,7,11/06/2026
INV004837,CP005,P0837,28,27,210,10,11/06/2026
INV004838,CP005,P0838,101,22,147,3,11/06/2026
INV004839,CP005,P0839,367,95,744,5,11/06/2026
INV004840,CP005,P0840,67,25,129,3,11/06/2026
INV004841,CP005,P0841,55,29,320,7,11/06/2026
INV004842,CP005,P0842,229,50,365,3,11/06/2026
INV004843,CP005,P0843,164,50,383,10,11/06/2026
INV004844,CP005,P0844,241,59,585,3,11/06/2026
INV004845,CP005,P0845,298,49,378,3,11/06/2026
INV004846,CP005,P0846,26,8,68,7,11/06/2026
INV004847,CP005,P0847,23,15,120,14,11/06/2026
INV004848,CP005,P0848,82,30,259,3,11/06/2026
INV004849,CP005,P0849,324,71,434,5,11/06/2026
INV004850,CP005,P0850,118,28,161,5,11/06/2026
INV004851,CP005,P0851,29,20,152,10,11/06/2026
INV004852,CP005,P0852,8,5,30,5,11/06/2026
INV004853,CP005,P0853,115,23,131,7,11/06/2026
INV004854,CP005,P0854,123,32,202,7,11/06/2026
INV004855,CP005,P0855,245,90,573,7,11/06/2026
INV004856,CP005,P0856,39,6,66,7,11/06/2026
INV004857,CP005,P0857,95,43,441,3,11/06/2026
INV004858,CP005,P0858,88,23,104,5,11/06/2026
INV004859,CP005,P0859,206,37,375,14,11/06/2026
INV004860,CP005,P0860,73,32,160,10,11/06/2026
INV004861,CP005,P0861,80,25,146,5,11/06/2026
INV004862,CP005,P0862,105,71,375,14,11/06/2026
INV004863,CP005,P0863,54,62,459,10,11/06/2026
INV004864,CP005,P0864,362,63,459,10,11/06/2026
INV004865,CP005,P0865,73,12,107,5,11/06/2026
INV004866,CP005,P0866,209,75,406,3,11/06/2026
INV004867,CP005,P0867,116,16,152,3,11/06/2026
INV004868,CP005,P0868,60,28,142,14,11/06/2026
INV004869,CP005,P0869,39,20,102,3,11/06/2026
INV004870,CP005,P0870,113,36,318,7,11/06/2026
INV004871,CP005,P0871,6,5,51,3,11/06/2026
INV004872,CP005,P0872,23,5,30,10,11/06/2026
INV004873,CP005,P0873,8,8,57,5,11/06/2026
INV004874,CP005,P0874,87,25,126,3,11/06/2026
INV004875,CP005,P0875,16,5,30,7,11/06/2026
INV004876,CP005,P0876,75,24,181,7,11/06/2026
INV004877,CP005,P0877,179,33,252,10,11/06/2026
INV004878,CP005,P0878,254,58,373,7,11/06/2026
INV004879,CP005,P0879,19,15,170,10,11/06/2026
INV004880,CP005,P0880,104,23,148,3,11/06/2026
INV004881,CP005,P0881,29,8,71,10,11/06/2026
INV004882,CP005,P0882,151,72,571,10,11/06/2026
INV004883,CP005,P0883,72,11,120,7,11/06/2026
INV004884,CP005,P0884,42,39,300,5,11/06/2026
INV004885,CP005,P0885,19,5,30,10,11/06/2026
INV004886,CP005,P0886,8,5,30,5,11/06/2026
INV004887,CP005,P0887,38,16,105,10,11/06/2026
INV004888,CP005,P0888,324,81,513,7,11/06/2026
INV004889,CP005,P0889,20,5,30,5,11/06/2026
INV004890,CP005,P0890,71,25,192,7,11/06/2026
INV004891,CP005,P0891,83,22,143,3,11/06/2026
INV004892,CP005,P0892,233,50,417,7,11/06/2026
INV004893,CP005,P0893,175,36,321,14,11/06/2026
INV004894,CP005,P0894,137,60,343,7,11/06/2026
INV004895,CP005,P0895,53,27,257,7,11/06/2026
INV004896,CP005,P0896,46,21,169,7,11/06/2026
INV004897,CP005,P0897,6,5,30,7,11/06/2026
INV004898,CP005,P0898,275,41,396,3,11/06/2026
INV004899,CP005,P0899,124,28,192,5,11/06/2026
INV004900,CP005,P0900,100,37,340,14,11/06/2026
INV004901,CP005,P0901,103,26,164,5,11/06/2026
INV004902,CP005,P0902,146,78,507,10,11/06/2026
INV004903,CP005,P0903,41,23,132,3,11/06/2026
INV004904,CP005,P0904,117,32,186,14,11/06/2026
INV004905,CP005,P0905,109,22,158,5,11/06/2026
INV004906,CP005,P0906,164,35,252,14,11/06/2026
INV004907,CP005,P0907,67,14,77,7,11/06/2026
INV004908,CP005,P0908,51,25,172,3,11/06/2026
INV004909,CP005,P0909,176,40,213,7,11/06/2026
INV004910,CP005,P0910,174,73,610,5,11/06/2026
INV004911,CP005,P0911,38,24,179,10,11/06/2026
INV004912,CP005,P0912,63,20,206,7,11/06/2026
INV004913,CP005,P0913,265,62,365,14,11/06/2026
INV004914,CP005,P0914,54,39,333,14,11/06/2026
INV004915,CP005,P0915,21,6,40,3,11/06/2026
INV004916,CP005,P0916,55,26,195,10,11/06/2026
INV004917,CP005,P0917,81,23,121,7,11/06/2026
INV004918,CP005,P0918,80,35,202,3,11/06/2026
INV004919,CP005,P0919,62,32,324,10,11/06/2026
INV004920,CP005,P0920,139,111,689,14,11/06/2026
INV004921,CP005,P0921,18,5,30,10,11/06/2026
INV004922,CP005,P0922,403,82,579,3,11/06/2026
INV004923,CP005,P0923,158,30,317,3,11/06/2026
INV004924,CP005,P0924,396,89,649,3,11/06/2026
INV004925,CP005,P0925,101,38,358,14,11/06/2026
INV004926,CP005,P0926,145,59,400,3,11/06/2026
INV004927,CP005,P0927,122,21,160,14,11/06/2026
INV004928,CP005,P0928,55,16,105,5,11/06/2026
INV004929,CP005,P0929,62,21,167,14,11/06/2026
INV004930,CP005,P0930,325,51,412,10,11/06/2026
INV004931,CP005,P0931,50,18,92,5,11/06/2026
INV004932,CP005,P0932,141,24,167,10,11/06/2026
INV004933,CP005,P0933,37,11,87,3,11/06/2026
INV004934,CP005,P0934,113,29,247,5,11/06/2026
INV004935,CP005,P0935,71,37,232,10,11/06/2026
INV004936,CP005,P0936,73,41,234,10,11/06/2026
INV004937,CP005,P0937,24,13,112,5,11/06/2026
INV004938,CP005,P0938,41,38,273,5,11/06/2026
INV004939,CP005,P0939,69,44,406,5,11/06/2026
INV004940,CP005,P0940,35,17,160,5,11/06/2026
INV004941,CP005,P0941,32,26,270,7,11/06/2026
INV004942,CP005,P0942,449,84,587,5,11/06/2026
INV004943,CP005,P0943,15,5,30,3,11/06/2026
INV004944,CP005,P0944,121,42,307,14,11/06/2026
INV004945,CP005,P0945,158,32,246,3,11/06/2026
INV004946,CP005,P0946,131,33,222,7,11/06/2026
INV004947,CP005,P0947,46,21,129,10,11/06/2026
INV004948,CP005,P0948,27,7,57,5,11/06/2026
INV004949,CP005,P0949,171,51,376,5,11/06/2026
INV004950,CP005,P0950,31,19,112,5,11/06/2026
INV004951,CP005,P0951,226,90,625,10,11/06/2026
INV004952,CP005,P0952,85,35,315,7,11/06/2026
INV004953,CP005,P0953,220,26,304,10,11/06/2026
INV004954,CP005,P0954,24,5,30,14,11/06/2026
INV004955,CP005,P0955,73,29,222,5,11/06/2026
INV004956,CP005,P0956,20,15,149,7,11/06/2026
INV004957,CP005,P0957,21,19,137,7,11/06/2026
INV004958,CP005,P0958,542,80,678,7,11/06/2026
INV004959,CP005,P0959,111,82,768,5,11/06/2026
INV004960,CP005,P0960,81,25,220,14,11/06/2026
INV004961,CP005,P0961,366,73,662,3,11/06/2026
INV004962,CP005,P0962,74,44,259,10,11/06/2026
INV004963,CP005,P0963,119,17,147,10,11/06/2026
INV004964,CP005,P0964,144,24,157,3,11/06/2026
INV004965,CP005,P0965,150,24,222,7,11/06/2026
INV004966,CP005,P0966,60,32,367,10,11/06/2026
INV004967,CP005,P0967,179,23,243,10,11/06/2026
INV004968,CP005,P0968,131,34,217,10,11/06/2026
INV004969,CP005,P0969,101,16,131,3,11/06/2026
INV004970,CP005,P0970,114,44,275,3,11/06/2026
INV004971,CP005,P0971,13,5,30,3,11/06/2026
INV004972,CP005,P0972,156,26,190,5,11/06/2026
INV004973,CP005,P0973,116,35,166,5,11/06/2026
INV004974,CP005,P0974,12,5,56,7,11/06/2026
INV004975,CP005,P0975,172,36,191,7,11/06/2026
INV004976,CP005,P0976,62,34,257,5,11/06/2026
INV004977,CP005,P0977,76,18,180,14,11/06/2026
INV004978,CP005,P0978,35,9,56,10,11/06/2026
INV004979,CP005,P0979,234,33,312,5,11/06/2026
INV004980,CP005,P0980,70,40,234,10,11/06/2026
INV004981,CP005,P0981,490,81,569,5,11/06/2026
INV004982,CP005,P0982,42,9,68,3,11/06/2026
INV004983,CP005,P0983,31,15,74,5,11/06/2026
INV004984,CP005,P0984,31,22,174,3,11/06/2026
INV004985,CP005,P0985,52,12,90,7,11/06/2026
INV004986,CP005,P0986,97,71,663,10,11/06/2026
INV004987,CP005,P0987,70,9,87,5,11/06/2026
INV004988,CP005,P0988,26,5,34,14,11/06/2026
INV004989,CP005,P0989,41,8,44,7,11/06/2026
INV004990,CP005,P0990,96,46,232,5,11/06/2026
INV004991,CP005,P0991,180,42,232,3,11/06/2026
INV004992,CP005,P0992,7,5,30,7,11/06/2026
INV004993,CP005,P0993,186,25,287,10,11/06/2026
INV004994,CP005,P0994,69,18,117,3,11/06/2026
INV004995,CP005,P0995,50,27,169,10,11/06/2026
INV004996,CP005,P0996,128,31,269,7,11/06/2026
INV004997,CP005,P0997,105,19,141,14,11/06/2026
INV004998,CP005,P0998,52,33,350,14,11/06/2026
INV004999,CP005,P0999,163,33,209,5,11/06/2026
INV005000,CP005,P1000,59,24,203,7,11/06/2026
INV005001,CP006,P0001,294,152,974,10,11/06/2026
INV005002,CP006,P0002,57,49,303,7,11/06/2026
INV005003,CP006,P0003,381,101,896,3,11/06/2026
INV005004,CP006,P0004,553,125,950,3,11/06/2026
INV005005,CP006,P0005,701,144,1213,3,11/06/2026
INV005006,CP006,P0006,114,54,379,7,11/06/2026
INV005007,CP006,P0007,303,48,485,5,11/06/2026
INV005008,CP006,P0008,209,47,423,7,11/06/2026
INV005009,CP006,P0009,203,59,410,14,11/06/2026
INV005010,CP006,P0010,97,42,290,3,11/06/2026
INV005011,CP006,P0011,804,118,869,5,11/06/2026
INV005012,CP006,P0012,42,15,128,10,11/06/2026
INV005013,CP006,P0013,61,38,389,14,11/06/2026
INV005014,CP006,P0014,149,49,364,14,11/06/2026
INV005015,CP006,P0015,16,16,131,14,11/06/2026
INV005016,CP006,P0016,228,68,538,14,11/06/2026
INV005017,CP006,P0017,86,56,292,3,11/06/2026
INV005018,CP006,P0018,211,54,458,10,11/06/2026
INV005019,CP006,P0019,601,154,1222,3,11/06/2026
INV005020,CP006,P0020,701,122,1238,14,11/06/2026
INV005021,CP006,P0021,196,46,517,7,11/06/2026
INV005022,CP006,P0022,173,64,553,3,11/06/2026
INV005023,CP006,P0023,614,153,1158,14,11/06/2026
INV005024,CP006,P0024,164,39,321,10,11/06/2026
INV005025,CP006,P0025,114,55,407,3,11/06/2026
INV005026,CP006,P0026,289,45,432,5,11/06/2026
INV005027,CP006,P0027,304,58,384,3,11/06/2026
INV005028,CP006,P0028,48,13,77,7,11/06/2026
INV005029,CP006,P0029,42,9,70,14,11/06/2026
INV005030,CP006,P0030,207,82,662,5,11/06/2026
INV005031,CP006,P0031,222,44,309,3,11/06/2026
INV005032,CP006,P0032,607,156,1078,3,11/06/2026
INV005033,CP006,P0033,132,33,273,5,11/06/2026
INV005034,CP006,P0034,208,39,315,5,11/06/2026
INV005035,CP006,P0035,16,16,119,10,11/06/2026
INV005036,CP006,P0036,8,5,30,10,11/06/2026
INV005037,CP006,P0037,177,123,751,10,11/06/2026
INV005038,CP006,P0038,21,17,84,10,11/06/2026
INV005039,CP006,P0039,302,44,383,10,11/06/2026
INV005040,CP006,P0040,219,65,427,14,11/06/2026
INV005041,CP006,P0041,218,28,253,7,11/06/2026
INV005042,CP006,P0042,246,58,394,7,11/06/2026
INV005043,CP006,P0043,195,55,438,5,11/06/2026
INV005044,CP006,P0044,164,64,553,3,11/06/2026
INV005045,CP006,P0045,393,65,467,3,11/06/2026
INV005046,CP006,P0046,221,45,508,5,11/06/2026
INV005047,CP006,P0047,109,46,485,10,11/06/2026
INV005048,CP006,P0048,141,50,308,14,11/06/2026
INV005049,CP006,P0049,173,44,303,7,11/06/2026
INV005050,CP006,P0050,105,53,307,3,11/06/2026
INV005051,CP006,P0051,109,59,356,5,11/06/2026
INV005052,CP006,P0052,46,49,343,3,11/06/2026
INV005053,CP006,P0053,101,24,145,10,11/06/2026
INV005054,CP006,P0054,348,164,939,5,11/06/2026
INV005055,CP006,P0055,326,86,663,10,11/06/2026
INV005056,CP006,P0056,70,64,524,14,11/06/2026
INV005057,CP006,P0057,165,80,466,3,11/06/2026
INV005058,CP006,P0058,108,62,361,5,11/06/2026
INV005059,CP006,P0059,95,32,188,7,11/06/2026
INV005060,CP006,P0060,81,47,367,14,11/06/2026
INV005061,CP006,P0061,222,64,435,10,11/06/2026
INV005062,CP006,P0062,230,100,567,3,11/06/2026
INV005063,CP006,P0063,155,70,506,7,11/06/2026
INV005064,CP006,P0064,29,11,110,5,11/06/2026
INV005065,CP006,P0065,85,41,353,10,11/06/2026
INV005066,CP006,P0066,138,67,379,7,11/06/2026
INV005067,CP006,P0067,64,17,116,5,11/06/2026
INV005068,CP006,P0068,255,144,679,14,11/06/2026
INV005069,CP006,P0069,135,45,329,10,11/06/2026
INV005070,CP006,P0070,612,156,779,7,11/06/2026
INV005071,CP006,P0071,435,72,528,14,11/06/2026
INV005072,CP006,P0072,291,50,465,5,11/06/2026
INV005073,CP006,P0073,150,39,250,7,11/06/2026
INV005074,CP006,P0074,87,27,189,3,11/06/2026
INV005075,CP006,P0075,45,41,203,10,11/06/2026
INV005076,CP006,P0076,129,48,314,3,11/06/2026
INV005077,CP006,P0077,126,27,303,7,11/06/2026
INV005078,CP006,P0078,485,58,585,7,11/06/2026
INV005079,CP006,P0079,165,58,290,5,11/06/2026
INV005080,CP006,P0080,221,47,357,7,11/06/2026
INV005081,CP006,P0081,256,47,416,14,11/06/2026
INV005082,CP006,P0082,83,46,278,14,11/06/2026
INV005083,CP006,P0083,48,57,320,7,11/06/2026
INV005084,CP006,P0084,22,5,38,10,11/06/2026
INV005085,CP006,P0085,169,36,321,10,11/06/2026
INV005086,CP006,P0086,171,115,691,14,11/06/2026
INV005087,CP006,P0087,216,47,427,7,11/06/2026
INV005088,CP006,P0088,265,74,572,7,11/06/2026
INV005089,CP006,P0089,109,41,261,10,11/06/2026
INV005090,CP006,P0090,248,53,315,10,11/06/2026
INV005091,CP006,P0091,127,36,364,5,11/06/2026
INV005092,CP006,P0092,66,46,255,14,11/06/2026
INV005093,CP006,P0093,232,55,362,7,11/06/2026
INV005094,CP006,P0094,359,62,661,10,11/06/2026
INV005095,CP006,P0095,88,60,306,14,11/06/2026
INV005096,CP006,P0096,44,18,185,7,11/06/2026
INV005097,CP006,P0097,69,50,320,10,11/06/2026
INV005098,CP006,P0098,218,54,285,5,11/06/2026
INV005099,CP006,P0099,94,41,221,14,11/06/2026
INV005100,CP006,P0100,160,55,394,14,11/06/2026
INV005101,CP006,P0101,786,150,1349,7,11/06/2026
INV005102,CP006,P0102,137,84,958,5,11/06/2026
INV005103,CP006,P0103,140,53,324,7,11/06/2026
INV005104,CP006,P0104,161,44,260,5,11/06/2026
INV005105,CP006,P0105,216,50,358,14,11/06/2026
INV005106,CP006,P0106,145,40,308,14,11/06/2026
INV005107,CP006,P0107,554,113,833,5,11/06/2026
INV005108,CP006,P0108,49,49,322,14,11/06/2026
INV005109,CP006,P0109,79,37,292,14,11/06/2026
INV005110,CP006,P0110,107,45,239,14,11/06/2026
INV005111,CP006,P0111,144,73,549,7,11/06/2026
INV005112,CP006,P0112,300,57,456,3,11/06/2026
INV005113,CP006,P0113,234,139,709,7,11/06/2026
INV005114,CP006,P0114,8,5,30,3,11/06/2026
INV005115,CP006,P0115,120,41,304,3,11/06/2026
INV005116,CP006,P0116,138,35,246,3,11/06/2026
INV005117,CP006,P0117,410,173,1647,10,11/06/2026
INV005118,CP006,P0118,23,5,30,5,11/06/2026
INV005119,CP006,P0119,170,52,439,5,11/06/2026
INV005120,CP006,P0120,55,22,149,14,11/06/2026
INV005121,CP006,P0121,301,54,504,7,11/06/2026
INV005122,CP006,P0122,322,117,620,5,11/06/2026
INV005123,CP006,P0123,108,40,298,3,11/06/2026
INV005124,CP006,P0124,139,53,502,10,11/06/2026
INV005125,CP006,P0125,259,54,424,3,11/06/2026
INV005126,CP006,P0126,156,38,432,7,11/06/2026
INV005127,CP006,P0127,275,45,441,14,11/06/2026
INV005128,CP006,P0128,295,72,561,10,11/06/2026
INV005129,CP006,P0129,493,54,538,3,11/06/2026
INV005130,CP006,P0130,83,64,396,7,11/06/2026
INV005131,CP006,P0131,293,54,535,3,11/06/2026
INV005132,CP006,P0132,267,74,569,14,11/06/2026
INV005133,CP006,P0133,302,67,479,7,11/06/2026
INV005134,CP006,P0134,133,69,424,7,11/06/2026
INV005135,CP006,P0135,333,54,536,7,11/06/2026
INV005136,CP006,P0136,44,12,81,7,11/06/2026
INV005137,CP006,P0137,125,56,257,10,11/06/2026
INV005138,CP006,P0138,17,15,137,5,11/06/2026
INV005139,CP006,P0139,103,55,339,5,11/06/2026
INV005140,CP006,P0140,76,61,352,3,11/06/2026
INV005141,CP006,P0141,56,49,251,5,11/06/2026
INV005142,CP006,P0142,318,78,486,10,11/06/2026
INV005143,CP006,P0143,18,18,93,10,11/06/2026
INV005144,CP006,P0144,103,52,323,10,11/06/2026
INV005145,CP006,P0145,179,47,494,10,11/06/2026
INV005146,CP006,P0146,144,99,670,7,11/06/2026
INV005147,CP006,P0147,533,96,732,3,11/06/2026
INV005148,CP006,P0148,524,118,665,7,11/06/2026
INV005149,CP006,P0149,178,44,437,5,11/06/2026
INV005150,CP006,P0150,142,56,447,7,11/06/2026
INV005151,CP006,P0151,39,31,173,5,11/06/2026
INV005152,CP006,P0152,94,49,246,14,11/06/2026
INV005153,CP006,P0153,309,131,861,3,11/06/2026
INV005154,CP006,P0154,269,63,299,5,11/06/2026
INV005155,CP006,P0155,72,56,486,3,11/06/2026
INV005156,CP006,P0156,242,65,436,3,11/06/2026
INV005157,CP006,P0157,44,38,221,5,11/06/2026
INV005158,CP006,P0158,54,16,115,14,11/06/2026
INV005159,CP006,P0159,192,61,428,14,11/06/2026
INV005160,CP006,P0160,253,74,491,7,11/06/2026
INV005161,CP006,P0161,22,5,30,7,11/06/2026
INV005162,CP006,P0162,59,69,302,10,11/06/2026
INV005163,CP006,P0163,210,50,480,7,11/06/2026
INV005164,CP006,P0164,373,98,564,14,11/06/2026
INV005165,CP006,P0165,97,76,374,3,11/06/2026
INV005166,CP006,P0166,417,159,698,3,11/06/2026
INV005167,CP006,P0167,147,45,358,7,11/06/2026
INV005168,CP006,P0168,299,68,383,14,11/06/2026
INV005169,CP006,P0169,73,13,82,3,11/06/2026
INV005170,CP006,P0170,90,60,665,7,11/06/2026
INV005171,CP006,P0171,423,106,704,7,11/06/2026
INV005172,CP006,P0172,432,60,471,10,11/06/2026
INV005173,CP006,P0173,753,140,1217,5,11/06/2026
INV005174,CP006,P0174,68,47,468,5,11/06/2026
INV005175,CP006,P0175,219,36,244,5,11/06/2026
INV005176,CP006,P0176,33,15,158,5,11/06/2026
INV005177,CP006,P0177,43,47,347,7,11/06/2026
INV005178,CP006,P0178,151,70,532,3,11/06/2026
INV005179,CP006,P0179,77,42,263,7,11/06/2026
INV005180,CP006,P0180,106,47,290,3,11/06/2026
INV005181,CP006,P0181,27,11,109,3,11/06/2026
INV005182,CP006,P0182,30,9,75,14,11/06/2026
INV005183,CP006,P0183,120,29,151,7,11/06/2026
INV005184,CP006,P0184,213,47,300,14,11/06/2026
INV005185,CP006,P0185,554,73,713,5,11/06/2026
INV005186,CP006,P0186,276,84,411,10,11/06/2026
INV005187,CP006,P0187,661,170,1350,3,11/06/2026
INV005188,CP006,P0188,286,66,519,3,11/06/2026
INV005189,CP006,P0189,29,19,142,7,11/06/2026
INV005190,CP006,P0190,394,53,431,3,11/06/2026
INV005191,CP006,P0191,61,45,370,5,11/06/2026
INV005192,CP006,P0192,1093,182,1640,3,11/06/2026
INV005193,CP006,P0193,183,77,481,7,11/06/2026
INV005194,CP006,P0194,175,34,247,7,11/06/2026
INV005195,CP006,P0195,59,62,363,10,11/06/2026
INV005196,CP006,P0196,411,91,885,10,11/06/2026
INV005197,CP006,P0197,310,56,348,10,11/06/2026
INV005198,CP006,P0198,125,65,616,3,11/06/2026
INV005199,CP006,P0199,614,101,860,10,11/06/2026
INV005200,CP006,P0200,98,39,277,10,11/06/2026
INV005201,CP006,P0201,91,38,223,7,11/06/2026
INV005202,CP006,P0202,155,73,599,14,11/06/2026
INV005203,CP006,P0203,354,91,556,14,11/06/2026
INV005204,CP006,P0204,436,132,1193,5,11/06/2026
INV005205,CP006,P0205,313,75,385,5,11/06/2026
INV005206,CP006,P0206,72,47,314,7,11/06/2026
INV005207,CP006,P0207,394,119,1068,14,11/06/2026
INV005208,CP006,P0208,208,48,294,7,11/06/2026
INV005209,CP006,P0209,197,60,376,3,11/06/2026
INV005210,CP006,P0210,332,78,408,7,11/06/2026
INV005211,CP006,P0211,128,39,296,5,11/06/2026
INV005212,CP006,P0212,74,53,435,14,11/06/2026
INV005213,CP006,P0213,105,37,201,10,11/06/2026
INV005214,CP006,P0214,349,64,551,7,11/06/2026
INV005215,CP006,P0215,224,86,508,14,11/06/2026
INV005216,CP006,P0216,331,65,405,7,11/06/2026
INV005217,CP006,P0217,356,74,582,3,11/06/2026
INV005218,CP006,P0218,127,16,183,10,11/06/2026
INV005219,CP006,P0219,197,59,352,14,11/06/2026
INV005220,CP006,P0220,78,12,131,14,11/06/2026
INV005221,CP006,P0221,171,43,347,5,11/06/2026
INV005222,CP006,P0222,221,61,357,5,11/06/2026
INV005223,CP006,P0223,232,42,402,5,11/06/2026
INV005224,CP006,P0224,155,39,261,7,11/06/2026
INV005225,CP006,P0225,376,85,585,14,11/06/2026
INV005226,CP006,P0226,10,5,32,5,11/06/2026
INV005227,CP006,P0227,25,16,106,3,11/06/2026
INV005228,CP006,P0228,12,13,88,3,11/06/2026
INV005229,CP006,P0229,103,18,161,5,11/06/2026
INV005230,CP006,P0230,121,110,519,10,11/06/2026
INV005231,CP006,P0231,59,20,120,14,11/06/2026
INV005232,CP006,P0232,16,5,30,10,11/06/2026
INV005233,CP006,P0233,256,71,498,10,11/06/2026
INV005234,CP006,P0234,91,43,258,7,11/06/2026
INV005235,CP006,P0235,113,76,599,14,11/06/2026
INV005236,CP006,P0236,134,36,346,5,11/06/2026
INV005237,CP006,P0237,73,31,335,14,11/06/2026
INV005238,CP006,P0238,215,58,361,3,11/06/2026
INV005239,CP006,P0239,349,54,476,7,11/06/2026
INV005240,CP006,P0240,138,37,234,10,11/06/2026
INV005241,CP006,P0241,48,13,80,7,11/06/2026
INV005242,CP006,P0242,257,35,332,5,11/06/2026
INV005243,CP006,P0243,238,40,290,10,11/06/2026
INV005244,CP006,P0244,24,5,30,7,11/06/2026
INV005245,CP006,P0245,240,54,295,3,11/06/2026
INV005246,CP006,P0246,226,50,341,5,11/06/2026
INV005247,CP006,P0247,565,99,811,7,11/06/2026
INV005248,CP006,P0248,105,17,160,14,11/06/2026
INV005249,CP006,P0249,55,35,209,3,11/06/2026
INV005250,CP006,P0250,77,18,103,3,11/06/2026
INV005251,CP006,P0251,185,48,409,10,11/06/2026
INV005252,CP006,P0252,430,109,702,7,11/06/2026
INV005253,CP006,P0253,174,54,299,10,11/06/2026
INV005254,CP006,P0254,15,5,30,5,11/06/2026
INV005255,CP006,P0255,299,55,555,7,11/06/2026
INV005256,CP006,P0256,17,5,30,7,11/06/2026
INV005257,CP006,P0257,123,24,147,3,11/06/2026
INV005258,CP006,P0258,206,81,530,5,11/06/2026
INV005259,CP006,P0259,30,14,97,3,11/06/2026
INV005260,CP006,P0260,776,109,1008,14,11/06/2026
INV005261,CP006,P0261,289,77,552,14,11/06/2026
INV005262,CP006,P0262,103,54,362,5,11/06/2026
INV005263,CP006,P0263,122,113,591,10,11/06/2026
INV005264,CP006,P0264,196,77,687,10,11/06/2026
INV005265,CP006,P0265,210,39,412,7,11/06/2026
INV005266,CP006,P0266,6,5,30,14,11/06/2026
INV005267,CP006,P0267,24,16,164,14,11/06/2026
INV005268,CP006,P0268,65,51,272,7,11/06/2026
INV005269,CP006,P0269,129,37,229,3,11/06/2026
INV005270,CP006,P0270,211,114,1010,10,11/06/2026
INV005271,CP006,P0271,171,39,280,5,11/06/2026
INV005272,CP006,P0272,134,75,380,7,11/06/2026
INV005273,CP006,P0273,106,46,291,3,11/06/2026
INV005274,CP006,P0274,155,64,582,14,11/06/2026
INV005275,CP006,P0275,320,74,389,10,11/06/2026
INV005276,CP006,P0276,9,5,30,7,11/06/2026
INV005277,CP006,P0277,441,157,856,5,11/06/2026
INV005278,CP006,P0278,230,54,266,14,11/06/2026
INV005279,CP006,P0279,301,97,774,5,11/06/2026
INV005280,CP006,P0280,50,21,118,14,11/06/2026
INV005281,CP006,P0281,95,43,270,3,11/06/2026
INV005282,CP006,P0282,268,52,400,3,11/06/2026
INV005283,CP006,P0283,117,28,231,10,11/06/2026
INV005284,CP006,P0284,197,45,334,5,11/06/2026
INV005285,CP006,P0285,193,48,345,5,11/06/2026
INV005286,CP006,P0286,213,126,959,14,11/06/2026
INV005287,CP006,P0287,96,109,659,10,11/06/2026
INV005288,CP006,P0288,208,100,787,10,11/06/2026
INV005289,CP006,P0289,363,107,1012,3,11/06/2026
INV005290,CP006,P0290,99,74,555,3,11/06/2026
INV005291,CP006,P0291,170,109,589,14,11/06/2026
INV005292,CP006,P0292,223,44,278,3,11/06/2026
INV005293,CP006,P0293,216,128,721,3,11/06/2026
INV005294,CP006,P0294,134,108,597,5,11/06/2026
INV005295,CP006,P0295,106,29,226,14,11/06/2026
INV005296,CP006,P0296,399,67,605,10,11/06/2026
INV005297,CP006,P0297,155,25,226,5,11/06/2026
INV005298,CP006,P0298,67,29,281,7,11/06/2026
INV005299,CP006,P0299,27,22,167,3,11/06/2026
INV005300,CP006,P0300,138,20,221,3,11/06/2026
INV005301,CP006,P0301,379,115,799,7,11/06/2026
INV005302,CP006,P0302,334,54,630,3,11/06/2026
INV005303,CP006,P0303,240,53,354,7,11/06/2026
INV005304,CP006,P0304,231,94,946,3,11/06/2026
INV005305,CP006,P0305,31,13,82,3,11/06/2026
INV005306,CP006,P0306,66,21,145,10,11/06/2026
INV005307,CP006,P0307,9,5,30,10,11/06/2026
INV005308,CP006,P0308,394,99,939,14,11/06/2026
INV005309,CP006,P0309,81,38,441,3,11/06/2026
INV005310,CP006,P0310,75,60,384,5,11/06/2026
INV005311,CP006,P0311,162,60,385,3,11/06/2026
INV005312,CP006,P0312,218,50,485,3,11/06/2026
INV005313,CP006,P0313,10,5,31,7,11/06/2026
INV005314,CP006,P0314,946,189,1381,5,11/06/2026
INV005315,CP006,P0315,316,39,403,10,11/06/2026
INV005316,CP006,P0316,48,53,536,5,11/06/2026
INV005317,CP006,P0317,404,126,936,5,11/06/2026
INV005318,CP006,P0318,73,15,100,3,11/06/2026
INV005319,CP006,P0319,72,67,393,5,11/06/2026
INV005320,CP006,P0320,598,113,723,3,11/06/2026
INV005321,CP006,P0321,263,41,380,10,11/06/2026
INV005322,CP006,P0322,259,93,768,7,11/06/2026
INV005323,CP006,P0323,258,58,523,3,11/06/2026
INV005324,CP006,P0324,257,114,675,14,11/06/2026
INV005325,CP006,P0325,119,87,491,3,11/06/2026
INV005326,CP006,P0326,229,51,429,7,11/06/2026
INV005327,CP006,P0327,230,68,530,10,11/06/2026
INV005328,CP006,P0328,138,42,306,5,11/06/2026
INV005329,CP006,P0329,141,38,221,10,11/06/2026
INV005330,CP006,P0330,16,5,30,10,11/06/2026
INV005331,CP006,P0331,181,44,468,14,11/06/2026
INV005332,CP006,P0332,96,67,445,14,11/06/2026
INV005333,CP006,P0333,692,125,804,14,11/06/2026
INV005334,CP006,P0334,17,5,30,3,11/06/2026
INV005335,CP006,P0335,153,47,283,3,11/06/2026
INV005336,CP006,P0336,51,15,126,3,11/06/2026
INV005337,CP006,P0337,708,95,870,3,11/06/2026
INV005338,CP006,P0338,159,54,372,7,11/06/2026
INV005339,CP006,P0339,645,110,1278,14,11/06/2026
INV005340,CP006,P0340,275,36,332,7,11/06/2026
INV005341,CP006,P0341,118,51,394,7,11/06/2026
INV005342,CP006,P0342,161,170,1133,7,11/06/2026
INV005343,CP006,P0343,278,60,425,10,11/06/2026
INV005344,CP006,P0344,344,78,455,14,11/06/2026
INV005345,CP006,P0345,156,48,456,10,11/06/2026
INV005346,CP006,P0346,94,91,784,3,11/06/2026
INV005347,CP006,P0347,228,49,405,14,11/06/2026
INV005348,CP006,P0348,92,61,306,5,11/06/2026
INV005349,CP006,P0349,361,39,406,7,11/06/2026
INV005350,CP006,P0350,73,12,88,14,11/06/2026
INV005351,CP006,P0351,188,33,339,3,11/06/2026
INV005352,CP006,P0352,665,125,1058,7,11/06/2026
INV005353,CP006,P0353,83,47,346,14,11/06/2026
INV005354,CP006,P0354,73,55,405,7,11/06/2026
INV005355,CP006,P0355,388,100,628,14,11/06/2026
INV005356,CP006,P0356,423,102,651,5,11/06/2026
INV005357,CP006,P0357,58,30,326,5,11/06/2026
INV005358,CP006,P0358,351,46,547,3,11/06/2026
INV005359,CP006,P0359,372,45,421,14,11/06/2026
INV005360,CP006,P0360,290,112,580,3,11/06/2026
INV005361,CP006,P0361,84,28,239,3,11/06/2026
INV005362,CP006,P0362,22,5,40,10,11/06/2026
INV005363,CP006,P0363,330,72,635,7,11/06/2026
INV005364,CP006,P0364,43,47,420,10,11/06/2026
INV005365,CP006,P0365,341,53,472,14,11/06/2026
INV005366,CP006,P0366,71,33,308,3,11/06/2026
INV005367,CP006,P0367,295,52,345,14,11/06/2026
INV005368,CP006,P0368,108,118,1165,5,11/06/2026
INV005369,CP006,P0369,43,29,212,10,11/06/2026
INV005370,CP006,P0370,137,30,263,10,11/06/2026
INV005371,CP006,P0371,81,40,426,5,11/06/2026
INV005372,CP006,P0372,167,63,578,5,11/06/2026
INV005373,CP006,P0373,347,65,474,10,11/06/2026
INV005374,CP006,P0374,50,19,117,10,11/06/2026
INV005375,CP006,P0375,521,106,675,10,11/06/2026
INV005376,CP006,P0376,405,48,477,10,11/06/2026
INV005377,CP006,P0377,431,62,467,5,11/06/2026
INV005378,CP006,P0378,62,39,420,5,11/06/2026
INV005379,CP006,P0379,516,68,675,3,11/06/2026
INV005380,CP006,P0380,20,5,30,14,11/06/2026
INV005381,CP006,P0381,272,75,569,14,11/06/2026
INV005382,CP006,P0382,196,34,282,7,11/06/2026
INV005383,CP006,P0383,141,79,413,14,11/06/2026
INV005384,CP006,P0384,142,58,346,3,11/06/2026
INV005385,CP006,P0385,351,96,516,14,11/06/2026
INV005386,CP006,P0386,169,73,429,7,11/06/2026
INV005387,CP006,P0387,270,66,424,3,11/06/2026
INV005388,CP006,P0388,141,53,356,14,11/06/2026
INV005389,CP006,P0389,297,62,467,3,11/06/2026
INV005390,CP006,P0390,556,100,791,7,11/06/2026
INV005391,CP006,P0391,284,45,321,3,11/06/2026
INV005392,CP006,P0392,267,84,503,3,11/06/2026
INV005393,CP006,P0393,225,82,832,10,11/06/2026
INV005394,CP006,P0394,61,31,236,5,11/06/2026
INV005395,CP006,P0395,12,5,33,5,11/06/2026
INV005396,CP006,P0396,148,50,425,10,11/06/2026
INV005397,CP006,P0397,108,42,311,5,11/06/2026
INV005398,CP006,P0398,113,38,217,10,11/06/2026
INV005399,CP006,P0399,74,41,423,14,11/06/2026
INV005400,CP006,P0400,319,64,496,14,11/06/2026
INV005401,CP006,P0401,78,41,295,14,11/06/2026
INV005402,CP006,P0402,181,72,351,5,11/06/2026
INV005403,CP006,P0403,203,114,706,5,11/06/2026
INV005404,CP006,P0404,72,56,404,14,11/06/2026
INV005405,CP006,P0405,518,108,978,10,11/06/2026
INV005406,CP006,P0406,112,37,301,10,11/06/2026
INV005407,CP006,P0407,856,225,1683,5,11/06/2026
INV005408,CP006,P0408,297,62,424,3,11/06/2026
INV005409,CP006,P0409,210,49,319,10,11/06/2026
INV005410,CP006,P0410,44,17,129,5,11/06/2026
INV005411,CP006,P0411,503,70,528,7,11/06/2026
INV005412,CP006,P0412,120,74,327,5,11/06/2026
INV005413,CP006,P0413,23,16,142,14,11/06/2026
INV005414,CP006,P0414,32,16,78,7,11/06/2026
INV005415,CP006,P0415,90,35,378,10,11/06/2026
INV005416,CP006,P0416,129,43,223,14,11/06/2026
INV005417,CP006,P0417,58,36,205,7,11/06/2026
INV005418,CP006,P0418,456,143,703,14,11/06/2026
INV005419,CP006,P0419,221,64,414,10,11/06/2026
INV005420,CP006,P0420,92,36,281,7,11/06/2026
INV005421,CP006,P0421,161,64,412,10,11/06/2026
INV005422,CP006,P0422,89,30,195,3,11/06/2026
INV005423,CP006,P0423,394,80,669,10,11/06/2026
INV005424,CP006,P0424,65,17,187,3,11/06/2026
INV005425,CP006,P0425,75,47,247,14,11/06/2026
INV005426,CP006,P0426,376,115,880,10,11/06/2026
INV005427,CP006,P0427,172,49,374,5,11/06/2026
INV005428,CP006,P0428,467,70,547,14,11/06/2026
INV005429,CP006,P0429,105,44,437,5,11/06/2026
INV005430,CP006,P0430,226,47,307,10,11/06/2026
INV005431,CP006,P0431,21,5,37,14,11/06/2026
INV005432,CP006,P0432,116,64,418,7,11/06/2026
INV005433,CP006,P0433,186,33,289,3,11/06/2026
INV005434,CP006,P0434,650,173,1253,14,11/06/2026
INV005435,CP006,P0435,686,93,732,10,11/06/2026
INV005436,CP006,P0436,25,23,189,14,11/06/2026
INV005437,CP006,P0437,32,30,342,5,11/06/2026
INV005438,CP006,P0438,356,63,470,5,11/06/2026
INV005439,CP006,P0439,209,81,491,14,11/06/2026
INV005440,CP006,P0440,81,76,481,3,11/06/2026
INV005441,CP006,P0441,174,127,624,3,11/06/2026
INV005442,CP006,P0442,141,52,461,7,11/06/2026
INV005443,CP006,P0443,38,34,246,14,11/06/2026
INV005444,CP006,P0444,318,48,554,7,11/06/2026
INV005445,CP006,P0445,134,54,251,5,11/06/2026
INV005446,CP006,P0446,37,5,41,5,11/06/2026
INV005447,CP006,P0447,187,53,390,7,11/06/2026
INV005448,CP006,P0448,311,58,643,14,11/06/2026
INV005449,CP006,P0449,249,62,328,3,11/06/2026
INV005450,CP006,P0450,322,51,490,14,11/06/2026
INV005451,CP006,P0451,525,159,1055,14,11/06/2026
INV005452,CP006,P0452,421,90,595,14,11/06/2026
INV005453,CP006,P0453,129,38,309,10,11/06/2026
INV005454,CP006,P0454,116,40,437,5,11/06/2026
INV005455,CP006,P0455,789,142,1335,7,11/06/2026
INV005456,CP006,P0456,77,14,117,3,11/06/2026
INV005457,CP006,P0457,35,11,79,5,11/06/2026
INV005458,CP006,P0458,328,74,498,10,11/06/2026
INV005459,CP006,P0459,94,19,189,14,11/06/2026
INV005460,CP006,P0460,306,119,756,14,11/06/2026
INV005461,CP006,P0461,406,44,459,5,11/06/2026
INV005462,CP006,P0462,171,125,664,14,11/06/2026
INV005463,CP006,P0463,239,102,548,3,11/06/2026
INV005464,CP006,P0464,154,66,356,14,11/06/2026
INV005465,CP006,P0465,84,42,382,3,11/06/2026
INV005466,CP006,P0466,24,5,30,7,11/06/2026
INV005467,CP006,P0467,131,41,485,7,11/06/2026
INV005468,CP006,P0468,187,52,422,10,11/06/2026
INV005469,CP006,P0469,37,12,93,3,11/06/2026
INV005470,CP006,P0470,217,117,847,10,11/06/2026
INV005471,CP006,P0471,524,92,622,7,11/06/2026
INV005472,CP006,P0472,102,43,430,14,11/06/2026
INV005473,CP006,P0473,168,45,308,5,11/06/2026
INV005474,CP006,P0474,69,41,251,7,11/06/2026
INV005475,CP006,P0475,75,14,133,10,11/06/2026
INV005476,CP006,P0476,113,49,271,7,11/06/2026
INV005477,CP006,P0477,219,140,1052,7,11/06/2026
INV005478,CP006,P0478,0,56,366,3,11/06/2026
INV005479,CP006,P0479,156,82,608,5,11/06/2026
INV005480,CP006,P0480,151,41,254,10,11/06/2026
INV005481,CP006,P0481,260,94,590,10,11/06/2026
INV005482,CP006,P0482,556,149,801,14,11/06/2026
INV005483,CP006,P0483,85,54,378,5,11/06/2026
INV005484,CP006,P0484,169,58,340,10,11/06/2026
INV005485,CP006,P0485,444,103,827,5,11/06/2026
INV005486,CP006,P0486,101,49,281,5,11/06/2026
INV005487,CP006,P0487,328,59,371,14,11/06/2026
INV005488,CP006,P0488,168,90,766,5,11/06/2026
INV005489,CP006,P0489,36,43,230,7,11/06/2026
INV005490,CP006,P0490,59,12,80,5,11/06/2026
INV005491,CP006,P0491,29,31,219,10,11/06/2026
INV005492,CP006,P0492,58,37,316,10,11/06/2026
INV005493,CP006,P0493,33,49,400,10,11/06/2026
INV005494,CP006,P0494,538,58,612,3,11/06/2026
INV005495,CP006,P0495,369,45,426,10,11/06/2026
INV005496,CP006,P0496,60,63,510,14,11/06/2026
INV005497,CP006,P0497,40,41,341,3,11/06/2026
INV005498,CP006,P0498,95,23,151,5,11/06/2026
INV005499,CP006,P0499,112,41,304,7,11/06/2026
INV005500,CP006,P0500,73,21,186,14,11/06/2026
INV005501,CP006,P0501,5,5,30,5,11/06/2026
INV005502,CP006,P0502,160,52,469,7,11/06/2026
INV005503,CP006,P0503,444,91,851,10,11/06/2026
INV005504,CP006,P0504,315,86,878,3,11/06/2026
INV005505,CP006,P0505,203,61,470,10,11/06/2026
INV005506,CP006,P0506,121,45,298,10,11/06/2026
INV005507,CP006,P0507,274,74,592,3,11/06/2026
INV005508,CP006,P0508,605,112,1153,7,11/06/2026
INV005509,CP006,P0509,80,72,436,5,11/06/2026
INV005510,CP006,P0510,20,13,132,10,11/06/2026
INV005511,CP006,P0511,372,75,411,10,11/06/2026
INV005512,CP006,P0512,124,48,309,7,11/06/2026
INV005513,CP006,P0513,94,15,147,5,11/06/2026
INV005514,CP006,P0514,219,72,564,14,11/06/2026
INV005515,CP006,P0515,225,26,257,5,11/06/2026
INV005516,CP006,P0516,72,50,267,14,11/06/2026
INV005517,CP006,P0517,160,31,224,10,11/06/2026
INV005518,CP006,P0518,76,59,396,14,11/06/2026
INV005519,CP006,P0519,86,110,1081,5,11/06/2026
INV005520,CP006,P0520,129,52,512,14,11/06/2026
INV005521,CP006,P0521,41,35,205,10,11/06/2026
INV005522,CP006,P0522,115,46,356,5,11/06/2026
INV005523,CP006,P0523,129,14,141,3,11/06/2026
INV005524,CP006,P0524,176,55,346,5,11/06/2026
INV005525,CP006,P0525,430,86,912,14,11/06/2026
INV005526,CP006,P0526,324,71,480,7,11/06/2026
INV005527,CP006,P0527,69,36,331,7,11/06/2026
INV005528,CP006,P0528,55,13,114,10,11/06/2026
INV005529,CP006,P0529,203,53,476,5,11/06/2026
INV005530,CP006,P0530,185,54,437,10,11/06/2026
INV005531,CP006,P0531,329,64,499,10,11/06/2026
INV005532,CP006,P0532,234,93,784,14,11/06/2026
INV005533,CP006,P0533,300,58,544,3,11/06/2026
INV005534,CP006,P0534,145,40,284,5,11/06/2026
INV005535,CP006,P0535,134,26,235,5,11/06/2026
INV005536,CP006,P0536,166,52,372,5,11/06/2026
INV005537,CP006,P0537,14,5,30,5,11/06/2026
INV005538,CP006,P0538,37,23,139,10,11/06/2026
INV005539,CP006,P0539,771,153,956,3,11/06/2026
INV005540,CP006,P0540,15,5,30,14,11/06/2026
INV005541,CP006,P0541,256,61,428,3,11/06/2026
INV005542,CP006,P0542,61,12,127,5,11/06/2026
INV005543,CP006,P0543,79,40,296,5,11/06/2026
INV005544,CP006,P0544,39,43,283,5,11/06/2026
INV005545,CP006,P0545,99,73,407,10,11/06/2026
INV005546,CP006,P0546,122,97,919,7,11/06/2026
INV005547,CP006,P0547,60,10,89,14,11/06/2026
INV005548,CP006,P0548,88,35,411,7,11/06/2026
INV005549,CP006,P0549,325,95,796,7,11/06/2026
INV005550,CP006,P0550,238,62,558,14,11/06/2026
INV005551,CP006,P0551,116,48,335,3,11/06/2026
INV005552,CP006,P0552,122,70,467,7,11/06/2026
INV005553,CP006,P0553,194,57,354,14,11/06/2026
INV005554,CP006,P0554,292,48,365,14,11/06/2026
INV005555,CP006,P0555,132,55,387,14,11/06/2026
INV005556,CP006,P0556,239,28,278,14,11/06/2026
INV005557,CP006,P0557,4,5,30,5,11/06/2026
INV005558,CP006,P0558,712,159,1313,10,11/06/2026
INV005559,CP006,P0559,8,16,123,14,11/06/2026
INV005560,CP006,P0560,76,21,217,5,11/06/2026
INV005561,CP006,P0561,44,29,246,10,11/06/2026
INV005562,CP006,P0562,153,62,410,7,11/06/2026
INV005563,CP006,P0563,78,76,576,5,11/06/2026
INV005564,CP006,P0564,331,77,476,3,11/06/2026
INV005565,CP006,P0565,225,108,1081,7,11/06/2026
INV005566,CP006,P0566,104,28,298,10,11/06/2026
INV005567,CP006,P0567,375,109,843,10,11/06/2026
INV005568,CP006,P0568,131,45,249,14,11/06/2026
INV005569,CP006,P0569,60,37,335,10,11/06/2026
INV005570,CP006,P0570,45,30,170,3,11/06/2026
INV005571,CP006,P0571,159,54,444,7,11/06/2026
INV005572,CP006,P0572,102,49,472,3,11/06/2026
INV005573,CP006,P0573,88,52,286,5,11/06/2026
INV005574,CP006,P0574,176,57,429,5,11/06/2026
INV005575,CP006,P0575,190,31,228,14,11/06/2026
INV005576,CP006,P0576,106,47,290,3,11/06/2026
INV005577,CP006,P0577,192,60,431,14,11/06/2026
INV005578,CP006,P0578,280,56,368,10,11/06/2026
INV005579,CP006,P0579,22,5,30,14,11/06/2026
INV005580,CP006,P0580,224,90,672,10,11/06/2026
INV005581,CP006,P0581,47,49,459,7,11/06/2026
INV005582,CP006,P0582,230,46,249,3,11/06/2026
INV005583,CP006,P0583,232,56,343,10,11/06/2026
INV005584,CP006,P0584,311,64,519,7,11/06/2026
INV005585,CP006,P0585,403,86,567,7,11/06/2026
INV005586,CP006,P0586,135,40,262,7,11/06/2026
INV005587,CP006,P0587,69,49,391,7,11/06/2026
INV005588,CP006,P0588,93,27,259,7,11/06/2026
INV005589,CP006,P0589,26,5,30,5,11/06/2026
INV005590,CP006,P0590,267,100,991,14,11/06/2026
INV005591,CP006,P0591,335,77,500,7,11/06/2026
INV005592,CP006,P0592,306,56,417,14,11/06/2026
INV005593,CP006,P0593,417,100,624,3,11/06/2026
INV005594,CP006,P0594,203,40,398,14,11/06/2026
INV005595,CP006,P0595,174,61,524,10,11/06/2026
INV005596,CP006,P0596,147,149,1146,10,11/06/2026
INV005597,CP006,P0597,99,16,141,10,11/06/2026
INV005598,CP006,P0598,187,133,688,14,11/06/2026
INV005599,CP006,P0599,272,90,956,3,11/06/2026
INV005600,CP006,P0600,553,63,632,10,11/06/2026
INV005601,CP006,P0601,93,46,276,14,11/06/2026
INV005602,CP006,P0602,80,46,378,14,11/06/2026
INV005603,CP006,P0603,256,57,358,7,11/06/2026
INV005604,CP006,P0604,8,5,30,5,11/06/2026
INV005605,CP006,P0605,721,126,790,5,11/06/2026
INV005606,CP006,P0606,517,124,876,5,11/06/2026
INV005607,CP006,P0607,76,34,230,3,11/06/2026
INV005608,CP006,P0608,32,5,39,10,11/06/2026
INV005609,CP006,P0609,554,129,1127,7,11/06/2026
INV005610,CP006,P0610,92,65,507,7,11/06/2026
INV005611,CP006,P0611,38,32,221,10,11/06/2026
INV005612,CP006,P0612,559,120,1295,3,11/06/2026
INV005613,CP006,P0613,271,51,389,14,11/06/2026
INV005614,CP006,P0614,81,53,301,3,11/06/2026
INV005615,CP006,P0615,134,100,814,14,11/06/2026
INV005616,CP006,P0616,132,42,320,7,11/06/2026
INV005617,CP006,P0617,66,64,300,14,11/06/2026
INV005618,CP006,P0618,91,39,332,5,11/06/2026
INV005619,CP006,P0619,50,51,362,10,11/06/2026
INV005620,CP006,P0620,112,41,243,7,11/06/2026
INV005621,CP006,P0621,482,123,850,5,11/06/2026
INV005622,CP006,P0622,249,54,394,7,11/06/2026
INV005623,CP006,P0623,353,82,403,5,11/06/2026
INV005624,CP006,P0624,23,5,32,10,11/06/2026
INV005625,CP006,P0625,355,108,1050,3,11/06/2026
INV005626,CP006,P0626,281,60,622,14,11/06/2026
INV005627,CP006,P0627,59,16,84,14,11/06/2026
INV005628,CP006,P0628,64,9,86,5,11/06/2026
INV005629,CP006,P0629,247,58,315,5,11/06/2026
INV005630,CP006,P0630,300,161,1660,10,11/06/2026
INV005631,CP006,P0631,220,47,395,10,11/06/2026
INV005632,CP006,P0632,218,47,433,7,11/06/2026
INV005633,CP006,P0633,146,51,324,5,11/06/2026
INV005634,CP006,P0634,102,76,447,14,11/06/2026
INV005635,CP006,P0635,174,45,312,3,11/06/2026
INV005636,CP006,P0636,229,56,296,14,11/06/2026
INV005637,CP006,P0637,388,58,632,10,11/06/2026
INV005638,CP006,P0638,55,60,452,7,11/06/2026
INV005639,CP006,P0639,127,86,656,10,11/06/2026
INV005640,CP006,P0640,396,88,800,10,11/06/2026
INV005641,CP006,P0641,106,69,591,14,11/06/2026
INV005642,CP006,P0642,146,39,261,3,11/06/2026
INV005643,CP006,P0643,66,51,336,7,11/06/2026
INV005644,CP006,P0644,58,16,115,7,11/06/2026
INV005645,CP006,P0645,238,53,319,3,11/06/2026
INV005646,CP006,P0646,761,104,1081,3,11/06/2026
INV005647,CP006,P0647,190,114,735,3,11/06/2026
INV005648,CP006,P0648,153,62,397,7,11/06/2026
INV005649,CP006,P0649,140,55,379,5,11/06/2026
INV005650,CP006,P0650,56,18,103,14,11/06/2026
INV005651,CP006,P0651,239,71,618,5,11/06/2026
INV005652,CP006,P0652,71,64,353,10,11/06/2026
INV005653,CP006,P0653,292,61,555,3,11/06/2026
INV005654,CP006,P0654,101,35,212,3,11/06/2026
INV005655,CP006,P0655,113,60,547,7,11/06/2026
INV005656,CP006,P0656,40,10,48,7,11/06/2026
INV005657,CP006,P0657,41,39,197,3,11/06/2026
INV005658,CP006,P0658,71,15,85,14,11/06/2026
INV005659,CP006,P0659,43,15,87,10,11/06/2026
INV005660,CP006,P0660,208,50,238,3,11/06/2026
INV005661,CP006,P0661,53,10,93,7,11/06/2026
INV005662,CP006,P0662,170,45,403,5,11/06/2026
INV005663,CP006,P0663,226,70,614,5,11/06/2026
INV005664,CP006,P0664,94,29,233,3,11/06/2026
INV005665,CP006,P0665,231,66,452,14,11/06/2026
INV005666,CP006,P0666,35,42,425,10,11/06/2026
INV005667,CP006,P0667,536,72,624,5,11/06/2026
INV005668,CP006,P0668,156,47,368,10,11/06/2026
INV005669,CP006,P0669,76,67,485,10,11/06/2026
INV005670,CP006,P0670,216,43,303,3,11/06/2026
INV005671,CP006,P0671,296,111,894,10,11/06/2026
INV005672,CP006,P0672,183,48,309,7,11/06/2026
INV005673,CP006,P0673,305,55,375,5,11/06/2026
INV005674,CP006,P0674,159,101,693,5,11/06/2026
INV005675,CP006,P0675,159,25,255,5,11/06/2026
INV005676,CP006,P0676,307,45,353,5,11/06/2026
INV005677,CP006,P0677,108,29,236,3,11/06/2026
INV005678,CP006,P0678,5,5,30,14,11/06/2026
INV005679,CP006,P0679,444,133,865,14,11/06/2026
INV005680,CP006,P0680,165,139,791,3,11/06/2026
INV005681,CP006,P0681,290,68,403,5,11/06/2026
INV005682,CP006,P0682,132,41,204,7,11/06/2026
INV005683,CP006,P0683,334,154,1683,14,11/06/2026
INV005684,CP006,P0684,75,64,380,7,11/06/2026
INV005685,CP006,P0685,297,35,313,10,11/06/2026
INV005686,CP006,P0686,116,64,372,7,11/06/2026
INV005687,CP006,P0687,303,42,378,7,11/06/2026
INV005688,CP006,P0688,288,40,344,14,11/06/2026
INV005689,CP006,P0689,18,18,120,7,11/06/2026
INV005690,CP006,P0690,266,104,702,7,11/06/2026
INV005691,CP006,P0691,265,71,483,10,11/06/2026
INV005692,CP006,P0692,234,42,347,7,11/06/2026
INV005693,CP006,P0693,249,45,447,14,11/06/2026
INV005694,CP006,P0694,475,121,942,5,11/06/2026
INV005695,CP006,P0695,67,31,283,14,11/06/2026
INV005696,CP006,P0696,344,80,617,3,11/06/2026
INV005697,CP006,P0697,23,5,30,3,11/06/2026
INV005698,CP006,P0698,163,35,322,7,11/06/2026
INV005699,CP006,P0699,62,30,271,14,11/06/2026
INV005700,CP006,P0700,599,118,738,7,11/06/2026
INV005701,CP006,P0701,126,45,279,14,11/06/2026
INV005702,CP006,P0702,51,13,92,5,11/06/2026
INV005703,CP006,P0703,185,43,273,5,11/06/2026
INV005704,CP006,P0704,118,133,764,7,11/06/2026
INV005705,CP006,P0705,72,40,174,3,11/06/2026
INV005706,CP006,P0706,138,25,175,3,11/06/2026
INV005707,CP006,P0707,84,44,406,3,11/06/2026
INV005708,CP006,P0708,7,5,30,14,11/06/2026
INV005709,CP006,P0709,146,80,833,3,11/06/2026
INV005710,CP006,P0710,8,5,30,3,11/06/2026
INV005711,CP006,P0711,189,62,344,5,11/06/2026
INV005712,CP006,P0712,230,54,343,3,11/06/2026
INV005713,CP006,P0713,331,181,1426,5,11/06/2026
INV005714,CP006,P0714,119,52,360,7,11/06/2026
INV005715,CP006,P0715,144,55,325,3,11/06/2026
INV005716,CP006,P0716,138,38,229,7,11/06/2026
INV005717,CP006,P0717,133,36,405,14,11/06/2026
INV005718,CP006,P0718,220,68,432,14,11/06/2026
INV005719,CP006,P0719,8,5,30,14,11/06/2026
INV005720,CP006,P0720,28,14,105,7,11/06/2026
INV005721,CP006,P0721,278,47,375,14,11/06/2026
INV005722,CP006,P0722,95,34,240,5,11/06/2026
INV005723,CP006,P0723,35,9,57,14,11/06/2026
INV005724,CP006,P0724,167,41,271,10,11/06/2026
INV005725,CP006,P0725,287,129,921,5,11/06/2026
INV005726,CP006,P0726,178,96,494,10,11/06/2026
INV005727,CP006,P0727,411,167,1006,7,11/06/2026
INV005728,CP006,P0728,183,45,378,5,11/06/2026
INV005729,CP006,P0729,80,64,311,3,11/06/2026
INV005730,CP006,P0730,135,77,392,7,11/06/2026
INV005731,CP006,P0731,465,73,595,10,11/06/2026
INV005732,CP006,P0732,70,35,196,10,11/06/2026
INV005733,CP006,P0733,169,52,306,7,11/06/2026
INV005734,CP006,P0734,41,21,96,3,11/06/2026
INV005735,CP006,P0735,187,52,310,7,11/06/2026
INV005736,CP006,P0736,187,61,447,10,11/06/2026
INV005737,CP006,P0737,277,57,542,7,11/06/2026
INV005738,CP006,P0738,371,99,622,3,11/06/2026
INV005739,CP006,P0739,407,84,566,5,11/06/2026
INV005740,CP006,P0740,160,70,616,3,11/06/2026
INV005741,CP006,P0741,332,70,444,10,11/06/2026
INV005742,CP006,P0742,173,40,251,7,11/06/2026
INV005743,CP006,P0743,409,102,823,7,11/06/2026
INV005744,CP006,P0744,227,98,774,3,11/06/2026
INV005745,CP006,P0745,264,73,647,3,11/06/2026
INV005746,CP006,P0746,258,41,385,14,11/06/2026
INV005747,CP006,P0747,185,36,249,7,11/06/2026
INV005748,CP006,P0748,507,69,565,3,11/06/2026
INV005749,CP006,P0749,149,64,339,3,11/06/2026
INV005750,CP006,P0750,126,67,414,3,11/06/2026
INV005751,CP006,P0751,351,133,1243,3,11/06/2026
INV005752,CP006,P0752,154,53,433,3,11/06/2026
INV005753,CP006,P0753,147,35,277,5,11/06/2026
INV005754,CP006,P0754,51,16,97,3,11/06/2026
INV005755,CP006,P0755,233,44,445,14,11/06/2026
INV005756,CP006,P0756,435,116,600,14,11/06/2026
INV005757,CP006,P0757,34,11,95,3,11/06/2026
INV005758,CP006,P0758,978,143,1157,14,11/06/2026
INV005759,CP006,P0759,180,57,437,10,11/06/2026
INV005760,CP006,P0760,205,36,320,10,11/06/2026
INV005761,CP006,P0761,182,47,510,3,11/06/2026
INV005762,CP006,P0762,96,38,285,10,11/06/2026
INV005763,CP006,P0763,10,5,33,14,11/06/2026
INV005764,CP006,P0764,47,44,320,14,11/06/2026
INV005765,CP006,P0765,860,171,1036,5,11/06/2026
INV005766,CP006,P0766,16,5,30,14,11/06/2026
INV005767,CP006,P0767,245,53,379,3,11/06/2026
INV005768,CP006,P0768,748,127,1146,5,11/06/2026
INV005769,CP006,P0769,26,20,110,3,11/06/2026
INV005770,CP006,P0770,137,40,262,10,11/06/2026
INV005771,CP006,P0771,24,42,388,7,11/06/2026
INV005772,CP006,P0772,75,49,294,5,11/06/2026
INV005773,CP006,P0773,84,57,341,5,11/06/2026
INV005774,CP006,P0774,181,113,760,10,11/06/2026
INV005775,CP006,P0775,211,65,434,3,11/06/2026
INV005776,CP006,P0776,110,53,275,5,11/06/2026
INV005777,CP006,P0777,9,5,30,5,11/06/2026
INV005778,CP006,P0778,136,47,356,3,11/06/2026
INV005779,CP006,P0779,64,63,356,10,11/06/2026
INV005780,CP006,P0780,66,19,183,14,11/06/2026
INV005781,CP006,P0781,104,80,625,14,11/06/2026
INV005782,CP006,P0782,175,55,443,7,11/06/2026
INV005783,CP006,P0783,117,60,476,14,11/06/2026
INV005784,CP006,P0784,5,5,30,3,11/06/2026
INV005785,CP006,P0785,132,55,444,14,11/06/2026
INV005786,CP006,P0786,63,10,88,3,11/06/2026
INV005787,CP006,P0787,252,77,422,10,11/06/2026
INV005788,CP006,P0788,53,35,325,14,11/06/2026
INV005789,CP006,P0789,179,61,703,7,11/06/2026
INV005790,CP006,P0790,88,56,434,14,11/06/2026
INV005791,CP006,P0791,104,31,214,7,11/06/2026
INV005792,CP006,P0792,186,41,403,3,11/06/2026
INV005793,CP006,P0793,20,5,30,10,11/06/2026
INV005794,CP006,P0794,36,12,78,10,11/06/2026
INV005795,CP006,P0795,153,71,458,5,11/06/2026
INV005796,CP006,P0796,152,41,422,3,11/06/2026
INV005797,CP006,P0797,146,49,407,14,11/06/2026
INV005798,CP006,P0798,52,52,264,3,11/06/2026
INV005799,CP006,P0799,224,96,779,7,11/06/2026
INV005800,CP006,P0800,146,28,289,3,11/06/2026
INV005801,CP006,P0801,57,16,145,5,11/06/2026
INV005802,CP006,P0802,52,64,515,3,11/06/2026
INV005803,CP006,P0803,168,85,398,5,11/06/2026
INV005804,CP006,P0804,320,105,592,10,11/06/2026
INV005805,CP006,P0805,8,5,30,5,11/06/2026
INV005806,CP006,P0806,133,26,207,7,11/06/2026
INV005807,CP006,P0807,69,44,203,5,11/06/2026
INV005808,CP006,P0808,178,44,321,10,11/06/2026
INV005809,CP006,P0809,292,77,622,7,11/06/2026
INV005810,CP006,P0810,98,38,382,5,11/06/2026
INV005811,CP006,P0811,232,64,390,7,11/06/2026
INV005812,CP006,P0812,104,64,367,14,11/06/2026
INV005813,CP006,P0813,749,144,992,14,11/06/2026
INV005814,CP006,P0814,52,13,124,5,11/06/2026
INV005815,CP006,P0815,144,74,502,10,11/06/2026
INV005816,CP006,P0816,16,19,138,7,11/06/2026
INV005817,CP006,P0817,115,37,246,3,11/06/2026
INV005818,CP006,P0818,760,119,1324,14,11/06/2026
INV005819,CP006,P0819,274,83,813,5,11/06/2026
INV005820,CP006,P0820,135,29,198,7,11/06/2026
INV005821,CP006,P0821,94,38,382,10,11/06/2026
INV005822,CP006,P0822,162,37,435,14,11/06/2026
INV005823,CP006,P0823,86,84,606,5,11/06/2026
INV005824,CP006,P0824,297,79,462,10,11/06/2026
INV005825,CP006,P0825,100,54,396,3,11/06/2026
INV005826,CP006,P0826,339,37,382,7,11/06/2026
INV005827,CP006,P0827,189,32,287,7,11/06/2026
INV005828,CP006,P0828,383,98,722,7,11/06/2026
INV005829,CP006,P0829,289,60,388,5,11/06/2026
INV005830,CP006,P0830,55,42,376,3,11/06/2026
INV005831,CP006,P0831,209,50,416,7,11/06/2026
INV005832,CP006,P0832,208,67,662,10,11/06/2026
INV005833,CP006,P0833,262,63,456,5,11/06/2026
INV005834,CP006,P0834,78,15,110,7,11/06/2026
INV005835,CP006,P0835,58,53,303,7,11/06/2026
INV005836,CP006,P0836,569,98,1116,5,11/06/2026
INV005837,CP006,P0837,241,33,330,3,11/06/2026
INV005838,CP006,P0838,152,40,294,14,11/06/2026
INV005839,CP006,P0839,435,152,969,10,11/06/2026
INV005840,CP006,P0840,125,38,383,14,11/06/2026
INV005841,CP006,P0841,412,73,630,14,11/06/2026
INV005842,CP006,P0842,269,101,772,10,11/06/2026
INV005843,CP006,P0843,63,75,408,7,11/06/2026
INV005844,CP006,P0844,205,155,1074,10,11/06/2026
INV005845,CP006,P0845,208,68,519,14,11/06/2026
INV005846,CP006,P0846,62,21,123,3,11/06/2026
INV005847,CP006,P0847,31,31,284,7,11/06/2026
INV005848,CP006,P0848,201,62,373,10,11/06/2026
INV005849,CP006,P0849,125,109,667,10,11/06/2026
INV005850,CP006,P0850,264,41,477,14,11/06/2026
INV005851,CP006,P0851,70,36,301,5,11/06/2026
INV005852,CP006,P0852,6,5,30,10,11/06/2026
INV005853,CP006,P0853,295,52,345,3,11/06/2026
INV005854,CP006,P0854,55,60,336,10,11/06/2026
INV005855,CP006,P0855,412,144,1401,10,11/06/2026
INV005856,CP006,P0856,28,11,88,10,11/06/2026
INV005857,CP006,P0857,142,95,673,3,11/06/2026
INV005858,CP006,P0858,177,41,286,5,11/06/2026
INV005859,CP006,P0859,96,77,399,7,11/06/2026
INV005860,CP006,P0860,129,51,435,5,11/06/2026
INV005861,CP006,P0861,154,50,378,3,11/06/2026
INV005862,CP006,P0862,737,138,875,7,11/06/2026
INV005863,CP006,P0863,216,94,638,3,11/06/2026
INV005864,CP006,P0864,642,124,862,10,11/06/2026
INV005865,CP006,P0865,112,24,212,3,11/06/2026
INV005866,CP006,P0866,628,128,843,3,11/06/2026
INV005867,CP006,P0867,69,34,285,14,11/06/2026
INV005868,CP006,P0868,197,53,327,5,11/06/2026
INV005869,CP006,P0869,149,40,238,3,11/06/2026
INV005870,CP006,P0870,135,72,456,14,11/06/2026
INV005871,CP006,P0871,53,8,93,7,11/06/2026
INV005872,CP006,P0872,16,5,33,10,11/06/2026
INV005873,CP006,P0873,30,17,111,14,11/06/2026
INV005874,CP006,P0874,48,42,267,5,11/06/2026
INV005875,CP006,P0875,21,5,30,5,11/06/2026
INV005876,CP006,P0876,97,60,473,3,11/06/2026
INV005877,CP006,P0877,85,54,490,5,11/06/2026
INV005878,CP006,P0878,188,104,556,3,11/06/2026
INV005879,CP006,P0879,165,38,268,10,11/06/2026
INV005880,CP006,P0880,214,44,279,3,11/06/2026
INV005881,CP006,P0881,15,15,124,5,11/06/2026
INV005882,CP006,P0882,496,133,792,5,11/06/2026
INV005883,CP006,P0883,38,28,219,10,11/06/2026
INV005884,CP006,P0884,236,64,569,5,11/06/2026
INV005885,CP006,P0885,28,5,30,7,11/06/2026
INV005886,CP006,P0886,16,5,30,10,11/06/2026
INV005887,CP006,P0887,69,26,290,14,11/06/2026
INV005888,CP006,P0888,921,163,1421,3,11/06/2026
INV005889,CP006,P0889,23,5,30,3,11/06/2026
INV005890,CP006,P0890,108,48,268,7,11/06/2026
INV005891,CP006,P0891,130,43,353,14,11/06/2026
INV005892,CP006,P0892,437,99,512,7,11/06/2026
INV005893,CP006,P0893,239,84,614,3,11/06/2026
INV005894,CP006,P0894,588,89,1000,7,11/06/2026
INV005895,CP006,P0895,371,54,525,10,11/06/2026
INV005896,CP006,P0896,299,46,309,10,11/06/2026
INV005897,CP006,P0897,14,5,30,7,11/06/2026
INV005898,CP006,P0898,418,96,695,3,11/06/2026
INV005899,CP006,P0899,120,57,386,10,11/06/2026
INV005900,CP006,P0900,225,63,368,3,11/06/2026
INV005901,CP006,P0901,108,51,306,5,11/06/2026
INV005902,CP006,P0902,624,127,1342,5,11/06/2026
INV005903,CP006,P0903,249,40,361,5,11/06/2026
INV005904,CP006,P0904,215,48,512,7,11/06/2026
INV005905,CP006,P0905,135,31,286,3,11/06/2026
INV005906,CP006,P0906,120,63,331,14,11/06/2026
INV005907,CP006,P0907,19,18,207,7,11/06/2026
INV005908,CP006,P0908,196,50,511,10,11/06/2026
INV005909,CP006,P0909,242,85,587,10,11/06/2026
INV005910,CP006,P0910,777,154,1178,14,11/06/2026
INV005911,CP006,P0911,63,57,289,10,11/06/2026
INV005912,CP006,P0912,217,42,238,7,11/06/2026
INV005913,CP006,P0913,126,98,786,3,11/06/2026
INV005914,CP006,P0914,430,69,610,10,11/06/2026
INV005915,CP006,P0915,16,13,69,5,11/06/2026
INV005916,CP006,P0916,165,45,418,14,11/06/2026
INV005917,CP006,P0917,126,40,200,10,11/06/2026
INV005918,CP006,P0918,48,77,642,5,11/06/2026
INV005919,CP006,P0919,189,57,358,5,11/06/2026
INV005920,CP006,P0920,1054,225,1161,3,11/06/2026
INV005921,CP006,P0921,6,5,30,7,11/06/2026
INV005922,CP006,P0922,502,202,1017,14,11/06/2026
INV005923,CP006,P0923,289,65,602,5,11/06/2026
INV005924,CP006,P0924,685,171,895,14,11/06/2026
INV005925,CP006,P0925,100,71,511,7,11/06/2026
INV005926,CP006,P0926,426,98,766,3,11/06/2026
INV005927,CP006,P0927,41,43,250,3,11/06/2026
INV005928,CP006,P0928,167,29,209,14,11/06/2026
INV005929,CP006,P0929,149,34,307,14,11/06/2026
INV005930,CP006,P0930,349,77,805,10,11/06/2026
INV005931,CP006,P0931,36,24,271,7,11/06/2026
INV005932,CP006,P0932,220,42,353,5,11/06/2026
INV005933,CP006,P0933,128,17,155,7,11/06/2026
INV005934,CP006,P0934,139,54,531,7,11/06/2026
INV005935,CP006,P0935,116,65,430,7,11/06/2026
INV005936,CP006,P0936,326,94,587,7,11/06/2026
INV005937,CP006,P0937,73,24,208,10,11/06/2026
INV005938,CP006,P0938,126,60,594,10,11/06/2026
INV005939,CP006,P0939,151,86,677,10,11/06/2026
INV005940,CP006,P0940,154,38,281,5,11/06/2026
INV005941,CP006,P0941,122,61,414,5,11/06/2026
INV005942,CP006,P0942,582,142,1266,7,11/06/2026
INV005943,CP006,P0943,11,5,30,3,11/06/2026
INV005944,CP006,P0944,326,83,632,3,11/06/2026
INV005945,CP006,P0945,153,58,321,10,11/06/2026
INV005946,CP006,P0946,358,52,506,7,11/06/2026
INV005947,CP006,P0947,194,29,336,14,11/06/2026
INV005948,CP006,P0948,72,13,110,3,11/06/2026
INV005949,CP006,P0949,416,111,758,14,11/06/2026
INV005950,CP006,P0950,135,45,337,14,11/06/2026
INV005951,CP006,P0951,437,149,823,10,11/06/2026
INV005952,CP006,P0952,200,66,377,5,11/06/2026
INV005953,CP006,P0953,109,66,309,7,11/06/2026
INV005954,CP006,P0954,15,5,30,14,11/06/2026
INV005955,CP006,P0955,99,72,487,7,11/06/2026
INV005956,CP006,P0956,118,30,255,7,11/06/2026
INV005957,CP006,P0957,152,41,277,14,11/06/2026
INV005958,CP006,P0958,592,129,1326,7,11/06/2026
INV005959,CP006,P0959,860,169,1587,3,11/06/2026
INV005960,CP006,P0960,193,41,463,7,11/06/2026
INV005961,CP006,P0961,427,126,1041,5,11/06/2026
INV005962,CP006,P0962,137,72,624,14,11/06/2026
INV005963,CP006,P0963,214,42,252,5,11/06/2026
INV005964,CP006,P0964,227,44,332,14,11/06/2026
INV005965,CP006,P0965,45,36,307,10,11/06/2026
INV005966,CP006,P0966,192,75,455,3,11/06/2026
INV005967,CP006,P0967,73,40,314,10,11/06/2026
INV005968,CP006,P0968,178,68,409,3,11/06/2026
INV005969,CP006,P0969,85,28,327,7,11/06/2026
INV005970,CP006,P0970,603,94,856,5,11/06/2026
INV005971,CP006,P0971,23,5,30,7,11/06/2026
INV005972,CP006,P0972,185,60,330,7,11/06/2026
INV005973,CP006,P0973,104,61,512,14,11/06/2026
INV005974,CP006,P0974,22,10,83,14,11/06/2026
INV005975,CP006,P0975,134,67,566,10,11/06/2026
INV005976,CP006,P0976,341,59,540,10,11/06/2026
INV005977,CP006,P0977,207,30,284,5,11/06/2026
INV005978,CP006,P0978,38,19,99,7,11/06/2026
INV005979,CP006,P0979,278,70,324,7,11/06/2026
INV005980,CP006,P0980,177,75,364,7,11/06/2026
INV005981,CP006,P0981,1014,129,1286,14,11/06/2026
INV005982,CP006,P0982,76,15,159,14,11/06/2026
INV005983,CP006,P0983,70,27,190,5,11/06/2026
INV005984,CP006,P0984,132,42,308,5,11/06/2026
INV005985,CP006,P0985,123,24,151,14,11/06/2026
INV005986,CP006,P0986,331,136,950,10,11/06/2026
INV005987,CP006,P0987,51,18,158,5,11/06/2026
INV005988,CP006,P0988,61,12,84,7,11/06/2026
INV005989,CP006,P0989,40,11,113,7,11/06/2026
INV005990,CP006,P0990,268,62,609,5,11/06/2026
INV005991,CP006,P0991,419,69,512,14,11/06/2026
INV005992,CP006,P0992,27,5,30,10,11/06/2026
INV005993,CP006,P0993,298,55,499,5,11/06/2026
INV005994,CP006,P0994,170,43,271,3,11/06/2026
INV005995,CP006,P0995,197,34,363,7,11/06/2026
INV005996,CP006,P0996,226,52,351,14,11/06/2026
INV005997,CP006,P0997,261,43,296,7,11/06/2026
INV005998,CP006,P0998,208,57,622,10,11/06/2026
INV005999,CP006,P0999,256,56,493,7,11/06/2026
INV006000,CP006,P1000,260,49,384,10,11/06/2026
INV006001,CP007,P0001,369,66,529,7,11/06/2026
INV006002,CP007,P0002,26,16,162,7,11/06/2026
INV006003,CP007,P0003,78,44,377,7,11/06/2026
INV006004,CP007,P0004,148,57,613,7,11/06/2026
INV006005,CP007,P0005,97,58,467,3,11/06/2026
INV006006,CP007,P0006,162,30,210,7,11/06/2026
INV006007,CP007,P0007,25,25,118,10,11/06/2026
INV006008,CP007,P0008,52,19,158,3,11/06/2026
INV006009,CP007,P0009,87,21,177,7,11/06/2026
INV006010,CP007,P0010,53,19,98,5,11/06/2026
INV006011,CP007,P0011,258,63,300,3,11/06/2026
INV006012,CP007,P0012,18,7,57,14,11/06/2026
INV006013,CP007,P0013,69,19,172,3,11/06/2026
INV006014,CP007,P0014,31,17,126,5,11/06/2026
INV006015,CP007,P0015,28,7,41,5,11/06/2026
INV006016,CP007,P0016,25,24,149,14,11/06/2026
INV006017,CP007,P0017,95,17,203,10,11/06/2026
INV006018,CP007,P0018,31,22,231,14,11/06/2026
INV006019,CP007,P0019,179,57,357,7,11/06/2026
INV006020,CP007,P0020,59,58,462,5,11/06/2026
INV006021,CP007,P0021,62,20,232,7,11/06/2026
INV006022,CP007,P0022,214,23,259,14,11/06/2026
INV006023,CP007,P0023,71,57,345,7,11/06/2026
INV006024,CP007,P0024,52,14,112,5,11/06/2026
INV006025,CP007,P0025,77,22,211,10,11/06/2026
INV006026,CP007,P0026,89,23,201,7,11/06/2026
INV006027,CP007,P0027,134,33,182,10,11/06/2026
INV006028,CP007,P0028,9,6,41,10,11/06/2026
INV006029,CP007,P0029,9,5,30,14,11/06/2026
INV006030,CP007,P0030,130,38,309,3,11/06/2026
INV006031,CP007,P0031,25,22,164,5,11/06/2026
INV006032,CP007,P0032,60,56,313,5,11/06/2026
INV006033,CP007,P0033,110,19,127,10,11/06/2026
INV006034,CP007,P0034,59,14,93,3,11/06/2026
INV006035,CP007,P0035,17,7,47,5,11/06/2026
INV006036,CP007,P0036,9,5,30,10,11/06/2026
INV006037,CP007,P0037,79,69,563,5,11/06/2026
INV006038,CP007,P0038,20,7,47,10,11/06/2026
INV006039,CP007,P0039,103,25,177,3,11/06/2026
INV006040,CP007,P0040,65,29,147,7,11/06/2026
INV006041,CP007,P0041,24,10,84,3,11/06/2026
INV006042,CP007,P0042,55,27,258,10,11/06/2026
INV006043,CP007,P0043,30,24,206,14,11/06/2026
INV006044,CP007,P0044,64,31,263,10,11/06/2026
INV006045,CP007,P0045,69,28,159,7,11/06/2026
INV006046,CP007,P0046,63,21,208,7,11/06/2026
INV006047,CP007,P0047,155,22,204,10,11/06/2026
INV006048,CP007,P0048,87,21,158,3,11/06/2026
INV006049,CP007,P0049,89,20,132,10,11/06/2026
INV006050,CP007,P0050,48,19,121,5,11/06/2026
INV006051,CP007,P0051,58,24,180,10,11/06/2026
INV006052,CP007,P0052,171,26,212,5,11/06/2026
INV006053,CP007,P0053,10,7,88,7,11/06/2026
INV006054,CP007,P0054,176,74,464,3,11/06/2026
INV006055,CP007,P0055,158,32,318,7,11/06/2026
INV006056,CP007,P0056,74,21,185,3,11/06/2026
INV006057,CP007,P0057,97,29,296,3,11/06/2026
INV006058,CP007,P0058,42,19,213,5,11/06/2026
INV006059,CP007,P0059,50,14,82,7,11/06/2026
INV006060,CP007,P0060,27,24,129,3,11/06/2026
INV006061,CP007,P0061,76,26,150,7,11/06/2026
INV006062,CP007,P0062,252,50,413,7,11/06/2026
INV006063,CP007,P0063,65,30,160,14,11/06/2026
INV006064,CP007,P0064,16,5,37,10,11/06/2026
INV006065,CP007,P0065,17,16,143,10,11/06/2026
INV006066,CP007,P0066,74,30,202,5,11/06/2026
INV006067,CP007,P0067,24,6,62,14,11/06/2026
INV006068,CP007,P0068,68,67,351,3,11/06/2026
INV006069,CP007,P0069,169,28,218,7,11/06/2026
INV006070,CP007,P0070,272,67,435,14,11/06/2026
INV006071,CP007,P0071,43,25,206,7,11/06/2026
INV006072,CP007,P0072,188,27,230,14,11/06/2026
INV006073,CP007,P0073,68,18,122,14,11/06/2026
INV006074,CP007,P0074,54,15,107,3,11/06/2026
INV006075,CP007,P0075,121,20,159,14,11/06/2026
INV006076,CP007,P0076,69,16,111,5,11/06/2026
INV006077,CP007,P0077,67,14,95,14,11/06/2026
INV006078,CP007,P0078,184,36,247,3,11/06/2026
INV006079,CP007,P0079,25,20,157,14,11/06/2026
INV006080,CP007,P0080,88,22,121,5,11/06/2026
INV006081,CP007,P0081,49,23,185,14,11/06/2026
INV006082,CP007,P0082,29,20,149,5,11/06/2026
INV006083,CP007,P0083,24,25,158,3,11/06/2026
INV006084,CP007,P0084,14,5,30,7,11/06/2026
INV006085,CP007,P0085,34,13,140,14,11/06/2026
INV006086,CP007,P0086,161,54,384,5,11/06/2026
INV006087,CP007,P0087,47,24,179,10,11/06/2026
INV006088,CP007,P0088,50,40,276,3,11/06/2026
INV006089,CP007,P0089,98,18,108,3,11/06/2026
INV006090,CP007,P0090,164,24,204,5,11/06/2026
INV006091,CP007,P0091,101,15,145,3,11/06/2026
INV006092,CP007,P0092,82,22,154,5,11/06/2026
INV006093,CP007,P0093,96,21,164,5,11/06/2026
INV006094,CP007,P0094,58,27,224,5,11/06/2026
INV006095,CP007,P0095,105,26,138,10,11/06/2026
INV006096,CP007,P0096,42,10,93,3,11/06/2026
INV006097,CP007,P0097,69,26,121,3,11/06/2026
INV006098,CP007,P0098,48,17,191,14,11/06/2026
INV006099,CP007,P0099,119,14,134,5,11/06/2026
INV006100,CP007,P0100,36,30,221,14,11/06/2026
INV006101,CP007,P0101,251,58,438,7,11/06/2026
INV006102,CP007,P0102,297,37,314,3,11/06/2026
INV006103,CP007,P0103,24,21,138,14,11/06/2026
INV006104,CP007,P0104,37,19,126,10,11/06/2026
INV006105,CP007,P0105,147,28,177,5,11/06/2026
INV006106,CP007,P0106,47,13,146,10,11/06/2026
INV006107,CP007,P0107,243,59,536,14,11/06/2026
INV006108,CP007,P0108,60,27,155,5,11/06/2026
INV006109,CP007,P0109,47,14,131,14,11/06/2026
INV006110,CP007,P0110,107,19,135,14,11/06/2026
INV006111,CP007,P0111,46,24,206,3,11/06/2026
INV006112,CP007,P0112,111,23,183,14,11/06/2026
INV006113,CP007,P0113,177,66,536,3,11/06/2026
INV006114,CP007,P0114,11,5,30,10,11/06/2026
INV006115,CP007,P0115,108,14,160,10,11/06/2026
INV006116,CP007,P0116,63,16,179,5,11/06/2026
INV006117,CP007,P0117,232,81,585,5,11/06/2026
INV006118,CP007,P0118,17,5,30,7,11/06/2026
INV006119,CP007,P0119,84,19,199,7,11/06/2026
INV006120,CP007,P0120,18,10,52,3,11/06/2026
INV006121,CP007,P0121,131,21,167,14,11/06/2026
INV006122,CP007,P0122,41,43,323,14,11/06/2026
INV006123,CP007,P0123,88,17,145,3,11/06/2026
INV006124,CP007,P0124,92,21,250,5,11/06/2026
INV006125,CP007,P0125,104,34,183,14,11/06/2026
INV006126,CP007,P0126,41,23,131,3,11/06/2026
INV006127,CP007,P0127,61,25,213,14,11/06/2026
INV006128,CP007,P0128,121,27,189,3,11/06/2026
INV006129,CP007,P0129,252,24,259,14,11/06/2026
INV006130,CP007,P0130,125,25,228,10,11/06/2026
INV006131,CP007,P0131,53,35,269,10,11/06/2026
INV006132,CP007,P0132,50,33,227,5,11/06/2026
INV006133,CP007,P0133,164,34,264,3,11/06/2026
INV006134,CP007,P0134,101,27,216,5,11/06/2026
INV006135,CP007,P0135,41,31,152,14,11/06/2026
INV006136,CP007,P0136,6,5,39,3,11/06/2026
INV006137,CP007,P0137,49,17,160,14,11/06/2026
INV006138,CP007,P0138,8,7,78,14,11/06/2026
INV006139,CP007,P0139,115,23,122,10,11/06/2026
INV006140,CP007,P0140,139,32,189,10,11/06/2026
INV006141,CP007,P0141,119,25,164,5,11/06/2026
INV006142,CP007,P0142,215,33,237,7,11/06/2026
INV006143,CP007,P0143,41,7,70,5,11/06/2026
INV006144,CP007,P0144,57,25,131,14,11/06/2026
INV006145,CP007,P0145,75,31,235,10,11/06/2026
INV006146,CP007,P0146,117,42,217,10,11/06/2026
INV006147,CP007,P0147,218,54,313,7,11/06/2026
INV006148,CP007,P0148,101,39,409,10,11/06/2026
INV006149,CP007,P0149,84,20,144,5,11/06/2026
INV006150,CP007,P0150,36,17,188,14,11/06/2026
INV006151,CP007,P0151,78,10,105,5,11/06/2026
INV006152,CP007,P0152,71,20,105,3,11/06/2026
INV006153,CP007,P0153,50,49,488,3,11/06/2026
INV006154,CP007,P0154,49,28,154,3,11/06/2026
INV006155,CP007,P0155,94,28,160,7,11/06/2026
INV006156,CP007,P0156,173,25,185,10,11/06/2026
INV006157,CP007,P0157,16,15,128,3,11/06/2026
INV006158,CP007,P0158,21,8,55,7,11/06/2026
INV006159,CP007,P0159,43,26,151,5,11/06/2026
INV006160,CP007,P0160,94,28,160,3,11/06/2026
INV006161,CP007,P0161,23,5,30,5,11/06/2026
INV006162,CP007,P0162,140,28,177,7,11/06/2026
INV006163,CP007,P0163,24,25,210,10,11/06/2026
INV006164,CP007,P0164,77,37,213,7,11/06/2026
INV006165,CP007,P0165,129,26,280,5,11/06/2026
INV006166,CP007,P0166,253,50,558,3,11/06/2026
INV006167,CP007,P0167,100,16,130,10,11/06/2026
INV006168,CP007,P0168,112,23,253,7,11/06/2026
INV006169,CP007,P0169,30,5,46,14,11/06/2026
INV006170,CP007,P0170,29,26,251,5,11/06/2026
INV006171,CP007,P0171,73,44,222,7,11/06/2026
INV006172,CP007,P0172,112,25,264,10,11/06/2026
INV006173,CP007,P0173,220,58,478,14,11/06/2026
INV006174,CP007,P0174,28,26,145,7,11/06/2026
INV006175,CP007,P0175,21,15,85,5,11/06/2026
INV006176,CP007,P0176,53,7,60,10,11/06/2026
INV006177,CP007,P0177,55,19,184,3,11/06/2026
INV006178,CP007,P0178,106,29,161,7,11/06/2026
INV006179,CP007,P0179,68,23,167,10,11/06/2026
INV006180,CP007,P0180,113,24,126,5,11/06/2026
INV006181,CP007,P0181,9,5,37,5,11/06/2026
INV006182,CP007,P0182,7,5,36,7,11/06/2026
INV006183,CP007,P0183,27,12,124,7,11/06/2026
INV006184,CP007,P0184,29,19,161,3,11/06/2026
INV006185,CP007,P0185,81,35,278,7,11/06/2026
INV006186,CP007,P0186,117,25,272,14,11/06/2026
INV006187,CP007,P0187,352,74,557,10,11/06/2026
INV006188,CP007,P0188,148,23,195,5,11/06/2026
INV006189,CP007,P0189,40,9,68,14,11/06/2026
INV006190,CP007,P0190,96,26,244,10,11/06/2026
INV006191,CP007,P0191,28,18,127,7,11/06/2026
INV006192,CP007,P0192,208,81,711,14,11/06/2026
INV006193,CP007,P0193,52,25,195,3,11/06/2026
INV006194,CP007,P0194,152,21,173,5,11/06/2026
INV006195,CP007,P0195,99,32,193,10,11/06/2026
INV006196,CP007,P0196,88,49,253,7,11/06/2026
INV006197,CP007,P0197,180,19,202,3,11/06/2026
INV006198,CP007,P0198,120,29,184,10,11/06/2026
INV006199,CP007,P0199,159,51,237,3,11/06/2026
INV006200,CP007,P0200,78,16,92,5,11/06/2026
INV006201,CP007,P0201,16,16,102,7,11/06/2026
INV006202,CP007,P0202,244,28,273,10,11/06/2026
INV006203,CP007,P0203,124,39,197,14,11/06/2026
INV006204,CP007,P0204,179,68,496,10,11/06/2026
INV006205,CP007,P0205,148,35,197,5,11/06/2026
INV006206,CP007,P0206,106,23,164,10,11/06/2026
INV006207,CP007,P0207,147,57,357,7,11/06/2026
INV006208,CP007,P0208,40,23,218,5,11/06/2026
INV006209,CP007,P0209,55,22,132,14,11/06/2026
INV006210,CP007,P0210,49,40,299,14,11/06/2026
INV006211,CP007,P0211,78,13,133,14,11/06/2026
INV006212,CP007,P0212,179,25,216,14,11/06/2026
INV006213,CP007,P0213,44,17,129,5,11/06/2026
INV006214,CP007,P0214,50,29,207,7,11/06/2026
INV006215,CP007,P0215,49,27,248,14,11/06/2026
INV006216,CP007,P0216,52,36,209,3,11/06/2026
INV006217,CP007,P0217,191,29,257,3,11/06/2026
INV006218,CP007,P0218,15,7,73,10,11/06/2026
INV006219,CP007,P0219,68,20,129,3,11/06/2026
INV006220,CP007,P0220,15,5,38,14,11/06/2026
INV006221,CP007,P0221,177,20,186,7,11/06/2026
INV006222,CP007,P0222,120,29,233,14,11/06/2026
INV006223,CP007,P0223,45,20,201,7,11/06/2026
INV006224,CP007,P0224,45,17,98,5,11/06/2026
INV006225,CP007,P0225,82,27,277,5,11/06/2026
INV006226,CP007,P0226,14,5,30,14,11/06/2026
INV006227,CP007,P0227,24,8,64,3,11/06/2026
INV006228,CP007,P0228,45,6,64,10,11/06/2026
INV006229,CP007,P0229,44,7,49,3,11/06/2026
INV006230,CP007,P0230,54,42,221,10,11/06/2026
INV006231,CP007,P0231,34,10,79,14,11/06/2026
INV006232,CP007,P0232,7,5,30,5,11/06/2026
INV006233,CP007,P0233,132,26,148,5,11/06/2026
INV006234,CP007,P0234,157,17,176,14,11/06/2026
INV006235,CP007,P0235,134,41,367,7,11/06/2026
INV006236,CP007,P0236,51,14,146,3,11/06/2026
INV006237,CP007,P0237,19,13,138,14,11/06/2026
INV006238,CP007,P0238,118,18,175,10,11/06/2026
INV006239,CP007,P0239,149,34,226,3,11/06/2026
INV006240,CP007,P0240,24,22,116,5,11/06/2026
INV006241,CP007,P0241,29,5,38,10,11/06/2026
INV006242,CP007,P0242,102,16,173,7,11/06/2026
INV006243,CP007,P0243,48,17,87,14,11/06/2026
INV006244,CP007,P0244,28,5,30,10,11/06/2026
INV006245,CP007,P0245,82,21,224,3,11/06/2026
INV006246,CP007,P0246,117,27,195,7,11/06/2026
INV006247,CP007,P0247,144,35,320,5,11/06/2026
INV006248,CP007,P0248,58,9,86,7,11/06/2026
INV006249,CP007,P0249,56,16,124,3,11/06/2026
INV006250,CP007,P0250,41,7,62,14,11/06/2026
INV006251,CP007,P0251,116,23,163,3,11/06/2026
INV006252,CP007,P0252,209,44,312,14,11/06/2026
INV006253,CP007,P0253,106,21,137,14,11/06/2026
INV006254,CP007,P0254,14,5,30,10,11/06/2026
INV006255,CP007,P0255,122,30,193,5,11/06/2026
INV006256,CP007,P0256,13,5,30,3,11/06/2026
INV006257,CP007,P0257,17,8,87,5,11/06/2026
INV006258,CP007,P0258,107,35,272,7,11/06/2026
INV006259,CP007,P0259,8,5,37,10,11/06/2026
INV006260,CP007,P0260,354,60,380,14,11/06/2026
INV006261,CP007,P0261,189,38,201,14,11/06/2026
INV006262,CP007,P0262,54,24,179,14,11/06/2026
INV006263,CP007,P0263,61,44,391,5,11/06/2026
INV006264,CP007,P0264,129,36,252,7,11/06/2026
INV006265,CP007,P0265,48,17,148,10,11/06/2026
INV006266,CP007,P0266,20,5,30,10,11/06/2026
INV006267,CP007,P0267,21,8,48,5,11/06/2026
INV006268,CP007,P0268,94,21,183,14,11/06/2026
INV006269,CP007,P0269,97,17,148,10,11/06/2026
INV006270,CP007,P0270,82,49,407,14,11/06/2026
INV006271,CP007,P0271,46,18,97,7,11/06/2026
INV006272,CP007,P0272,95,33,212,14,11/06/2026
INV006273,CP007,P0273,101,25,123,5,11/06/2026
INV006274,CP007,P0274,113,27,229,10,11/06/2026
INV006275,CP007,P0275,47,31,198,3,11/06/2026
INV006276,CP007,P0276,16,5,30,5,11/06/2026
INV006277,CP007,P0277,297,69,353,14,11/06/2026
INV006278,CP007,P0278,122,20,162,7,11/06/2026
INV006279,CP007,P0279,134,42,303,7,11/06/2026
INV006280,CP007,P0280,69,8,75,3,11/06/2026
INV006281,CP007,P0281,22,20,160,3,11/06/2026
INV006282,CP007,P0282,91,21,201,3,11/06/2026
INV006283,CP007,P0283,29,14,89,5,11/06/2026
INV006284,CP007,P0284,23,17,155,7,11/06/2026
INV006285,CP007,P0285,61,22,146,14,11/06/2026
INV006286,CP007,P0286,234,46,316,10,11/06/2026
INV006287,CP007,P0287,78,45,310,3,11/06/2026
INV006288,CP007,P0288,106,42,442,5,11/06/2026
INV006289,CP007,P0289,157,67,345,5,11/06/2026
INV006290,CP007,P0290,98,34,207,5,11/06/2026
INV006291,CP007,P0291,309,51,403,3,11/06/2026
INV006292,CP007,P0292,33,21,200,14,11/06/2026
INV006293,CP007,P0293,307,64,431,10,11/06/2026
INV006294,CP007,P0294,141,43,331,10,11/06/2026
INV006295,CP007,P0295,79,14,115,14,11/06/2026
INV006296,CP007,P0296,36,26,173,7,11/06/2026
INV006297,CP007,P0297,48,9,83,5,11/06/2026
INV006298,CP007,P0298,58,17,106,3,11/06/2026
INV006299,CP007,P0299,69,11,89,10,11/06/2026
INV006300,CP007,P0300,28,11,66,3,11/06/2026
INV006301,CP007,P0301,132,37,300,3,11/06/2026
INV006302,CP007,P0302,100,24,203,5,11/06/2026
INV006303,CP007,P0303,119,20,188,3,11/06/2026
INV006304,CP007,P0304,106,39,390,5,11/06/2026
INV006305,CP007,P0305,15,5,37,14,11/06/2026
INV006306,CP007,P0306,40,9,54,5,11/06/2026
INV006307,CP007,P0307,17,5,30,5,11/06/2026
INV006308,CP007,P0308,257,53,309,3,11/06/2026
INV006309,CP007,P0309,89,21,179,10,11/06/2026
INV006310,CP007,P0310,20,19,151,3,11/06/2026
INV006311,CP007,P0311,112,23,193,7,11/06/2026
INV006312,CP007,P0312,136,22,183,14,11/06/2026
INV006313,CP007,P0313,25,5,30,7,11/06/2026
INV006314,CP007,P0314,107,65,594,3,11/06/2026
INV006315,CP007,P0315,23,17,144,5,11/06/2026
INV006316,CP007,P0316,185,25,225,7,11/06/2026
INV006317,CP007,P0317,271,52,477,5,11/06/2026
INV006318,CP007,P0318,30,5,50,7,11/06/2026
INV006319,CP007,P0319,114,30,195,5,11/06/2026
INV006320,CP007,P0320,259,38,306,5,11/06/2026
INV006321,CP007,P0321,45,18,170,7,11/06/2026
INV006322,CP007,P0322,94,41,414,3,11/06/2026
INV006323,CP007,P0323,76,29,213,5,11/06/2026
INV006324,CP007,P0324,51,41,237,7,11/06/2026
INV006325,CP007,P0325,54,31,204,5,11/06/2026
INV006326,CP007,P0326,119,24,206,7,11/06/2026
INV006327,CP007,P0327,196,35,200,10,11/06/2026
INV006328,CP007,P0328,133,13,151,5,11/06/2026
INV006329,CP007,P0329,60,14,112,3,11/06/2026
INV006330,CP007,P0330,14,5,30,3,11/06/2026
INV006331,CP007,P0331,37,18,188,5,11/06/2026
INV006332,CP007,P0332,59,31,233,7,11/06/2026
INV006333,CP007,P0333,100,46,516,7,11/06/2026
INV006334,CP007,P0334,16,5,30,10,11/06/2026
INV006335,CP007,P0335,65,25,139,3,11/06/2026
INV006336,CP007,P0336,13,6,56,5,11/06/2026
INV006337,CP007,P0337,177,47,269,5,11/06/2026
INV006338,CP007,P0338,239,25,254,5,11/06/2026
INV006339,CP007,P0339,94,66,502,3,11/06/2026
INV006340,CP007,P0340,19,15,132,10,11/06/2026
INV006341,CP007,P0341,120,16,192,7,11/06/2026
INV006342,CP007,P0342,285,81,817,7,11/06/2026
INV006343,CP007,P0343,33,26,166,5,11/06/2026
INV006344,CP007,P0344,92,27,261,3,11/06/2026
INV006345,CP007,P0345,65,24,122,14,11/06/2026
INV006346,CP007,P0346,163,36,290,5,11/06/2026
INV006347,CP007,P0347,108,19,118,3,11/06/2026
INV006348,CP007,P0348,86,28,202,5,11/06/2026
INV006349,CP007,P0349,85,19,193,10,11/06/2026
INV006350,CP007,P0350,10,5,48,3,11/06/2026
INV006351,CP007,P0351,45,13,88,10,11/06/2026
INV006352,CP007,P0352,183,59,329,14,11/06/2026
INV006353,CP007,P0353,87,23,117,10,11/06/2026
INV006354,CP007,P0354,91,20,139,7,11/06/2026
INV006355,CP007,P0355,73,53,416,14,11/06/2026
INV006356,CP007,P0356,145,43,423,7,11/06/2026
INV006357,CP007,P0357,21,15,112,3,11/06/2026
INV006358,CP007,P0358,143,31,186,7,11/06/2026
INV006359,CP007,P0359,40,22,162,10,11/06/2026
INV006360,CP007,P0360,183,50,405,5,11/06/2026
INV006361,CP007,P0361,15,13,96,14,11/06/2026
INV006362,CP007,P0362,25,5,30,10,11/06/2026
INV006363,CP007,P0363,38,30,295,14,11/06/2026
INV006364,CP007,P0364,41,21,217,14,11/06/2026
INV006365,CP007,P0365,112,30,156,14,11/06/2026
INV006366,CP007,P0366,18,14,103,5,11/06/2026
INV006367,CP007,P0367,94,23,209,3,11/06/2026
INV006368,CP007,P0368,233,51,394,7,11/06/2026
INV006369,CP007,P0369,54,12,96,3,11/06/2026
INV006370,CP007,P0370,61,16,84,14,11/06/2026
INV006371,CP007,P0371,127,21,141,3,11/06/2026
INV006372,CP007,P0372,198,24,235,3,11/06/2026
INV006373,CP007,P0373,117,32,216,10,11/06/2026
INV006374,CP007,P0374,32,6,60,10,11/06/2026
INV006375,CP007,P0375,108,36,241,3,11/06/2026
INV006376,CP007,P0376,110,23,139,7,11/06/2026
INV006377,CP007,P0377,51,29,216,3,11/06/2026
INV006378,CP007,P0378,34,25,195,3,11/06/2026
INV006379,CP007,P0379,58,40,239,14,11/06/2026
INV006380,CP007,P0380,7,5,30,14,11/06/2026
INV006381,CP007,P0381,48,32,200,3,11/06/2026
INV006382,CP007,P0382,16,16,153,5,11/06/2026
INV006383,CP007,P0383,132,31,227,5,11/06/2026
INV006384,CP007,P0384,154,32,196,14,11/06/2026
INV006385,CP007,P0385,136,32,201,14,11/06/2026
INV006386,CP007,P0386,142,36,207,3,11/06/2026
INV006387,CP007,P0387,76,24,255,7,11/06/2026
INV006388,CP007,P0388,94,25,133,7,11/06/2026
INV006389,CP007,P0389,34,22,158,3,11/06/2026
INV006390,CP007,P0390,330,42,401,10,11/06/2026
INV006391,CP007,P0391,104,24,195,3,11/06/2026
INV006392,CP007,P0392,43,37,262,7,11/06/2026
INV006393,CP007,P0393,53,41,298,5,11/06/2026
INV006394,CP007,P0394,72,15,93,5,11/06/2026
INV006395,CP007,P0395,14,5,30,10,11/06/2026
INV006396,CP007,P0396,34,21,134,7,11/06/2026
INV006397,CP007,P0397,62,26,168,14,11/06/2026
INV006398,CP007,P0398,26,15,131,10,11/06/2026
INV006399,CP007,P0399,83,17,127,10,11/06/2026
INV006400,CP007,P0400,99,23,133,10,11/06/2026
INV006401,CP007,P0401,84,16,95,3,11/06/2026
INV006402,CP007,P0402,40,24,239,10,11/06/2026
INV006403,CP007,P0403,140,50,304,5,11/06/2026
INV006404,CP007,P0404,45,19,219,7,11/06/2026
INV006405,CP007,P0405,150,44,258,3,11/06/2026
INV006406,CP007,P0406,28,21,142,3,11/06/2026
INV006407,CP007,P0407,317,93,523,7,11/06/2026
INV006408,CP007,P0408,127,30,251,7,11/06/2026
INV006409,CP007,P0409,127,19,172,5,11/06/2026
INV006410,CP007,P0410,20,8,56,5,11/06/2026
INV006411,CP007,P0411,110,34,163,14,11/06/2026
INV006412,CP007,P0412,50,29,173,3,11/06/2026
INV006413,CP007,P0413,17,7,59,10,11/06/2026
INV006414,CP007,P0414,39,7,40,3,11/06/2026
INV006415,CP007,P0415,30,23,112,10,11/06/2026
INV006416,CP007,P0416,104,19,106,3,11/06/2026
INV006417,CP007,P0417,44,14,89,5,11/06/2026
INV006418,CP007,P0418,88,70,491,14,11/06/2026
INV006419,CP007,P0419,125,24,263,7,11/06/2026
INV006420,CP007,P0420,58,13,95,14,11/06/2026
INV006421,CP007,P0421,133,27,210,10,11/06/2026
INV006422,CP007,P0422,96,12,135,7,11/06/2026
INV006423,CP007,P0423,117,27,215,5,11/06/2026
INV006424,CP007,P0424,15,9,48,3,11/06/2026
INV006425,CP007,P0425,98,20,168,3,11/06/2026
INV006426,CP007,P0426,75,46,296,14,11/06/2026
INV006427,CP007,P0427,88,20,160,3,11/06/2026
INV006428,CP007,P0428,78,35,261,3,11/06/2026
INV006429,CP007,P0429,93,19,159,5,11/06/2026
INV006430,CP007,P0430,63,21,187,10,11/06/2026
INV006431,CP007,P0431,5,5,30,7,11/06/2026
INV006432,CP007,P0432,116,26,180,14,11/06/2026
INV006433,CP007,P0433,49,17,156,10,11/06/2026
INV006434,CP007,P0434,258,79,741,14,11/06/2026
INV006435,CP007,P0435,219,44,339,14,11/06/2026
INV006436,CP007,P0436,105,13,120,14,11/06/2026
INV006437,CP007,P0437,41,18,98,5,11/06/2026
INV006438,CP007,P0438,122,28,218,10,11/06/2026
INV006439,CP007,P0439,171,34,253,5,11/06/2026
INV006440,CP007,P0440,57,37,277,5,11/06/2026
INV006441,CP007,P0441,205,51,328,3,11/06/2026
INV006442,CP007,P0442,130,25,156,3,11/06/2026
INV006443,CP007,P0443,94,20,108,14,11/06/2026
INV006444,CP007,P0444,66,22,234,3,11/06/2026
INV006445,CP007,P0445,51,24,158,14,11/06/2026
INV006446,CP007,P0446,6,5,30,3,11/06/2026
INV006447,CP007,P0447,27,25,118,5,11/06/2026
INV006448,CP007,P0448,63,27,190,7,11/06/2026
INV006449,CP007,P0449,110,33,268,5,11/06/2026
INV006450,CP007,P0450,154,20,214,14,11/06/2026
INV006451,CP007,P0451,296,94,552,7,11/06/2026
INV006452,CP007,P0452,77,37,272,7,11/06/2026
INV006453,CP007,P0453,41,19,136,7,11/06/2026
INV006454,CP007,P0454,27,20,149,14,11/06/2026
INV006455,CP007,P0455,361,64,419,14,11/06/2026
INV006456,CP007,P0456,12,5,40,5,11/06/2026
INV006457,CP007,P0457,10,5,30,10,11/06/2026
INV006458,CP007,P0458,203,25,236,7,11/06/2026
INV006459,CP007,P0459,37,8,78,10,11/06/2026
INV006460,CP007,P0460,276,40,299,3,11/06/2026
INV006461,CP007,P0461,85,21,182,7,11/06/2026
INV006462,CP007,P0462,74,46,338,14,11/06/2026
INV006463,CP007,P0463,46,42,356,10,11/06/2026
INV006464,CP007,P0464,151,27,179,5,11/06/2026
INV006465,CP007,P0465,23,16,152,10,11/06/2026
INV006466,CP007,P0466,6,5,30,3,11/06/2026
INV006467,CP007,P0467,169,18,214,5,11/06/2026
INV006468,CP007,P0468,47,24,166,3,11/06/2026
INV006469,CP007,P0469,31,7,54,7,11/06/2026
INV006470,CP007,P0470,217,48,532,10,11/06/2026
INV006471,CP007,P0471,89,40,300,10,11/06/2026
INV006472,CP007,P0472,106,23,152,10,11/06/2026
INV006473,CP007,P0473,43,19,152,14,11/06/2026
INV006474,CP007,P0474,128,15,138,10,11/06/2026
INV006475,CP007,P0475,25,8,60,5,11/06/2026
INV006476,CP007,P0476,55,18,174,10,11/06/2026
INV006477,CP007,P0477,147,54,524,10,11/06/2026
INV006478,CP007,P0478,59,35,218,14,11/06/2026
INV006479,CP007,P0479,38,35,379,7,11/06/2026
INV006480,CP007,P0480,24,15,121,5,11/06/2026
INV006481,CP007,P0481,171,45,425,14,11/06/2026
INV006482,CP007,P0482,223,56,413,3,11/06/2026
INV006483,CP007,P0483,80,30,157,5,11/06/2026
INV006484,CP007,P0484,178,29,212,3,11/06/2026
INV006485,CP007,P0485,169,45,426,5,11/06/2026
INV006486,CP007,P0486,66,24,137,7,11/06/2026
INV006487,CP007,P0487,40,21,133,10,11/06/2026
INV006488,CP007,P0488,40,38,211,14,11/06/2026
INV006489,CP007,P0489,53,17,163,14,11/06/2026
INV006490,CP007,P0490,16,5,35,10,11/06/2026
INV006491,CP007,P0491,52,12,65,10,11/06/2026
INV006492,CP007,P0492,105,19,131,14,11/06/2026
INV006493,CP007,P0493,120,29,207,3,11/06/2026
INV006494,CP007,P0494,70,31,275,5,11/06/2026
INV006495,CP007,P0495,50,29,224,5,11/06/2026
INV006496,CP007,P0496,173,22,206,5,11/06/2026
INV006497,CP007,P0497,145,17,164,10,11/06/2026
INV006498,CP007,P0498,57,7,84,14,11/06/2026
INV006499,CP007,P0499,28,14,94,10,11/06/2026
INV006500,CP007,P0500,41,8,78,3,11/06/2026
INV006501,CP007,P0501,9,5,30,5,11/06/2026
INV006502,CP007,P0502,70,23,136,5,11/06/2026
INV006503,CP007,P0503,97,44,334,7,11/06/2026
INV006504,CP007,P0504,232,43,304,5,11/06/2026
INV006505,CP007,P0505,59,25,157,14,11/06/2026
INV006506,CP007,P0506,51,17,124,3,11/06/2026
INV006507,CP007,P0507,80,29,180,10,11/06/2026
INV006508,CP007,P0508,282,54,452,10,11/06/2026
INV006509,CP007,P0509,160,30,211,14,11/06/2026
INV006510,CP007,P0510,19,7,63,3,11/06/2026
INV006511,CP007,P0511,38,27,197,7,11/06/2026
INV006512,CP007,P0512,97,16,167,5,11/06/2026
INV006513,CP007,P0513,29,8,69,3,11/06/2026
INV006514,CP007,P0514,79,45,375,7,11/06/2026
INV006515,CP007,P0515,29,14,119,14,11/06/2026
INV006516,CP007,P0516,142,21,154,10,11/06/2026
INV006517,CP007,P0517,61,14,79,5,11/06/2026
INV006518,CP007,P0518,152,25,165,14,11/06/2026
INV006519,CP007,P0519,245,58,375,3,11/06/2026
INV006520,CP007,P0520,53,31,174,7,11/06/2026
INV006521,CP007,P0521,110,13,112,10,11/06/2026
INV006522,CP007,P0522,22,22,145,5,11/06/2026
INV006523,CP007,P0523,47,7,69,5,11/06/2026
INV006524,CP007,P0524,19,22,238,3,11/06/2026
INV006525,CP007,P0525,121,47,435,5,11/06/2026
INV006526,CP007,P0526,58,32,183,14,11/06/2026
INV006527,CP007,P0527,42,14,146,7,11/06/2026
INV006528,CP007,P0528,25,7,44,7,11/06/2026
INV006529,CP007,P0529,207,32,269,5,11/06/2026
INV006530,CP007,P0530,105,22,144,10,11/06/2026
INV006531,CP007,P0531,29,26,206,5,11/06/2026
INV006532,CP007,P0532,37,36,229,14,11/06/2026
INV006533,CP007,P0533,19,26,242,10,11/06/2026
INV006534,CP007,P0534,81,22,101,3,11/06/2026
INV006535,CP007,P0535,43,10,67,10,11/06/2026
INV006536,CP007,P0536,77,25,158,14,11/06/2026
INV006537,CP007,P0537,18,5,30,7,11/06/2026
INV006538,CP007,P0538,9,7,58,5,11/06/2026
INV006539,CP007,P0539,280,76,406,3,11/06/2026
INV006540,CP007,P0540,25,5,30,3,11/06/2026
INV006541,CP007,P0541,59,21,147,7,11/06/2026
INV006542,CP007,P0542,27,6,40,10,11/06/2026
INV006543,CP007,P0543,22,19,117,7,11/06/2026
INV006544,CP007,P0544,55,24,188,10,11/06/2026
INV006545,CP007,P0545,129,26,152,7,11/06/2026
INV006546,CP007,P0546,147,35,296,14,11/06/2026
INV006547,CP007,P0547,6,5,30,10,11/06/2026
INV006548,CP007,P0548,32,18,102,10,11/06/2026
INV006549,CP007,P0549,154,42,352,10,11/06/2026
INV006550,CP007,P0550,62,25,247,10,11/06/2026
INV006551,CP007,P0551,32,17,170,7,11/06/2026
INV006552,CP007,P0552,117,23,260,7,11/06/2026
INV006553,CP007,P0553,171,30,205,5,11/06/2026
INV006554,CP007,P0554,52,21,139,5,11/06/2026
INV006555,CP007,P0555,211,34,239,10,11/06/2026
INV006556,CP007,P0556,56,13,81,10,11/06/2026
INV006557,CP007,P0557,9,5,30,5,11/06/2026
INV006558,CP007,P0558,362,69,494,14,11/06/2026
INV006559,CP007,P0559,26,8,63,14,11/06/2026
INV006560,CP007,P0560,46,11,97,3,11/06/2026
INV006561,CP007,P0561,123,14,140,10,11/06/2026
INV006562,CP007,P0562,59,24,233,7,11/06/2026
INV006563,CP007,P0563,244,33,264,5,11/06/2026
INV006564,CP007,P0564,141,30,201,14,11/06/2026
INV006565,CP007,P0565,110,49,388,5,11/06/2026
INV006566,CP007,P0566,53,16,98,7,11/06/2026
INV006567,CP007,P0567,230,42,378,7,11/06/2026
INV006568,CP007,P0568,88,20,116,7,11/06/2026
INV006569,CP007,P0569,27,18,127,14,11/06/2026
INV006570,CP007,P0570,75,15,111,14,11/06/2026
INV006571,CP007,P0571,60,19,116,7,11/06/2026
INV006572,CP007,P0572,63,25,140,14,11/06/2026
INV006573,CP007,P0573,101,23,130,5,11/06/2026
INV006574,CP007,P0574,59,23,191,3,11/06/2026
INV006575,CP007,P0575,67,13,103,5,11/06/2026
INV006576,CP007,P0576,49,20,116,3,11/06/2026
INV006577,CP007,P0577,91,27,290,5,11/06/2026
INV006578,CP007,P0578,77,24,185,3,11/06/2026
INV006579,CP007,P0579,25,5,30,3,11/06/2026
INV006580,CP007,P0580,61,43,352,3,11/06/2026
INV006581,CP007,P0581,144,26,211,7,11/06/2026
INV006582,CP007,P0582,41,23,195,14,11/06/2026
INV006583,CP007,P0583,136,31,163,3,11/06/2026
INV006584,CP007,P0584,116,28,177,7,11/06/2026
INV006585,CP007,P0585,238,48,276,3,11/06/2026
INV006586,CP007,P0586,95,27,208,5,11/06/2026
INV006587,CP007,P0587,128,19,162,5,11/06/2026
INV006588,CP007,P0588,62,15,94,7,11/06/2026
INV006589,CP007,P0589,15,5,30,3,11/06/2026
INV006590,CP007,P0590,145,55,459,14,11/06/2026
INV006591,CP007,P0591,185,44,281,5,11/06/2026
INV006592,CP007,P0592,57,27,213,5,11/06/2026
INV006593,CP007,P0593,170,44,305,14,11/06/2026
INV006594,CP007,P0594,51,19,122,5,11/06/2026
INV006595,CP007,P0595,186,36,212,5,11/06/2026
INV006596,CP007,P0596,182,53,381,14,11/06/2026
INV006597,CP007,P0597,7,6,43,5,11/06/2026
INV006598,CP007,P0598,105,48,461,3,11/06/2026
INV006599,CP007,P0599,57,39,371,10,11/06/2026
INV006600,CP007,P0600,44,24,219,10,11/06/2026
INV006601,CP007,P0601,47,19,171,10,11/06/2026
INV006602,CP007,P0602,83,20,212,7,11/06/2026
INV006603,CP007,P0603,27,22,125,14,11/06/2026
INV006604,CP007,P0604,15,5,30,10,11/06/2026
INV006605,CP007,P0605,274,55,400,5,11/06/2026
INV006606,CP007,P0606,362,51,423,10,11/06/2026
INV006607,CP007,P0607,91,18,94,7,11/06/2026
INV006608,CP007,P0608,21,5,30,7,11/06/2026
INV006609,CP007,P0609,82,66,343,10,11/06/2026
INV006610,CP007,P0610,112,35,234,5,11/06/2026
INV006611,CP007,P0611,40,18,130,3,11/06/2026
INV006612,CP007,P0612,62,67,613,10,11/06/2026
INV006613,CP007,P0613,191,30,222,14,11/06/2026
INV006614,CP007,P0614,67,20,170,14,11/06/2026
INV006615,CP007,P0615,165,56,421,14,11/06/2026
INV006616,CP007,P0616,121,23,181,10,11/06/2026
INV006617,CP007,P0617,53,23,184,3,11/06/2026
INV006618,CP007,P0618,23,13,112,14,11/06/2026
INV006619,CP007,P0619,156,19,206,10,11/06/2026
INV006620,CP007,P0620,118,13,124,5,11/06/2026
INV006621,CP007,P0621,292,60,484,7,11/06/2026
INV006622,CP007,P0622,52,21,174,3,11/06/2026
INV006623,CP007,P0623,77,25,269,7,11/06/2026
INV006624,CP007,P0624,20,5,30,10,11/06/2026
INV006625,CP007,P0625,367,50,449,7,11/06/2026
INV006626,CP007,P0626,140,26,181,14,11/06/2026
INV006627,CP007,P0627,37,5,53,14,11/06/2026
INV006628,CP007,P0628,10,5,30,5,11/06/2026
INV006629,CP007,P0629,50,26,162,14,11/06/2026
INV006630,CP007,P0630,175,82,771,10,11/06/2026
INV006631,CP007,P0631,54,20,143,14,11/06/2026
INV006632,CP007,P0632,109,25,207,7,11/06/2026
INV006633,CP007,P0633,72,25,163,10,11/06/2026
INV006634,CP007,P0634,213,30,277,14,11/06/2026
INV006635,CP007,P0635,120,17,206,14,11/06/2026
INV006636,CP007,P0636,17,19,129,3,11/06/2026
INV006637,CP007,P0637,26,26,290,14,11/06/2026
INV006638,CP007,P0638,36,30,223,7,11/06/2026
INV006639,CP007,P0639,49,46,373,5,11/06/2026
INV006640,CP007,P0640,45,36,300,3,11/06/2026
INV006641,CP007,P0641,65,26,219,3,11/06/2026
INV006642,CP007,P0642,97,25,160,10,11/06/2026
INV006643,CP007,P0643,55,30,195,3,11/06/2026
INV006644,CP007,P0644,22,8,42,5,11/06/2026
INV006645,CP007,P0645,129,22,143,10,11/06/2026
INV006646,CP007,P0646,86,64,354,5,11/06/2026
INV006647,CP007,P0647,193,40,293,10,11/06/2026
INV006648,CP007,P0648,37,26,217,14,11/06/2026
INV006649,CP007,P0649,29,22,149,7,11/06/2026
INV006650,CP007,P0650,15,6,39,10,11/06/2026
INV006651,CP007,P0651,83,32,168,3,11/06/2026
INV006652,CP007,P0652,82,23,228,5,11/06/2026
INV006653,CP007,P0653,64,36,264,10,11/06/2026
INV006654,CP007,P0654,83,16,108,10,11/06/2026
INV006655,CP007,P0655,45,30,181,10,11/06/2026
INV006656,CP007,P0656,13,5,38,5,11/06/2026
INV006657,CP007,P0657,76,15,112,14,11/06/2026
INV006658,CP007,P0658,22,5,56,14,11/06/2026
INV006659,CP007,P0659,20,6,36,14,11/06/2026
INV006660,CP007,P0660,78,23,137,7,11/06/2026
INV006661,CP007,P0661,19,5,46,10,11/06/2026
INV006662,CP007,P0662,120,28,141,7,11/06/2026
INV006663,CP007,P0663,172,34,191,3,11/06/2026
INV006664,CP007,P0664,105,15,119,3,11/06/2026
INV006665,CP007,P0665,78,24,242,14,11/06/2026
INV006666,CP007,P0666,126,22,161,5,11/06/2026
INV006667,CP007,P0667,250,28,298,14,11/06/2026
INV006668,CP007,P0668,142,21,199,7,11/06/2026
INV006669,CP007,P0669,90,33,182,5,11/06/2026
INV006670,CP007,P0670,69,16,146,5,11/06/2026
INV006671,CP007,P0671,180,58,349,5,11/06/2026
INV006672,CP007,P0672,137,20,158,3,11/06/2026
INV006673,CP007,P0673,139,27,187,7,11/06/2026
INV006674,CP007,P0674,92,59,473,5,11/06/2026
INV006675,CP007,P0675,20,15,106,14,11/06/2026
INV006676,CP007,P0676,42,16,104,3,11/06/2026
INV006677,CP007,P0677,42,14,149,7,11/06/2026
INV006678,CP007,P0678,24,5,30,7,11/06/2026
INV006679,CP007,P0679,105,46,399,5,11/06/2026
INV006680,CP007,P0680,169,59,521,7,11/06/2026
INV006681,CP007,P0681,143,33,244,5,11/06/2026
INV006682,CP007,P0682,19,18,84,7,11/06/2026
INV006683,CP007,P0683,198,70,680,3,11/06/2026
INV006684,CP007,P0684,229,23,253,14,11/06/2026
INV006685,CP007,P0685,39,18,123,14,11/06/2026
INV006686,CP007,P0686,171,28,210,7,11/06/2026
INV006687,CP007,P0687,111,19,154,10,11/06/2026
INV006688,CP007,P0688,45,19,155,5,11/06/2026
INV006689,CP007,P0689,12,8,41,14,11/06/2026
INV006690,CP007,P0690,158,54,455,14,11/06/2026
INV006691,CP007,P0691,167,24,248,14,11/06/2026
INV006692,CP007,P0692,88,22,176,10,11/06/2026
INV006693,CP007,P0693,27,23,125,14,11/06/2026
INV006694,CP007,P0694,200,51,477,10,11/06/2026
INV006695,CP007,P0695,77,17,116,10,11/06/2026
INV006696,CP007,P0696,237,42,290,7,11/06/2026
INV006697,CP007,P0697,8,5,30,14,11/06/2026
INV006698,CP007,P0698,70,19,134,5,11/06/2026
INV006699,CP007,P0699,113,13,139,3,11/06/2026
INV006700,CP007,P0700,186,42,435,10,11/06/2026
INV006701,CP007,P0701,64,22,160,3,11/06/2026
INV006702,CP007,P0702,19,5,34,5,11/06/2026
INV006703,CP007,P0703,35,17,148,7,11/06/2026
INV006704,CP007,P0704,271,54,346,10,11/06/2026
INV006705,CP007,P0705,77,15,90,7,11/06/2026
INV006706,CP007,P0706,33,11,99,7,11/06/2026
INV006707,CP007,P0707,139,21,140,7,11/06/2026
INV006708,CP007,P0708,5,5,30,10,11/06/2026
INV006709,CP007,P0709,156,42,348,5,11/06/2026
INV006710,CP007,P0710,6,5,30,5,11/06/2026
INV006711,CP007,P0711,158,26,165,10,11/06/2026
INV006712,CP007,P0712,27,26,157,10,11/06/2026
INV006713,CP007,P0713,92,86,599,14,11/06/2026
INV006714,CP007,P0714,28,21,168,10,11/06/2026
INV006715,CP007,P0715,104,24,159,7,11/06/2026
INV006716,CP007,P0716,80,13,112,3,11/06/2026
INV006717,CP007,P0717,138,23,149,14,11/06/2026
INV006718,CP007,P0718,117,23,172,14,11/06/2026
INV006719,CP007,P0719,18,5,30,3,11/06/2026
INV006720,CP007,P0720,14,5,42,10,11/06/2026
INV006721,CP007,P0721,84,19,109,3,11/06/2026
INV006722,CP007,P0722,11,13,146,10,11/06/2026
INV006723,CP007,P0723,9,5,39,14,11/06/2026
INV006724,CP007,P0724,27,16,136,7,11/06/2026
INV006725,CP007,P0725,69,63,453,7,11/06/2026
INV006726,CP007,P0726,182,40,305,14,11/06/2026
INV006727,CP007,P0727,246,61,705,14,11/06/2026
INV006728,CP007,P0728,112,25,150,7,11/06/2026
INV006729,CP007,P0729,117,22,235,14,11/06/2026
INV006730,CP007,P0730,37,31,252,14,11/06/2026
INV006731,CP007,P0731,134,36,280,5,11/06/2026
INV006732,CP007,P0732,25,12,143,5,11/06/2026
INV006733,CP007,P0733,73,28,156,7,11/06/2026
INV006734,CP007,P0734,24,8,50,5,11/06/2026
INV006735,CP007,P0735,70,22,151,7,11/06/2026
INV006736,CP007,P0736,104,22,149,7,11/06/2026
INV006737,CP007,P0737,146,26,184,7,11/06/2026
INV006738,CP007,P0738,155,44,330,3,11/06/2026
INV006739,CP007,P0739,102,28,182,10,11/06/2026
INV006740,CP007,P0740,33,30,215,7,11/06/2026
INV006741,CP007,P0741,84,39,274,14,11/06/2026
INV006742,CP007,P0742,98,18,121,14,11/06/2026
INV006743,CP007,P0743,214,37,318,10,11/06/2026
INV006744,CP007,P0744,57,47,390,10,11/06/2026
INV006745,CP007,P0745,92,30,213,10,11/06/2026
INV006746,CP007,P0746,60,20,133,10,11/06/2026
INV006747,CP007,P0747,28,19,136,14,11/06/2026
INV006748,CP007,P0748,123,25,143,10,11/06/2026
INV006749,CP007,P0749,48,31,214,7,11/06/2026
INV006750,CP007,P0750,104,37,269,10,11/06/2026
INV006751,CP007,P0751,140,63,530,3,11/06/2026
INV006752,CP007,P0752,40,19,202,7,11/06/2026
INV006753,CP007,P0753,31,16,122,10,11/06/2026
INV006754,CP007,P0754,23,8,43,14,11/06/2026
INV006755,CP007,P0755,32,19,151,3,11/06/2026
INV006756,CP007,P0756,85,54,401,10,11/06/2026
INV006757,CP007,P0757,26,6,50,7,11/06/2026
INV006758,CP007,P0758,350,66,487,5,11/06/2026
INV006759,CP007,P0759,130,31,173,7,11/06/2026
INV006760,CP007,P0760,138,19,162,5,11/06/2026
INV006761,CP007,P0761,76,25,137,14,11/06/2026
INV006762,CP007,P0762,75,17,128,14,11/06/2026
INV006763,CP007,P0763,10,5,30,7,11/06/2026
INV006764,CP007,P0764,76,19,124,14,11/06/2026
INV006765,CP007,P0765,382,53,475,10,11/06/2026
INV006766,CP007,P0766,17,5,30,5,11/06/2026
INV006767,CP007,P0767,74,30,164,3,11/06/2026
INV006768,CP007,P0768,447,69,480,5,11/06/2026
INV006769,CP007,P0769,36,7,48,3,11/06/2026
INV006770,CP007,P0770,84,16,116,14,11/06/2026
INV006771,CP007,P0771,51,24,193,3,11/06/2026
INV006772,CP007,P0772,55,22,182,14,11/06/2026
INV006773,CP007,P0773,103,24,162,3,11/06/2026
INV006774,CP007,P0774,138,54,425,7,11/06/2026
INV006775,CP007,P0775,58,28,198,3,11/06/2026
INV006776,CP007,P0776,37,20,199,3,11/06/2026
INV006777,CP007,P0777,18,5,30,3,11/06/2026
INV006778,CP007,P0778,49,22,190,5,11/06/2026
INV006779,CP007,P0779,102,35,244,10,11/06/2026
INV006780,CP007,P0780,16,9,63,5,11/06/2026
INV006781,CP007,P0781,90,40,232,5,11/06/2026
INV006782,CP007,P0782,27,23,240,5,11/06/2026
INV006783,CP007,P0783,34,21,221,7,11/06/2026
INV006784,CP007,P0784,13,5,30,5,11/06/2026
INV006785,CP007,P0785,49,24,175,14,11/06/2026
INV006786,CP007,P0786,13,5,30,7,11/06/2026
INV006787,CP007,P0787,96,34,167,7,11/06/2026
INV006788,CP007,P0788,24,21,159,7,11/06/2026
INV006789,CP007,P0789,101,36,292,3,11/06/2026
INV006790,CP007,P0790,41,27,149,3,11/06/2026
INV006791,CP007,P0791,79,17,90,10,11/06/2026
INV006792,CP007,P0792,24,21,168,10,11/06/2026
INV006793,CP007,P0793,16,5,30,10,11/06/2026
INV006794,CP007,P0794,8,5,48,7,11/06/2026
INV006795,CP007,P0795,44,32,155,14,11/06/2026
INV006796,CP007,P0796,57,21,160,3,11/06/2026
INV006797,CP007,P0797,33,19,144,14,11/06/2026
INV006798,CP007,P0798,99,21,145,5,11/06/2026
INV006799,CP007,P0799,280,54,510,10,11/06/2026
INV006800,CP007,P0800,13,13,95,3,11/06/2026
INV006801,CP007,P0801,34,6,41,7,11/06/2026
INV006802,CP007,P0802,39,24,232,3,11/06/2026
INV006803,CP007,P0803,41,35,299,5,11/06/2026
INV006804,CP007,P0804,89,47,362,14,11/06/2026
INV006805,CP007,P0805,8,5,30,3,11/06/2026
INV006806,CP007,P0806,57,9,100,7,11/06/2026
INV006807,CP007,P0807,71,20,92,7,11/06/2026
INV006808,CP007,P0808,66,21,114,5,11/06/2026
INV006809,CP007,P0809,209,27,258,10,11/06/2026
INV006810,CP007,P0810,99,15,130,7,11/06/2026
INV006811,CP007,P0811,188,28,232,3,11/06/2026
INV006812,CP007,P0812,104,27,173,3,11/06/2026
INV006813,CP007,P0813,151,48,516,7,11/06/2026
INV006814,CP007,P0814,17,7,43,14,11/06/2026
INV006815,CP007,P0815,126,29,182,3,11/06/2026
INV006816,CP007,P0816,45,9,74,7,11/06/2026
INV006817,CP007,P0817,61,18,173,10,11/06/2026
INV006818,CP007,P0818,166,66,426,10,11/06/2026
INV006819,CP007,P0819,235,37,316,14,11/06/2026
INV006820,CP007,P0820,84,14,101,14,11/06/2026
INV006821,CP007,P0821,102,19,151,5,11/06/2026
INV006822,CP007,P0822,94,21,124,7,11/06/2026
INV006823,CP007,P0823,228,36,268,3,11/06/2026
INV006824,CP007,P0824,91,36,233,10,11/06/2026
INV006825,CP007,P0825,26,17,178,14,11/06/2026
INV006826,CP007,P0826,29,21,107,10,11/06/2026
INV006827,CP007,P0827,35,18,111,5,11/06/2026
INV006828,CP007,P0828,88,44,415,7,11/06/2026
INV006829,CP007,P0829,58,32,283,7,11/06/2026
INV006830,CP007,P0830,118,19,182,10,11/06/2026
INV006831,CP007,P0831,42,18,209,7,11/06/2026
INV006832,CP007,P0832,148,35,310,7,11/06/2026
INV006833,CP007,P0833,27,22,182,3,11/06/2026
INV006834,CP007,P0834,33,6,44,3,11/06/2026
INV006835,CP007,P0835,33,17,141,10,11/06/2026
INV006836,CP007,P0836,40,42,335,14,11/06/2026
INV006837,CP007,P0837,29,21,122,7,11/06/2026
INV006838,CP007,P0838,59,22,176,14,11/06/2026
INV006839,CP007,P0839,315,72,374,10,11/06/2026
INV006840,CP007,P0840,88,16,108,14,11/06/2026
INV006841,CP007,P0841,84,27,161,10,11/06/2026
INV006842,CP007,P0842,42,34,301,3,11/06/2026
INV006843,CP007,P0843,220,37,247,10,11/06/2026
INV006844,CP007,P0844,126,67,405,14,11/06/2026
INV006845,CP007,P0845,88,33,353,10,11/06/2026
INV006846,CP007,P0846,16,8,51,3,11/06/2026
INV006847,CP007,P0847,76,14,114,5,11/06/2026
INV006848,CP007,P0848,149,26,199,10,11/06/2026
INV006849,CP007,P0849,210,43,367,10,11/06/2026
INV006850,CP007,P0850,43,26,193,10,11/06/2026
INV006851,CP007,P0851,141,17,145,3,11/06/2026
INV006852,CP007,P0852,11,5,30,7,11/06/2026
INV006853,CP007,P0853,33,21,190,3,11/06/2026
INV006854,CP007,P0854,51,25,175,14,11/06/2026
INV006855,CP007,P0855,151,69,746,10,11/06/2026
INV006856,CP007,P0856,23,6,30,7,11/06/2026
INV006857,CP007,P0857,52,38,276,5,11/06/2026
INV006858,CP007,P0858,56,18,91,10,11/06/2026
INV006859,CP007,P0859,48,25,282,5,11/06/2026
INV006860,CP007,P0860,187,22,218,14,11/06/2026
INV006861,CP007,P0861,79,22,111,14,11/06/2026
INV006862,CP007,P0862,156,54,326,7,11/06/2026
INV006863,CP007,P0863,147,58,375,3,11/06/2026
INV006864,CP007,P0864,95,49,406,7,11/06/2026
INV006865,CP007,P0865,64,10,91,10,11/06/2026
INV006866,CP007,P0866,196,52,491,7,11/06/2026
INV006867,CP007,P0867,79,16,103,3,11/06/2026
INV006868,CP007,P0868,65,18,109,14,11/06/2026
INV006869,CP007,P0869,56,13,134,5,11/06/2026
INV006870,CP007,P0870,156,33,265,7,11/06/2026
INV006871,CP007,P0871,8,5,33,14,11/06/2026
INV006872,CP007,P0872,6,5,30,3,11/06/2026
INV006873,CP007,P0873,36,8,55,3,11/06/2026
INV006874,CP007,P0874,72,23,133,5,11/06/2026
INV006875,CP007,P0875,18,5,30,5,11/06/2026
INV006876,CP007,P0876,30,25,171,5,11/06/2026
INV006877,CP007,P0877,112,21,149,14,11/06/2026
INV006878,CP007,P0878,229,36,301,10,11/06/2026
INV006879,CP007,P0879,64,12,87,7,11/06/2026
INV006880,CP007,P0880,108,19,187,3,11/06/2026
INV006881,CP007,P0881,28,5,59,14,11/06/2026
INV006882,CP007,P0882,80,49,366,7,11/06/2026
INV006883,CP007,P0883,20,9,60,10,11/06/2026
INV006884,CP007,P0884,88,30,155,10,11/06/2026
INV006885,CP007,P0885,12,5,30,5,11/06/2026
INV006886,CP007,P0886,16,5,30,3,11/06/2026
INV006887,CP007,P0887,23,17,78,14,11/06/2026
INV006888,CP007,P0888,110,65,529,3,11/06/2026
INV006889,CP007,P0889,20,5,30,7,11/06/2026
INV006890,CP007,P0890,74,20,147,5,11/06/2026
INV006891,CP007,P0891,89,19,139,7,11/06/2026
INV006892,CP007,P0892,234,42,299,14,11/06/2026
INV006893,CP007,P0893,91,31,234,7,11/06/2026
INV006894,CP007,P0894,158,41,261,7,11/06/2026
INV006895,CP007,P0895,191,28,230,3,11/06/2026
INV006896,CP007,P0896,29,22,148,14,11/06/2026
INV006897,CP007,P0897,13,5,30,5,11/06/2026
INV006898,CP007,P0898,123,38,278,10,11/06/2026
INV006899,CP007,P0899,81,21,126,3,11/06/2026
INV006900,CP007,P0900,30,34,197,14,11/06/2026
INV006901,CP007,P0901,34,24,199,10,11/06/2026
INV006902,CP007,P0902,184,65,380,5,11/06/2026
INV006903,CP007,P0903,45,16,162,7,11/06/2026
INV006904,CP007,P0904,60,20,184,5,11/06/2026
INV006905,CP007,P0905,53,20,141,10,11/06/2026
INV006906,CP007,P0906,44,24,213,14,11/06/2026
INV006907,CP007,P0907,31,10,54,10,11/06/2026
INV006908,CP007,P0908,21,22,179,10,11/06/2026
INV006909,CP007,P0909,161,26,265,3,11/06/2026
INV006910,CP007,P0910,103,50,456,7,11/06/2026
INV006911,CP007,P0911,73,24,175,3,11/06/2026
INV006912,CP007,P0912,83,20,110,10,11/06/2026
INV006913,CP007,P0913,239,46,274,5,11/06/2026
INV006914,CP007,P0914,121,27,281,10,11/06/2026
INV006915,CP007,P0915,25,6,37,10,11/06/2026
INV006916,CP007,P0916,79,23,120,3,11/06/2026
INV006917,CP007,P0917,27,16,115,3,11/06/2026
INV006918,CP007,P0918,255,28,288,14,11/06/2026
INV006919,CP007,P0919,88,33,282,7,11/06/2026
INV006920,CP007,P0920,357,78,463,10,11/06/2026
INV006921,CP007,P0921,9,5,30,7,11/06/2026
INV006922,CP007,P0922,538,64,668,3,11/06/2026
INV006923,CP007,P0923,45,29,167,3,11/06/2026
INV006924,CP007,P0924,114,61,515,14,11/06/2026
INV006925,CP007,P0925,162,29,239,5,11/06/2026
INV006926,CP007,P0926,176,42,226,7,11/06/2026
INV006927,CP007,P0927,77,22,196,14,11/06/2026
INV006928,CP007,P0928,47,14,80,3,11/06/2026
INV006929,CP007,P0929,52,14,90,7,11/06/2026
INV006930,CP007,P0930,152,47,360,7,11/06/2026
INV006931,CP007,P0931,44,13,82,7,11/06/2026
INV006932,CP007,P0932,30,21,109,7,11/06/2026
INV006933,CP007,P0933,60,9,81,10,11/06/2026
INV006934,CP007,P0934,134,29,238,10,11/06/2026
INV006935,CP007,P0935,32,24,254,5,11/06/2026
INV006936,CP007,P0936,201,38,337,14,11/06/2026
INV006937,CP007,P0937,26,12,58,10,11/06/2026
INV006938,CP007,P0938,103,28,162,14,11/06/2026
INV006939,CP007,P0939,145,33,361,7,11/06/2026
INV006940,CP007,P0940,21,15,123,3,11/06/2026
INV006941,CP007,P0941,59,20,225,5,11/06/2026
INV006942,CP007,P0942,282,75,494,10,11/06/2026
INV006943,CP007,P0943,5,5,30,7,11/06/2026
INV006944,CP007,P0944,53,34,227,3,11/06/2026
INV006945,CP007,P0945,26,19,133,5,11/06/2026
INV006946,CP007,P0946,46,31,222,10,11/06/2026
INV006947,CP007,P0947,61,14,114,3,11/06/2026
INV006948,CP007,P0948,29,6,30,7,11/06/2026
INV006949,CP007,P0949,241,47,298,14,11/06/2026
INV006950,CP007,P0950,68,17,102,10,11/06/2026
INV006951,CP007,P0951,121,52,363,10,11/06/2026
INV006952,CP007,P0952,155,29,245,5,11/06/2026
INV006953,CP007,P0953,114,21,204,10,11/06/2026
INV006954,CP007,P0954,24,5,30,3,11/06/2026
INV006955,CP007,P0955,157,32,236,3,11/06/2026
INV006956,CP007,P0956,31,12,87,14,11/06/2026
INV006957,CP007,P0957,53,18,148,10,11/06/2026
INV006958,CP007,P0958,132,63,538,3,11/06/2026
INV006959,CP007,P0959,119,64,660,7,11/06/2026
INV006960,CP007,P0960,56,22,174,14,11/06/2026
INV006961,CP007,P0961,128,66,432,7,11/06/2026
INV006962,CP007,P0962,65,33,197,3,11/06/2026
INV006963,CP007,P0963,101,18,138,10,11/06/2026
INV006964,CP007,P0964,22,21,132,10,11/06/2026
INV006965,CP007,P0965,134,22,138,7,11/06/2026
INV006966,CP007,P0966,226,37,261,3,11/06/2026
INV006967,CP007,P0967,137,19,162,10,11/06/2026
INV006968,CP007,P0968,127,28,178,10,11/06/2026
INV006969,CP007,P0969,35,18,128,3,11/06/2026
INV006970,CP007,P0970,116,49,373,14,11/06/2026
INV006971,CP007,P0971,6,5,30,5,11/06/2026
INV006972,CP007,P0972,53,25,201,10,11/06/2026
INV006973,CP007,P0973,118,24,159,5,11/06/2026
INV006974,CP007,P0974,24,5,38,7,11/06/2026
INV006975,CP007,P0975,128,30,213,14,11/06/2026
INV006976,CP007,P0976,107,25,261,5,11/06/2026
INV006977,CP007,P0977,62,18,152,3,11/06/2026
INV006978,CP007,P0978,32,7,42,10,11/06/2026
INV006979,CP007,P0979,29,29,203,3,11/06/2026
INV006980,CP007,P0980,116,28,204,3,11/06/2026
INV006981,CP007,P0981,98,70,412,10,11/06/2026
INV006982,CP007,P0982,16,7,52,5,11/06/2026
INV006983,CP007,P0983,29,11,70,10,11/06/2026
INV006984,CP007,P0984,48,12,100,7,11/06/2026
INV006985,CP007,P0985,17,10,90,5,11/06/2026
INV006986,CP007,P0986,99,61,541,14,11/06/2026
INV006987,CP007,P0987,36,8,60,5,11/06/2026
INV006988,CP007,P0988,21,6,39,7,11/06/2026
INV006989,CP007,P0989,9,7,34,3,11/06/2026
INV006990,CP007,P0990,62,37,187,14,11/06/2026
INV006991,CP007,P0991,59,31,177,10,11/06/2026
INV006992,CP007,P0992,18,5,30,3,11/06/2026
INV006993,CP007,P0993,50,22,229,5,11/06/2026
INV006994,CP007,P0994,28,19,118,5,11/06/2026
INV006995,CP007,P0995,26,18,140,7,11/06/2026
INV006996,CP007,P0996,109,21,149,7,11/06/2026
INV006997,CP007,P0997,94,21,121,3,11/06/2026
INV006998,CP007,P0998,42,36,252,5,11/06/2026
INV006999,CP007,P0999,152,24,236,3,11/06/2026
INV007000,CP007,P1000,52,17,141,14,11/06/2026
INV007001,CP008,P0001,306,58,484,5,11/06/2026
INV007002,CP008,P0002,46,22,167,10,11/06/2026
INV007003,CP008,P0003,325,59,398,7,11/06/2026
INV007004,CP008,P0004,163,77,623,3,11/06/2026
INV007005,CP008,P0005,202,67,308,5,11/06/2026
INV007006,CP008,P0006,99,25,233,14,11/06/2026
INV007007,CP008,P0007,39,20,187,7,11/06/2026
INV007008,CP008,P0008,84,20,122,5,11/06/2026
INV007009,CP008,P0009,64,27,213,3,11/06/2026
INV007010,CP008,P0010,41,18,166,5,11/06/2026
INV007011,CP008,P0011,78,58,445,14,11/06/2026
INV007012,CP008,P0012,34,5,59,10,11/06/2026
INV007013,CP008,P0013,132,20,172,14,11/06/2026
INV007014,CP008,P0014,53,16,146,14,11/06/2026
INV007015,CP008,P0015,34,6,56,5,11/06/2026
INV007016,CP008,P0016,66,22,180,3,11/06/2026
INV007017,CP008,P0017,93,17,122,3,11/06/2026
INV007018,CP008,P0018,115,24,173,5,11/06/2026
INV007019,CP008,P0019,151,65,550,3,11/06/2026
INV007020,CP008,P0020,116,56,387,7,11/06/2026
INV007021,CP008,P0021,108,26,131,14,11/06/2026
INV007022,CP008,P0022,123,35,207,3,11/06/2026
INV007023,CP008,P0023,230,70,480,7,11/06/2026
INV007024,CP008,P0024,24,13,107,3,11/06/2026
INV007025,CP008,P0025,87,18,156,14,11/06/2026
INV007026,CP008,P0026,82,25,202,7,11/06/2026
INV007027,CP008,P0027,52,31,187,10,11/06/2026
INV007028,CP008,P0028,30,5,35,7,11/06/2026
INV007029,CP008,P0029,15,5,34,5,11/06/2026
INV007030,CP008,P0030,211,36,259,3,11/06/2026
INV007031,CP008,P0031,63,23,218,7,11/06/2026
INV007032,CP008,P0032,119,49,489,5,11/06/2026
INV007033,CP008,P0033,68,15,94,10,11/06/2026
INV007034,CP008,P0034,47,19,119,5,11/06/2026
INV007035,CP008,P0035,30,6,66,14,11/06/2026
INV007036,CP008,P0036,10,5,30,3,11/06/2026
INV007037,CP008,P0037,263,65,418,14,11/06/2026
INV007038,CP008,P0038,29,7,66,14,11/06/2026
INV007039,CP008,P0039,139,25,151,10,11/06/2026
INV007040,CP008,P0040,35,26,213,3,11/06/2026
INV007041,CP008,P0041,43,11,74,3,11/06/2026
INV007042,CP008,P0042,109,31,206,5,11/06/2026
INV007043,CP008,P0043,117,25,176,3,11/06/2026
INV007044,CP008,P0044,189,33,239,3,11/06/2026
INV007045,CP008,P0045,34,29,167,14,11/06/2026
INV007046,CP008,P0046,68,26,136,3,11/06/2026
INV007047,CP008,P0047,67,26,133,10,11/06/2026
INV007048,CP008,P0048,28,16,170,5,11/06/2026
INV007049,CP008,P0049,75,20,200,10,11/06/2026
INV007050,CP008,P0050,119,21,203,3,11/06/2026
INV007051,CP008,P0051,87,28,160,5,11/06/2026
INV007052,CP008,P0052,76,25,185,3,11/06/2026
INV007053,CP008,P0053,54,8,69,14,11/06/2026
INV007054,CP008,P0054,220,66,502,3,11/06/2026
INV007055,CP008,P0055,33,32,333,3,11/06/2026
INV007056,CP008,P0056,40,26,216,7,11/06/2026
INV007057,CP008,P0057,120,26,307,5,11/06/2026
INV007058,CP008,P0058,39,22,207,14,11/06/2026
INV007059,CP008,P0059,69,14,91,3,11/06/2026
INV007060,CP008,P0060,18,17,127,14,11/06/2026
INV007061,CP008,P0061,151,22,192,14,11/06/2026
INV007062,CP008,P0062,140,37,276,3,11/06/2026
INV007063,CP008,P0063,57,32,168,10,11/06/2026
INV007064,CP008,P0064,10,5,52,5,11/06/2026
INV007065,CP008,P0065,89,15,125,3,11/06/2026
INV007066,CP008,P0066,172,31,239,10,11/06/2026
INV007067,CP008,P0067,41,8,73,3,11/06/2026
INV007068,CP008,P0068,258,61,520,7,11/06/2026
INV007069,CP008,P0069,102,25,168,5,11/06/2026
INV007070,CP008,P0070,163,69,333,3,11/06/2026
INV007071,CP008,P0071,59,23,173,14,11/06/2026
INV007072,CP008,P0072,99,26,162,5,11/06/2026
INV007073,CP008,P0073,24,16,93,5,11/06/2026
INV007074,CP008,P0074,24,14,99,14,11/06/2026
INV007075,CP008,P0075,27,17,140,5,11/06/2026
INV007076,CP008,P0076,29,19,176,5,11/06/2026
INV007077,CP008,P0077,26,17,118,5,11/06/2026
INV007078,CP008,P0078,103,32,257,5,11/06/2026
INV007079,CP008,P0079,76,28,214,5,11/06/2026
INV007080,CP008,P0080,56,23,208,5,11/06/2026
INV007081,CP008,P0081,67,20,138,14,11/06/2026
INV007082,CP008,P0082,92,22,141,5,11/06/2026
INV007083,CP008,P0083,41,21,126,7,11/06/2026
INV007084,CP008,P0084,11,5,30,5,11/06/2026
INV007085,CP008,P0085,62,13,94,3,11/06/2026
INV007086,CP008,P0086,216,48,286,10,11/06/2026
INV007087,CP008,P0087,36,27,163,7,11/06/2026
INV007088,CP008,P0088,160,33,234,7,11/06/2026
INV007089,CP008,P0089,24,17,151,3,11/06/2026
INV007090,CP008,P0090,64,21,143,14,11/06/2026
INV007091,CP008,P0091,68,18,176,7,11/06/2026
INV007092,CP008,P0092,30,18,186,5,11/06/2026
INV007093,CP008,P0093,107,21,150,10,11/06/2026
INV007094,CP008,P0094,52,30,206,5,11/06/2026
INV007095,CP008,P0095,67,23,172,14,11/06/2026
INV007096,CP008,P0096,36,10,59,14,11/06/2026
INV007097,CP008,P0097,169,20,174,10,11/06/2026
INV007098,CP008,P0098,96,22,169,3,11/06/2026
INV007099,CP008,P0099,50,16,155,14,11/06/2026
INV007100,CP008,P0100,117,22,207,7,11/06/2026
INV007101,CP008,P0101,373,65,510,10,11/06/2026
INV007102,CP008,P0102,137,44,363,7,11/06/2026
INV007103,CP008,P0103,42,20,197,7,11/06/2026
INV007104,CP008,P0104,79,21,117,14,11/06/2026
INV007105,CP008,P0105,119,22,225,10,11/06/2026
INV007106,CP008,P0106,101,15,105,5,11/06/2026
INV007107,CP008,P0107,192,68,521,10,11/06/2026
INV007108,CP008,P0108,135,26,170,14,11/06/2026
INV007109,CP008,P0109,22,17,132,7,11/06/2026
INV007110,CP008,P0110,116,19,170,10,11/06/2026
INV007111,CP008,P0111,161,27,194,5,11/06/2026
INV007112,CP008,P0112,60,22,113,10,11/06/2026
INV007113,CP008,P0113,142,48,298,3,11/06/2026
INV007114,CP008,P0114,4,5,30,14,11/06/2026
INV007115,CP008,P0115,19,14,143,5,11/06/2026
INV007116,CP008,P0116,22,17,111,10,11/06/2026
INV007117,CP008,P0117,312,86,754,10,11/06/2026
INV007118,CP008,P0118,27,5,30,5,11/06/2026
INV007119,CP008,P0119,86,22,152,7,11/06/2026
INV007120,CP008,P0120,39,8,63,10,11/06/2026
INV007121,CP008,P0121,127,25,215,7,11/06/2026
INV007122,CP008,P0122,111,47,392,7,11/06/2026
INV007123,CP008,P0123,88,17,133,5,11/06/2026
INV007124,CP008,P0124,61,28,148,5,11/06/2026
INV007125,CP008,P0125,185,31,260,14,11/06/2026
INV007126,CP008,P0126,70,18,179,14,11/06/2026
INV007127,CP008,P0127,87,23,126,3,11/06/2026
INV007128,CP008,P0128,113,27,188,14,11/06/2026
INV007129,CP008,P0129,77,28,277,5,11/06/2026
INV007130,CP008,P0130,184,28,230,3,11/06/2026
INV007131,CP008,P0131,86,28,167,10,11/06/2026
INV007132,CP008,P0132,85,32,161,5,11/06/2026
INV007133,CP008,P0133,37,29,178,3,11/06/2026
INV007134,CP008,P0134,192,26,239,14,11/06/2026
INV007135,CP008,P0135,75,21,207,14,11/06/2026
INV007136,CP008,P0136,9,5,49,10,11/06/2026
INV007137,CP008,P0137,138,24,146,7,11/06/2026
INV007138,CP008,P0138,29,7,65,7,11/06/2026
INV007139,CP008,P0139,45,19,118,14,11/06/2026
INV007140,CP008,P0140,68,27,203,14,11/06/2026
INV007141,CP008,P0141,120,21,190,5,11/06/2026
INV007142,CP008,P0142,123,27,267,5,11/06/2026
INV007143,CP008,P0143,24,7,42,5,11/06/2026
INV007144,CP008,P0144,98,18,163,5,11/06/2026
INV007145,CP008,P0145,88,29,140,7,11/06/2026
INV007146,CP008,P0146,99,36,264,14,11/06/2026
INV007147,CP008,P0147,153,58,413,5,11/06/2026
INV007148,CP008,P0148,204,43,310,5,11/06/2026
INV007149,CP008,P0149,66,23,136,5,11/06/2026
INV007150,CP008,P0150,58,22,176,14,11/06/2026
INV007151,CP008,P0151,35,13,104,10,11/06/2026
INV007152,CP008,P0152,24,20,138,5,11/06/2026
INV007153,CP008,P0153,209,45,310,3,11/06/2026
INV007154,CP008,P0154,128,22,199,3,11/06/2026
INV007155,CP008,P0155,95,29,174,3,11/06/2026
INV007156,CP008,P0156,156,23,219,3,11/06/2026
INV007157,CP008,P0157,110,18,150,3,11/06/2026
INV007158,CP008,P0158,11,9,63,10,11/06/2026
INV007159,CP008,P0159,102,26,229,3,11/06/2026
INV007160,CP008,P0160,159,32,230,10,11/06/2026
INV007161,CP008,P0161,28,5,30,7,11/06/2026
INV007162,CP008,P0162,124,29,202,3,11/06/2026
INV007163,CP008,P0163,23,21,175,5,11/06/2026
INV007164,CP008,P0164,137,33,277,7,11/06/2026
INV007165,CP008,P0165,131,31,177,3,11/06/2026
INV007166,CP008,P0166,94,67,329,7,11/06/2026
INV007167,CP008,P0167,41,19,169,14,11/06/2026
INV007168,CP008,P0168,90,31,174,5,11/06/2026
INV007169,CP008,P0169,17,5,42,5,11/06/2026
INV007170,CP008,P0170,112,28,213,5,11/06/2026
INV007171,CP008,P0171,139,44,340,10,11/06/2026
INV007172,CP008,P0172,66,33,257,7,11/06/2026
INV007173,CP008,P0173,178,52,546,3,11/06/2026
INV007174,CP008,P0174,134,30,154,14,11/06/2026
INV007175,CP008,P0175,62,15,95,3,11/06/2026
INV007176,CP008,P0176,61,7,70,10,11/06/2026
INV007177,CP008,P0177,89,22,201,10,11/06/2026
INV007178,CP008,P0178,113,26,160,7,11/06/2026
INV007179,CP008,P0179,77,17,110,5,11/06/2026
INV007180,CP008,P0180,45,24,191,10,11/06/2026
INV007181,CP008,P0181,6,5,49,7,11/06/2026
INV007182,CP008,P0182,20,5,30,14,11/06/2026
INV007183,CP008,P0183,62,13,88,7,11/06/2026
INV007184,CP008,P0184,71,18,106,3,11/06/2026
INV007185,CP008,P0185,128,35,178,5,11/06/2026
INV007186,CP008,P0186,49,32,269,5,11/06/2026
INV007187,CP008,P0187,269,86,465,5,11/06/2026
INV007188,CP008,P0188,58,31,245,7,11/06/2026
INV007189,CP008,P0189,11,9,59,3,11/06/2026
INV007190,CP008,P0190,47,29,161,5,11/06/2026
INV007191,CP008,P0191,26,22,217,14,11/06/2026
INV007192,CP008,P0192,77,76,695,5,11/06/2026
INV007193,CP008,P0193,74,32,260,7,11/06/2026
INV007194,CP008,P0194,38,16,172,7,11/06/2026
INV007195,CP008,P0195,106,27,282,5,11/06/2026
INV007196,CP008,P0196,170,36,344,10,11/06/2026
INV007197,CP008,P0197,39,21,158,5,11/06/2026
INV007198,CP008,P0198,67,29,253,14,11/06/2026
INV007199,CP008,P0199,94,47,395,3,11/06/2026
INV007200,CP008,P0200,76,12,113,3,11/06/2026
INV007201,CP008,P0201,38,14,138,10,11/06/2026
INV007202,CP008,P0202,210,36,264,5,11/06/2026
INV007203,CP008,P0203,34,35,306,14,11/06/2026
INV007204,CP008,P0204,91,81,489,3,11/06/2026
INV007205,CP008,P0205,90,32,256,3,11/06/2026
INV007206,CP008,P0206,35,18,155,7,11/06/2026
INV007207,CP008,P0207,139,56,303,5,11/06/2026
INV007208,CP008,P0208,97,22,122,14,11/06/2026
INV007209,CP008,P0209,82,24,150,14,11/06/2026
INV007210,CP008,P0210,210,36,238,3,11/06/2026
INV007211,CP008,P0211,25,17,106,14,11/06/2026
INV007212,CP008,P0212,128,25,189,14,11/06/2026
INV007213,CP008,P0213,22,15,154,14,11/06/2026
INV007214,CP008,P0214,133,24,181,7,11/06/2026
INV007215,CP008,P0215,39,30,300,14,11/06/2026
INV007216,CP008,P0216,65,30,231,3,11/06/2026
INV007217,CP008,P0217,168,33,190,5,11/06/2026
INV007218,CP008,P0218,28,7,73,7,11/06/2026
INV007219,CP008,P0219,70,26,233,3,11/06/2026
INV007220,CP008,P0220,21,8,38,10,11/06/2026
INV007221,CP008,P0221,59,22,183,14,11/06/2026
INV007222,CP008,P0222,33,33,154,7,11/06/2026
INV007223,CP008,P0223,48,26,210,3,11/06/2026
INV007224,CP008,P0224,74,17,103,7,11/06/2026
INV007225,CP008,P0225,88,29,242,7,11/06/2026
INV007226,CP008,P0226,6,5,30,7,11/06/2026
INV007227,CP008,P0227,44,8,64,10,11/06/2026
INV007228,CP008,P0228,25,7,60,14,11/06/2026
INV007229,CP008,P0229,32,8,73,7,11/06/2026
INV007230,CP008,P0230,218,36,280,5,11/06/2026
INV007231,CP008,P0231,32,9,55,3,11/06/2026
INV007232,CP008,P0232,22,5,30,3,11/06/2026
INV007233,CP008,P0233,25,22,217,5,11/06/2026
INV007234,CP008,P0234,122,23,156,7,11/06/2026
INV007235,CP008,P0235,148,38,263,10,11/06/2026
INV007236,CP008,P0236,19,19,137,3,11/06/2026
INV007237,CP008,P0237,19,13,125,5,11/06/2026
INV007238,CP008,P0238,75,22,213,14,11/06/2026
INV007239,CP008,P0239,179,28,266,14,11/06/2026
INV007240,CP008,P0240,64,21,167,10,11/06/2026
INV007241,CP008,P0241,44,5,48,3,11/06/2026
INV007242,CP008,P0242,35,19,168,5,11/06/2026
INV007243,CP008,P0243,62,16,148,10,11/06/2026
INV007244,CP008,P0244,27,5,30,10,11/06/2026
INV007245,CP008,P0245,52,27,174,3,11/06/2026
INV007246,CP008,P0246,48,24,177,7,11/06/2026
INV007247,CP008,P0247,128,43,355,5,11/06/2026
INV007248,CP008,P0248,19,7,63,3,11/06/2026
INV007249,CP008,P0249,43,16,92,10,11/06/2026
INV007250,CP008,P0250,17,5,47,3,11/06/2026
INV007251,CP008,P0251,38,26,170,5,11/06/2026
INV007252,CP008,P0252,68,37,364,14,11/06/2026
INV007253,CP008,P0253,127,19,191,14,11/06/2026
INV007254,CP008,P0254,14,5,30,7,11/06/2026
INV007255,CP008,P0255,166,21,177,14,11/06/2026
INV007256,CP008,P0256,21,5,30,5,11/06/2026
INV007257,CP008,P0257,35,7,55,10,11/06/2026
INV007258,CP008,P0258,135,36,208,10,11/06/2026
INV007259,CP008,P0259,14,5,36,7,11/06/2026
INV007260,CP008,P0260,106,66,529,7,11/06/2026
INV007261,CP008,P0261,157,39,188,10,11/06/2026
INV007262,CP008,P0262,119,22,134,10,11/06/2026
INV007263,CP008,P0263,92,46,304,5,11/06/2026
INV007264,CP008,P0264,76,38,256,7,11/06/2026
INV007265,CP008,P0265,36,21,173,7,11/06/2026
INV007266,CP008,P0266,8,5,30,7,11/06/2026
INV007267,CP008,P0267,43,7,55,14,11/06/2026
INV007268,CP008,P0268,41,26,163,10,11/06/2026
INV007269,CP008,P0269,34,18,153,14,11/06/2026
INV007270,CP008,P0270,255,48,419,5,11/06/2026
INV007271,CP008,P0271,58,15,152,10,11/06/2026
INV007272,CP008,P0272,156,27,303,10,11/06/2026
INV007273,CP008,P0273,42,18,141,10,11/06/2026
INV007274,CP008,P0274,82,26,169,3,11/06/2026
INV007275,CP008,P0275,84,24,205,10,11/06/2026
INV007276,CP008,P0276,17,5,30,7,11/06/2026
INV007277,CP008,P0277,150,51,546,5,11/06/2026
INV007278,CP008,P0278,56,21,113,7,11/06/2026
INV007279,CP008,P0279,159,34,211,7,11/06/2026
INV007280,CP008,P0280,28,9,61,5,11/06/2026
INV007281,CP008,P0281,22,19,97,5,11/06/2026
INV007282,CP008,P0282,138,24,177,5,11/06/2026
INV007283,CP008,P0283,22,10,96,7,11/06/2026
INV007284,CP008,P0284,88,20,132,5,11/06/2026
INV007285,CP008,P0285,20,20,121,14,11/06/2026
INV007286,CP008,P0286,95,63,453,7,11/06/2026
INV007287,CP008,P0287,167,48,294,5,11/06/2026
INV007288,CP008,P0288,231,52,273,5,11/06/2026
INV007289,CP008,P0289,478,64,547,10,11/06/2026
INV007290,CP008,P0290,124,29,182,14,11/06/2026
INV007291,CP008,P0291,93,45,268,7,11/06/2026
INV007292,CP008,P0292,56,20,165,3,11/06/2026
INV007293,CP008,P0293,256,56,455,14,11/06/2026
INV007294,CP008,P0294,49,54,358,3,11/06/2026
INV007295,CP008,P0295,38,15,84,14,11/06/2026
INV007296,CP008,P0296,55,30,179,3,11/06/2026
INV007297,CP008,P0297,26,12,87,10,11/06/2026
INV007298,CP008,P0298,18,14,112,5,11/06/2026
INV007299,CP008,P0299,62,9,98,14,11/06/2026
INV007300,CP008,P0300,57,9,80,10,11/06/2026
INV007301,CP008,P0301,284,51,337,5,11/06/2026
INV007302,CP008,P0302,174,32,273,7,11/06/2026
INV007303,CP008,P0303,70,24,127,3,11/06/2026
INV007304,CP008,P0304,143,47,306,3,11/06/2026
INV007305,CP008,P0305,26,6,41,3,11/06/2026
INV007306,CP008,P0306,24,11,62,10,11/06/2026
INV007307,CP008,P0307,6,5,30,7,11/06/2026
INV007308,CP008,P0308,91,44,387,10,11/06/2026
INV007309,CP008,P0309,81,21,164,3,11/06/2026
INV007310,CP008,P0310,30,20,166,10,11/06/2026
INV007311,CP008,P0311,178,30,232,10,11/06/2026
INV007312,CP008,P0312,35,20,183,10,11/06/2026
INV007313,CP008,P0313,22,5,30,10,11/06/2026
INV007314,CP008,P0314,544,81,596,10,11/06/2026
INV007315,CP008,P0315,39,21,102,7,11/06/2026
INV007316,CP008,P0316,123,26,168,3,11/06/2026
INV007317,CP008,P0317,189,45,455,5,11/06/2026
INV007318,CP008,P0318,15,7,40,5,11/06/2026
INV007319,CP008,P0319,63,26,148,10,11/06/2026
INV007320,CP008,P0320,256,46,394,3,11/06/2026
INV007321,CP008,P0321,116,23,122,5,11/06/2026
INV007322,CP008,P0322,120,40,380,7,11/06/2026
INV007323,CP008,P0323,79,27,161,7,11/06/2026
INV007324,CP008,P0324,218,43,285,5,11/06/2026
INV007325,CP008,P0325,148,27,303,5,11/06/2026
INV007326,CP008,P0326,57,24,203,14,11/06/2026
INV007327,CP008,P0327,139,27,319,5,11/06/2026
INV007328,CP008,P0328,42,13,111,3,11/06/2026
INV007329,CP008,P0329,58,17,164,10,11/06/2026
INV007330,CP008,P0330,26,5,30,7,11/06/2026
INV007331,CP008,P0331,21,21,153,5,11/06/2026
INV007332,CP008,P0332,77,32,306,14,11/06/2026
INV007333,CP008,P0333,51,49,410,7,11/06/2026
INV007334,CP008,P0334,28,5,30,10,11/06/2026
INV007335,CP008,P0335,24,27,227,5,11/06/2026
INV007336,CP008,P0336,38,5,48,5,11/06/2026
INV007337,CP008,P0337,143,43,251,3,11/06/2026
INV007338,CP008,P0338,162,35,250,5,11/06/2026
INV007339,CP008,P0339,77,68,387,3,11/06/2026
INV007340,CP008,P0340,99,14,140,10,11/06/2026
INV007341,CP008,P0341,33,18,198,3,11/06/2026
INV007342,CP008,P0342,332,84,771,5,11/06/2026
INV007343,CP008,P0343,60,21,146,3,11/06/2026
INV007344,CP008,P0344,75,28,179,7,11/06/2026
INV007345,CP008,P0345,122,21,175,14,11/06/2026
INV007346,CP008,P0346,269,37,312,10,11/06/2026
INV007347,CP008,P0347,60,25,182,5,11/06/2026
INV007348,CP008,P0348,36,25,175,14,11/06/2026
INV007349,CP008,P0349,44,20,193,14,11/06/2026
INV007350,CP008,P0350,15,6,35,7,11/06/2026
INV007351,CP008,P0351,24,16,90,5,11/06/2026
INV007352,CP008,P0352,257,50,394,7,11/06/2026
INV007353,CP008,P0353,28,22,112,5,11/06/2026
INV007354,CP008,P0354,50,25,172,7,11/06/2026
INV007355,CP008,P0355,224,52,516,3,11/06/2026
INV007356,CP008,P0356,240,39,319,10,11/06/2026
INV007357,CP008,P0357,34,13,83,5,11/06/2026
INV007358,CP008,P0358,84,24,250,3,11/06/2026
INV007359,CP008,P0359,56,18,136,14,11/06/2026
INV007360,CP008,P0360,175,40,300,7,11/06/2026
INV007361,CP008,P0361,68,12,116,14,11/06/2026
INV007362,CP008,P0362,18,5,30,14,11/06/2026
INV007363,CP008,P0363,56,28,217,7,11/06/2026
INV007364,CP008,P0364,104,24,151,5,11/06/2026
INV007365,CP008,P0365,26,22,143,10,11/06/2026
INV007366,CP008,P0366,57,14,101,5,11/06/2026
INV007367,CP008,P0367,131,19,204,5,11/06/2026
INV007368,CP008,P0368,201,60,350,5,11/06/2026
INV007369,CP008,P0369,17,12,74,3,11/06/2026
INV007370,CP008,P0370,61,17,101,7,11/06/2026
INV007371,CP008,P0371,87,22,133,5,11/06/2026
INV007372,CP008,P0372,181,33,219,7,11/06/2026
INV007373,CP008,P0373,102,29,191,10,11/06/2026
INV007374,CP008,P0374,18,6,47,5,11/06/2026
INV007375,CP008,P0375,72,37,364,3,11/06/2026
INV007376,CP008,P0376,75,20,142,7,11/06/2026
INV007377,CP008,P0377,66,21,190,3,11/06/2026
INV007378,CP008,P0378,73,21,166,10,11/06/2026
INV007379,CP008,P0379,96,35,327,7,11/06/2026
INV007380,CP008,P0380,22,5,30,5,11/06/2026
INV007381,CP008,P0381,188,29,251,10,11/06/2026
INV007382,CP008,P0382,39,16,159,14,11/06/2026
INV007383,CP008,P0383,100,37,281,10,11/06/2026
INV007384,CP008,P0384,72,25,205,14,11/06/2026
INV007385,CP008,P0385,231,36,276,5,11/06/2026
INV007386,CP008,P0386,81,31,178,5,11/06/2026
INV007387,CP008,P0387,38,31,140,3,11/06/2026
INV007388,CP008,P0388,43,18,196,14,11/06/2026
INV007389,CP008,P0389,159,25,188,10,11/06/2026
INV007390,CP008,P0390,306,54,460,7,11/06/2026
INV007391,CP008,P0391,129,23,186,3,11/06/2026
INV007392,CP008,P0392,120,27,203,7,11/06/2026
INV007393,CP008,P0393,52,36,348,7,11/06/2026
INV007394,CP008,P0394,104,15,118,10,11/06/2026
INV007395,CP008,P0395,20,5,30,14,11/06/2026
INV007396,CP008,P0396,57,20,112,10,11/06/2026
INV007397,CP008,P0397,36,23,166,10,11/06/2026
INV007398,CP008,P0398,59,19,114,7,11/06/2026
INV007399,CP008,P0399,62,22,122,14,11/06/2026
INV007400,CP008,P0400,63,25,150,5,11/06/2026
INV007401,CP008,P0401,61,16,92,14,11/06/2026
INV007402,CP008,P0402,188,30,246,3,11/06/2026
INV007403,CP008,P0403,142,49,282,14,11/06/2026
INV007404,CP008,P0404,103,25,195,14,11/06/2026
INV007405,CP008,P0405,234,42,395,7,11/06/2026
INV007406,CP008,P0406,57,16,104,10,11/06/2026
INV007407,CP008,P0407,584,80,732,10,11/06/2026
INV007408,CP008,P0408,73,29,259,14,11/06/2026
INV007409,CP008,P0409,84,21,179,5,11/06/2026
INV007410,CP008,P0410,26,7,68,14,11/06/2026
INV007411,CP008,P0411,40,29,277,3,11/06/2026
INV007412,CP008,P0412,69,30,151,10,11/06/2026
INV007413,CP008,P0413,16,8,47,5,11/06/2026
INV007414,CP008,P0414,15,5,59,7,11/06/2026
INV007415,CP008,P0415,85,20,121,5,11/06/2026
INV007416,CP008,P0416,26,15,174,5,11/06/2026
INV007417,CP008,P0417,43,14,136,10,11/06/2026
INV007418,CP008,P0418,225,56,533,7,11/06/2026
INV007419,CP008,P0419,51,28,277,3,11/06/2026
INV007420,CP008,P0420,18,13,81,5,11/06/2026
INV007421,CP008,P0421,33,31,205,10,11/06/2026
INV007422,CP008,P0422,28,13,74,14,11/06/2026
INV007423,CP008,P0423,78,35,303,7,11/06/2026
INV007424,CP008,P0424,16,8,54,7,11/06/2026
INV007425,CP008,P0425,74,16,173,5,11/06/2026
INV007426,CP008,P0426,97,35,230,14,11/06/2026
INV007427,CP008,P0427,89,21,163,10,11/06/2026
INV007428,CP008,P0428,56,24,201,14,11/06/2026
INV007429,CP008,P0429,70,23,146,3,11/06/2026
INV007430,CP008,P0430,74,17,112,7,11/06/2026
INV007431,CP008,P0431,5,5,30,3,11/06/2026
INV007432,CP008,P0432,114,23,214,3,11/06/2026
INV007433,CP008,P0433,105,16,114,7,11/06/2026
INV007434,CP008,P0434,290,94,723,7,11/06/2026
INV007435,CP008,P0435,372,43,466,5,11/06/2026
INV007436,CP008,P0436,27,11,119,14,11/06/2026
INV007437,CP008,P0437,17,14,121,5,11/06/2026
INV007438,CP008,P0438,33,30,232,14,11/06/2026
INV007439,CP008,P0439,70,27,252,14,11/06/2026
INV007440,CP008,P0440,108,36,174,5,11/06/2026
INV007441,CP008,P0441,239,55,281,14,11/06/2026
INV007442,CP008,P0442,59,19,127,5,11/06/2026
INV007443,CP008,P0443,12,14,101,14,11/06/2026
INV007444,CP008,P0444,136,25,189,7,11/06/2026
INV007445,CP008,P0445,108,22,145,5,11/06/2026
INV007446,CP008,P0446,21,5,30,10,11/06/2026
INV007447,CP008,P0447,107,18,134,14,11/06/2026
INV007448,CP008,P0448,121,29,186,10,11/06/2026
INV007449,CP008,P0449,31,30,269,10,11/06/2026
INV007450,CP008,P0450,68,22,136,14,11/06/2026
INV007451,CP008,P0451,306,85,516,7,11/06/2026
INV007452,CP008,P0452,182,38,341,7,11/06/2026
INV007453,CP008,P0453,100,22,115,14,11/06/2026
INV007454,CP008,P0454,91,20,191,3,11/06/2026
INV007455,CP008,P0455,298,56,586,5,11/06/2026
INV007456,CP008,P0456,6,5,54,7,11/06/2026
INV007457,CP008,P0457,17,5,43,7,11/06/2026
INV007458,CP008,P0458,135,30,196,14,11/06/2026
INV007459,CP008,P0459,20,7,71,7,11/06/2026
INV007460,CP008,P0460,78,50,368,5,11/06/2026
INV007461,CP008,P0461,58,21,224,7,11/06/2026
INV007462,CP008,P0462,101,47,277,10,11/06/2026
INV007463,CP008,P0463,79,55,355,14,11/06/2026
INV007464,CP008,P0464,55,26,146,3,11/06/2026
INV007465,CP008,P0465,31,18,178,10,11/06/2026
INV007466,CP008,P0466,15,5,30,10,11/06/2026
INV007467,CP008,P0467,78,22,192,14,11/06/2026
INV007468,CP008,P0468,74,22,205,14,11/06/2026
INV007469,CP008,P0469,19,6,34,3,11/06/2026
INV007470,CP008,P0470,172,47,439,10,11/06/2026
INV007471,CP008,P0471,177,44,384,10,11/06/2026
INV007472,CP008,P0472,81,20,207,3,11/06/2026
INV007473,CP008,P0473,82,26,152,14,11/06/2026
INV007474,CP008,P0474,72,18,116,3,11/06/2026
INV007475,CP008,P0475,17,8,60,14,11/06/2026
INV007476,CP008,P0476,113,16,144,3,11/06/2026
INV007477,CP008,P0477,278,46,385,7,11/06/2026
INV007478,CP008,P0478,103,23,154,5,11/06/2026
INV007479,CP008,P0479,104,42,387,5,11/06/2026
INV007480,CP008,P0480,46,15,126,10,11/06/2026
INV007481,CP008,P0481,75,43,398,7,11/06/2026
INV007482,CP008,P0482,124,67,557,10,11/06/2026
INV007483,CP008,P0483,115,33,247,3,11/06/2026
INV007484,CP008,P0484,82,30,159,10,11/06/2026
INV007485,CP008,P0485,82,43,284,5,11/06/2026
INV007486,CP008,P0486,125,23,174,10,11/06/2026
INV007487,CP008,P0487,69,29,203,3,11/06/2026
INV007488,CP008,P0488,149,32,212,10,11/06/2026
INV007489,CP008,P0489,35,15,101,3,11/06/2026
INV007490,CP008,P0490,7,5,35,3,11/06/2026
INV007491,CP008,P0491,74,14,114,5,11/06/2026
INV007492,CP008,P0492,73,18,127,3,11/06/2026
INV007493,CP008,P0493,148,30,205,7,11/06/2026
INV007494,CP008,P0494,228,33,240,5,11/06/2026
INV007495,CP008,P0495,141,22,176,3,11/06/2026
INV007496,CP008,P0496,48,31,270,3,11/06/2026
INV007497,CP008,P0497,95,19,125,5,11/06/2026
INV007498,CP008,P0498,37,9,82,14,11/06/2026
INV007499,CP008,P0499,66,16,118,3,11/06/2026
INV007500,CP008,P0500,19,8,53,14,11/06/2026
INV007501,CP008,P0501,5,5,30,5,11/06/2026
INV007502,CP008,P0502,26,24,180,10,11/06/2026
INV007503,CP008,P0503,208,43,281,10,11/06/2026
INV007504,CP008,P0504,232,47,381,3,11/06/2026
INV007505,CP008,P0505,51,24,233,14,11/06/2026
INV007506,CP008,P0506,29,20,173,10,11/06/2026
INV007507,CP008,P0507,143,24,186,5,11/06/2026
INV007508,CP008,P0508,222,65,314,14,11/06/2026
INV007509,CP008,P0509,138,27,222,5,11/06/2026
INV007510,CP008,P0510,10,8,46,14,11/06/2026
INV007511,CP008,P0511,115,37,177,10,11/06/2026
INV007512,CP008,P0512,108,20,122,14,11/06/2026
INV007513,CP008,P0513,19,6,54,3,11/06/2026
INV007514,CP008,P0514,174,37,266,7,11/06/2026
INV007515,CP008,P0515,25,13,116,3,11/06/2026
INV007516,CP008,P0516,51,20,159,7,11/06/2026
INV007517,CP008,P0517,49,17,113,10,11/06/2026
INV007518,CP008,P0518,64,22,204,10,11/06/2026
INV007519,CP008,P0519,150,51,524,7,11/06/2026
INV007520,CP008,P0520,128,22,179,10,11/06/2026
INV007521,CP008,P0521,107,14,115,7,11/06/2026
INV007522,CP008,P0522,31,28,232,14,11/06/2026
INV007523,CP008,P0523,48,8,59,10,11/06/2026
INV007524,CP008,P0524,68,25,233,14,11/06/2026
INV007525,CP008,P0525,221,38,260,14,11/06/2026
INV007526,CP008,P0526,49,30,247,14,11/06/2026
INV007527,CP008,P0527,53,19,153,14,11/06/2026
INV007528,CP008,P0528,37,6,67,7,11/06/2026
INV007529,CP008,P0529,28,26,268,5,11/06/2026
INV007530,CP008,P0530,83,21,198,10,11/06/2026
INV007531,CP008,P0531,139,23,162,10,11/06/2026
INV007532,CP008,P0532,171,38,404,10,11/06/2026
INV007533,CP008,P0533,103,37,176,14,11/06/2026
INV007534,CP008,P0534,18,16,97,5,11/06/2026
INV007535,CP008,P0535,13,10,86,3,11/06/2026
INV007536,CP008,P0536,28,30,233,7,11/06/2026
INV007537,CP008,P0537,9,5,30,14,11/06/2026
INV007538,CP008,P0538,20,10,63,3,11/06/2026
INV007539,CP008,P0539,85,71,622,14,11/06/2026
INV007540,CP008,P0540,11,5,30,7,11/06/2026
INV007541,CP008,P0541,44,29,135,3,11/06/2026
INV007542,CP008,P0542,26,5,41,5,11/06/2026
INV007543,CP008,P0543,91,21,149,5,11/06/2026
INV007544,CP008,P0544,40,18,130,10,11/06/2026
INV007545,CP008,P0545,93,26,243,14,11/06/2026
INV007546,CP008,P0546,181,45,411,5,11/06/2026
INV007547,CP008,P0547,22,5,34,5,11/06/2026
INV007548,CP008,P0548,30,17,143,7,11/06/2026
INV007549,CP008,P0549,107,47,354,3,11/06/2026
INV007550,CP008,P0550,49,24,145,14,11/06/2026
INV007551,CP008,P0551,100,22,147,7,11/06/2026
INV007552,CP008,P0552,73,31,146,3,11/06/2026
INV007553,CP008,P0553,104,33,257,7,11/06/2026
INV007554,CP008,P0554,129,24,152,14,11/06/2026
INV007555,CP008,P0555,166,30,243,14,11/06/2026
INV007556,CP008,P0556,18,16,135,10,11/06/2026
INV007557,CP008,P0557,6,5,30,14,11/06/2026
INV007558,CP008,P0558,333,55,445,3,11/06/2026
INV007559,CP008,P0559,13,8,52,14,11/06/2026
INV007560,CP008,P0560,72,9,107,7,11/06/2026
INV007561,CP008,P0561,37,12,141,3,11/06/2026
INV007562,CP008,P0562,98,27,150,10,11/06/2026
INV007563,CP008,P0563,203,32,256,10,11/06/2026
INV007564,CP008,P0564,46,31,266,7,11/06/2026
INV007565,CP008,P0565,260,58,362,7,11/06/2026
INV007566,CP008,P0566,60,18,150,14,11/06/2026
INV007567,CP008,P0567,202,49,247,7,11/06/2026
INV007568,CP008,P0568,29,20,98,5,11/06/2026
INV007569,CP008,P0569,23,16,131,5,11/06/2026
INV007570,CP008,P0570,67,14,95,7,11/06/2026
INV007571,CP008,P0571,95,18,142,14,11/06/2026
INV007572,CP008,P0572,91,27,132,10,11/06/2026
INV007573,CP008,P0573,59,18,153,7,11/06/2026
INV007574,CP008,P0574,62,25,128,10,11/06/2026
INV007575,CP008,P0575,52,17,90,10,11/06/2026
INV007576,CP008,P0576,24,18,155,10,11/06/2026
INV007577,CP008,P0577,130,31,218,3,11/06/2026
INV007578,CP008,P0578,33,23,199,7,11/06/2026
INV007579,CP008,P0579,20,5,30,3,11/06/2026
INV007580,CP008,P0580,180,48,263,14,11/06/2026
INV007581,CP008,P0581,49,24,217,10,11/06/2026
INV007582,CP008,P0582,42,23,111,14,11/06/2026
INV007583,CP008,P0583,93,28,163,5,11/06/2026
INV007584,CP008,P0584,57,22,188,5,11/06/2026
INV007585,CP008,P0585,142,36,291,3,11/06/2026
INV007586,CP008,P0586,200,21,212,7,11/06/2026
INV007587,CP008,P0587,97,26,161,14,11/06/2026
INV007588,CP008,P0588,30,15,120,14,11/06/2026
INV007589,CP008,P0589,13,5,30,14,11/06/2026
INV007590,CP008,P0590,118,55,307,3,11/06/2026
INV007591,CP008,P0591,57,37,348,3,11/06/2026
INV007592,CP008,P0592,45,18,185,5,11/06/2026
INV007593,CP008,P0593,75,43,397,10,11/06/2026
INV007594,CP008,P0594,56,22,139,10,11/06/2026
INV007595,CP008,P0595,246,30,276,14,11/06/2026
INV007596,CP008,P0596,81,49,343,5,11/06/2026
INV007597,CP008,P0597,38,8,52,7,11/06/2026
INV007598,CP008,P0598,349,47,362,5,11/06/2026
INV007599,CP008,P0599,74,44,373,5,11/06/2026
INV007600,CP008,P0600,117,27,270,7,11/06/2026
INV007601,CP008,P0601,99,20,150,10,11/06/2026
INV007602,CP008,P0602,124,25,143,14,11/06/2026
INV007603,CP008,P0603,77,23,217,7,11/06/2026
INV007604,CP008,P0604,11,5,30,14,11/06/2026
INV007605,CP008,P0605,166,50,324,10,11/06/2026
INV007606,CP008,P0606,330,52,396,3,11/06/2026
INV007607,CP008,P0607,22,14,113,14,11/06/2026
INV007608,CP008,P0608,5,5,30,3,11/06/2026
INV007609,CP008,P0609,364,46,492,10,11/06/2026
INV007610,CP008,P0610,111,35,198,5,11/06/2026
INV007611,CP008,P0611,29,12,138,5,11/06/2026
INV007612,CP008,P0612,91,53,513,3,11/06/2026
INV007613,CP008,P0613,117,33,190,10,11/06/2026
INV007614,CP008,P0614,68,21,144,3,11/06/2026
INV007615,CP008,P0615,154,46,290,10,11/06/2026
INV007616,CP008,P0616,92,25,155,7,11/06/2026
INV007617,CP008,P0617,26,23,158,3,11/06/2026
INV007618,CP008,P0618,85,15,110,14,11/06/2026
INV007619,CP008,P0619,56,25,159,3,11/06/2026
INV007620,CP008,P0620,56,15,139,10,11/06/2026
INV007621,CP008,P0621,271,57,470,5,11/06/2026
INV007622,CP008,P0622,51,23,109,14,11/06/2026
INV007623,CP008,P0623,162,32,198,3,11/06/2026
INV007624,CP008,P0624,7,5,30,7,11/06/2026
INV007625,CP008,P0625,81,60,424,14,11/06/2026
INV007626,CP008,P0626,46,35,185,10,11/06/2026
INV007627,CP008,P0627,32,7,44,5,11/06/2026
INV007628,CP008,P0628,11,5,30,5,11/06/2026
INV007629,CP008,P0629,45,21,135,5,11/06/2026
INV007630,CP008,P0630,333,98,535,7,11/06/2026
INV007631,CP008,P0631,91,20,157,7,11/06/2026
INV007632,CP008,P0632,89,23,202,14,11/06/2026
INV007633,CP008,P0633,43,18,217,3,11/06/2026
INV007634,CP008,P0634,104,34,229,7,11/06/2026
INV007635,CP008,P0635,95,17,134,3,11/06/2026
INV007636,CP008,P0636,126,21,160,7,11/06/2026
INV007637,CP008,P0637,81,35,277,5,11/06/2026
INV007638,CP008,P0638,112,28,134,5,11/06/2026
INV007639,CP008,P0639,234,49,292,14,11/06/2026
INV007640,CP008,P0640,124,39,235,10,11/06/2026
INV007641,CP008,P0641,56,31,198,5,11/06/2026
INV007642,CP008,P0642,92,24,176,10,11/06/2026
INV007643,CP008,P0643,133,32,185,14,11/06/2026
INV007644,CP008,P0644,46,6,67,7,11/06/2026
INV007645,CP008,P0645,35,20,174,10,11/06/2026
INV007646,CP008,P0646,190,60,299,10,11/06/2026
INV007647,CP008,P0647,280,44,330,3,11/06/2026
INV007648,CP008,P0648,86,25,151,5,11/06/2026
INV007649,CP008,P0649,110,18,201,10,11/06/2026
INV007650,CP008,P0650,12,6,50,3,11/06/2026
INV007651,CP008,P0651,38,35,294,5,11/06/2026
INV007652,CP008,P0652,39,24,153,7,11/06/2026
INV007653,CP008,P0653,163,27,300,10,11/06/2026
INV007654,CP008,P0654,35,13,121,3,11/06/2026
INV007655,CP008,P0655,152,31,231,3,11/06/2026
INV007656,CP008,P0656,20,5,30,7,11/06/2026
INV007657,CP008,P0657,58,14,151,14,11/06/2026
INV007658,CP008,P0658,31,6,50,10,11/06/2026
INV007659,CP008,P0659,6,5,40,10,11/06/2026
INV007660,CP008,P0660,79,22,121,3,11/06/2026
INV007661,CP008,P0661,13,6,45,10,11/06/2026
INV007662,CP008,P0662,71,27,230,7,11/06/2026
INV007663,CP008,P0663,86,37,188,3,11/06/2026
INV007664,CP008,P0664,38,17,118,7,11/06/2026
INV007665,CP008,P0665,103,31,249,5,11/06/2026
INV007666,CP008,P0666,43,24,168,3,11/06/2026
INV007667,CP008,P0667,142,30,209,5,11/06/2026
INV007668,CP008,P0668,74,24,137,5,11/06/2026
INV007669,CP008,P0669,183,30,262,3,11/06/2026
INV007670,CP008,P0670,18,19,96,14,11/06/2026
INV007671,CP008,P0671,73,59,526,5,11/06/2026
INV007672,CP008,P0672,128,25,154,7,11/06/2026
INV007673,CP008,P0673,74,25,150,5,11/06/2026
INV007674,CP008,P0674,276,52,445,5,11/06/2026
INV007675,CP008,P0675,22,16,131,7,11/06/2026
INV007676,CP008,P0676,40,17,183,5,11/06/2026
INV007677,CP008,P0677,21,16,127,14,11/06/2026
INV007678,CP008,P0678,15,5,30,5,11/06/2026
INV007679,CP008,P0679,73,55,359,3,11/06/2026
INV007680,CP008,P0680,120,50,513,10,11/06/2026
INV007681,CP008,P0681,32,29,273,10,11/06/2026
INV007682,CP008,P0682,40,15,145,5,11/06/2026
INV007683,CP008,P0683,185,72,460,5,11/06/2026
INV007684,CP008,P0684,33,29,227,3,11/06/2026
INV007685,CP008,P0685,28,17,152,5,11/06/2026
INV007686,CP008,P0686,142,32,267,3,11/06/2026
INV007687,CP008,P0687,116,18,145,3,11/06/2026
INV007688,CP008,P0688,73,25,127,3,11/06/2026
INV007689,CP008,P0689,54,7,61,3,11/06/2026
INV007690,CP008,P0690,143,54,445,7,11/06/2026
INV007691,CP008,P0691,123,32,195,3,11/06/2026
INV007692,CP008,P0692,33,19,172,14,11/06/2026
INV007693,CP008,P0693,20,20,129,14,11/06/2026
INV007694,CP008,P0694,139,66,471,3,11/06/2026
INV007695,CP008,P0695,32,19,114,14,11/06/2026
INV007696,CP008,P0696,134,49,254,14,11/06/2026
INV007697,CP008,P0697,16,5,30,3,11/06/2026
INV007698,CP008,P0698,44,19,164,14,11/06/2026
INV007699,CP008,P0699,54,19,132,14,11/06/2026
INV007700,CP008,P0700,48,43,276,7,11/06/2026
INV007701,CP008,P0701,91,16,121,14,11/06/2026
INV007702,CP008,P0702,12,5,40,5,11/06/2026
INV007703,CP008,P0703,65,17,102,10,11/06/2026
INV007704,CP008,P0704,339,72,401,7,11/06/2026
INV007705,CP008,P0705,84,17,115,14,11/06/2026
INV007706,CP008,P0706,18,10,58,7,11/06/2026
INV007707,CP008,P0707,25,23,159,5,11/06/2026
INV007708,CP008,P0708,20,5,30,3,11/06/2026
INV007709,CP008,P0709,187,41,335,14,11/06/2026
INV007710,CP008,P0710,7,5,30,5,11/06/2026
INV007711,CP008,P0711,236,32,246,14,11/06/2026
INV007712,CP008,P0712,130,27,157,10,11/06/2026
INV007713,CP008,P0713,187,84,750,10,11/06/2026
INV007714,CP008,P0714,114,21,140,5,11/06/2026
INV007715,CP008,P0715,35,21,120,5,11/06/2026
INV007716,CP008,P0716,33,17,111,3,11/06/2026
INV007717,CP008,P0717,57,22,148,5,11/06/2026
INV007718,CP008,P0718,157,26,200,10,11/06/2026
INV007719,CP008,P0719,21,5,30,3,11/06/2026
INV007720,CP008,P0720,27,6,40,14,11/06/2026
INV007721,CP008,P0721,40,19,117,14,11/06/2026
INV007722,CP008,P0722,22,14,142,14,11/06/2026
INV007723,CP008,P0723,15,5,30,10,11/06/2026
INV007724,CP008,P0724,49,15,84,3,11/06/2026
INV007725,CP008,P0725,68,62,372,3,11/06/2026
INV007726,CP008,P0726,142,38,222,14,11/06/2026
INV007727,CP008,P0727,343,89,398,14,11/06/2026
INV007728,CP008,P0728,74,26,165,14,11/06/2026
INV007729,CP008,P0729,67,30,192,5,11/06/2026
INV007730,CP008,P0730,115,24,266,10,11/06/2026
INV007731,CP008,P0731,74,29,204,7,11/06/2026
INV007732,CP008,P0732,31,15,134,7,11/06/2026
INV007733,CP008,P0733,75,23,160,14,11/06/2026
INV007734,CP008,P0734,51,8,55,7,11/06/2026
INV007735,CP008,P0735,154,24,189,7,11/06/2026
INV007736,CP008,P0736,99,25,214,10,11/06/2026
INV007737,CP008,P0737,56,30,254,3,11/06/2026
INV007738,CP008,P0738,97,35,407,10,11/06/2026
INV007739,CP008,P0739,34,25,181,14,11/06/2026
INV007740,CP008,P0740,51,31,278,3,11/06/2026
INV007741,CP008,P0741,63,41,203,14,11/06/2026
INV007742,CP008,P0742,53,22,152,3,11/06/2026
INV007743,CP008,P0743,253,50,284,10,11/06/2026
INV007744,CP008,P0744,45,41,386,7,11/06/2026
INV007745,CP008,P0745,124,31,209,7,11/06/2026
INV007746,CP008,P0746,38,17,174,7,11/06/2026
INV007747,CP008,P0747,29,16,163,3,11/06/2026
INV007748,CP008,P0748,65,29,231,3,11/06/2026
INV007749,CP008,P0749,85,27,256,5,11/06/2026
INV007750,CP008,P0750,134,35,174,7,11/06/2026
INV007751,CP008,P0751,314,58,331,7,11/06/2026
INV007752,CP008,P0752,19,25,146,7,11/06/2026
INV007753,CP008,P0753,125,18,147,7,11/06/2026
INV007754,CP008,P0754,21,6,39,7,11/06/2026
INV007755,CP008,P0755,63,25,136,5,11/06/2026
INV007756,CP008,P0756,158,39,372,10,11/06/2026
INV007757,CP008,P0757,8,5,60,14,11/06/2026
INV007758,CP008,P0758,474,88,510,3,11/06/2026
INV007759,CP008,P0759,28,28,220,14,11/06/2026
INV007760,CP008,P0760,21,19,116,14,11/06/2026
INV007761,CP008,P0761,52,27,204,10,11/06/2026
INV007762,CP008,P0762,47,21,107,5,11/06/2026
INV007763,CP008,P0763,18,5,30,14,11/06/2026
INV007764,CP008,P0764,105,19,127,5,11/06/2026
INV007765,CP008,P0765,175,55,566,5,11/06/2026
INV007766,CP008,P0766,21,5,30,5,11/06/2026
INV007767,CP008,P0767,22,22,259,10,11/06/2026
INV007768,CP008,P0768,139,58,355,5,11/06/2026
INV007769,CP008,P0769,27,8,68,14,11/06/2026
INV007770,CP008,P0770,26,12,115,14,11/06/2026
INV007771,CP008,P0771,39,23,175,7,11/06/2026
INV007772,CP008,P0772,118,22,155,5,11/06/2026
INV007773,CP008,P0773,103,24,157,5,11/06/2026
INV007774,CP008,P0774,290,41,362,3,11/06/2026
INV007775,CP008,P0775,101,35,292,3,11/06/2026
INV007776,CP008,P0776,23,18,196,14,11/06/2026
INV007777,CP008,P0777,13,5,30,14,11/06/2026
INV007778,CP008,P0778,124,21,144,7,11/06/2026
INV007779,CP008,P0779,167,26,278,10,11/06/2026
INV007780,CP008,P0780,18,8,84,5,11/06/2026
INV007781,CP008,P0781,228,33,312,10,11/06/2026
INV007782,CP008,P0782,84,22,208,10,11/06/2026
INV007783,CP008,P0783,90,28,152,10,11/06/2026
INV007784,CP008,P0784,8,5,30,7,11/06/2026
INV007785,CP008,P0785,49,22,182,10,11/06/2026
INV007786,CP008,P0786,18,5,30,3,11/06/2026
INV007787,CP008,P0787,62,36,276,10,11/06/2026
INV007788,CP008,P0788,67,16,120,7,11/06/2026
INV007789,CP008,P0789,277,36,331,10,11/06/2026
INV007790,CP008,P0790,82,22,166,14,11/06/2026
INV007791,CP008,P0791,36,13,81,3,11/06/2026
INV007792,CP008,P0792,21,15,161,7,11/06/2026
INV007793,CP008,P0793,26,5,30,3,11/06/2026
INV007794,CP008,P0794,23,5,30,7,11/06/2026
INV007795,CP008,P0795,86,26,162,3,11/06/2026
INV007796,CP008,P0796,103,24,145,7,11/06/2026
INV007797,CP008,P0797,62,21,121,5,11/06/2026
INV007798,CP008,P0798,33,24,180,14,11/06/2026
INV007799,CP008,P0799,240,63,516,5,11/06/2026
INV007800,CP008,P0800,31,15,110,3,11/06/2026
INV007801,CP008,P0801,27,6,39,10,11/06/2026
INV007802,CP008,P0802,32,22,219,3,11/06/2026
INV007803,CP008,P0803,149,32,181,3,11/06/2026
INV007804,CP008,P0804,372,40,426,7,11/06/2026
INV007805,CP008,P0805,15,5,30,3,11/06/2026
INV007806,CP008,P0806,30,9,66,14,11/06/2026
INV007807,CP008,P0807,19,20,107,14,11/06/2026
INV007808,CP008,P0808,64,15,164,3,11/06/2026
INV007809,CP008,P0809,116,36,289,5,11/06/2026
INV007810,CP008,P0810,104,18,148,14,11/06/2026
INV007811,CP008,P0811,114,20,161,7,11/06/2026
INV007812,CP008,P0812,63,38,302,5,11/06/2026
INV007813,CP008,P0813,318,62,514,3,11/06/2026
INV007814,CP008,P0814,24,6,61,7,11/06/2026
INV007815,CP008,P0815,199,26,258,3,11/06/2026
INV007816,CP008,P0816,17,8,66,7,11/06/2026
INV007817,CP008,P0817,20,16,143,5,11/06/2026
INV007818,CP008,P0818,159,58,592,3,11/06/2026
INV007819,CP008,P0819,133,51,258,7,11/06/2026
INV007820,CP008,P0820,42,12,85,10,11/06/2026
INV007821,CP008,P0821,73,19,167,7,11/06/2026
INV007822,CP008,P0822,105,20,109,3,11/06/2026
INV007823,CP008,P0823,216,38,350,3,11/06/2026
INV007824,CP008,P0824,81,29,219,5,11/06/2026
INV007825,CP008,P0825,105,25,166,14,11/06/2026
INV007826,CP008,P0826,81,16,166,3,11/06/2026
INV007827,CP008,P0827,51,13,153,7,11/06/2026
INV007828,CP008,P0828,157,47,359,5,11/06/2026
INV007829,CP008,P0829,138,30,189,5,11/06/2026
INV007830,CP008,P0830,75,16,187,10,11/06/2026
INV007831,CP008,P0831,36,25,170,3,11/06/2026
INV007832,CP008,P0832,54,38,271,7,11/06/2026
INV007833,CP008,P0833,113,21,156,7,11/06/2026
INV007834,CP008,P0834,37,7,60,7,11/06/2026
INV007835,CP008,P0835,67,19,197,3,11/06/2026
INV007836,CP008,P0836,159,57,365,5,11/06/2026
INV007837,CP008,P0837,69,20,179,10,11/06/2026
INV007838,CP008,P0838,50,22,195,10,11/06/2026
INV007839,CP008,P0839,275,63,426,14,11/06/2026
INV007840,CP008,P0840,39,19,105,7,11/06/2026
INV007841,CP008,P0841,51,26,204,14,11/06/2026
INV007842,CP008,P0842,66,40,382,5,11/06/2026
INV007843,CP008,P0843,149,39,327,3,11/06/2026
INV007844,CP008,P0844,167,66,318,3,11/06/2026
INV007845,CP008,P0845,186,38,344,3,11/06/2026
INV007846,CP008,P0846,45,9,74,10,11/06/2026
INV007847,CP008,P0847,15,12,123,3,11/06/2026
INV007848,CP008,P0848,109,34,163,5,11/06/2026
INV007849,CP008,P0849,153,46,456,7,11/06/2026
INV007850,CP008,P0850,122,18,133,3,11/06/2026
INV007851,CP008,P0851,71,18,100,14,11/06/2026
INV007852,CP008,P0852,18,5,30,7,11/06/2026
INV007853,CP008,P0853,64,17,120,3,11/06/2026
INV007854,CP008,P0854,137,21,163,7,11/06/2026
INV007855,CP008,P0855,446,73,512,3,11/06/2026
INV007856,CP008,P0856,14,5,50,5,11/06/2026
INV007857,CP008,P0857,179,38,382,3,11/06/2026
INV007858,CP008,P0858,40,15,89,5,11/06/2026
INV007859,CP008,P0859,83,34,295,10,11/06/2026
INV007860,CP008,P0860,26,27,205,5,11/06/2026
INV007861,CP008,P0861,40,20,193,14,11/06/2026
INV007862,CP008,P0862,55,59,512,14,11/06/2026
INV007863,CP008,P0863,273,42,355,7,11/06/2026
INV007864,CP008,P0864,46,41,444,3,11/06/2026
INV007865,CP008,P0865,47,11,99,10,11/06/2026
INV007866,CP008,P0866,277,46,457,14,11/06/2026
INV007867,CP008,P0867,79,12,95,3,11/06/2026
INV007868,CP008,P0868,104,16,139,3,11/06/2026
INV007869,CP008,P0869,93,12,113,3,11/06/2026
INV007870,CP008,P0870,69,25,275,3,11/06/2026
INV007871,CP008,P0871,22,5,34,3,11/06/2026
INV007872,CP008,P0872,16,5,30,7,11/06/2026
INV007873,CP008,P0873,39,6,41,5,11/06/2026
INV007874,CP008,P0874,108,17,162,5,11/06/2026
INV007875,CP008,P0875,23,5,30,10,11/06/2026
INV007876,CP008,P0876,29,26,194,7,11/06/2026
INV007877,CP008,P0877,94,20,134,5,11/06/2026
INV007878,CP008,P0878,160,45,411,14,11/06/2026
INV007879,CP008,P0879,62,13,102,14,11/06/2026
INV007880,CP008,P0880,100,21,179,5,11/06/2026
INV007881,CP008,P0881,5,5,33,3,11/06/2026
INV007882,CP008,P0882,108,52,389,5,11/06/2026
INV007883,CP008,P0883,75,11,100,3,11/06/2026
INV007884,CP008,P0884,103,26,221,10,11/06/2026
INV007885,CP008,P0885,6,5,30,10,11/06/2026
INV007886,CP008,P0886,11,5,30,3,11/06/2026
INV007887,CP008,P0887,81,13,104,3,11/06/2026
INV007888,CP008,P0888,277,64,654,3,11/06/2026
INV007889,CP008,P0889,4,5,30,7,11/06/2026
INV007890,CP008,P0890,166,25,195,10,11/06/2026
INV007891,CP008,P0891,84,19,148,3,11/06/2026
INV007892,CP008,P0892,201,48,327,7,11/06/2026
INV007893,CP008,P0893,224,37,238,3,11/06/2026
INV007894,CP008,P0894,56,54,275,3,11/06/2026
INV007895,CP008,P0895,185,26,255,5,11/06/2026
INV007896,CP008,P0896,28,22,174,5,11/06/2026
INV007897,CP008,P0897,21,5,30,3,11/06/2026
INV007898,CP008,P0898,235,48,257,5,11/06/2026
INV007899,CP008,P0899,151,26,226,3,11/06/2026
INV007900,CP008,P0900,33,24,201,10,11/06/2026
INV007901,CP008,P0901,134,25,138,3,11/06/2026
INV007902,CP008,P0902,404,54,424,5,11/06/2026
INV007903,CP008,P0903,105,16,132,3,11/06/2026
INV007904,CP008,P0904,97,21,147,3,11/06/2026
INV007905,CP008,P0905,53,18,124,3,11/06/2026
INV007906,CP008,P0906,64,19,206,5,11/06/2026
INV007907,CP008,P0907,12,8,58,5,11/06/2026
INV007908,CP008,P0908,34,27,179,14,11/06/2026
INV007909,CP008,P0909,110,29,212,5,11/06/2026
INV007910,CP008,P0910,119,69,529,5,11/06/2026
INV007911,CP008,P0911,45,17,143,3,11/06/2026
INV007912,CP008,P0912,17,17,119,14,11/06/2026
INV007913,CP008,P0913,133,44,402,7,11/06/2026
INV007914,CP008,P0914,147,29,233,7,11/06/2026
INV007915,CP008,P0915,36,5,51,7,11/06/2026
INV007916,CP008,P0916,45,19,170,7,11/06/2026
INV007917,CP008,P0917,24,18,123,10,11/06/2026
INV007918,CP008,P0918,114,35,208,7,11/06/2026
INV007919,CP008,P0919,88,32,154,7,11/06/2026
INV007920,CP008,P0920,404,102,480,7,11/06/2026
INV007921,CP008,P0921,10,5,30,10,11/06/2026
INV007922,CP008,P0922,477,75,645,5,11/06/2026
INV007923,CP008,P0923,174,24,230,5,11/06/2026
INV007924,CP008,P0924,63,56,486,10,11/06/2026
INV007925,CP008,P0925,96,33,178,14,11/06/2026
INV007926,CP008,P0926,174,40,264,10,11/06/2026
INV007927,CP008,P0927,57,23,163,3,11/06/2026
INV007928,CP008,P0928,25,16,130,10,11/06/2026
INV007929,CP008,P0929,57,18,141,14,11/06/2026
INV007930,CP008,P0930,65,40,369,5,11/06/2026
INV007931,CP008,P0931,39,14,69,3,11/06/2026
INV007932,CP008,P0932,50,14,149,5,11/06/2026
INV007933,CP008,P0933,31,7,45,5,11/06/2026
INV007934,CP008,P0934,80,23,156,5,11/06/2026
INV007935,CP008,P0935,94,30,153,5,11/06/2026
INV007936,CP008,P0936,41,38,193,10,11/06/2026
INV007937,CP008,P0937,54,10,89,14,11/06/2026
INV007938,CP008,P0938,40,24,195,10,11/06/2026
INV007939,CP008,P0939,210,34,291,10,11/06/2026
INV007940,CP008,P0940,22,15,95,14,11/06/2026
INV007941,CP008,P0941,83,19,130,10,11/06/2026
INV007942,CP008,P0942,102,77,469,10,11/06/2026
INV007943,CP008,P0943,6,5,30,14,11/06/2026
INV007944,CP008,P0944,149,36,322,10,11/06/2026
INV007945,CP008,P0945,42,18,162,5,11/06/2026
INV007946,CP008,P0946,35,26,184,7,11/06/2026
INV007947,CP008,P0947,39,15,121,3,11/06/2026
INV007948,CP008,P0948,18,5,46,14,11/06/2026
INV007949,CP008,P0949,50,39,333,3,11/06/2026
INV007950,CP008,P0950,64,16,118,10,11/06/2026
INV007951,CP008,P0951,429,72,572,5,11/06/2026
INV007952,CP008,P0952,35,28,190,5,11/06/2026
INV007953,CP008,P0953,139,23,242,7,11/06/2026
INV007954,CP008,P0954,8,5,30,3,11/06/2026
INV007955,CP008,P0955,46,23,271,10,11/06/2026
INV007956,CP008,P0956,48,11,68,7,11/06/2026
INV007957,CP008,P0957,66,19,102,14,11/06/2026
INV007958,CP008,P0958,316,56,467,7,11/06/2026
INV007959,CP008,P0959,492,87,538,14,11/06/2026
INV007960,CP008,P0960,18,18,173,7,11/06/2026
INV007961,CP008,P0961,130,66,476,10,11/06/2026
INV007962,CP008,P0962,97,29,192,10,11/06/2026
INV007963,CP008,P0963,83,15,134,3,11/06/2026
INV007964,CP008,P0964,66,16,174,7,11/06/2026
INV007965,CP008,P0965,115,21,129,5,11/06/2026
INV007966,CP008,P0966,169,34,228,10,11/06/2026
INV007967,CP008,P0967,37,26,186,7,11/06/2026
INV007968,CP008,P0968,63,27,233,3,11/06/2026
INV007969,CP008,P0969,42,15,146,7,11/06/2026
INV007970,CP008,P0970,79,39,383,3,11/06/2026
INV007971,CP008,P0971,22,5,30,7,11/06/2026
INV007972,CP008,P0972,82,21,123,5,11/06/2026
INV007973,CP008,P0973,157,24,190,7,11/06/2026
INV007974,CP008,P0974,16,6,37,10,11/06/2026
INV007975,CP008,P0975,131,29,213,14,11/06/2026
INV007976,CP008,P0976,71,30,201,14,11/06/2026
INV007977,CP008,P0977,83,16,142,7,11/06/2026
INV007978,CP008,P0978,37,9,50,3,11/06/2026
INV007979,CP008,P0979,60,30,163,14,11/06/2026
INV007980,CP008,P0980,134,30,264,14,11/06/2026
INV007981,CP008,P0981,135,66,436,14,11/06/2026
INV007982,CP008,P0982,18,9,49,7,11/06/2026
INV007983,CP008,P0983,17,13,98,3,11/06/2026
INV007984,CP008,P0984,52,13,86,14,11/06/2026
INV007985,CP008,P0985,42,9,84,5,11/06/2026
INV007986,CP008,P0986,130,60,418,10,11/06/2026
INV007987,CP008,P0987,24,7,70,3,11/06/2026
INV007988,CP008,P0988,18,5,40,10,11/06/2026
INV007989,CP008,P0989,21,5,57,5,11/06/2026
INV007990,CP008,P0990,175,36,206,10,11/06/2026
INV007991,CP008,P0991,139,37,234,7,11/06/2026
INV007992,CP008,P0992,5,5,30,5,11/06/2026
INV007993,CP008,P0993,100,25,207,7,11/06/2026
INV007994,CP008,P0994,76,14,107,7,11/06/2026
INV007995,CP008,P0995,84,22,111,7,11/06/2026
INV007996,CP008,P0996,121,22,181,14,11/06/2026
INV007997,CP008,P0997,56,16,165,14,11/06/2026
INV007998,CP008,P0998,141,27,243,5,11/06/2026
INV007999,CP008,P0999,67,22,249,3,11/06/2026
INV008000,CP008,P1000,143,19,157,5,11/06/2026
