product_id,product_name,category,subcategory,brand,gender,age_group,size,color,selling_season,supplier,cost_price,selling_price,profit_margin_percent,image_url,status,movement_type
P0001,Hustle Boys Wear Grey,Kids,Boys Wear,Hustle,Kids,Kids,12Y,Grey,All Season,Blue Horizon Apparel,1784.12,2497.77,40,https://coolplanet.lk/images/products/P0001.jpg,Active,Fast Moving
P0002,Modano T-Shirts Khaki,Men,T-Shirts,Modano,Men,Adult,XL,Khaki,Summer,Sunrise Fashion,3366.42,4881.31,45,https://coolplanet.lk/images/products/P0002.jpg,Active,Normal
P0003,Hustle Boys Wear Maroon,Kids,Boys Wear,Hustle,Kids,Kids,4Y,Maroon,All Season,Lanka Textiles,2531.85,3367.36,33,https://coolplanet.lk/images/products/P0003.jpg,Active,Trending
P0004,Modano T-Shirts White,Women,T-Shirts,Modano,Women,Adult,XL,White,Summer,Island Wear Ltd,4810.3,6830.63,42,https://coolplanet.lk/images/products/P0004.jpg,Active,Fast Moving
P0005,Emerald Kids T-Shirts Navy,Kids,Kids T-Shirts,Emerald,Kids,Kids,4Y,Navy,All Season,Kandy Mills,2558.66,3454.19,35,https://coolplanet.lk/images/products/P0005.jpg,Active,Trending
P0006,Hustle Jackets Blue,Women,Jackets,Hustle,Women,Adult,S,Blue,All Season,Sunrise Fashion,3909.52,5121.47,31,https://coolplanet.lk/images/products/P0006.jpg,Active,Normal
P0007,Miss Modano Shorts Blue,Men,Shorts,Miss Modano,Men,Adult,M,Blue,Summer,Kandy Mills,3242.97,4702.3,45,https://coolplanet.lk/images/products/P0007.jpg,Active,Normal
P0008,Emerald Sandals Navy,Footwear,Sandals,Emerald,Kids,Kids,45,Navy,Festive,Sunrise Fashion,3308.29,4598.52,39,https://coolplanet.lk/images/products/P0008.jpg,Active,Normal
P0009,Hustle Girls Wear Green,Kids,Girls Wear,Hustle,Kids,Kids,10Y,Green,Back to School,Island Wear Ltd,2041.91,2715.74,33,https://coolplanet.lk/images/products/P0009.jpg,Active,Normal
P0010,Modano T-Shirts Navy,Men,T-Shirts,Modano,Men,Adult,XS,Navy,Summer,Kandy Mills,2957.05,4376.44,48,https://coolplanet.lk/images/products/P0010.jpg,Active,Normal
P0011,Hustle Skirts Khaki,Women,Skirts,Hustle,Women,Adult,XL,Khaki,Festive,Sunrise Fashion,572.1,772.33,35,https://coolplanet.lk/images/products/P0011.jpg,Active,Trending
P0012,Hustle Sneakers Red,Footwear,Sneakers,Hustle,Kids,Kids,38,Red,Summer,Sunrise Fashion,8779.55,11501.21,31,https://coolplanet.lk/images/products/P0012.jpg,Active,Slow Moving
P0013,Modano Shirts Khaki,Men,Shirts,Modano,Men,Adult,S,Khaki,All Season,Kandy Mills,1170.63,1720.83,47,https://coolplanet.lk/images/products/P0013.jpg,Active,Normal
P0014,Libera Kids Shorts Red,Kids,Kids Shorts,Libera,Kids,Kids,14Y,Red,All Season,Colombo Garments,871.98,1142.3,31,https://coolplanet.lk/images/products/P0014.jpg,Active,Normal
P0015,Modano Trousers Teal,Men,Trousers,Modano,Men,Adult,S,Teal,Winter,Colombo Garments,4364.11,6197.04,42,https://coolplanet.lk/images/products/P0015.jpg,Active,Slow Moving
P0016,Hustle Tops Pink,Women,Tops,Hustle,Women,Adult,XXL,Pink,Winter,Blue Horizon Apparel,2507.27,3460.03,38,https://coolplanet.lk/images/products/P0016.jpg,Active,Normal
P0017,Hustle Shirts Coral,Men,Shirts,Hustle,Men,Adult,XS,Coral,Winter,Fashion Hub PVT,828.89,1135.58,37,https://coolplanet.lk/images/products/P0017.jpg,Active,Normal
P0018,Emerald T-Shirts Olive,Men,T-Shirts,Emerald,Men,Adult,S,Olive,All Season,Island Wear Ltd,1538.79,2185.08,42,https://coolplanet.lk/images/products/P0018.jpg,Active,Normal
P0019,Hustle Trousers Maroon,Men,Trousers,Hustle,Men,Adult,XXL,Maroon,All Season,Sunrise Fashion,3278.77,4524.7,38,https://coolplanet.lk/images/products/P0019.jpg,Active,Fast Moving
P0020,Emerald Dresses Beige,Women,Dresses,Emerald,Women,Adult,L,Beige,All Season,Island Wear Ltd,1297.88,1855.97,43,https://coolplanet.lk/images/products/P0020.jpg,Active,Trending
P0021,Modano Skirts White,Women,Skirts,Modano,Women,Adult,XL,White,Festive,Kandy Mills,4692.88,6804.68,45,https://coolplanet.lk/images/products/P0021.jpg,Active,Normal
P0022,Emerald Girls Wear White,Kids,Girls Wear,Emerald,Kids,Kids,2Y,White,Back to School,Kandy Mills,892.07,1222.13,37,https://coolplanet.lk/images/products/P0022.jpg,Active,Normal
P0023,Emerald Sneakers Green,Footwear,Sneakers,Emerald,Unisex,Adult,39,Green,Back to School,Blue Horizon Apparel,5522.33,7455.15,35,https://coolplanet.lk/images/products/P0023.jpg,Active,Fast Moving
P0024,Libera Trousers White,Men,Trousers,Libera,Men,Adult,XS,White,Festive,Fashion Hub PVT,944.9,1190.57,26,https://coolplanet.lk/images/products/P0024.jpg,Active,Normal
P0025,Miss Modano Jeans Coral,Men,Jeans,Miss Modano,Men,Adult,XL,Coral,All Season,Blue Horizon Apparel,3135.88,4547.03,45,https://coolplanet.lk/images/products/P0025.jpg,Active,Normal
P0026,Hustle Shorts Grey,Men,Shorts,Hustle,Men,Adult,S,Grey,All Season,Kandy Mills,2450.49,3406.18,39,https://coolplanet.lk/images/products/P0026.jpg,Active,Normal
P0027,Emerald Boys Wear Teal,Kids,Boys Wear,Emerald,Kids,Kids,6Y,Teal,All Season,Fashion Hub PVT,2302.87,3293.1,43,https://coolplanet.lk/images/products/P0027.jpg,Active,Normal
P0028,Libera Jackets Charcoal,Men,Jackets,Libera,Men,Adult,XXL,Charcoal,Winter,Blue Horizon Apparel,3463.77,4606.82,33,https://coolplanet.lk/images/products/P0028.jpg,Active,Slow Moving
P0029,King Street Belts Red,Accessories,Belts,King Street,Women,Adult,S,Red,All Season,Sunrise Fashion,2399.01,3142.7,31,https://coolplanet.lk/images/products/P0029.jpg,Active,Slow Moving
P0030,Libera Sneakers Brown,Footwear,Sneakers,Libera,Unisex,Adult,36,Brown,All Season,Lanka Textiles,4511.42,5774.62,28,https://coolplanet.lk/images/products/P0030.jpg,Active,Fast Moving
P0031,Miss Modano Polo Shirts Cream,Men,Polo Shirts,Miss Modano,Men,Adult,L,Cream,Summer,Sunrise Fashion,978.01,1437.68,47,https://coolplanet.lk/images/products/P0031.jpg,Active,Normal
P0032,Emerald Sneakers Maroon,Footwear,Sneakers,Emerald,Women,Adult,40,Maroon,All Season,Kandy Mills,8113.2,11277.35,39,https://coolplanet.lk/images/products/P0032.jpg,Active,Fast Moving
P0033,King Street Sneakers Orange,Footwear,Sneakers,King Street,Men,Adult,42,Orange,Back to School,Colombo Garments,6936.09,9294.36,34,https://coolplanet.lk/images/products/P0033.jpg,Active,Normal
P0034,Modano Sandals Blue,Footwear,Sandals,Modano,Men,Adult,41,Blue,Festive,Sunrise Fashion,4004.61,5646.5,41,https://coolplanet.lk/images/products/P0034.jpg,Active,Normal
P0035,King Street Jackets Purple,Women,Jackets,King Street,Women,Adult,L,Purple,Winter,Island Wear Ltd,1428.69,1957.31,37,https://coolplanet.lk/images/products/P0035.jpg,Active,Slow Moving
P0036,Hustle Belts Beige,Accessories,Belts,Hustle,Men,Adult,M,Beige,Festive,Lanka Textiles,3669.98,4844.38,32,https://coolplanet.lk/images/products/P0036.jpg,Active,Non Moving
P0037,Emerald Sneakers Black,Footwear,Sneakers,Emerald,Kids,Kids,40,Black,All Season,Lanka Textiles,8463.77,11595.37,37,https://coolplanet.lk/images/products/P0037.jpg,Active,Fast Moving
P0038,Libera T-Shirts Charcoal,Women,T-Shirts,Libera,Women,Adult,XS,Charcoal,All Season,Colombo Garments,4974.12,6366.88,28,https://coolplanet.lk/images/products/P0038.jpg,Active,Slow Moving
P0039,Miss Modano Jackets Orange,Men,Jackets,Miss Modano,Men,Adult,XXL,Orange,All Season,Sunrise Fashion,3001.37,4351.99,45,https://coolplanet.lk/images/products/P0039.jpg,Active,Normal
P0040,Hustle T-Shirts Yellow,Women,T-Shirts,Hustle,Women,Adult,M,Yellow,Summer,Sunrise Fashion,1424.32,1908.59,34,https://coolplanet.lk/images/products/P0040.jpg,Active,Normal
P0041,King Street Caps Teal,Accessories,Caps,King Street,Women,Adult,M,Teal,All Season,Blue Horizon Apparel,1669.4,2320.47,39,https://coolplanet.lk/images/products/P0041.jpg,Active,Normal
P0042,Miss Modano Jackets Khaki,Women,Jackets,Miss Modano,Women,Adult,XXL,Khaki,Winter,Lanka Textiles,3416.03,4850.76,42,https://coolplanet.lk/images/products/P0042.jpg,Active,Normal
P0043,King Street Tops Grey,Women,Tops,King Street,Women,Adult,S,Grey,All Season,Island Wear Ltd,1725.01,2242.51,30,https://coolplanet.lk/images/products/P0043.jpg,Active,Normal
P0044,Miss Modano Jackets Purple,Women,Jackets,Miss Modano,Women,Adult,S,Purple,Winter,Fashion Hub PVT,3287.87,4833.17,47,https://coolplanet.lk/images/products/P0044.jpg,Active,Normal
P0045,King Street Wallets Blue,Accessories,Wallets,King Street,Men,Adult,L,Blue,All Season,Kandy Mills,1114.57,1471.23,32,https://coolplanet.lk/images/products/P0045.jpg,Active,Trending
P0046,Modano Skirts Cream,Women,Skirts,Modano,Women,Adult,XXL,Cream,Festive,Blue Horizon Apparel,2369.56,3388.47,43,https://coolplanet.lk/images/products/P0046.jpg,Active,Normal
P0047,King Street Wallets Grey,Accessories,Wallets,King Street,Women,Adult,M,Grey,Festive,Sunrise Fashion,1992.83,2750.11,38,https://coolplanet.lk/images/products/P0047.jpg,Active,Trending
P0048,Hustle Shoes Yellow,Footwear,Shoes,Hustle,Kids,Kids,44,Yellow,All Season,Island Wear Ltd,2176.13,2828.97,30,https://coolplanet.lk/images/products/P0048.jpg,Active,Normal
P0049,Miss Modano Trousers Teal,Men,Trousers,Miss Modano,Men,Adult,XS,Teal,All Season,Kandy Mills,2265.83,3194.82,41,https://coolplanet.lk/images/products/P0049.jpg,Active,Normal
P0050,Emerald Sneakers Olive,Footwear,Sneakers,Emerald,Unisex,Adult,41,Olive,All Season,Kandy Mills,3838.2,5411.86,41,https://coolplanet.lk/images/products/P0050.jpg,Active,Normal
P0051,Hustle Girls Wear Grey,Kids,Girls Wear,Hustle,Kids,Kids,8Y,Grey,All Season,Sunrise Fashion,1155.01,1605.46,39,https://coolplanet.lk/images/products/P0051.jpg,Active,Normal
P0052,Miss Modano Trousers Charcoal,Men,Trousers,Miss Modano,Men,Adult,L,Charcoal,Summer,Fashion Hub PVT,3093.99,4579.1,48,https://coolplanet.lk/images/products/P0052.jpg,Active,Normal
P0053,Hustle Dresses Purple,Women,Dresses,Hustle,Women,Adult,L,Purple,All Season,Island Wear Ltd,4011.5,5495.75,37,https://coolplanet.lk/images/products/P0053.jpg,Active,Slow Moving
P0054,Modano Dresses Black,Women,Dresses,Modano,Women,Adult,XS,Black,Back to School,Sunrise Fashion,1976.02,2904.75,47,https://coolplanet.lk/images/products/P0054.jpg,Active,Fast Moving
P0055,King Street Shirts Beige,Men,Shirts,King Street,Men,Adult,XL,Beige,All Season,Sunrise Fashion,1101.06,1519.46,38,https://coolplanet.lk/images/products/P0055.jpg,Active,Trending
P0056,Modano T-Shirts Blue,Women,T-Shirts,Modano,Women,Adult,XXL,Blue,Summer,Colombo Garments,3809.59,5600.09,47,https://coolplanet.lk/images/products/P0056.jpg,Active,Normal
P0057,Libera Polo Shirts Purple,Men,Polo Shirts,Libera,Men,Adult,S,Purple,All Season,Sunrise Fashion,3534.7,4736.5,34,https://coolplanet.lk/images/products/P0057.jpg,Active,Trending
P0058,King Street Jackets Coral,Women,Jackets,King Street,Women,Adult,M,Coral,All Season,Fashion Hub PVT,3527.23,4867.58,38,https://coolplanet.lk/images/products/P0058.jpg,Active,Normal
P0059,Libera Sandals Maroon,Footwear,Sandals,Libera,Men,Adult,43,Maroon,Winter,Sunrise Fashion,4506.31,5903.26,31,https://coolplanet.lk/images/products/P0059.jpg,Active,Normal
P0060,King Street Kids Shorts Maroon,Kids,Kids Shorts,King Street,Kids,Kids,10Y,Maroon,All Season,Colombo Garments,1051.98,1399.14,33,https://coolplanet.lk/images/products/P0060.jpg,Active,Normal
P0061,Modano Belts Coral,Accessories,Belts,Modano,Women,Adult,L,Coral,All Season,Lanka Textiles,1772.46,2623.24,48,https://coolplanet.lk/images/products/P0061.jpg,Active,Trending
P0062,Modano Sandals Charcoal,Footwear,Sandals,Modano,Kids,Kids,40,Charcoal,Summer,Colombo Garments,4550.05,6779.57,49,https://coolplanet.lk/images/products/P0062.jpg,Active,Fast Moving
P0063,Miss Modano Girls Wear Olive,Kids,Girls Wear,Miss Modano,Kids,Kids,2Y,Olive,All Season,Island Wear Ltd,924.04,1312.13,42,https://coolplanet.lk/images/products/P0063.jpg,Active,Normal
P0064,Libera Kids Shorts Maroon,Kids,Kids Shorts,Libera,Kids,Kids,10Y,Maroon,All Season,Island Wear Ltd,1112.4,1490.61,34,https://coolplanet.lk/images/products/P0064.jpg,Active,Slow Moving
P0065,Modano T-Shirts Red,Men,T-Shirts,Modano,Men,Adult,XXL,Red,Summer,Sunrise Fashion,1278.23,1891.78,48,https://coolplanet.lk/images/products/P0065.jpg,Active,Normal
P0066,Hustle Caps Beige,Accessories,Caps,Hustle,Men,Adult,M,Beige,All Season,Blue Horizon Apparel,267.52,366.5,37,https://coolplanet.lk/images/products/P0066.jpg,Active,Trending
P0067,Emerald Polo Shirts Olive,Men,Polo Shirts,Emerald,Men,Adult,XS,Olive,Summer,Island Wear Ltd,2430.46,3475.56,43,https://coolplanet.lk/images/products/P0067.jpg,Active,Slow Moving
P0068,Hustle Jeans Navy,Women,Jeans,Hustle,Women,Adult,XS,Navy,Summer,Colombo Garments,3777.92,5024.64,33,https://coolplanet.lk/images/products/P0068.jpg,Active,Trending
P0069,Modano Tops Teal,Women,Tops,Modano,Women,Adult,XL,Teal,Summer,Kandy Mills,3214.01,4596.04,43,https://coolplanet.lk/images/products/P0069.jpg,Active,Normal
P0070,Miss Modano Skirts Pink,Women,Skirts,Miss Modano,Women,Adult,XS,Pink,Winter,Kandy Mills,3672.99,5362.56,46,https://coolplanet.lk/images/products/P0070.jpg,Active,Trending
P0071,Miss Modano Girls Wear Blue,Kids,Girls Wear,Miss Modano,Kids,Kids,4Y,Blue,All Season,Sunrise Fashion,1118.39,1666.4,49,https://coolplanet.lk/images/products/P0071.jpg,Active,Normal
P0072,Emerald Shorts Cream,Men,Shorts,Emerald,Men,Adult,S,Cream,All Season,Sunrise Fashion,3861.77,5290.62,37,https://coolplanet.lk/images/products/P0072.jpg,Active,Normal
P0073,Libera Shirts Green,Men,Shirts,Libera,Men,Adult,S,Green,All Season,Lanka Textiles,1302.81,1745.76,34,https://coolplanet.lk/images/products/P0073.jpg,Active,Normal
P0074,Modano Wallets Cream,Accessories,Wallets,Modano,Men,Adult,L,Cream,Back to School,Island Wear Ltd,1816.59,2652.22,46,https://coolplanet.lk/images/products/P0074.jpg,Active,Normal
P0075,Emerald Caps Brown,Accessories,Caps,Emerald,Unisex,Adult,S,Brown,Back to School,Blue Horizon Apparel,2936.81,4229.01,44,https://coolplanet.lk/images/products/P0075.jpg,Active,Normal
P0076,Miss Modano Sandals Blue,Footwear,Sandals,Miss Modano,Men,Adult,43,Blue,Back to School,Blue Horizon Apparel,2179.37,3160.08,45,https://coolplanet.lk/images/products/P0076.jpg,Active,Normal
P0077,Hustle Wallets Maroon,Accessories,Wallets,Hustle,Women,Adult,One Size,Maroon,Festive,Sunrise Fashion,1370.43,1850.08,35,https://coolplanet.lk/images/products/P0077.jpg,Active,Normal
P0078,Emerald Skirts Cream,Women,Skirts,Emerald,Women,Adult,M,Cream,All Season,Island Wear Ltd,4763.75,6812.16,43,https://coolplanet.lk/images/products/P0078.jpg,Active,Normal
P0079,Emerald Jackets Maroon,Men,Jackets,Emerald,Men,Adult,XL,Maroon,All Season,Island Wear Ltd,3221.49,4349.01,35,https://coolplanet.lk/images/products/P0079.jpg,Active,Normal
P0080,Miss Modano Jeans Pink,Men,Jeans,Miss Modano,Men,Adult,XXL,Pink,Summer,Sunrise Fashion,651.73,964.56,48,https://coolplanet.lk/images/products/P0080.jpg,Active,Normal
P0081,Hustle Jeans Teal,Men,Jeans,Hustle,Men,Adult,S,Teal,Back to School,Island Wear Ltd,4350.51,6003.7,38,https://coolplanet.lk/images/products/P0081.jpg,Active,Normal
P0082,Modano Shorts Khaki,Men,Shorts,Modano,Men,Adult,L,Khaki,All Season,Colombo Garments,4315.8,6387.39,48,https://coolplanet.lk/images/products/P0082.jpg,Active,Normal
P0083,Hustle Jeans Navy,Men,Jeans,Hustle,Men,Adult,L,Navy,All Season,Lanka Textiles,4038.16,5289.99,31,https://coolplanet.lk/images/products/P0083.jpg,Active,Normal
P0084,Miss Modano Skirts Green,Women,Skirts,Miss Modano,Women,Adult,L,Green,All Season,Blue Horizon Apparel,2880.74,4177.08,45,https://coolplanet.lk/images/products/P0084.jpg,Active,Non Moving
P0085,Hustle Belts Purple,Accessories,Belts,Hustle,Unisex,Adult,L,Purple,All Season,Sunrise Fashion,2923.16,3800.11,30,https://coolplanet.lk/images/products/P0085.jpg,Active,Normal
P0086,Emerald Belts White,Accessories,Belts,Emerald,Women,Adult,M,White,Festive,Island Wear Ltd,3083.0,4408.69,43,https://coolplanet.lk/images/products/P0086.jpg,Active,Fast Moving
P0087,Emerald T-Shirts Green,Men,T-Shirts,Emerald,Men,Adult,M,Green,All Season,Island Wear Ltd,3131.35,4352.58,39,https://coolplanet.lk/images/products/P0087.jpg,Active,Normal
P0088,Modano Sneakers Yellow,Footwear,Sneakers,Modano,Unisex,Adult,43,Yellow,Festive,Fashion Hub PVT,1102.58,1587.71,44,https://coolplanet.lk/images/products/P0088.jpg,Active,Trending
P0089,Libera Tops Maroon,Women,Tops,Libera,Women,Adult,XXL,Maroon,Winter,Colombo Garments,1066.56,1333.2,25,https://coolplanet.lk/images/products/P0089.jpg,Active,Normal
P0090,Hustle Jackets Pink,Men,Jackets,Hustle,Men,Adult,L,Pink,Winter,Island Wear Ltd,1576.93,2191.93,39,https://coolplanet.lk/images/products/P0090.jpg,Active,Normal
P0091,Modano Shirts Charcoal,Men,Shirts,Modano,Men,Adult,L,Charcoal,Back to School,Island Wear Ltd,1106.69,1615.77,46,https://coolplanet.lk/images/products/P0091.jpg,Active,Normal
P0092,Emerald Sandals Teal,Footwear,Sandals,Emerald,Kids,Kids,43,Teal,Back to School,Lanka Textiles,8790.1,11866.64,35,https://coolplanet.lk/images/products/P0092.jpg,Active,Normal
P0093,King Street T-Shirts Purple,Women,T-Shirts,King Street,Women,Adult,XS,Purple,Summer,Lanka Textiles,2386.62,3102.6,30,https://coolplanet.lk/images/products/P0093.jpg,Active,Normal
P0094,Emerald Jackets Brown,Women,Jackets,Emerald,Women,Adult,XXL,Brown,Winter,Sunrise Fashion,4597.78,6436.89,40,https://coolplanet.lk/images/products/P0094.jpg,Active,Normal
P0095,Modano Tops Grey,Women,Tops,Modano,Women,Adult,XL,Grey,All Season,Kandy Mills,3739.82,5460.14,46,https://coolplanet.lk/images/products/P0095.jpg,Active,Normal
P0096,Emerald Boys Wear Cream,Kids,Boys Wear,Emerald,Kids,Kids,6Y,Cream,All Season,Lanka Textiles,492.33,679.41,38,https://coolplanet.lk/images/products/P0096.jpg,Active,Slow Moving
P0097,Miss Modano Jackets Khaki,Men,Jackets,Miss Modano,Men,Adult,M,Khaki,Winter,Kandy Mills,1606.19,2264.73,41,https://coolplanet.lk/images/products/P0097.jpg,Active,Normal
P0098,Libera T-Shirts Cream,Women,T-Shirts,Libera,Women,Adult,S,Cream,Summer,Sunrise Fashion,4532.51,6118.89,35,https://coolplanet.lk/images/products/P0098.jpg,Active,Normal
P0099,King Street Sneakers Navy,Footwear,Sneakers,King Street,Kids,Kids,36,Navy,All Season,Lanka Textiles,1905.83,2534.76,33,https://coolplanet.lk/images/products/P0099.jpg,Active,Normal
P0100,Miss Modano Kids T-Shirts Grey,Kids,Kids T-Shirts,Miss Modano,Kids,Kids,10Y,Grey,All Season,Colombo Garments,2295.95,3237.29,41,https://coolplanet.lk/images/products/P0100.jpg,Active,Normal
P0101,Emerald Jackets Maroon,Women,Jackets,Emerald,Women,Adult,XS,Maroon,Winter,Island Wear Ltd,1938.89,2617.5,35,https://coolplanet.lk/images/products/P0101.jpg,Active,Trending
P0102,Modano Kids Shorts Orange,Kids,Kids Shorts,Modano,Kids,Kids,12Y,Orange,All Season,Sunrise Fashion,1552.98,2220.76,43,https://coolplanet.lk/images/products/P0102.jpg,Active,Trending
P0103,Emerald Trousers Brown,Men,Trousers,Emerald,Men,Adult,M,Brown,All Season,Colombo Garments,2452.04,3334.77,36,https://coolplanet.lk/images/products/P0103.jpg,Active,Normal
P0104,Hustle Sneakers White,Footwear,Sneakers,Hustle,Kids,Kids,39,White,Back to School,Kandy Mills,8544.27,11449.32,34,https://coolplanet.lk/images/products/P0104.jpg,Active,Normal
P0105,Hustle Boys Wear Yellow,Kids,Boys Wear,Hustle,Kids,Kids,4Y,Yellow,All Season,Kandy Mills,457.23,612.69,34,https://coolplanet.lk/images/products/P0105.jpg,Active,Normal
P0106,King Street Shoes Green,Footwear,Shoes,King Street,Kids,Kids,45,Green,All Season,Colombo Garments,7932.42,10470.79,32,https://coolplanet.lk/images/products/P0106.jpg,Active,Normal
P0107,Emerald Shoes Green,Footwear,Shoes,Emerald,Men,Adult,39,Green,Summer,Lanka Textiles,958.35,1370.44,43,https://coolplanet.lk/images/products/P0107.jpg,Active,Fast Moving
P0108,Modano Boys Wear Cream,Kids,Boys Wear,Modano,Kids,Kids,10Y,Cream,All Season,Colombo Garments,1217.04,1801.22,48,https://coolplanet.lk/images/products/P0108.jpg,Active,Normal
P0109,Modano Sneakers Cream,Footwear,Sneakers,Modano,Kids,Kids,36,Cream,All Season,Island Wear Ltd,4395.17,6373.0,45,https://coolplanet.lk/images/products/P0109.jpg,Active,Normal
P0110,Hustle Sandals Navy,Footwear,Sandals,Hustle,Men,Adult,38,Navy,All Season,Sunrise Fashion,3066.3,4170.17,36,https://coolplanet.lk/images/products/P0110.jpg,Active,Normal
P0111,Miss Modano Skirts Cream,Women,Skirts,Miss Modano,Women,Adult,L,Cream,All Season,Kandy Mills,3606.49,5121.21,42,https://coolplanet.lk/images/products/P0111.jpg,Active,Normal
P0112,King Street Girls Wear Cream,Kids,Girls Wear,King Street,Kids,Kids,8Y,Cream,Back to School,Island Wear Ltd,2180.15,2965.0,36,https://coolplanet.lk/images/products/P0112.jpg,Active,Normal
P0113,Libera Jackets Orange,Women,Jackets,Libera,Women,Adult,XXL,Orange,All Season,Kandy Mills,863.8,1122.94,30,https://coolplanet.lk/images/products/P0113.jpg,Active,Fast Moving
P0114,Emerald Sandals Teal,Footwear,Sandals,Emerald,Women,Adult,44,Teal,Summer,Island Wear Ltd,5818.03,8436.14,45,https://coolplanet.lk/images/products/P0114.jpg,Active,Non Moving
P0115,Modano Sneakers Pink,Footwear,Sneakers,Modano,Men,Adult,41,Pink,All Season,Colombo Garments,4671.37,6680.06,43,https://coolplanet.lk/images/products/P0115.jpg,Active,Normal
P0116,Modano Jackets Red,Men,Jackets,Modano,Men,Adult,XL,Red,Winter,Kandy Mills,3830.61,5401.16,41,https://coolplanet.lk/images/products/P0116.jpg,Active,Normal
P0117,Emerald Boys Wear Black,Kids,Boys Wear,Emerald,Kids,Kids,12Y,Black,Back to School,Lanka Textiles,2394.68,3256.77,36,https://coolplanet.lk/images/products/P0117.jpg,Active,Fast Moving
P0118,Modano Kids Shorts Green,Kids,Kids Shorts,Modano,Kids,Kids,2Y,Green,Summer,Colombo Garments,1820.77,2712.95,49,https://coolplanet.lk/images/products/P0118.jpg,Active,Non Moving
P0119,Miss Modano Polo Shirts Coral,Men,Polo Shirts,Miss Modano,Men,Adult,XS,Coral,All Season,Fashion Hub PVT,3617.22,5100.28,41,https://coolplanet.lk/images/products/P0119.jpg,Active,Normal
P0120,Hustle Kids Shorts Maroon,Kids,Kids Shorts,Hustle,Kids,Kids,14Y,Maroon,Summer,Fashion Hub PVT,1057.58,1470.04,39,https://coolplanet.lk/images/products/P0120.jpg,Active,Slow Moving
P0121,Hustle Kids T-Shirts Grey,Kids,Kids T-Shirts,Hustle,Kids,Kids,10Y,Grey,Summer,Lanka Textiles,323.53,423.83,31,https://coolplanet.lk/images/products/P0121.jpg,Active,Normal
P0122,Emerald Sandals Red,Footwear,Sandals,Emerald,Kids,Kids,42,Red,All Season,Sunrise Fashion,3845.1,5306.24,38,https://coolplanet.lk/images/products/P0122.jpg,Active,Trending
P0123,King Street Sandals Purple,Footwear,Sandals,King Street,Men,Adult,36,Purple,Summer,Fashion Hub PVT,4403.82,6165.35,40,https://coolplanet.lk/images/products/P0123.jpg,Active,Normal
P0124,Hustle Kids Shorts Red,Kids,Kids Shorts,Hustle,Kids,Kids,6Y,Red,Summer,Blue Horizon Apparel,2089.93,2884.1,38,https://coolplanet.lk/images/products/P0124.jpg,Active,Normal
P0125,Miss Modano Jeans Grey,Women,Jeans,Miss Modano,Women,Adult,L,Grey,Summer,Lanka Textiles,2128.89,3193.33,50,https://coolplanet.lk/images/products/P0125.jpg,Active,Normal
P0126,Miss Modano Shoes Khaki,Footwear,Shoes,Miss Modano,Men,Adult,41,Khaki,All Season,Sunrise Fashion,7803.25,11548.81,48,https://coolplanet.lk/images/products/P0126.jpg,Active,Normal
P0127,Emerald T-Shirts Charcoal,Men,T-Shirts,Emerald,Men,Adult,XXL,Charcoal,Summer,Kandy Mills,1311.4,1809.73,38,https://coolplanet.lk/images/products/P0127.jpg,Active,Normal
P0128,Emerald Kids Shorts Yellow,Kids,Kids Shorts,Emerald,Kids,Kids,2Y,Yellow,All Season,Lanka Textiles,1273.99,1770.84,39,https://coolplanet.lk/images/products/P0128.jpg,Active,Normal
P0129,Miss Modano Dresses Cream,Women,Dresses,Miss Modano,Women,Adult,XS,Cream,All Season,Sunrise Fashion,1718.21,2508.59,46,https://coolplanet.lk/images/products/P0129.jpg,Active,Normal
P0130,Miss Modano Kids Shorts Coral,Kids,Kids Shorts,Miss Modano,Kids,Kids,14Y,Coral,Summer,Kandy Mills,1245.95,1794.17,44,https://coolplanet.lk/images/products/P0130.jpg,Active,Normal
P0131,Emerald Girls Wear Cream,Kids,Girls Wear,Emerald,Kids,Kids,14Y,Cream,Back to School,Fashion Hub PVT,2478.71,3445.4,39,https://coolplanet.lk/images/products/P0131.jpg,Active,Normal
P0132,Miss Modano Jeans Khaki,Women,Jeans,Miss Modano,Women,Adult,S,Khaki,All Season,Island Wear Ltd,4533.57,6483.0,43,https://coolplanet.lk/images/products/P0132.jpg,Active,Normal
P0133,Emerald Kids T-Shirts Yellow,Kids,Kids T-Shirts,Emerald,Kids,Kids,12Y,Yellow,All Season,Sunrise Fashion,902.01,1280.86,42,https://coolplanet.lk/images/products/P0133.jpg,Active,Normal
P0134,Miss Modano Girls Wear Navy,Kids,Girls Wear,Miss Modano,Kids,Kids,4Y,Navy,Back to School,Sunrise Fashion,958.96,1361.72,42,https://coolplanet.lk/images/products/P0134.jpg,Active,Normal
P0135,Hustle Boys Wear Teal,Kids,Boys Wear,Hustle,Kids,Kids,14Y,Teal,Back to School,Sunrise Fashion,2132.02,2920.87,37,https://coolplanet.lk/images/products/P0135.jpg,Active,Normal
P0136,Miss Modano Bags Maroon,Accessories,Bags,Miss Modano,Unisex,Adult,One Size,Maroon,All Season,Colombo Garments,764.83,1147.24,50,https://coolplanet.lk/images/products/P0136.jpg,Active,Slow Moving
P0137,Hustle T-Shirts Navy,Men,T-Shirts,Hustle,Men,Adult,XS,Navy,Summer,Kandy Mills,3387.41,4573.0,35,https://coolplanet.lk/images/products/P0137.jpg,Active,Normal
P0138,Emerald T-Shirts Cream,Men,T-Shirts,Emerald,Men,Adult,M,Cream,Summer,Blue Horizon Apparel,4519.04,6326.66,40,https://coolplanet.lk/images/products/P0138.jpg,Active,Slow Moving
P0139,Libera Skirts Pink,Women,Skirts,Libera,Women,Adult,L,Pink,Back to School,Sunrise Fashion,1525.63,1922.3,26,https://coolplanet.lk/images/products/P0139.jpg,Active,Normal
P0140,Miss Modano T-Shirts Khaki,Women,T-Shirts,Miss Modano,Women,Adult,S,Khaki,Summer,Colombo Garments,4019.53,5747.93,43,https://coolplanet.lk/images/products/P0140.jpg,Active,Normal
P0141,King Street Kids T-Shirts Khaki,Kids,Kids T-Shirts,King Street,Kids,Kids,6Y,Khaki,Summer,Lanka Textiles,2111.19,2765.66,31,https://coolplanet.lk/images/products/P0141.jpg,Active,Normal
P0142,King Street Shoes Cream,Footwear,Shoes,King Street,Women,Adult,36,Cream,Summer,Lanka Textiles,3915.5,5481.7,40,https://coolplanet.lk/images/products/P0142.jpg,Active,Trending
P0143,King Street Dresses Red,Women,Dresses,King Street,Women,Adult,XXL,Red,All Season,Fashion Hub PVT,1236.73,1620.11,31,https://coolplanet.lk/images/products/P0143.jpg,Active,Slow Moving
P0144,Emerald Shoes Charcoal,Footwear,Shoes,Emerald,Kids,Kids,37,Charcoal,All Season,Colombo Garments,2520.76,3529.07,40,https://coolplanet.lk/images/products/P0144.jpg,Active,Normal
P0145,Hustle Boys Wear Grey,Kids,Boys Wear,Hustle,Kids,Kids,2Y,Grey,All Season,Kandy Mills,1260.34,1701.46,35,https://coolplanet.lk/images/products/P0145.jpg,Active,Normal
P0146,Miss Modano Sandals Khaki,Footwear,Sandals,Miss Modano,Men,Adult,38,Khaki,All Season,Lanka Textiles,856.96,1216.89,42,https://coolplanet.lk/images/products/P0146.jpg,Active,Trending
P0147,Libera Boys Wear Navy,Kids,Boys Wear,Libera,Kids,Kids,10Y,Navy,All Season,Island Wear Ltd,1278.1,1610.41,26,https://coolplanet.lk/images/products/P0147.jpg,Active,Fast Moving
P0148,King Street Jackets Orange,Women,Jackets,King Street,Women,Adult,M,Orange,Winter,Sunrise Fashion,4059.18,5317.53,31,https://coolplanet.lk/images/products/P0148.jpg,Active,Trending
P0149,Miss Modano Shoes Orange,Footwear,Shoes,Miss Modano,Men,Adult,38,Orange,Festive,Sunrise Fashion,5768.17,8594.57,49,https://coolplanet.lk/images/products/P0149.jpg,Active,Normal
P0150,Hustle Shorts White,Men,Shorts,Hustle,Men,Adult,XS,White,Summer,Lanka Textiles,4364.93,5849.01,34,https://coolplanet.lk/images/products/P0150.jpg,Active,Normal
P0151,Modano Wallets White,Accessories,Wallets,Modano,Women,Adult,S,White,All Season,Fashion Hub PVT,3064.82,4352.05,42,https://coolplanet.lk/images/products/P0151.jpg,Active,Normal
P0152,Modano Polo Shirts Purple,Men,Polo Shirts,Modano,Men,Adult,L,Purple,All Season,Sunrise Fashion,1304.1,1864.86,43,https://coolplanet.lk/images/products/P0152.jpg,Active,Normal
P0153,Miss Modano Boys Wear Navy,Kids,Boys Wear,Miss Modano,Kids,Kids,14Y,Navy,All Season,Lanka Textiles,1482.96,2090.97,41,https://coolplanet.lk/images/products/P0153.jpg,Active,Trending
P0154,Modano Jeans Blue,Women,Jeans,Modano,Women,Adult,M,Blue,Summer,Lanka Textiles,3615.71,5278.93,46,https://coolplanet.lk/images/products/P0154.jpg,Active,Normal
P0155,Hustle Boys Wear Purple,Kids,Boys Wear,Hustle,Kids,Kids,14Y,Purple,All Season,Colombo Garments,2447.92,3353.65,37,https://coolplanet.lk/images/products/P0155.jpg,Active,Normal
P0156,Modano Tops Grey,Women,Tops,Modano,Women,Adult,M,Grey,All Season,Fashion Hub PVT,4640.03,6681.64,44,https://coolplanet.lk/images/products/P0156.jpg,Active,Normal
P0157,Miss Modano Caps Navy,Accessories,Caps,Miss Modano,Women,Adult,M,Navy,All Season,Colombo Garments,2312.37,3352.94,45,https://coolplanet.lk/images/products/P0157.jpg,Active,Normal
P0158,Emerald Jeans Teal,Men,Jeans,Emerald,Men,Adult,M,Teal,Winter,Blue Horizon Apparel,1465.98,2023.05,38,https://coolplanet.lk/images/products/P0158.jpg,Active,Slow Moving
P0159,Miss Modano Boys Wear Navy,Kids,Boys Wear,Miss Modano,Kids,Kids,12Y,Navy,Back to School,Kandy Mills,2493.94,3491.51,40,https://coolplanet.lk/images/products/P0159.jpg,Active,Normal
P0160,Miss Modano T-Shirts Teal,Women,T-Shirts,Miss Modano,Women,Adult,M,Teal,Summer,Sunrise Fashion,3625.45,5184.4,43,https://coolplanet.lk/images/products/P0160.jpg,Active,Normal
P0161,Hustle Boys Wear Green,Kids,Boys Wear,Hustle,Kids,Kids,8Y,Green,All Season,Blue Horizon Apparel,1150.59,1518.78,32,https://coolplanet.lk/images/products/P0161.jpg,Active,Non Moving
P0162,Hustle Boys Wear Pink,Kids,Boys Wear,Hustle,Kids,Kids,12Y,Pink,Back to School,Kandy Mills,1503.45,2029.66,35,https://coolplanet.lk/images/products/P0162.jpg,Active,Normal
P0163,Miss Modano Polo Shirts Cream,Men,Polo Shirts,Miss Modano,Men,Adult,XL,Cream,All Season,Kandy Mills,4003.01,5804.37,45,https://coolplanet.lk/images/products/P0163.jpg,Active,Normal
P0164,Miss Modano Shoes Red,Footwear,Shoes,Miss Modano,Unisex,Adult,40,Red,All Season,Sunrise Fashion,3208.73,4684.74,46,https://coolplanet.lk/images/products/P0164.jpg,Active,Trending
P0165,Emerald Kids T-Shirts Brown,Kids,Kids T-Shirts,Emerald,Kids,Kids,10Y,Brown,All Season,Lanka Textiles,562.88,788.03,40,https://coolplanet.lk/images/products/P0165.jpg,Active,Normal
P0166,Modano Girls Wear Charcoal,Kids,Girls Wear,Modano,Kids,Kids,10Y,Charcoal,Back to School,Blue Horizon Apparel,2035.03,3011.84,48,https://coolplanet.lk/images/products/P0166.jpg,Active,Fast Moving
P0167,Modano Shorts Beige,Men,Shorts,Modano,Men,Adult,L,Beige,Summer,Sunrise Fashion,2544.63,3638.82,43,https://coolplanet.lk/images/products/P0167.jpg,Active,Normal
P0168,Miss Modano Tops Pink,Women,Tops,Miss Modano,Women,Adult,XXL,Pink,All Season,Island Wear Ltd,2443.32,3469.51,42,https://coolplanet.lk/images/products/P0168.jpg,Active,Normal
P0169,Libera Jackets Orange,Men,Jackets,Libera,Men,Adult,S,Orange,All Season,Fashion Hub PVT,2829.84,3735.39,32,https://coolplanet.lk/images/products/P0169.jpg,Active,Slow Moving
P0170,Emerald Tops Red,Women,Tops,Emerald,Women,Adult,L,Red,Festive,Kandy Mills,2315.45,3334.25,44,https://coolplanet.lk/images/products/P0170.jpg,Active,Normal
P0171,Miss Modano Caps Blue,Accessories,Caps,Miss Modano,Men,Adult,L,Blue,Summer,Fashion Hub PVT,1241.23,1750.14,41,https://coolplanet.lk/images/products/P0171.jpg,Active,Fast Moving
P0172,Hustle Tops Coral,Women,Tops,Hustle,Women,Adult,XS,Coral,All Season,Kandy Mills,3306.94,4464.37,35,https://coolplanet.lk/images/products/P0172.jpg,Active,Normal
P0173,King Street Boys Wear Green,Kids,Boys Wear,King Street,Kids,Kids,12Y,Green,Back to School,Lanka Textiles,2005.77,2767.96,38,https://coolplanet.lk/images/products/P0173.jpg,Active,Fast Moving
P0174,Hustle Kids T-Shirts Navy,Kids,Kids T-Shirts,Hustle,Kids,Kids,8Y,Navy,All Season,Blue Horizon Apparel,2143.82,2958.47,38,https://coolplanet.lk/images/products/P0174.jpg,Active,Normal
P0175,Miss Modano Wallets Yellow,Accessories,Wallets,Miss Modano,Women,Adult,M,Yellow,Festive,Blue Horizon Apparel,858.03,1235.57,44,https://coolplanet.lk/images/products/P0175.jpg,Active,Normal
P0176,Miss Modano Shorts Olive,Men,Shorts,Miss Modano,Men,Adult,S,Olive,Summer,Blue Horizon Apparel,1879.87,2669.41,42,https://coolplanet.lk/images/products/P0176.jpg,Active,Slow Moving
P0177,King Street Kids T-Shirts Khaki,Kids,Kids T-Shirts,King Street,Kids,Kids,10Y,Khaki,All Season,Lanka Textiles,1967.49,2597.09,32,https://coolplanet.lk/images/products/P0177.jpg,Active,Normal
P0178,Hustle Dresses Coral,Women,Dresses,Hustle,Women,Adult,XXL,Coral,Festive,Blue Horizon Apparel,3379.96,4664.34,38,https://coolplanet.lk/images/products/P0178.jpg,Active,Normal
P0179,Miss Modano Sneakers White,Footwear,Sneakers,Miss Modano,Women,Adult,38,White,Summer,Kandy Mills,6114.81,8988.77,47,https://coolplanet.lk/images/products/P0179.jpg,Active,Normal
P0180,Emerald Shoes Beige,Footwear,Shoes,Emerald,Men,Adult,41,Beige,Summer,Colombo Garments,3958.02,5659.97,43,https://coolplanet.lk/images/products/P0180.jpg,Active,Normal
P0181,Miss Modano Bags Green,Accessories,Bags,Miss Modano,Unisex,Adult,M,Green,Back to School,Island Wear Ltd,1710.3,2548.34,49,https://coolplanet.lk/images/products/P0181.jpg,Active,Slow Moving
P0182,Modano Caps Orange,Accessories,Caps,Modano,Unisex,Adult,M,Orange,Winter,Colombo Garments,824.41,1203.64,46,https://coolplanet.lk/images/products/P0182.jpg,Active,Slow Moving
P0183,Modano Caps Beige,Accessories,Caps,Modano,Women,Adult,L,Beige,All Season,Kandy Mills,1328.34,1939.37,46,https://coolplanet.lk/images/products/P0183.jpg,Active,Normal
P0184,Libera Kids Shorts Orange,Kids,Kids Shorts,Libera,Kids,Kids,14Y,Orange,Summer,Lanka Textiles,970.45,1300.4,34,https://coolplanet.lk/images/products/P0184.jpg,Active,Normal
P0185,Emerald Caps Olive,Accessories,Caps,Emerald,Unisex,Adult,M,Olive,Back to School,Colombo Garments,2626.48,3572.01,36,https://coolplanet.lk/images/products/P0185.jpg,Active,Trending
P0186,Emerald Dresses Grey,Women,Dresses,Emerald,Women,Adult,L,Grey,All Season,Sunrise Fashion,2552.88,3676.14,44,https://coolplanet.lk/images/products/P0186.jpg,Active,Normal
P0187,Miss Modano Girls Wear Olive,Kids,Girls Wear,Miss Modano,Kids,Kids,4Y,Olive,Back to School,Sunrise Fashion,930.41,1395.62,50,https://coolplanet.lk/images/products/P0187.jpg,Active,Fast Moving
P0188,Hustle Girls Wear Blue,Kids,Girls Wear,Hustle,Kids,Kids,14Y,Blue,All Season,Fashion Hub PVT,2387.8,3295.16,38,https://coolplanet.lk/images/products/P0188.jpg,Active,Normal
P0189,Hustle Kids T-Shirts Black,Kids,Kids T-Shirts,Hustle,Kids,Kids,10Y,Black,Summer,Lanka Textiles,2502.45,3278.21,31,https://coolplanet.lk/images/products/P0189.jpg,Active,Slow Moving
P0190,Miss Modano Kids Shorts Khaki,Kids,Kids Shorts,Miss Modano,Kids,Kids,4Y,Khaki,Summer,Sunrise Fashion,1010.72,1425.12,41,https://coolplanet.lk/images/products/P0190.jpg,Active,Normal
P0191,Miss Modano Shorts Pink,Men,Shorts,Miss Modano,Men,Adult,S,Pink,Summer,Sunrise Fashion,2994.71,4282.44,43,https://coolplanet.lk/images/products/P0191.jpg,Active,Normal
P0192,Emerald Boys Wear Red,Kids,Boys Wear,Emerald,Kids,Kids,4Y,Red,Back to School,Colombo Garments,981.24,1403.17,43,https://coolplanet.lk/images/products/P0192.jpg,Active,Fast Moving
P0193,Miss Modano T-Shirts Pink,Women,T-Shirts,Miss Modano,Women,Adult,XL,Pink,Summer,Lanka Textiles,1586.34,2347.78,48,https://coolplanet.lk/images/products/P0193.jpg,Active,Normal
P0194,Modano Polo Shirts Purple,Men,Polo Shirts,Modano,Men,Adult,XXL,Purple,Festive,Sunrise Fashion,3156.44,4734.66,50,https://coolplanet.lk/images/products/P0194.jpg,Active,Normal
P0195,Emerald Girls Wear Olive,Kids,Girls Wear,Emerald,Kids,Kids,12Y,Olive,Back to School,Blue Horizon Apparel,1173.0,1689.12,44,https://coolplanet.lk/images/products/P0195.jpg,Active,Normal
P0196,King Street Shoes Charcoal,Footwear,Shoes,King Street,Women,Adult,37,Charcoal,Summer,Lanka Textiles,5191.18,6904.27,33,https://coolplanet.lk/images/products/P0196.jpg,Active,Fast Moving
P0197,Miss Modano Jeans Coral,Men,Jeans,Miss Modano,Men,Adult,S,Coral,All Season,Fashion Hub PVT,2633.53,3765.95,43,https://coolplanet.lk/images/products/P0197.jpg,Active,Normal
P0198,Emerald Kids Shorts Cream,Kids,Kids Shorts,Emerald,Kids,Kids,8Y,Cream,All Season,Blue Horizon Apparel,1523.49,2148.12,41,https://coolplanet.lk/images/products/P0198.jpg,Active,Normal
P0199,Modano Sandals Black,Footwear,Sandals,Modano,Kids,Kids,45,Black,All Season,Sunrise Fashion,3929.2,5775.93,47,https://coolplanet.lk/images/products/P0199.jpg,Active,Fast Moving
P0200,Hustle Bags White,Accessories,Bags,Hustle,Women,Adult,S,White,Festive,Sunrise Fashion,2805.32,3899.39,39,https://coolplanet.lk/images/products/P0200.jpg,Active,Normal
P0201,Hustle Wallets Purple,Accessories,Wallets,Hustle,Women,Adult,S,Purple,Winter,Colombo Garments,1488.09,1934.52,30,https://coolplanet.lk/images/products/P0201.jpg,Active,Normal
P0202,Libera T-Shirts Black,Men,T-Shirts,Libera,Men,Adult,L,Black,All Season,Kandy Mills,2993.77,3832.02,28,https://coolplanet.lk/images/products/P0202.jpg,Active,Trending
P0203,King Street T-Shirts White,Men,T-Shirts,King Street,Men,Adult,L,White,Summer,Fashion Hub PVT,1632.93,2171.8,33,https://coolplanet.lk/images/products/P0203.jpg,Active,Trending
P0204,Hustle Boys Wear White,Kids,Boys Wear,Hustle,Kids,Kids,4Y,White,All Season,Kandy Mills,2028.59,2738.6,35,https://coolplanet.lk/images/products/P0204.jpg,Active,Fast Moving
P0205,Miss Modano Jackets Coral,Women,Jackets,Miss Modano,Women,Adult,XXL,Coral,All Season,Colombo Garments,1461.67,2192.5,50,https://coolplanet.lk/images/products/P0205.jpg,Active,Normal
P0206,Libera T-Shirts Teal,Women,T-Shirts,Libera,Women,Adult,XXL,Teal,Summer,Island Wear Ltd,3572.12,4643.76,30,https://coolplanet.lk/images/products/P0206.jpg,Active,Normal
P0207,Hustle Jackets Khaki,Women,Jackets,Hustle,Women,Adult,L,Khaki,All Season,Island Wear Ltd,1188.46,1640.07,38,https://coolplanet.lk/images/products/P0207.jpg,Active,Trending
P0208,King Street Tops Green,Women,Tops,King Street,Women,Adult,XS,Green,Summer,Blue Horizon Apparel,4889.96,6797.05,39,https://coolplanet.lk/images/products/P0208.jpg,Active,Normal
P0209,King Street T-Shirts Cream,Women,T-Shirts,King Street,Women,Adult,XS,Cream,Summer,Island Wear Ltd,759.02,1024.68,35,https://coolplanet.lk/images/products/P0209.jpg,Active,Normal
P0210,Emerald Belts Teal,Accessories,Belts,Emerald,Unisex,Adult,S,Teal,Festive,Fashion Hub PVT,1371.27,1864.93,36,https://coolplanet.lk/images/products/P0210.jpg,Active,Trending
P0211,Modano Sneakers Grey,Footwear,Sneakers,Modano,Unisex,Adult,39,Grey,All Season,Lanka Textiles,2646.69,3784.77,43,https://coolplanet.lk/images/products/P0211.jpg,Active,Normal
P0212,Hustle Kids T-Shirts Brown,Kids,Kids T-Shirts,Hustle,Kids,Kids,8Y,Brown,All Season,Sunrise Fashion,507.69,705.69,39,https://coolplanet.lk/images/products/P0212.jpg,Active,Normal
P0213,Emerald Caps Maroon,Accessories,Caps,Emerald,Women,Adult,S,Maroon,Winter,Blue Horizon Apparel,261.27,376.23,44,https://coolplanet.lk/images/products/P0213.jpg,Active,Normal
P0214,Hustle Tops Yellow,Women,Tops,Hustle,Women,Adult,XL,Yellow,Festive,Sunrise Fashion,2807.01,3845.6,37,https://coolplanet.lk/images/products/P0214.jpg,Active,Normal
P0215,Modano Sandals Blue,Footwear,Sandals,Modano,Kids,Kids,41,Blue,All Season,Island Wear Ltd,6235.69,8979.39,44,https://coolplanet.lk/images/products/P0215.jpg,Active,Trending
P0216,King Street Bags White,Accessories,Bags,King Street,Unisex,Adult,One Size,White,Back to School,Kandy Mills,2493.2,3440.61,38,https://coolplanet.lk/images/products/P0216.jpg,Active,Fast Moving
P0217,Emerald Boys Wear Black,Kids,Boys Wear,Emerald,Kids,Kids,8Y,Black,Back to School,Sunrise Fashion,422.59,587.4,39,https://coolplanet.lk/images/products/P0217.jpg,Active,Normal
P0218,Miss Modano Kids Shorts Black,Kids,Kids Shorts,Miss Modano,Kids,Kids,8Y,Black,Summer,Sunrise Fashion,309.49,451.85,46,https://coolplanet.lk/images/products/P0218.jpg,Active,Slow Moving
P0219,Emerald Jackets Blue,Men,Jackets,Emerald,Men,Adult,XS,Blue,Winter,Blue Horizon Apparel,1509.39,2173.52,44,https://coolplanet.lk/images/products/P0219.jpg,Active,Normal
P0220,Libera Jeans Orange,Women,Jeans,Libera,Women,Adult,L,Orange,Summer,Colombo Garments,5177.96,6938.47,34,https://coolplanet.lk/images/products/P0220.jpg,Active,Slow Moving
P0221,Hustle Jackets Navy,Men,Jackets,Hustle,Men,Adult,L,Navy,All Season,Fashion Hub PVT,799.9,1119.86,40,https://coolplanet.lk/images/products/P0221.jpg,Active,Normal
P0222,Libera Sneakers Coral,Footwear,Sneakers,Libera,Kids,Kids,37,Coral,Festive,Colombo Garments,8559.11,11126.84,30,https://coolplanet.lk/images/products/P0222.jpg,Active,Trending
P0223,Libera Wallets White,Accessories,Wallets,Libera,Women,Adult,M,White,Festive,Fashion Hub PVT,2233.71,2948.5,32,https://coolplanet.lk/images/products/P0223.jpg,Active,Trending
P0224,Libera T-Shirts Purple,Men,T-Shirts,Libera,Men,Adult,M,Purple,Summer,Blue Horizon Apparel,3136.38,4014.56,28,https://coolplanet.lk/images/products/P0224.jpg,Active,Normal
P0225,King Street Caps Green,Accessories,Caps,King Street,Women,Adult,One Size,Green,Summer,Fashion Hub PVT,3641.28,4879.32,34,https://coolplanet.lk/images/products/P0225.jpg,Active,Fast Moving
P0226,Emerald Jeans Yellow,Men,Jeans,Emerald,Men,Adult,M,Yellow,Festive,Colombo Garments,2494.92,3368.14,35,https://coolplanet.lk/images/products/P0226.jpg,Active,Non Moving
P0227,Modano Jackets Navy,Women,Jackets,Modano,Women,Adult,M,Navy,Winter,Fashion Hub PVT,3556.56,5192.58,46,https://coolplanet.lk/images/products/P0227.jpg,Active,Slow Moving
P0228,Emerald Shoes Orange,Footwear,Shoes,Emerald,Kids,Kids,36,Orange,Back to School,Kandy Mills,4287.96,6003.15,40,https://coolplanet.lk/images/products/P0228.jpg,Active,Slow Moving
P0229,Emerald Trousers Red,Men,Trousers,Emerald,Men,Adult,M,Red,Summer,Kandy Mills,2938.79,4202.47,43,https://coolplanet.lk/images/products/P0229.jpg,Active,Slow Moving
P0230,Libera Jeans Teal,Women,Jeans,Libera,Women,Adult,S,Teal,Summer,Island Wear Ltd,1414.7,1768.37,25,https://coolplanet.lk/images/products/P0230.jpg,Active,Trending
P0231,Miss Modano Tops Blue,Women,Tops,Miss Modano,Women,Adult,L,Blue,All Season,Lanka Textiles,3804.59,5630.8,48,https://coolplanet.lk/images/products/P0231.jpg,Active,Slow Moving
P0232,Emerald Girls Wear Red,Kids,Girls Wear,Emerald,Kids,Kids,2Y,Red,Back to School,Blue Horizon Apparel,1036.14,1429.87,38,https://coolplanet.lk/images/products/P0232.jpg,Active,Non Moving
P0233,Hustle Jeans Pink,Women,Jeans,Hustle,Women,Adult,XXL,Pink,All Season,Island Wear Ltd,1984.7,2679.35,35,https://coolplanet.lk/images/products/P0233.jpg,Active,Normal
P0234,Hustle Sandals Yellow,Footwear,Sandals,Hustle,Women,Adult,42,Yellow,All Season,Colombo Garments,8345.43,11266.33,35,https://coolplanet.lk/images/products/P0234.jpg,Active,Normal
P0235,Libera Sneakers Cream,Footwear,Sneakers,Libera,Men,Adult,39,Cream,Summer,Sunrise Fashion,3395.61,4346.38,28,https://coolplanet.lk/images/products/P0235.jpg,Active,Fast Moving
P0236,Modano Sneakers Green,Footwear,Sneakers,Modano,Unisex,Adult,39,Green,All Season,Island Wear Ltd,1935.64,2864.75,48,https://coolplanet.lk/images/products/P0236.jpg,Active,Normal
P0237,Miss Modano Wallets Purple,Accessories,Wallets,Miss Modano,Unisex,Adult,L,Purple,Summer,Lanka Textiles,2695.56,4016.39,49,https://coolplanet.lk/images/products/P0237.jpg,Active,Normal
P0238,Modano Boys Wear Grey,Kids,Boys Wear,Modano,Kids,Kids,6Y,Grey,All Season,Fashion Hub PVT,1614.56,2405.7,49,https://coolplanet.lk/images/products/P0238.jpg,Active,Normal
P0239,Emerald Kids T-Shirts Red,Kids,Kids T-Shirts,Emerald,Kids,Kids,6Y,Red,Summer,Blue Horizon Apparel,1437.03,1983.1,38,https://coolplanet.lk/images/products/P0239.jpg,Active,Normal
P0240,Modano Polo Shirts Cream,Men,Polo Shirts,Modano,Men,Adult,XL,Cream,Winter,Fashion Hub PVT,1168.49,1659.25,42,https://coolplanet.lk/images/products/P0240.jpg,Active,Normal
P0241,Hustle Bags Green,Accessories,Bags,Hustle,Men,Adult,M,Green,Summer,Island Wear Ltd,942.43,1272.28,35,https://coolplanet.lk/images/products/P0241.jpg,Active,Slow Moving
P0242,Hustle Sandals Navy,Footwear,Sandals,Hustle,Kids,Kids,37,Navy,All Season,Fashion Hub PVT,3633.51,4905.24,35,https://coolplanet.lk/images/products/P0242.jpg,Active,Normal
P0243,Miss Modano Belts Blue,Accessories,Belts,Miss Modano,Unisex,Adult,M,Blue,Summer,Colombo Garments,3246.47,4804.77,48,https://coolplanet.lk/images/products/P0243.jpg,Active,Normal
P0244,Emerald Shorts Purple,Men,Shorts,Emerald,Men,Adult,XL,Purple,Summer,Island Wear Ltd,2419.12,3362.58,39,https://coolplanet.lk/images/products/P0244.jpg,Active,Non Moving
P0245,Emerald Jackets Coral,Men,Jackets,Emerald,Men,Adult,XL,Coral,Winter,Colombo Garments,1989.67,2885.02,45,https://coolplanet.lk/images/products/P0245.jpg,Active,Normal
P0246,Modano Caps Purple,Accessories,Caps,Modano,Unisex,Adult,One Size,Purple,All Season,Blue Horizon Apparel,2887.79,4273.93,48,https://coolplanet.lk/images/products/P0246.jpg,Active,Trending
P0247,Hustle Sneakers Green,Footwear,Sneakers,Hustle,Men,Adult,39,Green,All Season,Sunrise Fashion,2425.1,3176.88,31,https://coolplanet.lk/images/products/P0247.jpg,Active,Trending
P0248,Miss Modano Kids Shorts Blue,Kids,Kids Shorts,Miss Modano,Kids,Kids,10Y,Blue,Summer,Island Wear Ltd,1442.33,2120.23,47,https://coolplanet.lk/images/products/P0248.jpg,Active,Slow Moving
P0249,Libera Sneakers Orange,Footwear,Sneakers,Libera,Men,Adult,43,Orange,All Season,Blue Horizon Apparel,7877.43,10004.33,27,https://coolplanet.lk/images/products/P0249.jpg,Active,Normal
P0250,Emerald Sandals Blue,Footwear,Sandals,Emerald,Kids,Kids,36,Blue,Festive,Fashion Hub PVT,2504.7,3581.72,43,https://coolplanet.lk/images/products/P0250.jpg,Active,Slow Moving
P0251,Miss Modano Trousers Teal,Men,Trousers,Miss Modano,Men,Adult,XL,Teal,All Season,Kandy Mills,3502.11,5218.14,49,https://coolplanet.lk/images/products/P0251.jpg,Active,Normal
P0252,Emerald Sneakers Teal,Footwear,Sneakers,Emerald,Unisex,Adult,42,Teal,All Season,Kandy Mills,7209.05,10164.76,41,https://coolplanet.lk/images/products/P0252.jpg,Active,Trending
P0253,Miss Modano Polo Shirts Navy,Men,Polo Shirts,Miss Modano,Men,Adult,XS,Navy,Festive,Kandy Mills,1536.14,2150.59,40,https://coolplanet.lk/images/products/P0253.jpg,Active,Normal
P0254,Emerald Wallets Charcoal,Accessories,Wallets,Emerald,Men,Adult,S,Charcoal,Festive,Blue Horizon Apparel,2918.26,4085.57,40,https://coolplanet.lk/images/products/P0254.jpg,Active,Non Moving
P0255,Miss Modano Kids T-Shirts Pink,Kids,Kids T-Shirts,Miss Modano,Kids,Kids,14Y,Pink,Summer,Kandy Mills,554.28,820.33,48,https://coolplanet.lk/images/products/P0255.jpg,Active,Normal
P0256,Hustle Belts Green,Accessories,Belts,Hustle,Unisex,Adult,M,Green,Festive,Sunrise Fashion,2961.02,3878.93,31,https://coolplanet.lk/images/products/P0256.jpg,Active,Non Moving
P0257,Emerald Kids Shorts Cream,Kids,Kids Shorts,Emerald,Kids,Kids,14Y,Cream,Summer,Sunrise Fashion,1153.03,1648.84,43,https://coolplanet.lk/images/products/P0257.jpg,Active,Slow Moving
P0258,Emerald Jeans Coral,Women,Jeans,Emerald,Women,Adult,XXL,Coral,All Season,Sunrise Fashion,4840.11,6824.55,41,https://coolplanet.lk/images/products/P0258.jpg,Active,Normal
P0259,Libera Jeans Beige,Men,Jeans,Libera,Men,Adult,S,Beige,Summer,Lanka Textiles,2095.5,2640.33,26,https://coolplanet.lk/images/products/P0259.jpg,Active,Slow Moving
P0260,Emerald Kids Shorts White,Kids,Kids Shorts,Emerald,Kids,Kids,12Y,White,All Season,Kandy Mills,321.76,450.47,40,https://coolplanet.lk/images/products/P0260.jpg,Active,Trending
P0261,King Street Wallets Green,Accessories,Wallets,King Street,Men,Adult,M,Green,All Season,Lanka Textiles,3469.49,4683.81,35,https://coolplanet.lk/images/products/P0261.jpg,Active,Fast Moving
P0262,Hustle Shorts White,Men,Shorts,Hustle,Men,Adult,M,White,Summer,Fashion Hub PVT,2335.7,3246.62,39,https://coolplanet.lk/images/products/P0262.jpg,Active,Normal
P0263,Modano Girls Wear Khaki,Kids,Girls Wear,Modano,Kids,Kids,2Y,Khaki,All Season,Kandy Mills,1800.25,2556.35,42,https://coolplanet.lk/images/products/P0263.jpg,Active,Trending
P0264,Hustle Sandals Grey,Footwear,Sandals,Hustle,Men,Adult,37,Grey,All Season,Lanka Textiles,3886.97,5169.67,33,https://coolplanet.lk/images/products/P0264.jpg,Active,Trending
P0265,Miss Modano Shoes Navy,Footwear,Shoes,Miss Modano,Women,Adult,36,Navy,Winter,Lanka Textiles,2022.08,2972.46,47,https://coolplanet.lk/images/products/P0265.jpg,Active,Normal
P0266,Emerald Trousers Beige,Men,Trousers,Emerald,Men,Adult,XS,Beige,All Season,Sunrise Fashion,1057.75,1502.0,42,https://coolplanet.lk/images/products/P0266.jpg,Active,Non Moving
P0267,Modano Tops Brown,Women,Tops,Modano,Women,Adult,S,Brown,Summer,Blue Horizon Apparel,3132.9,4480.05,43,https://coolplanet.lk/images/products/P0267.jpg,Active,Slow Moving
P0268,Miss Modano Jackets Beige,Men,Jackets,Miss Modano,Men,Adult,XL,Beige,Winter,Lanka Textiles,3565.29,5062.71,42,https://coolplanet.lk/images/products/P0268.jpg,Active,Normal
P0269,Hustle Shoes Red,Footwear,Shoes,Hustle,Kids,Kids,45,Red,All Season,Fashion Hub PVT,8058.37,10798.22,34,https://coolplanet.lk/images/products/P0269.jpg,Active,Normal
P0270,Miss Modano Jackets Orange,Men,Jackets,Miss Modano,Men,Adult,S,Orange,All Season,Kandy Mills,4188.17,6240.38,49,https://coolplanet.lk/images/products/P0270.jpg,Active,Fast Moving
P0271,Libera T-Shirts White,Men,T-Shirts,Libera,Men,Adult,L,White,All Season,Blue Horizon Apparel,3371.42,4382.85,30,https://coolplanet.lk/images/products/P0271.jpg,Active,Normal
P0272,Emerald Jackets Brown,Women,Jackets,Emerald,Women,Adult,XS,Brown,Winter,Colombo Garments,5028.07,6838.17,36,https://coolplanet.lk/images/products/P0272.jpg,Active,Normal
P0273,Modano Boys Wear Maroon,Kids,Boys Wear,Modano,Kids,Kids,14Y,Maroon,All Season,Fashion Hub PVT,391.56,579.51,48,https://coolplanet.lk/images/products/P0273.jpg,Active,Normal
P0274,Emerald Boys Wear Blue,Kids,Boys Wear,Emerald,Kids,Kids,12Y,Blue,All Season,Colombo Garments,1813.13,2574.65,42,https://coolplanet.lk/images/products/P0274.jpg,Active,Normal
P0275,Emerald Kids T-Shirts Orange,Kids,Kids T-Shirts,Emerald,Kids,Kids,14Y,Orange,All Season,Fashion Hub PVT,1908.64,2672.1,40,https://coolplanet.lk/images/products/P0275.jpg,Active,Normal
P0276,Modano Sandals Brown,Footwear,Sandals,Modano,Men,Adult,45,Brown,Winter,Blue Horizon Apparel,4651.34,6558.39,41,https://coolplanet.lk/images/products/P0276.jpg,Active,Non Moving
P0277,Modano Kids T-Shirts Brown,Kids,Kids T-Shirts,Modano,Kids,Kids,10Y,Brown,Summer,Blue Horizon Apparel,753.78,1108.05,47,https://coolplanet.lk/images/products/P0277.jpg,Active,Fast Moving
P0278,Hustle Shirts Orange,Men,Shirts,Hustle,Men,Adult,S,Orange,All Season,Fashion Hub PVT,4613.2,6273.95,36,https://coolplanet.lk/images/products/P0278.jpg,Active,Normal
P0279,Hustle Sandals Yellow,Footwear,Sandals,Hustle,Women,Adult,41,Yellow,All Season,Lanka Textiles,1546.35,2041.18,32,https://coolplanet.lk/images/products/P0279.jpg,Active,Trending
P0280,Emerald T-Shirts Purple,Men,T-Shirts,Emerald,Men,Adult,L,Purple,All Season,Lanka Textiles,3830.23,5209.11,36,https://coolplanet.lk/images/products/P0280.jpg,Active,Slow Moving
P0281,King Street T-Shirts Coral,Men,T-Shirts,King Street,Men,Adult,XXL,Coral,Summer,Blue Horizon Apparel,2532.63,3444.38,36,https://coolplanet.lk/images/products/P0281.jpg,Active,Normal
P0282,Emerald Sneakers Green,Footwear,Sneakers,Emerald,Women,Adult,42,Green,All Season,Sunrise Fashion,4963.87,7048.69,42,https://coolplanet.lk/images/products/P0282.jpg,Active,Normal
P0283,King Street Bags Purple,Accessories,Bags,King Street,Unisex,Adult,M,Purple,All Season,Colombo Garments,2129.87,2790.13,31,https://coolplanet.lk/images/products/P0283.jpg,Active,Normal
P0284,Emerald Belts Brown,Accessories,Belts,Emerald,Unisex,Adult,S,Brown,Festive,Sunrise Fashion,1904.77,2742.87,44,https://coolplanet.lk/images/products/P0284.jpg,Active,Normal
P0285,Emerald Sneakers Khaki,Footwear,Sneakers,Emerald,Men,Adult,42,Khaki,All Season,Island Wear Ltd,5431.45,7332.46,35,https://coolplanet.lk/images/products/P0285.jpg,Active,Normal
P0286,Hustle T-Shirts Yellow,Women,T-Shirts,Hustle,Women,Adult,M,Yellow,Summer,Colombo Garments,900.41,1170.53,30,https://coolplanet.lk/images/products/P0286.jpg,Active,Trending
P0287,Miss Modano Shirts Cream,Men,Shirts,Miss Modano,Men,Adult,L,Cream,All Season,Kandy Mills,2015.77,2842.24,41,https://coolplanet.lk/images/products/P0287.jpg,Active,Trending
P0288,King Street Dresses Blue,Women,Dresses,King Street,Women,Adult,M,Blue,Festive,Fashion Hub PVT,3688.64,5090.33,38,https://coolplanet.lk/images/products/P0288.jpg,Active,Trending
P0289,Hustle Shorts Orange,Men,Shorts,Hustle,Men,Adult,XS,Orange,All Season,Colombo Garments,1703.69,2282.95,34,https://coolplanet.lk/images/products/P0289.jpg,Active,Fast Moving
P0290,Miss Modano Jackets Red,Women,Jackets,Miss Modano,Women,Adult,S,Red,Winter,Kandy Mills,534.71,775.33,45,https://coolplanet.lk/images/products/P0290.jpg,Active,Normal
P0291,Miss Modano Trousers Navy,Men,Trousers,Miss Modano,Men,Adult,M,Navy,Back to School,Fashion Hub PVT,870.52,1227.43,41,https://coolplanet.lk/images/products/P0291.jpg,Active,Trending
P0292,Emerald Shoes Red,Footwear,Shoes,Emerald,Kids,Kids,43,Red,All Season,Island Wear Ltd,7929.52,11180.62,41,https://coolplanet.lk/images/products/P0292.jpg,Active,Normal
P0293,Hustle Shorts Blue,Men,Shorts,Hustle,Men,Adult,S,Blue,All Season,Colombo Garments,1748.3,2395.17,37,https://coolplanet.lk/images/products/P0293.jpg,Active,Fast Moving
P0294,King Street T-Shirts Maroon,Women,T-Shirts,King Street,Women,Adult,L,Maroon,Summer,Island Wear Ltd,894.75,1252.65,40,https://coolplanet.lk/images/products/P0294.jpg,Active,Trending
P0295,King Street Belts Teal,Accessories,Belts,King Street,Unisex,Adult,L,Teal,Festive,Blue Horizon Apparel,1483.46,1987.83,34,https://coolplanet.lk/images/products/P0295.jpg,Active,Normal
P0296,Emerald Kids T-Shirts Brown,Kids,Kids T-Shirts,Emerald,Kids,Kids,6Y,Brown,Summer,Kandy Mills,355.68,490.84,38,https://coolplanet.lk/images/products/P0296.jpg,Active,Normal
P0297,Libera Caps Grey,Accessories,Caps,Libera,Unisex,Adult,One Size,Grey,All Season,Blue Horizon Apparel,1137.63,1433.42,26,https://coolplanet.lk/images/products/P0297.jpg,Active,Normal
P0298,Libera T-Shirts Orange,Men,T-Shirts,Libera,Men,Adult,S,Orange,Summer,Lanka Textiles,1627.53,2148.34,32,https://coolplanet.lk/images/products/P0298.jpg,Active,Normal
P0299,Libera Bags Orange,Accessories,Bags,Libera,Unisex,Adult,S,Orange,Summer,Kandy Mills,897.5,1184.7,32,https://coolplanet.lk/images/products/P0299.jpg,Active,Normal
P0300,Emerald Jeans Navy,Women,Jeans,Emerald,Women,Adult,XL,Navy,All Season,Fashion Hub PVT,2889.66,4016.63,39,https://coolplanet.lk/images/products/P0300.jpg,Active,Slow Moving
P0301,Emerald Sandals Yellow,Footwear,Sandals,Emerald,Women,Adult,38,Yellow,Summer,Kandy Mills,7989.94,11106.02,39,https://coolplanet.lk/images/products/P0301.jpg,Active,Trending
P0302,Miss Modano Dresses Purple,Women,Dresses,Miss Modano,Women,Adult,M,Purple,All Season,Colombo Garments,1060.99,1559.65,47,https://coolplanet.lk/images/products/P0302.jpg,Active,Normal
P0303,Modano Kids Shorts Blue,Kids,Kids Shorts,Modano,Kids,Kids,10Y,Blue,All Season,Blue Horizon Apparel,774.5,1092.04,41,https://coolplanet.lk/images/products/P0303.jpg,Active,Normal
P0304,Modano Sandals Blue,Footwear,Sandals,Modano,Women,Adult,45,Blue,All Season,Blue Horizon Apparel,8290.46,11938.26,44,https://coolplanet.lk/images/products/P0304.jpg,Active,Fast Moving
P0305,Emerald Belts Coral,Accessories,Belts,Emerald,Unisex,Adult,L,Coral,All Season,Colombo Garments,2641.05,3803.11,44,https://coolplanet.lk/images/products/P0305.jpg,Active,Slow Moving
P0306,Emerald Boys Wear Cream,Kids,Boys Wear,Emerald,Kids,Kids,4Y,Cream,All Season,Lanka Textiles,1820.61,2548.85,40,https://coolplanet.lk/images/products/P0306.jpg,Active,Slow Moving
P0307,Libera Trousers Maroon,Men,Trousers,Libera,Men,Adult,L,Maroon,Summer,Blue Horizon Apparel,2224.56,2958.66,33,https://coolplanet.lk/images/products/P0307.jpg,Active,Non Moving
P0308,Miss Modano Sneakers Blue,Footwear,Sneakers,Miss Modano,Women,Adult,36,Blue,All Season,Fashion Hub PVT,3201.48,4642.14,45,https://coolplanet.lk/images/products/P0308.jpg,Active,Fast Moving
P0309,Libera Jackets Teal,Women,Jackets,Libera,Women,Adult,XS,Teal,All Season,Blue Horizon Apparel,3470.62,4442.39,28,https://coolplanet.lk/images/products/P0309.jpg,Active,Normal
P0310,King Street Jackets Charcoal,Women,Jackets,King Street,Women,Adult,S,Charcoal,Winter,Colombo Garments,1013.58,1337.92,32,https://coolplanet.lk/images/products/P0310.jpg,Active,Normal
P0311,Hustle Kids T-Shirts Pink,Kids,Kids T-Shirts,Hustle,Kids,Kids,2Y,Pink,All Season,Kandy Mills,1609.25,2172.49,35,https://coolplanet.lk/images/products/P0311.jpg,Active,Normal
P0312,Miss Modano Shirts Charcoal,Men,Shirts,Miss Modano,Men,Adult,XS,Charcoal,All Season,Lanka Textiles,1231.76,1773.74,44,https://coolplanet.lk/images/products/P0312.jpg,Active,Normal
P0313,Miss Modano Jackets Olive,Men,Jackets,Miss Modano,Men,Adult,XXL,Olive,All Season,Blue Horizon Apparel,942.49,1319.48,40,https://coolplanet.lk/images/products/P0313.jpg,Active,Non Moving
P0314,Hustle Tops White,Women,Tops,Hustle,Women,Adult,L,White,All Season,Blue Horizon Apparel,4560.0,5973.6,31,https://coolplanet.lk/images/products/P0314.jpg,Active,Fast Moving
P0315,Hustle Shoes Teal,Footwear,Shoes,Hustle,Kids,Kids,45,Teal,All Season,Island Wear Ltd,1376.76,1858.62,35,https://coolplanet.lk/images/products/P0315.jpg,Active,Normal
P0316,Hustle Kids Shorts Olive,Kids,Kids Shorts,Hustle,Kids,Kids,8Y,Olive,Summer,Blue Horizon Apparel,1417.76,1956.51,38,https://coolplanet.lk/images/products/P0316.jpg,Active,Normal
P0317,Libera Boys Wear Blue,Kids,Boys Wear,Libera,Kids,Kids,4Y,Blue,All Season,Colombo Garments,2218.5,2906.23,31,https://coolplanet.lk/images/products/P0317.jpg,Active,Fast Moving
P0318,Hustle Shoes Charcoal,Footwear,Shoes,Hustle,Women,Adult,37,Charcoal,All Season,Blue Horizon Apparel,5502.85,7208.73,31,https://coolplanet.lk/images/products/P0318.jpg,Active,Slow Moving
P0319,Hustle Dresses Red,Women,Dresses,Hustle,Women,Adult,S,Red,Summer,Fashion Hub PVT,3122.05,4370.87,40,https://coolplanet.lk/images/products/P0319.jpg,Active,Normal
P0320,Hustle Polo Shirts Maroon,Men,Polo Shirts,Hustle,Men,Adult,XXL,Maroon,Summer,Fashion Hub PVT,3211.34,4271.08,33,https://coolplanet.lk/images/products/P0320.jpg,Active,Trending
P0321,King Street Kids Shorts Purple,Kids,Kids Shorts,King Street,Kids,Kids,6Y,Purple,Summer,Island Wear Ltd,425.23,552.8,30,https://coolplanet.lk/images/products/P0321.jpg,Active,Normal
P0322,Hustle Jackets Pink,Men,Jackets,Hustle,Men,Adult,L,Pink,Winter,Colombo Garments,4769.35,6343.23,33,https://coolplanet.lk/images/products/P0322.jpg,Active,Trending
P0323,Modano T-Shirts Maroon,Women,T-Shirts,Modano,Women,Adult,XS,Maroon,Summer,Kandy Mills,2418.62,3482.81,44,https://coolplanet.lk/images/products/P0323.jpg,Active,Normal
P0324,King Street Kids T-Shirts Khaki,Kids,Kids T-Shirts,King Street,Kids,Kids,2Y,Khaki,All Season,Island Wear Ltd,1897.57,2599.67,37,https://coolplanet.lk/images/products/P0324.jpg,Active,Trending
P0325,King Street Bags Beige,Accessories,Bags,King Street,Men,Adult,S,Beige,Festive,Island Wear Ltd,1115.61,1472.6,32,https://coolplanet.lk/images/products/P0325.jpg,Active,Fast Moving
P0326,Hustle Polo Shirts Khaki,Men,Polo Shirts,Hustle,Men,Adult,XS,Khaki,Winter,Island Wear Ltd,1590.55,2179.05,37,https://coolplanet.lk/images/products/P0326.jpg,Active,Normal
P0327,King Street Caps Blue,Accessories,Caps,King Street,Women,Adult,M,Blue,Winter,Lanka Textiles,2680.0,3537.6,32,https://coolplanet.lk/images/products/P0327.jpg,Active,Fast Moving
P0328,Modano Shoes Grey,Footwear,Shoes,Modano,Women,Adult,40,Grey,Winter,Kandy Mills,4682.94,6743.44,44,https://coolplanet.lk/images/products/P0328.jpg,Active,Normal
P0329,King Street T-Shirts Charcoal,Men,T-Shirts,King Street,Men,Adult,S,Charcoal,All Season,Lanka Textiles,3184.75,4267.56,34,https://coolplanet.lk/images/products/P0329.jpg,Active,Normal
P0330,Hustle Jeans Cream,Women,Jeans,Hustle,Women,Adult,L,Cream,All Season,Blue Horizon Apparel,2863.32,3980.02,39,https://coolplanet.lk/images/products/P0330.jpg,Active,Non Moving
P0331,Modano Kids T-Shirts Pink,Kids,Kids T-Shirts,Modano,Kids,Kids,8Y,Pink,Summer,Lanka Textiles,961.65,1442.48,50,https://coolplanet.lk/images/products/P0331.jpg,Active,Normal
P0332,Emerald Jackets Beige,Women,Jackets,Emerald,Women,Adult,S,Beige,Winter,Kandy Mills,4009.87,5774.21,44,https://coolplanet.lk/images/products/P0332.jpg,Active,Normal
P0333,Libera Tops Olive,Women,Tops,Libera,Women,Adult,M,Olive,Back to School,Sunrise Fashion,2558.24,3248.97,27,https://coolplanet.lk/images/products/P0333.jpg,Active,Fast Moving
P0334,Modano Girls Wear Grey,Kids,Girls Wear,Modano,Kids,Kids,12Y,Grey,Back to School,Sunrise Fashion,2260.73,3210.23,42,https://coolplanet.lk/images/products/P0334.jpg,Active,Non Moving
P0335,Emerald Shorts Pink,Men,Shorts,Emerald,Men,Adult,S,Pink,All Season,Blue Horizon Apparel,3575.04,4933.56,38,https://coolplanet.lk/images/products/P0335.jpg,Active,Normal
P0336,Hustle Sandals Grey,Footwear,Sandals,Hustle,Men,Adult,40,Grey,Summer,Lanka Textiles,8227.41,10777.91,31,https://coolplanet.lk/images/products/P0336.jpg,Active,Slow Moving
P0337,Miss Modano Sandals Coral,Footwear,Sandals,Miss Modano,Men,Adult,45,Coral,All Season,Blue Horizon Apparel,7301.22,10805.8,48,https://coolplanet.lk/images/products/P0337.jpg,Active,Trending
P0338,Emerald Kids Shorts Green,Kids,Kids Shorts,Emerald,Kids,Kids,4Y,Green,All Season,Blue Horizon Apparel,1183.33,1668.49,41,https://coolplanet.lk/images/products/P0338.jpg,Active,Normal
P0339,Miss Modano Jackets Navy,Men,Jackets,Miss Modano,Men,Adult,XXL,Navy,Winter,Fashion Hub PVT,1821.45,2586.46,42,https://coolplanet.lk/images/products/P0339.jpg,Active,Fast Moving
P0340,King Street Shoes Olive,Footwear,Shoes,King Street,Women,Adult,37,Olive,All Season,Island Wear Ltd,4526.22,5884.08,30,https://coolplanet.lk/images/products/P0340.jpg,Active,Normal
P0341,Libera Dresses Orange,Women,Dresses,Libera,Women,Adult,M,Orange,Festive,Fashion Hub PVT,3111.93,4045.51,30,https://coolplanet.lk/images/products/P0341.jpg,Active,Normal
P0342,Emerald Jackets Pink,Women,Jackets,Emerald,Women,Adult,L,Pink,All Season,Kandy Mills,1288.4,1752.23,36,https://coolplanet.lk/images/products/P0342.jpg,Active,Fast Moving
P0343,King Street Skirts Maroon,Women,Skirts,King Street,Women,Adult,S,Maroon,All Season,Lanka Textiles,4589.01,6378.72,39,https://coolplanet.lk/images/products/P0343.jpg,Active,Normal
P0344,Hustle Wallets Grey,Accessories,Wallets,Hustle,Men,Adult,S,Grey,All Season,Blue Horizon Apparel,292.02,402.99,38,https://coolplanet.lk/images/products/P0344.jpg,Active,Trending
P0345,Modano Boys Wear Brown,Kids,Boys Wear,Modano,Kids,Kids,10Y,Brown,All Season,Fashion Hub PVT,1514.3,2241.16,48,https://coolplanet.lk/images/products/P0345.jpg,Active,Normal
P0346,Miss Modano Shorts Maroon,Men,Shorts,Miss Modano,Men,Adult,XS,Maroon,All Season,Colombo Garments,2433.38,3504.06,44,https://coolplanet.lk/images/products/P0346.jpg,Active,Trending
P0347,Hustle Trousers Khaki,Men,Trousers,Hustle,Men,Adult,XL,Khaki,Winter,Fashion Hub PVT,2343.61,3187.31,36,https://coolplanet.lk/images/products/P0347.jpg,Active,Normal
P0348,Modano Dresses Beige,Women,Dresses,Modano,Women,Adult,M,Beige,Festive,Lanka Textiles,4844.43,6830.65,41,https://coolplanet.lk/images/products/P0348.jpg,Active,Normal
P0349,Hustle Trousers Olive,Men,Trousers,Hustle,Men,Adult,XS,Olive,All Season,Fashion Hub PVT,940.52,1307.32,39,https://coolplanet.lk/images/products/P0349.jpg,Active,Normal
P0350,Libera Shirts Red,Men,Shirts,Libera,Men,Adult,XXL,Red,All Season,Lanka Textiles,5027.66,6435.4,28,https://coolplanet.lk/images/products/P0350.jpg,Active,Slow Moving
P0351,King Street Shoes Orange,Footwear,Shoes,King Street,Kids,Kids,41,Orange,Summer,Kandy Mills,1871.55,2451.73,31,https://coolplanet.lk/images/products/P0351.jpg,Active,Normal
P0352,Hustle Sneakers Yellow,Footwear,Sneakers,Hustle,Women,Adult,43,Yellow,Back to School,Sunrise Fashion,3035.36,4097.74,35,https://coolplanet.lk/images/products/P0352.jpg,Active,Fast Moving
P0353,Hustle Trousers Cream,Men,Trousers,Hustle,Men,Adult,L,Cream,Winter,Island Wear Ltd,2691.6,3526.0,31,https://coolplanet.lk/images/products/P0353.jpg,Active,Normal
P0354,Emerald Shorts Blue,Men,Shorts,Emerald,Men,Adult,XL,Blue,All Season,Sunrise Fashion,3810.57,5372.91,41,https://coolplanet.lk/images/products/P0354.jpg,Active,Normal
P0355,Miss Modano Sneakers Green,Footwear,Sneakers,Miss Modano,Men,Adult,43,Green,All Season,Fashion Hub PVT,4001.33,5641.87,41,https://coolplanet.lk/images/products/P0355.jpg,Active,Fast Moving
P0356,Miss Modano Jackets Yellow,Men,Jackets,Miss Modano,Men,Adult,XXL,Yellow,Winter,Sunrise Fashion,2192.77,3267.23,49,https://coolplanet.lk/images/products/P0356.jpg,Active,Trending
P0357,King Street Sandals Teal,Footwear,Sandals,King Street,Women,Adult,45,Teal,All Season,Colombo Garments,6081.13,8148.71,34,https://coolplanet.lk/images/products/P0357.jpg,Active,Normal
P0358,Hustle Girls Wear Olive,Kids,Girls Wear,Hustle,Kids,Kids,6Y,Olive,Back to School,Colombo Garments,414.99,556.09,34,https://coolplanet.lk/images/products/P0358.jpg,Active,Normal
P0359,Miss Modano Shoes Coral,Footwear,Shoes,Miss Modano,Kids,Kids,43,Coral,Summer,Island Wear Ltd,1747.91,2482.03,42,https://coolplanet.lk/images/products/P0359.jpg,Active,Normal
P0360,King Street Dresses Navy,Women,Dresses,King Street,Women,Adult,XL,Navy,Winter,Blue Horizon Apparel,4505.5,6307.7,40,https://coolplanet.lk/images/products/P0360.jpg,Active,Trending
P0361,King Street Caps Grey,Accessories,Caps,King Street,Men,Adult,M,Grey,Summer,Island Wear Ltd,2328.16,3212.86,38,https://coolplanet.lk/images/products/P0361.jpg,Active,Normal
P0362,Hustle Dresses Black,Women,Dresses,Hustle,Women,Adult,XXL,Black,Back to School,Blue Horizon Apparel,1813.93,2539.5,40,https://coolplanet.lk/images/products/P0362.jpg,Active,Non Moving
P0363,Emerald Wallets Maroon,Accessories,Wallets,Emerald,Men,Adult,S,Maroon,All Season,Island Wear Ltd,3267.15,4672.02,43,https://coolplanet.lk/images/products/P0363.jpg,Active,Trending
P0364,Emerald Polo Shirts Maroon,Men,Polo Shirts,Emerald,Men,Adult,XXL,Maroon,Festive,Kandy Mills,2906.45,4156.22,43,https://coolplanet.lk/images/products/P0364.jpg,Active,Normal
P0365,Miss Modano Girls Wear Black,Kids,Girls Wear,Miss Modano,Kids,Kids,2Y,Black,Back to School,Island Wear Ltd,2055.02,3000.33,46,https://coolplanet.lk/images/products/P0365.jpg,Active,Normal
P0366,Emerald Belts Green,Accessories,Belts,Emerald,Unisex,Adult,M,Green,Summer,Blue Horizon Apparel,1538.62,2107.91,37,https://coolplanet.lk/images/products/P0366.jpg,Active,Normal
P0367,King Street T-Shirts Cream,Women,T-Shirts,King Street,Women,Adult,S,Cream,All Season,Sunrise Fashion,3405.98,4495.9,32,https://coolplanet.lk/images/products/P0367.jpg,Active,Normal
P0368,Emerald Kids T-Shirts Beige,Kids,Kids T-Shirts,Emerald,Kids,Kids,12Y,Beige,All Season,Sunrise Fashion,1859.19,2528.5,36,https://coolplanet.lk/images/products/P0368.jpg,Active,Trending
P0369,Modano Belts Teal,Accessories,Belts,Modano,Unisex,Adult,M,Teal,Winter,Blue Horizon Apparel,2729.32,3875.64,42,https://coolplanet.lk/images/products/P0369.jpg,Active,Normal
P0370,King Street Sandals Maroon,Footwear,Sandals,King Street,Kids,Kids,44,Maroon,All Season,Fashion Hub PVT,3850.29,5313.4,38,https://coolplanet.lk/images/products/P0370.jpg,Active,Normal
P0371,Emerald Shoes Brown,Footwear,Shoes,Emerald,Kids,Kids,36,Brown,Winter,Kandy Mills,3025.88,4387.52,45,https://coolplanet.lk/images/products/P0371.jpg,Active,Normal
P0372,Hustle Skirts Teal,Women,Skirts,Hustle,Women,Adult,XL,Teal,Festive,Lanka Textiles,4154.04,5732.58,38,https://coolplanet.lk/images/products/P0372.jpg,Active,Normal
P0373,Emerald Jeans Teal,Women,Jeans,Emerald,Women,Adult,XXL,Teal,All Season,Kandy Mills,3269.18,4609.54,41,https://coolplanet.lk/images/products/P0373.jpg,Active,Normal
P0374,Miss Modano Shorts Coral,Men,Shorts,Miss Modano,Men,Adult,XL,Coral,Summer,Colombo Garments,3529.76,5224.04,48,https://coolplanet.lk/images/products/P0374.jpg,Active,Slow Moving
P0375,Emerald Shoes Khaki,Footwear,Shoes,Emerald,Women,Adult,36,Khaki,Summer,Colombo Garments,5007.83,7211.27,44,https://coolplanet.lk/images/products/P0375.jpg,Active,Trending
P0376,Emerald Trousers White,Men,Trousers,Emerald,Men,Adult,M,White,Summer,Sunrise Fashion,3721.34,5209.87,40,https://coolplanet.lk/images/products/P0376.jpg,Active,Normal
P0377,Miss Modano Kids T-Shirts Yellow,Kids,Kids T-Shirts,Miss Modano,Kids,Kids,4Y,Yellow,Summer,Colombo Garments,1956.83,2837.4,45,https://coolplanet.lk/images/products/P0377.jpg,Active,Normal
P0378,Hustle T-Shirts Yellow,Men,T-Shirts,Hustle,Men,Adult,M,Yellow,Summer,Blue Horizon Apparel,4745.62,6216.76,31,https://coolplanet.lk/images/products/P0378.jpg,Active,Normal
P0379,Modano Sneakers Red,Footwear,Sneakers,Modano,Men,Adult,43,Red,All Season,Blue Horizon Apparel,5650.32,8136.46,44,https://coolplanet.lk/images/products/P0379.jpg,Active,Trending
P0380,Hustle Wallets Purple,Accessories,Wallets,Hustle,Men,Adult,M,Purple,All Season,Kandy Mills,2006.82,2729.28,36,https://coolplanet.lk/images/products/P0380.jpg,Active,Non Moving
P0381,Hustle Dresses Beige,Women,Dresses,Hustle,Women,Adult,XS,Beige,Back to School,Kandy Mills,1262.29,1754.59,39,https://coolplanet.lk/images/products/P0381.jpg,Active,Normal
P0382,King Street Shorts Maroon,Men,Shorts,King Street,Men,Adult,S,Maroon,All Season,Fashion Hub PVT,3274.01,4485.4,37,https://coolplanet.lk/images/products/P0382.jpg,Active,Normal
P0383,Emerald T-Shirts Navy,Women,T-Shirts,Emerald,Women,Adult,S,Navy,All Season,Blue Horizon Apparel,2968.96,4215.93,42,https://coolplanet.lk/images/products/P0383.jpg,Active,Normal
P0384,Hustle Jeans Maroon,Women,Jeans,Hustle,Women,Adult,L,Maroon,Winter,Sunrise Fashion,3130.35,4069.46,30,https://coolplanet.lk/images/products/P0384.jpg,Active,Normal
P0385,Libera Shoes Orange,Footwear,Shoes,Libera,Men,Adult,37,Orange,All Season,Blue Horizon Apparel,6621.15,8607.49,30,https://coolplanet.lk/images/products/P0385.jpg,Active,Fast Moving
P0386,Emerald Jeans Olive,Women,Jeans,Emerald,Women,Adult,S,Olive,All Season,Kandy Mills,2292.21,3163.25,38,https://coolplanet.lk/images/products/P0386.jpg,Active,Normal
P0387,Miss Modano Kids T-Shirts Black,Kids,Kids T-Shirts,Miss Modano,Kids,Kids,10Y,Black,Summer,Fashion Hub PVT,543.08,782.03,44,https://coolplanet.lk/images/products/P0387.jpg,Active,Normal
P0388,Modano Boys Wear Beige,Kids,Boys Wear,Modano,Kids,Kids,12Y,Beige,Back to School,Sunrise Fashion,743.93,1056.38,42,https://coolplanet.lk/images/products/P0388.jpg,Active,Normal
P0389,Emerald Jeans Beige,Men,Jeans,Emerald,Men,Adult,XXL,Beige,Festive,Kandy Mills,3984.39,5657.83,42,https://coolplanet.lk/images/products/P0389.jpg,Active,Normal
P0390,Hustle Boys Wear Navy,Kids,Boys Wear,Hustle,Kids,Kids,4Y,Navy,Back to School,Lanka Textiles,2537.7,3349.77,32,https://coolplanet.lk/images/products/P0390.jpg,Active,Trending
P0391,Hustle Jeans Beige,Men,Jeans,Hustle,Men,Adult,L,Beige,All Season,Sunrise Fashion,3402.02,4558.71,34,https://coolplanet.lk/images/products/P0391.jpg,Active,Normal
P0392,Emerald T-Shirts Blue,Women,T-Shirts,Emerald,Women,Adult,S,Blue,Summer,Sunrise Fashion,3627.17,5186.85,43,https://coolplanet.lk/images/products/P0392.jpg,Active,Normal
P0393,Miss Modano Shorts Olive,Men,Shorts,Miss Modano,Men,Adult,M,Olive,All Season,Fashion Hub PVT,2432.48,3575.74,47,https://coolplanet.lk/images/products/P0393.jpg,Active,Trending
P0394,Modano Shoes Brown,Footwear,Shoes,Modano,Women,Adult,37,Brown,Winter,Kandy Mills,7223.16,10834.74,50,https://coolplanet.lk/images/products/P0394.jpg,Active,Normal
P0395,Miss Modano Kids Shorts White,Kids,Kids Shorts,Miss Modano,Kids,Kids,10Y,White,All Season,Colombo Garments,1639.95,2427.12,48,https://coolplanet.lk/images/products/P0395.jpg,Active,Non Moving
P0396,Miss Modano Sneakers Green,Footwear,Sneakers,Miss Modano,Kids,Kids,44,Green,All Season,Fashion Hub PVT,3489.63,5129.75,47,https://coolplanet.lk/images/products/P0396.jpg,Active,Normal
P0397,Emerald Sneakers Khaki,Footwear,Sneakers,Emerald,Women,Adult,38,Khaki,All Season,Sunrise Fashion,8117.79,11446.09,41,https://coolplanet.lk/images/products/P0397.jpg,Active,Normal
P0398,Modano Sandals Grey,Footwear,Sandals,Modano,Men,Adult,39,Grey,All Season,Fashion Hub PVT,3506.69,5189.9,48,https://coolplanet.lk/images/products/P0398.jpg,Active,Normal
P0399,Emerald Sandals White,Footwear,Sandals,Emerald,Kids,Kids,41,White,All Season,Sunrise Fashion,8327.98,11659.17,40,https://coolplanet.lk/images/products/P0399.jpg,Active,Normal
P0400,Modano Skirts Purple,Women,Skirts,Modano,Women,Adult,M,Purple,Summer,Fashion Hub PVT,4446.73,6358.83,43,https://coolplanet.lk/images/products/P0400.jpg,Active,Normal
P0401,Miss Modano Wallets Orange,Accessories,Wallets,Miss Modano,Women,Adult,L,Orange,Festive,Colombo Garments,233.11,331.01,42,https://coolplanet.lk/images/products/P0401.jpg,Active,Normal
P0402,Emerald Kids T-Shirts Green,Kids,Kids T-Shirts,Emerald,Kids,Kids,6Y,Green,Summer,Island Wear Ltd,1762.19,2449.44,39,https://coolplanet.lk/images/products/P0402.jpg,Active,Normal
P0403,Miss Modano Kids Shorts Beige,Kids,Kids Shorts,Miss Modano,Kids,Kids,12Y,Beige,All Season,Fashion Hub PVT,315.15,469.58,49,https://coolplanet.lk/images/products/P0403.jpg,Active,Trending
P0404,Emerald Jeans Coral,Men,Jeans,Emerald,Men,Adult,S,Coral,All Season,Island Wear Ltd,1304.44,1826.21,40,https://coolplanet.lk/images/products/P0404.jpg,Active,Normal
P0405,Emerald Shorts Navy,Men,Shorts,Emerald,Men,Adult,XL,Navy,All Season,Colombo Garments,4223.25,5743.62,36,https://coolplanet.lk/images/products/P0405.jpg,Active,Trending
P0406,Modano Jeans Charcoal,Men,Jeans,Modano,Men,Adult,M,Charcoal,All Season,Island Wear Ltd,3159.64,4707.87,49,https://coolplanet.lk/images/products/P0406.jpg,Active,Normal
P0407,Emerald Tops Black,Women,Tops,Emerald,Women,Adult,XL,Black,Winter,Blue Horizon Apparel,4159.89,5907.04,42,https://coolplanet.lk/images/products/P0407.jpg,Active,Fast Moving
P0408,Miss Modano Boys Wear Navy,Kids,Boys Wear,Miss Modano,Kids,Kids,4Y,Navy,All Season,Kandy Mills,2255.74,3180.6,41,https://coolplanet.lk/images/products/P0408.jpg,Active,Normal
P0409,Libera Dresses Grey,Women,Dresses,Libera,Women,Adult,L,Grey,Festive,Blue Horizon Apparel,2367.78,3101.79,31,https://coolplanet.lk/images/products/P0409.jpg,Active,Normal
P0410,Emerald Sneakers Maroon,Footwear,Sneakers,Emerald,Men,Adult,43,Maroon,Festive,Fashion Hub PVT,7712.53,11028.92,43,https://coolplanet.lk/images/products/P0410.jpg,Active,Slow Moving
P0411,Miss Modano Tops Black,Women,Tops,Miss Modano,Women,Adult,XS,Black,Summer,Colombo Garments,2097.73,3062.69,46,https://coolplanet.lk/images/products/P0411.jpg,Active,Normal
P0412,Hustle Tops Coral,Women,Tops,Hustle,Women,Adult,XL,Coral,Summer,Lanka Textiles,2258.32,3003.56,33,https://coolplanet.lk/images/products/P0412.jpg,Active,Normal
P0413,Hustle Jeans Blue,Men,Jeans,Hustle,Men,Adult,XL,Blue,Summer,Blue Horizon Apparel,4874.62,6434.5,32,https://coolplanet.lk/images/products/P0413.jpg,Active,Slow Moving
P0414,Miss Modano Sneakers Grey,Footwear,Sneakers,Miss Modano,Men,Adult,38,Grey,All Season,Kandy Mills,4645.91,6690.11,44,https://coolplanet.lk/images/products/P0414.jpg,Active,Slow Moving
P0415,Hustle Sneakers Blue,Footwear,Sneakers,Hustle,Men,Adult,36,Blue,Festive,Island Wear Ltd,7703.18,10091.16,31,https://coolplanet.lk/images/products/P0415.jpg,Active,Normal
P0416,Modano T-Shirts Navy,Men,T-Shirts,Modano,Men,Adult,XXL,Navy,All Season,Island Wear Ltd,4269.16,6104.9,43,https://coolplanet.lk/images/products/P0416.jpg,Active,Normal
P0417,Modano Sneakers Blue,Footwear,Sneakers,Modano,Men,Adult,43,Blue,All Season,Kandy Mills,7065.39,10386.13,47,https://coolplanet.lk/images/products/P0417.jpg,Active,Normal
P0418,Emerald Sneakers Charcoal,Footwear,Sneakers,Emerald,Women,Adult,36,Charcoal,All Season,Colombo Garments,5952.67,8274.21,39,https://coolplanet.lk/images/products/P0418.jpg,Active,Fast Moving
P0419,Miss Modano Jackets Purple,Women,Jackets,Miss Modano,Women,Adult,XL,Purple,Winter,Fashion Hub PVT,3634.44,5342.63,47,https://coolplanet.lk/images/products/P0419.jpg,Active,Normal
P0420,Libera Sneakers Orange,Footwear,Sneakers,Libera,Kids,Kids,40,Orange,All Season,Island Wear Ltd,9134.66,11601.02,27,https://coolplanet.lk/images/products/P0420.jpg,Active,Normal
P0421,Emerald Jeans Teal,Women,Jeans,Emerald,Women,Adult,M,Teal,All Season,Blue Horizon Apparel,1049.02,1437.16,37,https://coolplanet.lk/images/products/P0421.jpg,Active,Normal
P0422,Libera Sneakers Cream,Footwear,Sneakers,Libera,Kids,Kids,45,Cream,Summer,Lanka Textiles,3037.58,3827.35,26,https://coolplanet.lk/images/products/P0422.jpg,Active,Normal
P0423,Emerald Skirts Olive,Women,Skirts,Emerald,Women,Adult,XS,Olive,All Season,Colombo Garments,4078.08,5668.53,39,https://coolplanet.lk/images/products/P0423.jpg,Active,Normal
P0424,Hustle T-Shirts Brown,Women,T-Shirts,Hustle,Women,Adult,XS,Brown,All Season,Kandy Mills,3582.83,4944.3,38,https://coolplanet.lk/images/products/P0424.jpg,Active,Slow Moving
P0425,King Street Polo Shirts Beige,Men,Polo Shirts,King Street,Men,Adult,M,Beige,All Season,Colombo Garments,3635.32,5053.09,39,https://coolplanet.lk/images/products/P0425.jpg,Active,Normal
P0426,Emerald Sandals Grey,Footwear,Sandals,Emerald,Women,Adult,39,Grey,Festive,Kandy Mills,3629.57,5045.1,39,https://coolplanet.lk/images/products/P0426.jpg,Active,Trending
P0427,Emerald Sneakers Charcoal,Footwear,Sneakers,Emerald,Unisex,Adult,44,Charcoal,Back to School,Lanka Textiles,7294.73,10358.51,42,https://coolplanet.lk/images/products/P0427.jpg,Active,Normal
P0428,Libera Caps Blue,Accessories,Caps,Libera,Women,Adult,M,Blue,All Season,Colombo Garments,2988.91,3825.8,28,https://coolplanet.lk/images/products/P0428.jpg,Active,Fast Moving
P0429,King Street Boys Wear Purple,Kids,Boys Wear,King Street,Kids,Kids,14Y,Purple,All Season,Fashion Hub PVT,1346.16,1817.31,35,https://coolplanet.lk/images/products/P0429.jpg,Active,Normal
P0430,Miss Modano Shoes Purple,Footwear,Shoes,Miss Modano,Women,Adult,41,Purple,All Season,Colombo Garments,7099.93,10507.89,48,https://coolplanet.lk/images/products/P0430.jpg,Active,Normal
P0431,Emerald Skirts Orange,Women,Skirts,Emerald,Women,Adult,L,Orange,All Season,Lanka Textiles,3679.49,5114.49,39,https://coolplanet.lk/images/products/P0431.jpg,Active,Non Moving
P0432,Modano Skirts Coral,Women,Skirts,Modano,Women,Adult,XS,Coral,Winter,Blue Horizon Apparel,3869.63,5765.75,49,https://coolplanet.lk/images/products/P0432.jpg,Active,Normal
P0433,King Street Shorts Olive,Men,Shorts,King Street,Men,Adult,S,Olive,All Season,Kandy Mills,2805.93,3647.71,30,https://coolplanet.lk/images/products/P0433.jpg,Active,Normal
P0434,Miss Modano Jeans Brown,Women,Jeans,Miss Modano,Women,Adult,XL,Brown,All Season,Colombo Garments,894.28,1323.54,48,https://coolplanet.lk/images/products/P0434.jpg,Active,Fast Moving
P0435,Hustle Boys Wear Yellow,Kids,Boys Wear,Hustle,Kids,Kids,6Y,Yellow,Back to School,Island Wear Ltd,1078.55,1466.83,36,https://coolplanet.lk/images/products/P0435.jpg,Active,Trending
P0436,Modano Belts Coral,Accessories,Belts,Modano,Unisex,Adult,S,Coral,Back to School,Lanka Textiles,1099.1,1637.66,49,https://coolplanet.lk/images/products/P0436.jpg,Active,Normal
P0437,Modano Shoes Cream,Footwear,Shoes,Modano,Kids,Kids,38,Cream,Festive,Lanka Textiles,5448.5,8118.27,49,https://coolplanet.lk/images/products/P0437.jpg,Active,Normal
P0438,Hustle Dresses Blue,Women,Dresses,Hustle,Women,Adult,M,Blue,All Season,Lanka Textiles,1906.43,2535.55,33,https://coolplanet.lk/images/products/P0438.jpg,Active,Normal
P0439,Miss Modano Caps Coral,Accessories,Caps,Miss Modano,Unisex,Adult,L,Coral,Summer,Fashion Hub PVT,792.02,1164.27,47,https://coolplanet.lk/images/products/P0439.jpg,Active,Trending
P0440,Emerald Jackets Beige,Women,Jackets,Emerald,Women,Adult,XS,Beige,Winter,Island Wear Ltd,759.92,1101.89,45,https://coolplanet.lk/images/products/P0440.jpg,Active,Normal
P0441,Modano Dresses Brown,Women,Dresses,Modano,Women,Adult,XS,Brown,Winter,Lanka Textiles,4421.46,6278.47,42,https://coolplanet.lk/images/products/P0441.jpg,Active,Trending
P0442,King Street Tops Khaki,Women,Tops,King Street,Women,Adult,XS,Khaki,All Season,Lanka Textiles,2120.94,2948.1,39,https://coolplanet.lk/images/products/P0442.jpg,Active,Normal
P0443,Emerald Caps Cream,Accessories,Caps,Emerald,Unisex,Adult,S,Cream,Summer,Sunrise Fashion,1798.35,2445.75,36,https://coolplanet.lk/images/products/P0443.jpg,Active,Normal
P0444,Miss Modano Kids T-Shirts Olive,Kids,Kids T-Shirts,Miss Modano,Kids,Kids,14Y,Olive,Summer,Lanka Textiles,1229.01,1769.77,44,https://coolplanet.lk/images/products/P0444.jpg,Active,Normal
P0445,Hustle Jeans Orange,Men,Jeans,Hustle,Men,Adult,XL,Orange,All Season,Kandy Mills,4519.33,6055.9,34,https://coolplanet.lk/images/products/P0445.jpg,Active,Normal
P0446,Miss Modano T-Shirts Black,Women,T-Shirts,Miss Modano,Women,Adult,S,Black,All Season,Island Wear Ltd,4256.88,6257.62,47,https://coolplanet.lk/images/products/P0446.jpg,Active,Non Moving
P0447,Emerald Sandals Brown,Footwear,Sandals,Emerald,Unisex,Adult,39,Brown,Summer,Blue Horizon Apparel,6929.27,9839.56,42,https://coolplanet.lk/images/products/P0447.jpg,Active,Normal
P0448,Emerald Jackets Maroon,Women,Jackets,Emerald,Women,Adult,XS,Maroon,Winter,Fashion Hub PVT,1130.96,1560.73,38,https://coolplanet.lk/images/products/P0448.jpg,Active,Normal
P0449,Hustle Skirts Beige,Women,Skirts,Hustle,Women,Adult,S,Beige,All Season,Colombo Garments,3060.39,4070.32,33,https://coolplanet.lk/images/products/P0449.jpg,Active,Normal
P0450,Emerald Trousers Grey,Men,Trousers,Emerald,Men,Adult,XS,Grey,Summer,Lanka Textiles,1949.57,2748.9,41,https://coolplanet.lk/images/products/P0450.jpg,Active,Normal
P0451,Emerald Jackets Yellow,Women,Jackets,Emerald,Women,Adult,S,Yellow,Winter,Island Wear Ltd,1640.67,2378.97,45,https://coolplanet.lk/images/products/P0451.jpg,Active,Fast Moving
P0452,King Street Jackets Purple,Men,Jackets,King Street,Men,Adult,XS,Purple,Winter,Island Wear Ltd,2200.99,2993.35,36,https://coolplanet.lk/images/products/P0452.jpg,Active,Trending
P0453,Modano Shorts Khaki,Men,Shorts,Modano,Men,Adult,S,Khaki,All Season,Lanka Textiles,2067.12,3018.0,46,https://coolplanet.lk/images/products/P0453.jpg,Active,Normal
P0454,Miss Modano Sneakers Brown,Footwear,Sneakers,Miss Modano,Men,Adult,40,Brown,All Season,Kandy Mills,7542.1,10785.21,43,https://coolplanet.lk/images/products/P0454.jpg,Active,Normal
P0455,Emerald Trousers Black,Men,Trousers,Emerald,Men,Adult,M,Black,Summer,Colombo Garments,2230.74,3056.11,37,https://coolplanet.lk/images/products/P0455.jpg,Active,Fast Moving
P0456,Modano Sandals Orange,Footwear,Sandals,Modano,Women,Adult,39,Orange,All Season,Blue Horizon Apparel,1467.88,2187.14,49,https://coolplanet.lk/images/products/P0456.jpg,Active,Slow Moving
P0457,Modano Shoes Orange,Footwear,Shoes,Modano,Men,Adult,44,Orange,Festive,Colombo Garments,1827.81,2558.94,40,https://coolplanet.lk/images/products/P0457.jpg,Active,Slow Moving
P0458,Emerald Kids T-Shirts Beige,Kids,Kids T-Shirts,Emerald,Kids,Kids,8Y,Beige,All Season,Lanka Textiles,1837.25,2645.64,44,https://coolplanet.lk/images/products/P0458.jpg,Active,Normal
P0459,Miss Modano T-Shirts Beige,Women,T-Shirts,Miss Modano,Women,Adult,XL,Beige,All Season,Island Wear Ltd,1915.52,2739.19,43,https://coolplanet.lk/images/products/P0459.jpg,Active,Slow Moving
P0460,Emerald Belts Khaki,Accessories,Belts,Emerald,Men,Adult,M,Khaki,Festive,Island Wear Ltd,1962.45,2845.55,45,https://coolplanet.lk/images/products/P0460.jpg,Active,Fast Moving
P0461,King Street Tops Charcoal,Women,Tops,King Street,Women,Adult,XL,Charcoal,All Season,Sunrise Fashion,3912.18,5242.32,34,https://coolplanet.lk/images/products/P0461.jpg,Active,Normal
P0462,Emerald Shorts Teal,Men,Shorts,Emerald,Men,Adult,M,Teal,All Season,Lanka Textiles,2256.04,3135.89,39,https://coolplanet.lk/images/products/P0462.jpg,Active,Trending
P0463,King Street Jackets Blue,Men,Jackets,King Street,Men,Adult,S,Blue,Winter,Fashion Hub PVT,2743.55,3566.61,30,https://coolplanet.lk/images/products/P0463.jpg,Active,Fast Moving
P0464,Hustle Jeans White,Women,Jeans,Hustle,Women,Adult,XL,White,Winter,Colombo Garments,588.3,782.44,33,https://coolplanet.lk/images/products/P0464.jpg,Active,Normal
P0465,Miss Modano Sandals Orange,Footwear,Sandals,Miss Modano,Men,Adult,42,Orange,Festive,Fashion Hub PVT,6606.69,9777.9,48,https://coolplanet.lk/images/products/P0465.jpg,Active,Normal
P0466,Libera Shirts Navy,Men,Shirts,Libera,Men,Adult,XL,Navy,All Season,Blue Horizon Apparel,3766.02,4933.48,31,https://coolplanet.lk/images/products/P0466.jpg,Active,Non Moving
P0467,Modano Girls Wear Red,Kids,Girls Wear,Modano,Kids,Kids,10Y,Red,Back to School,Sunrise Fashion,1741.91,2490.93,43,https://coolplanet.lk/images/products/P0467.jpg,Active,Normal
P0468,Hustle T-Shirts Khaki,Men,T-Shirts,Hustle,Men,Adult,S,Khaki,All Season,Lanka Textiles,4534.12,6121.06,35,https://coolplanet.lk/images/products/P0468.jpg,Active,Normal
P0469,Hustle Sandals Charcoal,Footwear,Sandals,Hustle,Kids,Kids,44,Charcoal,All Season,Sunrise Fashion,7066.9,9469.65,34,https://coolplanet.lk/images/products/P0469.jpg,Active,Slow Moving
P0470,Libera Jeans White,Women,Jeans,Libera,Women,Adult,XL,White,All Season,Lanka Textiles,1211.75,1551.04,28,https://coolplanet.lk/images/products/P0470.jpg,Active,Fast Moving
P0471,Libera Polo Shirts Brown,Men,Polo Shirts,Libera,Men,Adult,XL,Brown,Summer,Colombo Garments,4748.25,6077.76,28,https://coolplanet.lk/images/products/P0471.jpg,Active,Fast Moving
P0472,Hustle Polo Shirts Coral,Men,Polo Shirts,Hustle,Men,Adult,M,Coral,Festive,Island Wear Ltd,995.38,1323.86,33,https://coolplanet.lk/images/products/P0472.jpg,Active,Normal
P0473,Miss Modano Polo Shirts Blue,Men,Polo Shirts,Miss Modano,Men,Adult,XXL,Blue,Winter,Fashion Hub PVT,3747.42,5471.24,46,https://coolplanet.lk/images/products/P0473.jpg,Active,Normal
P0474,King Street Sneakers Navy,Footwear,Sneakers,King Street,Unisex,Adult,41,Navy,All Season,Island Wear Ltd,7537.69,10025.13,33,https://coolplanet.lk/images/products/P0474.jpg,Active,Normal
P0475,Emerald Sneakers Purple,Footwear,Sneakers,Emerald,Men,Adult,44,Purple,All Season,Colombo Garments,5170.03,7031.24,36,https://coolplanet.lk/images/products/P0475.jpg,Active,Slow Moving
P0476,Modano Shorts Cream,Men,Shorts,Modano,Men,Adult,XL,Cream,Summer,Lanka Textiles,1444.68,2065.89,43,https://coolplanet.lk/images/products/P0476.jpg,Active,Normal
P0477,Hustle Jeans Teal,Women,Jeans,Hustle,Women,Adult,XS,Teal,All Season,Sunrise Fashion,2546.14,3437.29,35,https://coolplanet.lk/images/products/P0477.jpg,Active,Trending
P0478,Emerald Kids Shorts Coral,Kids,Kids Shorts,Emerald,Kids,Kids,10Y,Coral,Summer,Lanka Textiles,834.19,1151.18,38,https://coolplanet.lk/images/products/P0478.jpg,Active,Normal
P0479,Miss Modano Bags Maroon,Accessories,Bags,Miss Modano,Men,Adult,M,Maroon,All Season,Sunrise Fashion,1305.63,1919.27,47,https://coolplanet.lk/images/products/P0479.jpg,Active,Fast Moving
P0480,Miss Modano Wallets Green,Accessories,Wallets,Miss Modano,Unisex,Adult,S,Green,All Season,Kandy Mills,1469.26,2056.96,40,https://coolplanet.lk/images/products/P0480.jpg,Active,Normal
P0481,Emerald Shoes Pink,Footwear,Shoes,Emerald,Women,Adult,37,Pink,All Season,Lanka Textiles,4492.04,6288.86,40,https://coolplanet.lk/images/products/P0481.jpg,Active,Trending
P0482,Miss Modano Jeans Teal,Men,Jeans,Miss Modano,Men,Adult,XXL,Teal,Back to School,Sunrise Fashion,3306.88,4761.91,44,https://coolplanet.lk/images/products/P0482.jpg,Active,Fast Moving
P0483,Emerald Boys Wear Blue,Kids,Boys Wear,Emerald,Kids,Kids,4Y,Blue,Back to School,Sunrise Fashion,403.26,564.56,40,https://coolplanet.lk/images/products/P0483.jpg,Active,Normal
P0484,Hustle Kids T-Shirts Black,Kids,Kids T-Shirts,Hustle,Kids,Kids,12Y,Black,All Season,Island Wear Ltd,833.3,1116.62,34,https://coolplanet.lk/images/products/P0484.jpg,Active,Normal
P0485,Emerald Wallets Teal,Accessories,Wallets,Emerald,Unisex,Adult,S,Teal,Summer,Sunrise Fashion,1739.39,2452.54,41,https://coolplanet.lk/images/products/P0485.jpg,Active,Fast Moving
P0486,Modano Kids T-Shirts Purple,Kids,Kids T-Shirts,Modano,Kids,Kids,2Y,Purple,All Season,Lanka Textiles,1788.21,2521.37,41,https://coolplanet.lk/images/products/P0486.jpg,Active,Normal
P0487,King Street Caps Brown,Accessories,Caps,King Street,Men,Adult,One Size,Brown,Back to School,Colombo Garments,3662.19,4760.85,30,https://coolplanet.lk/images/products/P0487.jpg,Active,Trending
P0488,Libera Boys Wear Khaki,Kids,Boys Wear,Libera,Kids,Kids,10Y,Khaki,All Season,Blue Horizon Apparel,1263.98,1693.73,34,https://coolplanet.lk/images/products/P0488.jpg,Active,Trending
P0489,Emerald Caps Teal,Accessories,Caps,Emerald,Women,Adult,S,Teal,Summer,Colombo Garments,2475.37,3515.03,42,https://coolplanet.lk/images/products/P0489.jpg,Active,Normal
P0490,Libera Sneakers Maroon,Footwear,Sneakers,Libera,Women,Adult,38,Maroon,Winter,Colombo Garments,5488.96,7300.32,33,https://coolplanet.lk/images/products/P0490.jpg,Active,Slow Moving
P0491,King Street Bags Yellow,Accessories,Bags,King Street,Men,Adult,S,Yellow,Winter,Island Wear Ltd,2930.48,3897.54,33,https://coolplanet.lk/images/products/P0491.jpg,Active,Normal
P0492,Modano Sneakers Green,Footwear,Sneakers,Modano,Kids,Kids,37,Green,All Season,Blue Horizon Apparel,1044.32,1482.94,42,https://coolplanet.lk/images/products/P0492.jpg,Active,Normal
P0493,Hustle Girls Wear Black,Kids,Girls Wear,Hustle,Kids,Kids,12Y,Black,Back to School,Kandy Mills,608.71,815.67,34,https://coolplanet.lk/images/products/P0493.jpg,Active,Normal
P0494,Emerald Jeans Olive,Women,Jeans,Emerald,Women,Adult,S,Olive,All Season,Fashion Hub PVT,2372.54,3274.11,38,https://coolplanet.lk/images/products/P0494.jpg,Active,Normal
P0495,Emerald Shorts Beige,Men,Shorts,Emerald,Men,Adult,L,Beige,All Season,Kandy Mills,3348.1,4720.82,41,https://coolplanet.lk/images/products/P0495.jpg,Active,Normal
P0496,Hustle Dresses Yellow,Women,Dresses,Hustle,Women,Adult,XXL,Yellow,Summer,Sunrise Fashion,3020.59,4077.8,35,https://coolplanet.lk/images/products/P0496.jpg,Active,Normal
P0497,King Street Kids Shorts White,Kids,Kids Shorts,King Street,Kids,Kids,4Y,White,All Season,Fashion Hub PVT,2536.67,3449.87,36,https://coolplanet.lk/images/products/P0497.jpg,Active,Normal
P0498,Miss Modano Boys Wear Pink,Kids,Boys Wear,Miss Modano,Kids,Kids,6Y,Pink,Back to School,Island Wear Ltd,1262.19,1830.18,45,https://coolplanet.lk/images/products/P0498.jpg,Active,Slow Moving
P0499,Modano Shoes Navy,Footwear,Shoes,Modano,Kids,Kids,37,Navy,All Season,Sunrise Fashion,5152.63,7522.84,46,https://coolplanet.lk/images/products/P0499.jpg,Active,Normal
P0500,Miss Modano Dresses Cream,Women,Dresses,Miss Modano,Women,Adult,XXL,Cream,Festive,Fashion Hub PVT,4229.77,6260.06,48,https://coolplanet.lk/images/products/P0500.jpg,Active,Slow Moving
P0501,Emerald Belts Red,Accessories,Belts,Emerald,Unisex,Adult,L,Red,Winter,Sunrise Fashion,493.62,700.94,42,https://coolplanet.lk/images/products/P0501.jpg,Active,Non Moving
P0502,Hustle Girls Wear Teal,Kids,Girls Wear,Hustle,Kids,Kids,14Y,Teal,All Season,Blue Horizon Apparel,2356.19,3227.98,37,https://coolplanet.lk/images/products/P0502.jpg,Active,Normal
P0503,Hustle T-Shirts White,Men,T-Shirts,Hustle,Men,Adult,M,White,All Season,Colombo Garments,1798.57,2446.05,36,https://coolplanet.lk/images/products/P0503.jpg,Active,Trending
P0504,Miss Modano Jeans Black,Men,Jeans,Miss Modano,Men,Adult,L,Black,Summer,Island Wear Ltd,555.19,832.78,50,https://coolplanet.lk/images/products/P0504.jpg,Active,Trending
P0505,Modano Jeans Navy,Women,Jeans,Modano,Women,Adult,XS,Navy,All Season,Blue Horizon Apparel,2880.73,4148.25,44,https://coolplanet.lk/images/products/P0505.jpg,Active,Normal
P0506,Modano T-Shirts White,Men,T-Shirts,Modano,Men,Adult,XS,White,Summer,Sunrise Fashion,3803.24,5666.83,49,https://coolplanet.lk/images/products/P0506.jpg,Active,Normal
P0507,Hustle Dresses Red,Women,Dresses,Hustle,Women,Adult,S,Red,All Season,Sunrise Fashion,1845.63,2491.6,35,https://coolplanet.lk/images/products/P0507.jpg,Active,Normal
P0508,Emerald Shoes White,Footwear,Shoes,Emerald,Kids,Kids,40,White,All Season,Kandy Mills,7617.71,10893.32,43,https://coolplanet.lk/images/products/P0508.jpg,Active,Fast Moving
P0509,Emerald Kids T-Shirts Green,Kids,Kids T-Shirts,Emerald,Kids,Kids,14Y,Green,All Season,Island Wear Ltd,1014.68,1420.55,40,https://coolplanet.lk/images/products/P0509.jpg,Active,Normal
P0510,Modano Boys Wear Olive,Kids,Boys Wear,Modano,Kids,Kids,10Y,Olive,Back to School,Kandy Mills,1205.5,1723.87,43,https://coolplanet.lk/images/products/P0510.jpg,Active,Slow Moving
P0511,Miss Modano Caps Charcoal,Accessories,Caps,Miss Modano,Men,Adult,L,Charcoal,Summer,Blue Horizon Apparel,812.45,1145.56,41,https://coolplanet.lk/images/products/P0511.jpg,Active,Trending
P0512,Modano Shirts Cream,Men,Shirts,Modano,Men,Adult,XS,Cream,Winter,Blue Horizon Apparel,1415.56,1981.79,40,https://coolplanet.lk/images/products/P0512.jpg,Active,Normal
P0513,Modano Skirts Black,Women,Skirts,Modano,Women,Adult,XXL,Black,All Season,Lanka Textiles,3889.2,5678.23,46,https://coolplanet.lk/images/products/P0513.jpg,Active,Slow Moving
P0514,Hustle Shoes Yellow,Footwear,Shoes,Hustle,Kids,Kids,45,Yellow,Winter,Colombo Garments,1089.55,1514.47,39,https://coolplanet.lk/images/products/P0514.jpg,Active,Trending
P0515,Modano Wallets White,Accessories,Wallets,Modano,Women,Adult,L,White,All Season,Kandy Mills,1723.71,2464.9,43,https://coolplanet.lk/images/products/P0515.jpg,Active,Normal
P0516,Hustle Sandals Khaki,Footwear,Sandals,Hustle,Men,Adult,41,Khaki,Summer,Blue Horizon Apparel,1062.24,1402.16,32,https://coolplanet.lk/images/products/P0516.jpg,Active,Normal
P0517,Hustle Caps Green,Accessories,Caps,Hustle,Men,Adult,One Size,Green,All Season,Blue Horizon Apparel,1506.3,2063.63,37,https://coolplanet.lk/images/products/P0517.jpg,Active,Normal
P0518,Modano Skirts Pink,Women,Skirts,Modano,Women,Adult,M,Pink,Winter,Fashion Hub PVT,1650.98,2410.43,46,https://coolplanet.lk/images/products/P0518.jpg,Active,Normal
P0519,Hustle T-Shirts Khaki,Women,T-Shirts,Hustle,Women,Adult,XS,Khaki,All Season,Kandy Mills,4150.85,5645.15,36,https://coolplanet.lk/images/products/P0519.jpg,Active,Trending
P0520,Hustle Kids Shorts Beige,Kids,Kids Shorts,Hustle,Kids,Kids,8Y,Beige,All Season,Colombo Garments,2140.57,2804.15,31,https://coolplanet.lk/images/products/P0520.jpg,Active,Normal
P0521,Miss Modano Belts White,Accessories,Belts,Miss Modano,Men,Adult,One Size,White,All Season,Sunrise Fashion,3320.56,4681.99,41,https://coolplanet.lk/images/products/P0521.jpg,Active,Normal
P0522,Modano Dresses Khaki,Women,Dresses,Modano,Women,Adult,XXL,Khaki,All Season,Lanka Textiles,3034.01,4338.63,43,https://coolplanet.lk/images/products/P0522.jpg,Active,Normal
P0523,Hustle Polo Shirts Teal,Men,Polo Shirts,Hustle,Men,Adult,L,Teal,Winter,Colombo Garments,1730.98,2354.13,36,https://coolplanet.lk/images/products/P0523.jpg,Active,Slow Moving
P0524,Hustle Boys Wear Teal,Kids,Boys Wear,Hustle,Kids,Kids,6Y,Teal,Back to School,Sunrise Fashion,635.48,838.83,32,https://coolplanet.lk/images/products/P0524.jpg,Active,Normal
P0525,Miss Modano Polo Shirts Teal,Men,Polo Shirts,Miss Modano,Men,Adult,S,Teal,All Season,Fashion Hub PVT,4046.78,5948.77,47,https://coolplanet.lk/images/products/P0525.jpg,Active,Trending
P0526,Hustle Tops Charcoal,Women,Tops,Hustle,Women,Adult,M,Charcoal,Festive,Sunrise Fashion,3874.07,5191.26,34,https://coolplanet.lk/images/products/P0526.jpg,Active,Normal
P0527,Emerald Wallets Green,Accessories,Wallets,Emerald,Unisex,Adult,L,Green,All Season,Sunrise Fashion,1265.35,1758.84,39,https://coolplanet.lk/images/products/P0527.jpg,Active,Normal
P0528,Hustle T-Shirts Charcoal,Men,T-Shirts,Hustle,Men,Adult,M,Charcoal,All Season,Sunrise Fashion,1397.81,1845.11,32,https://coolplanet.lk/images/products/P0528.jpg,Active,Slow Moving
P0529,Miss Modano Jeans Navy,Women,Jeans,Miss Modano,Women,Adult,M,Navy,Summer,Lanka Textiles,4045.86,6028.33,49,https://coolplanet.lk/images/products/P0529.jpg,Active,Normal
P0530,Hustle Shirts Red,Men,Shirts,Hustle,Men,Adult,XXL,Red,All Season,Island Wear Ltd,1801.48,2522.07,40,https://coolplanet.lk/images/products/P0530.jpg,Active,Normal
P0531,Emerald Girls Wear Purple,Kids,Girls Wear,Emerald,Kids,Kids,4Y,Purple,Back to School,Island Wear Ltd,1993.92,2831.37,42,https://coolplanet.lk/images/products/P0531.jpg,Active,Normal
P0532,King Street Shoes Coral,Footwear,Shoes,King Street,Men,Adult,37,Coral,Summer,Blue Horizon Apparel,4492.33,6199.41,38,https://coolplanet.lk/images/products/P0532.jpg,Active,Fast Moving
P0533,Emerald Jeans Charcoal,Women,Jeans,Emerald,Women,Adult,XL,Charcoal,Festive,Island Wear Ltd,2269.96,3087.14,36,https://coolplanet.lk/images/products/P0533.jpg,Active,Normal
P0534,Modano T-Shirts Green,Men,T-Shirts,Modano,Men,Adult,L,Green,All Season,Blue Horizon Apparel,2128.8,3022.9,42,https://coolplanet.lk/images/products/P0534.jpg,Active,Normal
P0535,Libera Caps Pink,Accessories,Caps,Libera,Unisex,Adult,L,Pink,Winter,Fashion Hub PVT,3459.44,4601.05,33,https://coolplanet.lk/images/products/P0535.jpg,Active,Normal
P0536,Hustle Girls Wear White,Kids,Girls Wear,Hustle,Kids,Kids,10Y,White,All Season,Blue Horizon Apparel,300.46,402.61,34,https://coolplanet.lk/images/products/P0536.jpg,Active,Normal
P0537,Modano Bags Maroon,Accessories,Bags,Modano,Men,Adult,L,Maroon,Winter,Island Wear Ltd,2479.82,3645.34,47,https://coolplanet.lk/images/products/P0537.jpg,Active,Non Moving
P0538,Miss Modano Kids Shorts Beige,Kids,Kids Shorts,Miss Modano,Kids,Kids,14Y,Beige,All Season,Colombo Garments,2057.45,3003.88,46,https://coolplanet.lk/images/products/P0538.jpg,Active,Slow Moving
P0539,Emerald Shirts Black,Men,Shirts,Emerald,Men,Adult,L,Black,Winter,Colombo Garments,4414.83,6357.36,44,https://coolplanet.lk/images/products/P0539.jpg,Active,Fast Moving
P0540,Emerald Jeans Charcoal,Women,Jeans,Emerald,Women,Adult,XL,Charcoal,Summer,Island Wear Ltd,4131.3,5866.45,42,https://coolplanet.lk/images/products/P0540.jpg,Active,Non Moving
P0541,Hustle Kids Shorts Khaki,Kids,Kids Shorts,Hustle,Kids,Kids,10Y,Khaki,All Season,Fashion Hub PVT,378.74,503.73,33,https://coolplanet.lk/images/products/P0541.jpg,Active,Normal
P0542,Modano Trousers Green,Men,Trousers,Modano,Men,Adult,XL,Green,Back to School,Kandy Mills,4358.44,6406.91,47,https://coolplanet.lk/images/products/P0542.jpg,Active,Slow Moving
P0543,Modano Boys Wear Olive,Kids,Boys Wear,Modano,Kids,Kids,12Y,Olive,All Season,Blue Horizon Apparel,1703.13,2520.63,48,https://coolplanet.lk/images/products/P0543.jpg,Active,Normal
P0544,Miss Modano Polo Shirts Olive,Men,Polo Shirts,Miss Modano,Men,Adult,L,Olive,Summer,Lanka Textiles,1793.09,2689.63,50,https://coolplanet.lk/images/products/P0544.jpg,Active,Normal
P0545,Hustle Dresses Coral,Women,Dresses,Hustle,Women,Adult,XXL,Coral,Summer,Fashion Hub PVT,1279.13,1765.2,38,https://coolplanet.lk/images/products/P0545.jpg,Active,Normal
P0546,Emerald Shoes Olive,Footwear,Shoes,Emerald,Kids,Kids,44,Olive,All Season,Lanka Textiles,7003.36,9664.64,38,https://coolplanet.lk/images/products/P0546.jpg,Active,Trending
P0547,Modano Bags Red,Accessories,Bags,Modano,Unisex,Adult,S,Red,Winter,Colombo Garments,1367.72,2037.9,49,https://coolplanet.lk/images/products/P0547.jpg,Active,Slow Moving
P0548,Libera Boys Wear Navy,Kids,Boys Wear,Libera,Kids,Kids,10Y,Navy,All Season,Kandy Mills,2236.27,2996.6,34,https://coolplanet.lk/images/products/P0548.jpg,Active,Normal
P0549,Miss Modano Trousers Beige,Men,Trousers,Miss Modano,Men,Adult,M,Beige,All Season,Kandy Mills,1580.17,2307.05,46,https://coolplanet.lk/images/products/P0549.jpg,Active,Trending
P0550,Hustle T-Shirts Teal,Women,T-Shirts,Hustle,Women,Adult,XXL,Teal,All Season,Colombo Garments,2733.27,3689.91,35,https://coolplanet.lk/images/products/P0550.jpg,Active,Normal
P0551,Libera Jeans Yellow,Women,Jeans,Libera,Women,Adult,XXL,Yellow,Back to School,Blue Horizon Apparel,1026.09,1313.4,28,https://coolplanet.lk/images/products/P0551.jpg,Active,Normal
P0552,Hustle Jackets Yellow,Women,Jackets,Hustle,Women,Adult,XS,Yellow,All Season,Island Wear Ltd,3469.32,4822.36,39,https://coolplanet.lk/images/products/P0552.jpg,Active,Normal
P0553,Hustle Jackets Khaki,Women,Jackets,Hustle,Women,Adult,XXL,Khaki,Winter,Fashion Hub PVT,2025.45,2673.6,32,https://coolplanet.lk/images/products/P0553.jpg,Active,Normal
P0554,Hustle Shirts Cream,Men,Shirts,Hustle,Men,Adult,XXL,Cream,All Season,Fashion Hub PVT,1461.96,1900.55,30,https://coolplanet.lk/images/products/P0554.jpg,Active,Normal
P0555,Emerald Girls Wear Red,Kids,Girls Wear,Emerald,Kids,Kids,10Y,Red,All Season,Kandy Mills,1087.13,1565.47,44,https://coolplanet.lk/images/products/P0555.jpg,Active,Normal
P0556,Hustle Bags Blue,Accessories,Bags,Hustle,Unisex,Adult,L,Blue,Winter,Island Wear Ltd,471.84,655.86,39,https://coolplanet.lk/images/products/P0556.jpg,Active,Normal
P0557,Emerald Jackets Brown,Women,Jackets,Emerald,Women,Adult,XS,Brown,All Season,Island Wear Ltd,4145.01,5595.77,35,https://coolplanet.lk/images/products/P0557.jpg,Active,Non Moving
P0558,Emerald T-Shirts Cream,Women,T-Shirts,Emerald,Women,Adult,S,Cream,All Season,Island Wear Ltd,1266.8,1824.19,44,https://coolplanet.lk/images/products/P0558.jpg,Active,Trending
P0559,Modano Skirts Cream,Women,Skirts,Modano,Women,Adult,XS,Cream,All Season,Sunrise Fashion,783.29,1143.6,46,https://coolplanet.lk/images/products/P0559.jpg,Active,Slow Moving
P0560,Libera Belts Black,Accessories,Belts,Libera,Unisex,Adult,L,Black,All Season,Island Wear Ltd,2659.45,3590.26,35,https://coolplanet.lk/images/products/P0560.jpg,Active,Normal
P0561,Hustle Wallets Maroon,Accessories,Wallets,Hustle,Women,Adult,One Size,Maroon,Summer,Sunrise Fashion,242.72,315.54,30,https://coolplanet.lk/images/products/P0561.jpg,Active,Normal
P0562,Hustle Kids T-Shirts Pink,Kids,Kids T-Shirts,Hustle,Kids,Kids,12Y,Pink,Summer,Kandy Mills,1135.26,1532.6,35,https://coolplanet.lk/images/products/P0562.jpg,Active,Normal
P0563,Miss Modano T-Shirts Blue,Women,T-Shirts,Miss Modano,Women,Adult,L,Blue,Summer,Island Wear Ltd,1745.19,2582.88,48,https://coolplanet.lk/images/products/P0563.jpg,Active,Normal
P0564,Emerald Dresses Beige,Women,Dresses,Emerald,Women,Adult,S,Beige,All Season,Colombo Garments,5130.31,6977.22,36,https://coolplanet.lk/images/products/P0564.jpg,Active,Normal
P0565,Libera Kids T-Shirts Teal,Kids,Kids T-Shirts,Libera,Kids,Kids,14Y,Teal,All Season,Fashion Hub PVT,2717.1,3396.38,25,https://coolplanet.lk/images/products/P0565.jpg,Active,Fast Moving
P0566,King Street Shoes Beige,Footwear,Shoes,King Street,Unisex,Adult,44,Beige,Summer,Kandy Mills,6506.29,8523.24,31,https://coolplanet.lk/images/products/P0566.jpg,Active,Normal
P0567,Miss Modano Shirts Green,Men,Shirts,Miss Modano,Men,Adult,XS,Green,Summer,Fashion Hub PVT,4131.99,6032.71,46,https://coolplanet.lk/images/products/P0567.jpg,Active,Trending
P0568,King Street Shorts Pink,Men,Shorts,King Street,Men,Adult,XS,Pink,All Season,Kandy Mills,3197.01,4283.99,34,https://coolplanet.lk/images/products/P0568.jpg,Active,Normal
P0569,King Street Trousers Navy,Men,Trousers,King Street,Men,Adult,L,Navy,All Season,Sunrise Fashion,3974.72,5564.61,40,https://coolplanet.lk/images/products/P0569.jpg,Active,Normal
P0570,Modano Belts Beige,Accessories,Belts,Modano,Women,Adult,S,Beige,All Season,Colombo Garments,598.28,867.5,45,https://coolplanet.lk/images/products/P0570.jpg,Active,Normal
P0571,Libera Tops Grey,Women,Tops,Libera,Women,Adult,XS,Grey,All Season,Sunrise Fashion,4210.1,5683.63,35,https://coolplanet.lk/images/products/P0571.jpg,Active,Normal
P0572,Emerald Trousers Black,Men,Trousers,Emerald,Men,Adult,XS,Black,Winter,Lanka Textiles,2905.74,4184.26,44,https://coolplanet.lk/images/products/P0572.jpg,Active,Normal
P0573,Emerald Sneakers Beige,Footwear,Sneakers,Emerald,Women,Adult,40,Beige,Summer,Colombo Garments,3951.01,5649.94,43,https://coolplanet.lk/images/products/P0573.jpg,Active,Normal
P0574,Hustle Trousers Pink,Men,Trousers,Hustle,Men,Adult,XS,Pink,Summer,Blue Horizon Apparel,1456.81,1893.85,30,https://coolplanet.lk/images/products/P0574.jpg,Active,Normal
P0575,Hustle Belts Beige,Accessories,Belts,Hustle,Women,Adult,S,Beige,All Season,Kandy Mills,770.25,1001.32,30,https://coolplanet.lk/images/products/P0575.jpg,Active,Normal
P0576,Modano Shorts White,Men,Shorts,Modano,Men,Adult,M,White,Summer,Lanka Textiles,2324.56,3277.63,41,https://coolplanet.lk/images/products/P0576.jpg,Active,Normal
P0577,Emerald Dresses Teal,Women,Dresses,Emerald,Women,Adult,XS,Teal,Summer,Colombo Garments,1037.11,1431.21,38,https://coolplanet.lk/images/products/P0577.jpg,Active,Normal
P0578,Modano Tops Grey,Women,Tops,Modano,Women,Adult,M,Grey,All Season,Island Wear Ltd,1513.0,2193.85,45,https://coolplanet.lk/images/products/P0578.jpg,Active,Normal
P0579,King Street Trousers White,Men,Trousers,King Street,Men,Adult,S,White,All Season,Colombo Garments,3119.54,4273.77,37,https://coolplanet.lk/images/products/P0579.jpg,Active,Non Moving
P0580,Emerald Sneakers Brown,Footwear,Sneakers,Emerald,Kids,Kids,38,Brown,All Season,Lanka Textiles,5281.72,7341.59,39,https://coolplanet.lk/images/products/P0580.jpg,Active,Trending
P0581,King Street Tops Grey,Women,Tops,King Street,Women,Adult,XL,Grey,All Season,Blue Horizon Apparel,4134.61,5705.76,38,https://coolplanet.lk/images/products/P0581.jpg,Active,Normal
P0582,King Street Girls Wear Maroon,Kids,Girls Wear,King Street,Kids,Kids,8Y,Maroon,All Season,Kandy Mills,1705.27,2233.9,31,https://coolplanet.lk/images/products/P0582.jpg,Active,Normal
P0583,Miss Modano Tops Yellow,Women,Tops,Miss Modano,Women,Adult,S,Yellow,Festive,Colombo Garments,2971.92,4428.16,49,https://coolplanet.lk/images/products/P0583.jpg,Active,Normal
P0584,Modano Dresses Olive,Women,Dresses,Modano,Women,Adult,XL,Olive,All Season,Island Wear Ltd,2715.48,4046.07,49,https://coolplanet.lk/images/products/P0584.jpg,Active,Normal
P0585,Miss Modano Trousers Navy,Men,Trousers,Miss Modano,Men,Adult,XS,Navy,Winter,Colombo Garments,2120.9,3117.72,47,https://coolplanet.lk/images/products/P0585.jpg,Active,Trending
P0586,Modano Boys Wear Olive,Kids,Boys Wear,Modano,Kids,Kids,4Y,Olive,Back to School,Sunrise Fashion,2124.69,3059.56,44,https://coolplanet.lk/images/products/P0586.jpg,Active,Normal
P0587,King Street Tops Blue,Women,Tops,King Street,Women,Adult,M,Blue,Winter,Fashion Hub PVT,3889.83,5134.58,32,https://coolplanet.lk/images/products/P0587.jpg,Active,Normal
P0588,Hustle Caps White,Accessories,Caps,Hustle,Unisex,Adult,M,White,Winter,Blue Horizon Apparel,2372.21,3178.76,34,https://coolplanet.lk/images/products/P0588.jpg,Active,Normal
P0589,Libera Polo Shirts Khaki,Men,Polo Shirts,Libera,Men,Adult,XXL,Khaki,All Season,Island Wear Ltd,868.18,1093.91,26,https://coolplanet.lk/images/products/P0589.jpg,Active,Non Moving
P0590,Modano Tops Teal,Women,Tops,Modano,Women,Adult,S,Teal,All Season,Blue Horizon Apparel,1937.97,2810.06,45,https://coolplanet.lk/images/products/P0590.jpg,Active,Trending
P0591,Hustle Belts Grey,Accessories,Belts,Hustle,Unisex,Adult,M,Grey,Summer,Fashion Hub PVT,1746.39,2287.77,31,https://coolplanet.lk/images/products/P0591.jpg,Active,Fast Moving
P0592,Modano Boys Wear Teal,Kids,Boys Wear,Modano,Kids,Kids,10Y,Teal,Back to School,Lanka Textiles,1233.65,1801.13,46,https://coolplanet.lk/images/products/P0592.jpg,Active,Normal
P0593,Emerald Shoes Cream,Footwear,Shoes,Emerald,Women,Adult,42,Cream,Festive,Fashion Hub PVT,3149.22,4314.43,37,https://coolplanet.lk/images/products/P0593.jpg,Active,Trending
P0594,Miss Modano Sandals Beige,Footwear,Sandals,Miss Modano,Women,Adult,36,Beige,All Season,Blue Horizon Apparel,7886.09,11671.41,48,https://coolplanet.lk/images/products/P0594.jpg,Active,Normal
P0595,Emerald Jackets Pink,Women,Jackets,Emerald,Women,Adult,XS,Pink,Winter,Blue Horizon Apparel,4167.95,5960.17,43,https://coolplanet.lk/images/products/P0595.jpg,Active,Normal
P0596,Miss Modano Jackets Olive,Women,Jackets,Miss Modano,Women,Adult,XXL,Olive,All Season,Blue Horizon Apparel,2524.96,3585.44,42,https://coolplanet.lk/images/products/P0596.jpg,Active,Trending
P0597,Hustle Polo Shirts Olive,Men,Polo Shirts,Hustle,Men,Adult,M,Olive,Festive,Lanka Textiles,786.56,1069.72,36,https://coolplanet.lk/images/products/P0597.jpg,Active,Slow Moving
P0598,Libera Girls Wear Blue,Kids,Girls Wear,Libera,Kids,Kids,14Y,Blue,All Season,Fashion Hub PVT,692.22,899.89,30,https://coolplanet.lk/images/products/P0598.jpg,Active,Fast Moving
P0599,Emerald Polo Shirts Blue,Men,Polo Shirts,Emerald,Men,Adult,XXL,Blue,All Season,Lanka Textiles,1822.78,2606.58,43,https://coolplanet.lk/images/products/P0599.jpg,Active,Trending
P0600,Hustle Caps Black,Accessories,Caps,Hustle,Men,Adult,L,Black,Festive,Lanka Textiles,3574.89,4754.61,33,https://coolplanet.lk/images/products/P0600.jpg,Active,Trending
P0601,King Street Kids T-Shirts Olive,Kids,Kids T-Shirts,King Street,Kids,Kids,14Y,Olive,Summer,Sunrise Fashion,2101.23,2878.69,37,https://coolplanet.lk/images/products/P0601.jpg,Active,Normal
P0602,Emerald Sneakers White,Footwear,Sneakers,Emerald,Unisex,Adult,44,White,All Season,Blue Horizon Apparel,1071.38,1467.79,37,https://coolplanet.lk/images/products/P0602.jpg,Active,Normal
P0603,Miss Modano Shirts Coral,Men,Shirts,Miss Modano,Men,Adult,M,Coral,All Season,Kandy Mills,905.29,1276.46,41,https://coolplanet.lk/images/products/P0603.jpg,Active,Normal
P0604,Miss Modano Jeans Beige,Men,Jeans,Miss Modano,Men,Adult,XL,Beige,Winter,Sunrise Fashion,4118.26,6177.39,50,https://coolplanet.lk/images/products/P0604.jpg,Active,Non Moving
P0605,Hustle Sandals Black,Footwear,Sandals,Hustle,Kids,Kids,41,Black,All Season,Blue Horizon Apparel,4486.73,6012.22,34,https://coolplanet.lk/images/products/P0605.jpg,Active,Fast Moving
P0606,Emerald Jeans Pink,Women,Jeans,Emerald,Women,Adult,XXL,Pink,Back to School,Island Wear Ltd,2496.4,3370.14,35,https://coolplanet.lk/images/products/P0606.jpg,Active,Trending
P0607,Libera T-Shirts Olive,Men,T-Shirts,Libera,Men,Adult,XL,Olive,All Season,Blue Horizon Apparel,919.42,1176.86,28,https://coolplanet.lk/images/products/P0607.jpg,Active,Normal
P0608,Miss Modano T-Shirts Blue,Women,T-Shirts,Miss Modano,Women,Adult,XXL,Blue,Summer,Kandy Mills,1330.15,1955.32,47,https://coolplanet.lk/images/products/P0608.jpg,Active,Non Moving
P0609,Hustle Jackets Coral,Men,Jackets,Hustle,Men,Adult,XL,Coral,All Season,Kandy Mills,1529.24,2079.77,36,https://coolplanet.lk/images/products/P0609.jpg,Active,Fast Moving
P0610,Hustle Wallets Pink,Accessories,Wallets,Hustle,Men,Adult,L,Pink,Back to School,Fashion Hub PVT,2396.04,3330.49,39,https://coolplanet.lk/images/products/P0610.jpg,Active,Trending
P0611,Miss Modano Bags Orange,Accessories,Bags,Miss Modano,Unisex,Adult,L,Orange,Festive,Island Wear Ltd,2242.47,3251.58,45,https://coolplanet.lk/images/products/P0611.jpg,Active,Normal
P0612,Emerald Jackets Brown,Women,Jackets,Emerald,Women,Adult,XS,Brown,Winter,Sunrise Fashion,1966.66,2713.99,38,https://coolplanet.lk/images/products/P0612.jpg,Active,Trending
P0613,Hustle Jeans White,Women,Jeans,Hustle,Women,Adult,XL,White,Winter,Colombo Garments,903.82,1184.01,31,https://coolplanet.lk/images/products/P0613.jpg,Active,Normal
P0614,Hustle Jackets Teal,Men,Jackets,Hustle,Men,Adult,M,Teal,All Season,Sunrise Fashion,1725.97,2347.32,36,https://coolplanet.lk/images/products/P0614.jpg,Active,Normal
P0615,Miss Modano Girls Wear Green,Kids,Girls Wear,Miss Modano,Kids,Kids,6Y,Green,Back to School,Colombo Garments,1148.75,1677.18,46,https://coolplanet.lk/images/products/P0615.jpg,Active,Trending
P0616,Miss Modano T-Shirts Maroon,Men,T-Shirts,Miss Modano,Men,Adult,XS,Maroon,Summer,Fashion Hub PVT,3744.81,5467.42,46,https://coolplanet.lk/images/products/P0616.jpg,Active,Normal
P0617,Modano Jeans Blue,Women,Jeans,Modano,Women,Adult,XS,Blue,Winter,Colombo Garments,977.81,1447.16,48,https://coolplanet.lk/images/products/P0617.jpg,Active,Normal
P0618,Libera T-Shirts Green,Men,T-Shirts,Libera,Men,Adult,L,Green,Summer,Kandy Mills,948.92,1243.09,31,https://coolplanet.lk/images/products/P0618.jpg,Active,Normal
P0619,Emerald Shirts Olive,Men,Shirts,Emerald,Men,Adult,M,Olive,All Season,Fashion Hub PVT,1866.21,2519.38,35,https://coolplanet.lk/images/products/P0619.jpg,Active,Normal
P0620,Emerald Belts Beige,Accessories,Belts,Emerald,Unisex,Adult,M,Beige,All Season,Sunrise Fashion,728.98,984.12,35,https://coolplanet.lk/images/products/P0620.jpg,Active,Normal
P0621,Miss Modano Tops Khaki,Women,Tops,Miss Modano,Women,Adult,XS,Khaki,Festive,Blue Horizon Apparel,3906.7,5508.44,41,https://coolplanet.lk/images/products/P0621.jpg,Active,Trending
P0622,Libera Skirts Red,Women,Skirts,Libera,Women,Adult,XL,Red,Festive,Sunrise Fashion,2795.99,3690.71,32,https://coolplanet.lk/images/products/P0622.jpg,Active,Normal
P0623,Miss Modano Belts Purple,Accessories,Belts,Miss Modano,Women,Adult,S,Purple,Summer,Lanka Textiles,2750.79,3878.62,41,https://coolplanet.lk/images/products/P0623.jpg,Active,Trending
P0624,Miss Modano Jackets Pink,Men,Jackets,Miss Modano,Men,Adult,XS,Pink,Winter,Fashion Hub PVT,1804.23,2670.26,48,https://coolplanet.lk/images/products/P0624.jpg,Active,Non Moving
P0625,Miss Modano Sneakers Grey,Footwear,Sneakers,Miss Modano,Unisex,Adult,40,Grey,Back to School,Kandy Mills,3881.33,5821.99,50,https://coolplanet.lk/images/products/P0625.jpg,Active,Fast Moving
P0626,Emerald Jackets Blue,Women,Jackets,Emerald,Women,Adult,XXL,Blue,All Season,Island Wear Ltd,3474.79,4934.2,42,https://coolplanet.lk/images/products/P0626.jpg,Active,Normal
P0627,Modano T-Shirts Purple,Men,T-Shirts,Modano,Men,Adult,XS,Purple,Summer,Colombo Garments,828.97,1168.85,41,https://coolplanet.lk/images/products/P0627.jpg,Active,Slow Moving
P0628,Modano Bags Maroon,Accessories,Bags,Modano,Men,Adult,M,Maroon,Festive,Blue Horizon Apparel,2727.32,3900.07,43,https://coolplanet.lk/images/products/P0628.jpg,Active,Slow Moving
P0629,Modano Kids Shorts Olive,Kids,Kids Shorts,Modano,Kids,Kids,8Y,Olive,All Season,Colombo Garments,1359.85,1985.38,46,https://coolplanet.lk/images/products/P0629.jpg,Active,Normal
P0630,Emerald Jeans Green,Women,Jeans,Emerald,Women,Adult,XXL,Green,All Season,Sunrise Fashion,830.76,1129.84,36,https://coolplanet.lk/images/products/P0630.jpg,Active,Fast Moving
P0631,Modano Kids T-Shirts Pink,Kids,Kids T-Shirts,Modano,Kids,Kids,2Y,Pink,Summer,Blue Horizon Apparel,1700.94,2449.35,44,https://coolplanet.lk/images/products/P0631.jpg,Active,Normal
P0632,Miss Modano Shorts Olive,Men,Shorts,Miss Modano,Men,Adult,XL,Olive,All Season,Blue Horizon Apparel,3683.03,5414.05,47,https://coolplanet.lk/images/products/P0632.jpg,Active,Normal
P0633,Miss Modano Trousers Purple,Men,Trousers,Miss Modano,Men,Adult,L,Purple,Summer,Colombo Garments,697.98,1005.09,44,https://coolplanet.lk/images/products/P0633.jpg,Active,Normal
P0634,Miss Modano Jackets Olive,Women,Jackets,Miss Modano,Women,Adult,M,Olive,All Season,Fashion Hub PVT,2530.85,3770.97,49,https://coolplanet.lk/images/products/P0634.jpg,Active,Normal
P0635,King Street Kids Shorts Teal,Kids,Kids Shorts,King Street,Kids,Kids,10Y,Teal,Summer,Island Wear Ltd,1152.35,1613.29,40,https://coolplanet.lk/images/products/P0635.jpg,Active,Normal
P0636,Emerald Sandals White,Footwear,Sandals,Emerald,Kids,Kids,36,White,All Season,Kandy Mills,3581.41,5157.23,44,https://coolplanet.lk/images/products/P0636.jpg,Active,Normal
P0637,Miss Modano Caps Red,Accessories,Caps,Miss Modano,Women,Adult,M,Red,Summer,Colombo Garments,376.87,565.31,50,https://coolplanet.lk/images/products/P0637.jpg,Active,Trending
P0638,Hustle Boys Wear Red,Kids,Boys Wear,Hustle,Kids,Kids,2Y,Red,Back to School,Sunrise Fashion,396.82,515.87,30,https://coolplanet.lk/images/products/P0638.jpg,Active,Normal
P0639,Miss Modano Caps Olive,Accessories,Caps,Miss Modano,Men,Adult,M,Olive,All Season,Blue Horizon Apparel,1461.92,2134.41,46,https://coolplanet.lk/images/products/P0639.jpg,Active,Fast Moving
P0640,Miss Modano Shoes Olive,Footwear,Shoes,Miss Modano,Kids,Kids,41,Olive,All Season,Island Wear Ltd,3145.27,4434.83,41,https://coolplanet.lk/images/products/P0640.jpg,Active,Trending
P0641,Hustle Bags Beige,Accessories,Bags,Hustle,Unisex,Adult,One Size,Beige,All Season,Kandy Mills,2139.68,2995.55,40,https://coolplanet.lk/images/products/P0641.jpg,Active,Trending
P0642,Hustle Jackets Coral,Men,Jackets,Hustle,Men,Adult,XS,Coral,All Season,Lanka Textiles,2395.93,3234.5,35,https://coolplanet.lk/images/products/P0642.jpg,Active,Normal
P0643,Hustle T-Shirts Teal,Women,T-Shirts,Hustle,Women,Adult,L,Teal,All Season,Blue Horizon Apparel,1691.09,2282.97,35,https://coolplanet.lk/images/products/P0643.jpg,Active,Normal
P0644,Miss Modano Shirts Coral,Men,Shirts,Miss Modano,Men,Adult,XXL,Coral,Back to School,Island Wear Ltd,3445.61,5030.59,46,https://coolplanet.lk/images/products/P0644.jpg,Active,Slow Moving
P0645,Emerald Sandals Khaki,Footwear,Sandals,Emerald,Men,Adult,43,Khaki,All Season,Sunrise Fashion,2047.17,2825.1,38,https://coolplanet.lk/images/products/P0645.jpg,Active,Normal
P0646,Hustle Dresses Maroon,Women,Dresses,Hustle,Women,Adult,M,Maroon,Winter,Blue Horizon Apparel,1728.07,2315.61,34,https://coolplanet.lk/images/products/P0646.jpg,Active,Trending
P0647,Miss Modano Shirts Pink,Men,Shirts,Miss Modano,Men,Adult,XL,Pink,Back to School,Fashion Hub PVT,2226.05,3205.51,44,https://coolplanet.lk/images/products/P0647.jpg,Active,Trending
P0648,Emerald Jackets Teal,Men,Jackets,Emerald,Men,Adult,XS,Teal,All Season,Fashion Hub PVT,3838.49,5258.73,37,https://coolplanet.lk/images/products/P0648.jpg,Active,Normal
P0649,Modano Boys Wear Orange,Kids,Boys Wear,Modano,Kids,Kids,2Y,Orange,Back to School,Sunrise Fashion,2324.34,3323.8,43,https://coolplanet.lk/images/products/P0649.jpg,Active,Normal
P0650,King Street Boys Wear Olive,Kids,Boys Wear,King Street,Kids,Kids,4Y,Olive,All Season,Lanka Textiles,2118.86,2796.89,32,https://coolplanet.lk/images/products/P0650.jpg,Active,Slow Moving
P0651,Emerald Jackets Maroon,Women,Jackets,Emerald,Women,Adult,XS,Maroon,Winter,Lanka Textiles,1432.78,2048.88,43,https://coolplanet.lk/images/products/P0651.jpg,Active,Normal
P0652,Hustle Kids Shorts Red,Kids,Kids Shorts,Hustle,Kids,Kids,8Y,Red,All Season,Lanka Textiles,1797.49,2516.49,40,https://coolplanet.lk/images/products/P0652.jpg,Active,Normal
P0653,Emerald Jackets Pink,Women,Jackets,Emerald,Women,Adult,XL,Pink,Winter,Sunrise Fashion,4412.71,6001.28,36,https://coolplanet.lk/images/products/P0653.jpg,Active,Normal
P0654,Hustle Belts Teal,Accessories,Belts,Hustle,Women,Adult,M,Teal,Back to School,Blue Horizon Apparel,2551.21,3520.67,38,https://coolplanet.lk/images/products/P0654.jpg,Active,Normal
P0655,Emerald Jeans Pink,Women,Jeans,Emerald,Women,Adult,S,Pink,All Season,Colombo Garments,4367.38,6114.33,40,https://coolplanet.lk/images/products/P0655.jpg,Active,Normal
P0656,King Street Wallets Brown,Accessories,Wallets,King Street,Men,Adult,L,Brown,Summer,Kandy Mills,1600.66,2240.92,40,https://coolplanet.lk/images/products/P0656.jpg,Active,Slow Moving
P0657,Miss Modano Bags Brown,Accessories,Bags,Miss Modano,Men,Adult,M,Brown,Summer,Blue Horizon Apparel,2484.93,3727.39,50,https://coolplanet.lk/images/products/P0657.jpg,Active,Normal
P0658,King Street Shirts Cream,Men,Shirts,King Street,Men,Adult,S,Cream,All Season,Lanka Textiles,1426.79,1940.43,36,https://coolplanet.lk/images/products/P0658.jpg,Active,Slow Moving
P0659,Modano Jeans Charcoal,Men,Jeans,Modano,Men,Adult,M,Charcoal,Summer,Colombo Garments,3985.5,5778.98,45,https://coolplanet.lk/images/products/P0659.jpg,Active,Slow Moving
P0660,Hustle Sandals Navy,Footwear,Sandals,Hustle,Women,Adult,38,Navy,All Season,Kandy Mills,3936.61,5275.06,34,https://coolplanet.lk/images/products/P0660.jpg,Active,Normal
P0661,Emerald Belts Cream,Accessories,Belts,Emerald,Men,Adult,S,Cream,All Season,Blue Horizon Apparel,2305.48,3204.62,39,https://coolplanet.lk/images/products/P0661.jpg,Active,Slow Moving
P0662,Modano Skirts Black,Women,Skirts,Modano,Women,Adult,L,Black,Festive,Kandy Mills,4485.06,6548.19,46,https://coolplanet.lk/images/products/P0662.jpg,Active,Normal
P0663,Modano Shoes Pink,Footwear,Shoes,Modano,Kids,Kids,42,Pink,All Season,Blue Horizon Apparel,7306.61,10448.45,43,https://coolplanet.lk/images/products/P0663.jpg,Active,Trending
P0664,King Street Shoes Maroon,Footwear,Shoes,King Street,Unisex,Adult,36,Maroon,All Season,Blue Horizon Apparel,3028.14,4027.43,33,https://coolplanet.lk/images/products/P0664.jpg,Active,Normal
P0665,Miss Modano Kids Shorts Black,Kids,Kids Shorts,Miss Modano,Kids,Kids,14Y,Black,All Season,Island Wear Ltd,2392.06,3420.64,43,https://coolplanet.lk/images/products/P0665.jpg,Active,Normal
P0666,Emerald Sneakers Navy,Footwear,Sneakers,Emerald,Kids,Kids,36,Navy,All Season,Island Wear Ltd,8276.1,11255.5,36,https://coolplanet.lk/images/products/P0666.jpg,Active,Normal
P0667,Miss Modano Bags Brown,Accessories,Bags,Miss Modano,Men,Adult,L,Brown,All Season,Lanka Textiles,1517.66,2155.08,42,https://coolplanet.lk/images/products/P0667.jpg,Active,Trending
P0668,Miss Modano T-Shirts Blue,Men,T-Shirts,Miss Modano,Men,Adult,M,Blue,All Season,Lanka Textiles,1062.97,1551.94,46,https://coolplanet.lk/images/products/P0668.jpg,Active,Normal
P0669,Miss Modano T-Shirts Green,Women,T-Shirts,Miss Modano,Women,Adult,M,Green,All Season,Lanka Textiles,4356.86,6535.29,50,https://coolplanet.lk/images/products/P0669.jpg,Active,Normal
P0670,King Street Sandals Maroon,Footwear,Sandals,King Street,Kids,Kids,41,Maroon,Winter,Colombo Garments,4819.09,6505.77,35,https://coolplanet.lk/images/products/P0670.jpg,Active,Normal
P0671,Emerald Kids Shorts Beige,Kids,Kids Shorts,Emerald,Kids,Kids,4Y,Beige,Summer,Lanka Textiles,375.86,511.17,36,https://coolplanet.lk/images/products/P0671.jpg,Active,Trending
P0672,Hustle Trousers Cream,Men,Trousers,Hustle,Men,Adult,XXL,Cream,Summer,Fashion Hub PVT,2544.2,3409.23,34,https://coolplanet.lk/images/products/P0672.jpg,Active,Normal
P0673,Emerald Shirts Pink,Men,Shirts,Emerald,Men,Adult,S,Pink,Winter,Blue Horizon Apparel,4006.32,5488.66,37,https://coolplanet.lk/images/products/P0673.jpg,Active,Normal
P0674,Libera Boys Wear Maroon,Kids,Boys Wear,Libera,Kids,Kids,4Y,Maroon,Back to School,Lanka Textiles,1892.74,2498.42,32,https://coolplanet.lk/images/products/P0674.jpg,Active,Fast Moving
P0675,Libera Sandals Coral,Footwear,Sandals,Libera,Kids,Kids,37,Coral,Festive,Fashion Hub PVT,2119.1,2860.78,35,https://coolplanet.lk/images/products/P0675.jpg,Active,Normal
P0676,Libera Kids T-Shirts Yellow,Kids,Kids T-Shirts,Libera,Kids,Kids,12Y,Yellow,All Season,Sunrise Fashion,1082.49,1407.24,30,https://coolplanet.lk/images/products/P0676.jpg,Active,Normal
P0677,King Street Shoes White,Footwear,Shoes,King Street,Women,Adult,40,White,All Season,Fashion Hub PVT,1294.81,1799.78,39,https://coolplanet.lk/images/products/P0677.jpg,Active,Normal
P0678,Libera Polo Shirts Grey,Men,Polo Shirts,Libera,Men,Adult,L,Grey,All Season,Colombo Garments,4319.37,5658.37,31,https://coolplanet.lk/images/products/P0678.jpg,Active,Non Moving
P0679,Miss Modano Girls Wear Pink,Kids,Girls Wear,Miss Modano,Kids,Kids,8Y,Pink,Back to School,Blue Horizon Apparel,2177.95,3201.58,47,https://coolplanet.lk/images/products/P0679.jpg,Active,Trending
P0680,Miss Modano Sneakers Olive,Footwear,Sneakers,Miss Modano,Women,Adult,42,Olive,Summer,Island Wear Ltd,5200.73,7281.02,40,https://coolplanet.lk/images/products/P0680.jpg,Active,Fast Moving
P0681,Emerald Tops Maroon,Women,Tops,Emerald,Women,Adult,XL,Maroon,All Season,Colombo Garments,2514.03,3620.21,44,https://coolplanet.lk/images/products/P0681.jpg,Active,Normal
P0682,Miss Modano Bags Cream,Accessories,Bags,Miss Modano,Women,Adult,L,Cream,All Season,Sunrise Fashion,3373.75,4925.68,46,https://coolplanet.lk/images/products/P0682.jpg,Active,Normal
P0683,Emerald Kids T-Shirts Teal,Kids,Kids T-Shirts,Emerald,Kids,Kids,2Y,Teal,Summer,Island Wear Ltd,1406.4,1983.02,41,https://coolplanet.lk/images/products/P0683.jpg,Active,Fast Moving
P0684,Miss Modano Kids T-Shirts Brown,Kids,Kids T-Shirts,Miss Modano,Kids,Kids,14Y,Brown,Summer,Sunrise Fashion,508.92,753.2,48,https://coolplanet.lk/images/products/P0684.jpg,Active,Normal
P0685,King Street Shoes Maroon,Footwear,Shoes,King Street,Men,Adult,40,Maroon,All Season,Kandy Mills,6443.01,9020.22,40,https://coolplanet.lk/images/products/P0685.jpg,Active,Normal
P0686,Emerald Tops Blue,Women,Tops,Emerald,Women,Adult,XL,Blue,All Season,Island Wear Ltd,3480.62,4942.48,42,https://coolplanet.lk/images/products/P0686.jpg,Active,Normal
P0687,Modano T-Shirts Cream,Men,T-Shirts,Modano,Men,Adult,XXL,Cream,All Season,Kandy Mills,1754.14,2525.96,44,https://coolplanet.lk/images/products/P0687.jpg,Active,Normal
P0688,Emerald Sneakers Pink,Footwear,Sneakers,Emerald,Unisex,Adult,38,Pink,All Season,Fashion Hub PVT,1696.24,2408.66,42,https://coolplanet.lk/images/products/P0688.jpg,Active,Normal
P0689,Miss Modano Trousers Grey,Men,Trousers,Miss Modano,Men,Adult,XXL,Grey,Festive,Fashion Hub PVT,2725.3,3869.92,42,https://coolplanet.lk/images/products/P0689.jpg,Active,Slow Moving
P0690,Libera Dresses Blue,Women,Dresses,Libera,Women,Adult,XXL,Blue,Winter,Island Wear Ltd,5209.51,6772.36,30,https://coolplanet.lk/images/products/P0690.jpg,Active,Fast Moving
P0691,Hustle T-Shirts White,Women,T-Shirts,Hustle,Women,Adult,XS,White,All Season,Kandy Mills,5089.46,6870.77,35,https://coolplanet.lk/images/products/P0691.jpg,Active,Normal
P0692,Hustle Sandals Olive,Footwear,Sandals,Hustle,Men,Adult,44,Olive,Summer,Sunrise Fashion,5780.85,7804.15,35,https://coolplanet.lk/images/products/P0692.jpg,Active,Normal
P0693,Miss Modano Shirts Maroon,Men,Shirts,Miss Modano,Men,Adult,XL,Maroon,All Season,Island Wear Ltd,4061.66,5889.4,45,https://coolplanet.lk/images/products/P0693.jpg,Active,Normal
P0694,Emerald Kids T-Shirts Maroon,Kids,Kids T-Shirts,Emerald,Kids,Kids,6Y,Maroon,Summer,Island Wear Ltd,1324.75,1854.65,40,https://coolplanet.lk/images/products/P0694.jpg,Active,Trending
P0695,Emerald Caps Cream,Accessories,Caps,Emerald,Unisex,Adult,M,Cream,Winter,Island Wear Ltd,1524.81,2134.74,40,https://coolplanet.lk/images/products/P0695.jpg,Active,Normal
P0696,Emerald Sandals Charcoal,Footwear,Sandals,Emerald,Women,Adult,37,Charcoal,Winter,Colombo Garments,1893.61,2594.24,37,https://coolplanet.lk/images/products/P0696.jpg,Active,Trending
P0697,Emerald Sandals Grey,Footwear,Sandals,Emerald,Kids,Kids,36,Grey,Back to School,Lanka Textiles,3624.93,5074.9,40,https://coolplanet.lk/images/products/P0697.jpg,Active,Non Moving
P0698,Hustle Sneakers Navy,Footwear,Sneakers,Hustle,Men,Adult,37,Navy,Winter,Colombo Garments,1827.32,2503.43,37,https://coolplanet.lk/images/products/P0698.jpg,Active,Normal
P0699,King Street Shoes Green,Footwear,Shoes,King Street,Kids,Kids,44,Green,Winter,Fashion Hub PVT,1709.36,2324.73,36,https://coolplanet.lk/images/products/P0699.jpg,Active,Normal
P0700,Modano Dresses Charcoal,Women,Dresses,Modano,Women,Adult,XS,Charcoal,Festive,Fashion Hub PVT,688.86,964.41,40,https://coolplanet.lk/images/products/P0700.jpg,Active,Trending
P0701,Modano Polo Shirts Pink,Men,Polo Shirts,Modano,Men,Adult,XL,Pink,Summer,Colombo Garments,3973.66,5761.81,45,https://coolplanet.lk/images/products/P0701.jpg,Active,Normal
P0702,Libera Jackets Cream,Men,Jackets,Libera,Men,Adult,XS,Cream,Winter,Island Wear Ltd,4148.09,5558.44,34,https://coolplanet.lk/images/products/P0702.jpg,Active,Slow Moving
P0703,Modano Polo Shirts Orange,Men,Polo Shirts,Modano,Men,Adult,S,Orange,All Season,Island Wear Ltd,3588.02,5094.99,42,https://coolplanet.lk/images/products/P0703.jpg,Active,Normal
P0704,King Street Jeans Khaki,Women,Jeans,King Street,Women,Adult,M,Khaki,Back to School,Kandy Mills,2546.17,3488.25,37,https://coolplanet.lk/images/products/P0704.jpg,Active,Fast Moving
P0705,Hustle Bags Yellow,Accessories,Bags,Hustle,Women,Adult,S,Yellow,Summer,Fashion Hub PVT,1545.58,2148.35,39,https://coolplanet.lk/images/products/P0705.jpg,Active,Normal
P0706,Libera Bags Khaki,Accessories,Bags,Libera,Unisex,Adult,L,Khaki,Summer,Blue Horizon Apparel,2777.85,3500.09,26,https://coolplanet.lk/images/products/P0706.jpg,Active,Normal
P0707,Libera T-Shirts Brown,Women,T-Shirts,Libera,Women,Adult,XL,Brown,Summer,Island Wear Ltd,3814.82,5111.86,34,https://coolplanet.lk/images/products/P0707.jpg,Active,Normal
P0708,Modano Kids Shorts Purple,Kids,Kids Shorts,Modano,Kids,Kids,6Y,Purple,Summer,Lanka Textiles,359.87,514.61,43,https://coolplanet.lk/images/products/P0708.jpg,Active,Non Moving
P0709,Miss Modano Caps Navy,Accessories,Caps,Miss Modano,Men,Adult,M,Navy,Summer,Colombo Garments,2660.77,3858.12,45,https://coolplanet.lk/images/products/P0709.jpg,Active,Fast Moving
P0710,Modano Kids T-Shirts Pink,Kids,Kids T-Shirts,Modano,Kids,Kids,10Y,Pink,Summer,Kandy Mills,1791.38,2669.16,49,https://coolplanet.lk/images/products/P0710.jpg,Active,Non Moving
P0711,Hustle Dresses Cream,Women,Dresses,Hustle,Women,Adult,XXL,Cream,All Season,Colombo Garments,2164.56,2835.58,31,https://coolplanet.lk/images/products/P0711.jpg,Active,Normal
P0712,Hustle Girls Wear Pink,Kids,Girls Wear,Hustle,Kids,Kids,14Y,Pink,All Season,Blue Horizon Apparel,1995.79,2614.49,31,https://coolplanet.lk/images/products/P0712.jpg,Active,Normal
P0713,Emerald Girls Wear Cream,Kids,Girls Wear,Emerald,Kids,Kids,12Y,Cream,Back to School,Fashion Hub PVT,2090.25,2968.16,42,https://coolplanet.lk/images/products/P0713.jpg,Active,Fast Moving
P0714,Hustle T-Shirts Navy,Men,T-Shirts,Hustle,Men,Adult,XL,Navy,All Season,Blue Horizon Apparel,3194.58,4152.96,30,https://coolplanet.lk/images/products/P0714.jpg,Active,Normal
P0715,Modano Kids Shorts Olive,Kids,Kids Shorts,Modano,Kids,Kids,8Y,Olive,Summer,Colombo Garments,564.98,847.47,50,https://coolplanet.lk/images/products/P0715.jpg,Active,Normal
P0716,Miss Modano Bags Beige,Accessories,Bags,Miss Modano,Unisex,Adult,One Size,Beige,Winter,Lanka Textiles,3200.76,4737.13,48,https://coolplanet.lk/images/products/P0716.jpg,Active,Normal
P0717,Miss Modano Shoes Orange,Footwear,Shoes,Miss Modano,Men,Adult,36,Orange,Summer,Lanka Textiles,1716.4,2471.62,44,https://coolplanet.lk/images/products/P0717.jpg,Active,Normal
P0718,Miss Modano Girls Wear Coral,Kids,Girls Wear,Miss Modano,Kids,Kids,6Y,Coral,Back to School,Kandy Mills,712.2,1068.3,50,https://coolplanet.lk/images/products/P0718.jpg,Active,Normal
P0719,Miss Modano Boys Wear Maroon,Kids,Boys Wear,Miss Modano,Kids,Kids,6Y,Maroon,Back to School,Kandy Mills,2170.67,3190.89,47,https://coolplanet.lk/images/products/P0719.jpg,Active,Non Moving
P0720,Modano Shoes Khaki,Footwear,Shoes,Modano,Women,Adult,43,Khaki,Winter,Sunrise Fashion,1923.98,2809.01,46,https://coolplanet.lk/images/products/P0720.jpg,Active,Slow Moving
P0721,Libera Kids Shorts Grey,Kids,Kids Shorts,Libera,Kids,Kids,6Y,Grey,Summer,Island Wear Ltd,2632.85,3370.05,28,https://coolplanet.lk/images/products/P0721.jpg,Active,Normal
P0722,Miss Modano Bags Pink,Accessories,Bags,Miss Modano,Unisex,Adult,One Size,Pink,Winter,Blue Horizon Apparel,493.11,700.21,42,https://coolplanet.lk/images/products/P0722.jpg,Active,Normal
P0723,King Street Belts Khaki,Accessories,Belts,King Street,Women,Adult,One Size,Khaki,Winter,Fashion Hub PVT,2153.65,2799.74,30,https://coolplanet.lk/images/products/P0723.jpg,Active,Slow Moving
P0724,King Street Sneakers Navy,Footwear,Sneakers,King Street,Unisex,Adult,45,Navy,All Season,Island Wear Ltd,5771.02,7560.04,31,https://coolplanet.lk/images/products/P0724.jpg,Active,Normal
P0725,Hustle Jeans Khaki,Women,Jeans,Hustle,Women,Adult,M,Khaki,All Season,Blue Horizon Apparel,5053.42,6872.65,36,https://coolplanet.lk/images/products/P0725.jpg,Active,Trending
P0726,Libera Dresses Pink,Women,Dresses,Libera,Women,Adult,XXL,Pink,All Season,Lanka Textiles,3599.37,4571.2,27,https://coolplanet.lk/images/products/P0726.jpg,Active,Trending
P0727,Hustle Dresses Green,Women,Dresses,Hustle,Women,Adult,M,Green,All Season,Fashion Hub PVT,5024.2,6631.94,32,https://coolplanet.lk/images/products/P0727.jpg,Active,Fast Moving
P0728,Modano Girls Wear Khaki,Kids,Girls Wear,Modano,Kids,Kids,8Y,Khaki,All Season,Lanka Textiles,857.49,1234.79,44,https://coolplanet.lk/images/products/P0728.jpg,Active,Normal
P0729,Hustle Kids Shorts Black,Kids,Kids Shorts,Hustle,Kids,Kids,10Y,Black,Summer,Blue Horizon Apparel,861.91,1163.58,35,https://coolplanet.lk/images/products/P0729.jpg,Active,Normal
P0730,Emerald Kids Shorts Khaki,Kids,Kids Shorts,Emerald,Kids,Kids,4Y,Khaki,All Season,Colombo Garments,1482.4,2075.36,40,https://coolplanet.lk/images/products/P0730.jpg,Active,Normal
P0731,Emerald Skirts White,Women,Skirts,Emerald,Women,Adult,L,White,Back to School,Sunrise Fashion,3201.81,4610.6,44,https://coolplanet.lk/images/products/P0731.jpg,Active,Normal
P0732,Hustle Wallets Charcoal,Accessories,Wallets,Hustle,Women,Adult,L,Charcoal,Back to School,Colombo Garments,3109.09,4259.46,37,https://coolplanet.lk/images/products/P0732.jpg,Active,Normal
P0733,Emerald Shorts Pink,Men,Shorts,Emerald,Men,Adult,XXL,Pink,Summer,Sunrise Fashion,3897.07,5533.84,42,https://coolplanet.lk/images/products/P0733.jpg,Active,Normal
P0734,Modano Skirts Yellow,Women,Skirts,Modano,Women,Adult,XXL,Yellow,Summer,Lanka Textiles,1509.63,2249.35,49,https://coolplanet.lk/images/products/P0734.jpg,Active,Slow Moving
P0735,Modano Boys Wear Black,Kids,Boys Wear,Modano,Kids,Kids,2Y,Black,All Season,Island Wear Ltd,1679.32,2485.39,48,https://coolplanet.lk/images/products/P0735.jpg,Active,Normal
P0736,Miss Modano Kids Shorts Navy,Kids,Kids Shorts,Miss Modano,Kids,Kids,14Y,Navy,All Season,Lanka Textiles,1667.09,2483.96,49,https://coolplanet.lk/images/products/P0736.jpg,Active,Normal
P0737,Emerald Kids Shorts Black,Kids,Kids Shorts,Emerald,Kids,Kids,6Y,Black,Summer,Colombo Garments,1243.49,1778.19,43,https://coolplanet.lk/images/products/P0737.jpg,Active,Normal
P0738,Emerald Sneakers Beige,Footwear,Sneakers,Emerald,Kids,Kids,45,Beige,Winter,Colombo Garments,7093.49,9930.88,40,https://coolplanet.lk/images/products/P0738.jpg,Active,Trending
P0739,Emerald T-Shirts Charcoal,Women,T-Shirts,Emerald,Women,Adult,S,Charcoal,All Season,Lanka Textiles,999.26,1398.96,40,https://coolplanet.lk/images/products/P0739.jpg,Active,Normal
P0740,Emerald Girls Wear Coral,Kids,Girls Wear,Emerald,Kids,Kids,2Y,Coral,All Season,Blue Horizon Apparel,836.69,1204.84,44,https://coolplanet.lk/images/products/P0740.jpg,Active,Normal
P0741,Libera Sandals Black,Footwear,Sandals,Libera,Women,Adult,44,Black,Winter,Island Wear Ltd,6478.3,8551.35,32,https://coolplanet.lk/images/products/P0741.jpg,Active,Fast Moving
P0742,Miss Modano Sneakers Yellow,Footwear,Sneakers,Miss Modano,Men,Adult,42,Yellow,All Season,Island Wear Ltd,6018.22,8545.87,42,https://coolplanet.lk/images/products/P0742.jpg,Active,Normal
P0743,Hustle Shorts White,Men,Shorts,Hustle,Men,Adult,L,White,All Season,Island Wear Ltd,1956.83,2602.58,33,https://coolplanet.lk/images/products/P0743.jpg,Active,Trending
P0744,Libera Boys Wear Maroon,Kids,Boys Wear,Libera,Kids,Kids,4Y,Maroon,All Season,Lanka Textiles,727.91,909.89,25,https://coolplanet.lk/images/products/P0744.jpg,Active,Fast Moving
P0745,King Street Trousers Coral,Men,Trousers,King Street,Men,Adult,M,Coral,Festive,Island Wear Ltd,1589.05,2208.78,39,https://coolplanet.lk/images/products/P0745.jpg,Active,Trending
P0746,Modano Polo Shirts Navy,Men,Polo Shirts,Modano,Men,Adult,XL,Navy,Summer,Island Wear Ltd,940.78,1345.32,43,https://coolplanet.lk/images/products/P0746.jpg,Active,Normal
P0747,King Street Shirts Yellow,Men,Shirts,King Street,Men,Adult,XXL,Yellow,All Season,Kandy Mills,1165.61,1526.95,31,https://coolplanet.lk/images/products/P0747.jpg,Active,Normal
P0748,Miss Modano Boys Wear White,Kids,Boys Wear,Miss Modano,Kids,Kids,6Y,White,Back to School,Blue Horizon Apparel,1111.64,1645.22,48,https://coolplanet.lk/images/products/P0748.jpg,Active,Normal
P0749,Miss Modano Boys Wear Purple,Kids,Boys Wear,Miss Modano,Kids,Kids,8Y,Purple,All Season,Sunrise Fashion,1037.72,1452.81,40,https://coolplanet.lk/images/products/P0749.jpg,Active,Normal
P0750,Emerald Tops Red,Women,Tops,Emerald,Women,Adult,XXL,Red,All Season,Colombo Garments,3995.3,5673.32,42,https://coolplanet.lk/images/products/P0750.jpg,Active,Normal
P0751,Modano Kids T-Shirts Olive,Kids,Kids T-Shirts,Modano,Kids,Kids,8Y,Olive,Summer,Kandy Mills,795.7,1153.77,45,https://coolplanet.lk/images/products/P0751.jpg,Active,Fast Moving
P0752,King Street Kids T-Shirts Coral,Kids,Kids T-Shirts,King Street,Kids,Kids,14Y,Coral,Summer,Lanka Textiles,639.53,856.97,34,https://coolplanet.lk/images/products/P0752.jpg,Active,Normal
P0753,Miss Modano Belts Grey,Accessories,Belts,Miss Modano,Men,Adult,One Size,Grey,Summer,Colombo Garments,840.28,1218.41,45,https://coolplanet.lk/images/products/P0753.jpg,Active,Normal
P0754,Miss Modano T-Shirts Cream,Men,T-Shirts,Miss Modano,Men,Adult,M,Cream,All Season,Island Wear Ltd,2913.37,4311.79,48,https://coolplanet.lk/images/products/P0754.jpg,Active,Slow Moving
P0755,Libera Bags Grey,Accessories,Bags,Libera,Women,Adult,S,Grey,Winter,Colombo Garments,1917.48,2492.72,30,https://coolplanet.lk/images/products/P0755.jpg,Active,Trending
P0756,Emerald Caps Purple,Accessories,Caps,Emerald,Unisex,Adult,S,Purple,Festive,Fashion Hub PVT,240.3,331.61,38,https://coolplanet.lk/images/products/P0756.jpg,Active,Fast Moving
P0757,Modano Polo Shirts Beige,Men,Polo Shirts,Modano,Men,Adult,M,Beige,All Season,Colombo Garments,677.77,969.21,43,https://coolplanet.lk/images/products/P0757.jpg,Active,Slow Moving
P0758,Hustle Tops Teal,Women,Tops,Hustle,Women,Adult,S,Teal,All Season,Fashion Hub PVT,4323.85,6010.15,39,https://coolplanet.lk/images/products/P0758.jpg,Active,Fast Moving
P0759,Hustle Dresses Beige,Women,Dresses,Hustle,Women,Adult,S,Beige,All Season,Colombo Garments,2191.23,3045.81,39,https://coolplanet.lk/images/products/P0759.jpg,Active,Normal
P0760,Emerald Wallets Navy,Accessories,Wallets,Emerald,Unisex,Adult,S,Navy,Festive,Island Wear Ltd,857.79,1200.9,40,https://coolplanet.lk/images/products/P0760.jpg,Active,Normal
P0761,Modano Jackets White,Women,Jackets,Modano,Women,Adult,XL,White,Winter,Lanka Textiles,4082.51,6082.94,49,https://coolplanet.lk/images/products/P0761.jpg,Active,Normal
P0762,King Street Jackets Green,Men,Jackets,King Street,Men,Adult,XL,Green,All Season,Fashion Hub PVT,1498.23,1992.65,33,https://coolplanet.lk/images/products/P0762.jpg,Active,Normal
P0763,Hustle Girls Wear Khaki,Kids,Girls Wear,Hustle,Kids,Kids,10Y,Khaki,Back to School,Sunrise Fashion,717.97,954.9,33,https://coolplanet.lk/images/products/P0763.jpg,Active,Non Moving
P0764,Hustle Sandals Coral,Footwear,Sandals,Hustle,Kids,Kids,45,Coral,Winter,Colombo Garments,2624.24,3437.76,31,https://coolplanet.lk/images/products/P0764.jpg,Active,Normal
P0765,Emerald Trousers Coral,Men,Trousers,Emerald,Men,Adult,M,Coral,All Season,Kandy Mills,929.8,1283.13,38,https://coolplanet.lk/images/products/P0765.jpg,Active,Fast Moving
P0766,Miss Modano Skirts Cream,Women,Skirts,Miss Modano,Women,Adult,M,Cream,Summer,Island Wear Ltd,2585.51,3645.57,41,https://coolplanet.lk/images/products/P0766.jpg,Active,Non Moving
P0767,Hustle Dresses Cream,Women,Dresses,Hustle,Women,Adult,XXL,Cream,All Season,Lanka Textiles,4869.69,6379.3,31,https://coolplanet.lk/images/products/P0767.jpg,Active,Normal
P0768,Emerald Kids T-Shirts Red,Kids,Kids T-Shirts,Emerald,Kids,Kids,6Y,Red,Summer,Lanka Textiles,1463.41,2092.68,43,https://coolplanet.lk/images/products/P0768.jpg,Active,Trending
P0769,Modano Jackets Beige,Women,Jackets,Modano,Women,Adult,S,Beige,All Season,Lanka Textiles,530.82,753.76,42,https://coolplanet.lk/images/products/P0769.jpg,Active,Slow Moving
P0770,Miss Modano Wallets Black,Accessories,Wallets,Miss Modano,Unisex,Adult,S,Black,Festive,Sunrise Fashion,957.78,1369.62,43,https://coolplanet.lk/images/products/P0770.jpg,Active,Normal
P0771,King Street Kids Shorts Yellow,Kids,Kids Shorts,King Street,Kids,Kids,6Y,Yellow,Summer,Sunrise Fashion,1271.51,1729.26,36,https://coolplanet.lk/images/products/P0771.jpg,Active,Normal
P0772,Miss Modano Shoes Green,Footwear,Shoes,Miss Modano,Kids,Kids,38,Green,All Season,Island Wear Ltd,6153.21,9168.29,49,https://coolplanet.lk/images/products/P0772.jpg,Active,Normal
P0773,Modano Jeans Purple,Women,Jeans,Modano,Women,Adult,XXL,Purple,Summer,Fashion Hub PVT,1861.01,2754.3,48,https://coolplanet.lk/images/products/P0773.jpg,Active,Normal
P0774,Emerald Polo Shirts Purple,Men,Polo Shirts,Emerald,Men,Adult,L,Purple,All Season,Island Wear Ltd,2099.77,3002.67,43,https://coolplanet.lk/images/products/P0774.jpg,Active,Trending
P0775,Emerald T-Shirts Blue,Women,T-Shirts,Emerald,Women,Adult,XL,Blue,Summer,Sunrise Fashion,639.7,901.97,41,https://coolplanet.lk/images/products/P0775.jpg,Active,Normal
P0776,Hustle Trousers Beige,Men,Trousers,Hustle,Men,Adult,XXL,Beige,Summer,Lanka Textiles,2569.38,3391.58,32,https://coolplanet.lk/images/products/P0776.jpg,Active,Normal
P0777,Libera Wallets Blue,Accessories,Wallets,Libera,Women,Adult,S,Blue,Summer,Fashion Hub PVT,1990.45,2547.78,28,https://coolplanet.lk/images/products/P0777.jpg,Active,Non Moving
P0778,Miss Modano Jackets Pink,Men,Jackets,Miss Modano,Men,Adult,XXL,Pink,All Season,Blue Horizon Apparel,1217.89,1705.05,40,https://coolplanet.lk/images/products/P0778.jpg,Active,Normal
P0779,Emerald Kids Shorts Beige,Kids,Kids Shorts,Emerald,Kids,Kids,4Y,Beige,All Season,Island Wear Ltd,427.36,598.31,40,https://coolplanet.lk/images/products/P0779.jpg,Active,Normal
P0780,Miss Modano Skirts Cream,Women,Skirts,Miss Modano,Women,Adult,XS,Cream,Winter,Island Wear Ltd,1733.68,2513.84,45,https://coolplanet.lk/images/products/P0780.jpg,Active,Slow Moving
P0781,Hustle Sandals Maroon,Footwear,Sandals,Hustle,Women,Adult,45,Maroon,Winter,Sunrise Fashion,4518.04,6144.54,36,https://coolplanet.lk/images/products/P0781.jpg,Active,Trending
P0782,Hustle Dresses Blue,Women,Dresses,Hustle,Women,Adult,XXL,Blue,Summer,Fashion Hub PVT,3525.14,4899.94,39,https://coolplanet.lk/images/products/P0782.jpg,Active,Normal
P0783,Emerald Trousers Teal,Men,Trousers,Emerald,Men,Adult,M,Teal,All Season,Kandy Mills,1021.74,1399.78,37,https://coolplanet.lk/images/products/P0783.jpg,Active,Normal
P0784,Emerald T-Shirts Cream,Men,T-Shirts,Emerald,Men,Adult,XXL,Cream,All Season,Sunrise Fashion,2123.28,2972.59,40,https://coolplanet.lk/images/products/P0784.jpg,Active,Non Moving
P0785,Hustle Polo Shirts Green,Men,Polo Shirts,Hustle,Men,Adult,XXL,Green,Summer,Fashion Hub PVT,2540.54,3429.73,35,https://coolplanet.lk/images/products/P0785.jpg,Active,Normal
P0786,King Street Belts Brown,Accessories,Belts,King Street,Women,Adult,S,Brown,Festive,Colombo Garments,2406.76,3152.85,31,https://coolplanet.lk/images/products/P0786.jpg,Active,Slow Moving
P0787,Emerald Dresses Brown,Women,Dresses,Emerald,Women,Adult,M,Brown,All Season,Sunrise Fashion,3852.44,5200.8,35,https://coolplanet.lk/images/products/P0787.jpg,Active,Normal
P0788,Modano Shorts Purple,Men,Shorts,Modano,Men,Adult,L,Purple,Summer,Fashion Hub PVT,2844.44,4209.77,48,https://coolplanet.lk/images/products/P0788.jpg,Active,Normal
P0789,Emerald Caps Beige,Accessories,Caps,Emerald,Men,Adult,L,Beige,All Season,Kandy Mills,259.46,368.43,42,https://coolplanet.lk/images/products/P0789.jpg,Active,Trending
P0790,Emerald Shirts Blue,Men,Shirts,Emerald,Men,Adult,XL,Blue,All Season,Blue Horizon Apparel,1930.95,2664.71,38,https://coolplanet.lk/images/products/P0790.jpg,Active,Normal
P0791,Hustle Wallets Red,Accessories,Wallets,Hustle,Women,Adult,One Size,Red,All Season,Island Wear Ltd,845.47,1116.02,32,https://coolplanet.lk/images/products/P0791.jpg,Active,Normal
P0792,Modano T-Shirts Brown,Men,T-Shirts,Modano,Men,Adult,M,Brown,Summer,Colombo Garments,839.57,1183.79,41,https://coolplanet.lk/images/products/P0792.jpg,Active,Normal
P0793,Libera Boys Wear Brown,Kids,Boys Wear,Libera,Kids,Kids,10Y,Brown,Back to School,Sunrise Fashion,2588.26,3442.39,33,https://coolplanet.lk/images/products/P0793.jpg,Active,Non Moving
P0794,Modano Shoes Blue,Footwear,Shoes,Modano,Kids,Kids,41,Blue,Back to School,Fashion Hub PVT,5597.87,8396.8,50,https://coolplanet.lk/images/products/P0794.jpg,Active,Slow Moving
P0795,Miss Modano Kids Shorts Khaki,Kids,Kids Shorts,Miss Modano,Kids,Kids,2Y,Khaki,Summer,Kandy Mills,321.21,465.76,45,https://coolplanet.lk/images/products/P0795.jpg,Active,Normal
P0796,Emerald Shoes White,Footwear,Shoes,Emerald,Men,Adult,43,White,All Season,Colombo Garments,1998.62,2838.04,42,https://coolplanet.lk/images/products/P0796.jpg,Active,Normal
P0797,Hustle Sandals Green,Footwear,Sandals,Hustle,Kids,Kids,36,Green,Summer,Sunrise Fashion,8774.43,11757.73,34,https://coolplanet.lk/images/products/P0797.jpg,Active,Normal
P0798,Hustle Shorts Yellow,Men,Shorts,Hustle,Men,Adult,XL,Yellow,Summer,Sunrise Fashion,4420.59,5967.8,35,https://coolplanet.lk/images/products/P0798.jpg,Active,Normal
P0799,Miss Modano Shoes Blue,Footwear,Shoes,Miss Modano,Kids,Kids,36,Blue,All Season,Colombo Garments,4552.27,6509.74,43,https://coolplanet.lk/images/products/P0799.jpg,Active,Fast Moving
P0800,Miss Modano Belts Blue,Accessories,Belts,Miss Modano,Men,Adult,S,Blue,All Season,Sunrise Fashion,473.31,667.37,41,https://coolplanet.lk/images/products/P0800.jpg,Active,Normal
P0801,Hustle Trousers Charcoal,Men,Trousers,Hustle,Men,Adult,M,Charcoal,Summer,Colombo Garments,4748.9,6316.04,33,https://coolplanet.lk/images/products/P0801.jpg,Active,Slow Moving
P0802,Emerald Polo Shirts Purple,Men,Polo Shirts,Emerald,Men,Adult,L,Purple,Summer,Island Wear Ltd,3074.5,4273.55,39,https://coolplanet.lk/images/products/P0802.jpg,Active,Normal
P0803,Modano Shoes Navy,Footwear,Shoes,Modano,Kids,Kids,40,Navy,Summer,Sunrise Fashion,1925.83,2850.23,48,https://coolplanet.lk/images/products/P0803.jpg,Active,Trending
P0804,Modano T-Shirts Teal,Women,T-Shirts,Modano,Women,Adult,XS,Teal,All Season,Island Wear Ltd,1047.61,1560.94,49,https://coolplanet.lk/images/products/P0804.jpg,Active,Trending
P0805,Hustle Jackets Olive,Men,Jackets,Hustle,Men,Adult,L,Olive,All Season,Lanka Textiles,4833.44,6331.81,31,https://coolplanet.lk/images/products/P0805.jpg,Active,Non Moving
P0806,Libera Bags White,Accessories,Bags,Libera,Women,Adult,One Size,White,All Season,Colombo Garments,2241.18,2958.36,32,https://coolplanet.lk/images/products/P0806.jpg,Active,Normal
P0807,Modano Sneakers Khaki,Footwear,Sneakers,Modano,Kids,Kids,41,Khaki,Winter,Island Wear Ltd,5675.72,8229.79,45,https://coolplanet.lk/images/products/P0807.jpg,Active,Normal
P0808,Modano Jackets Black,Men,Jackets,Modano,Men,Adult,XXL,Black,Winter,Island Wear Ltd,1547.01,2289.58,48,https://coolplanet.lk/images/products/P0808.jpg,Active,Normal
P0809,Emerald Skirts Black,Women,Skirts,Emerald,Women,Adult,XS,Black,Winter,Island Wear Ltd,4762.03,6476.36,36,https://coolplanet.lk/images/products/P0809.jpg,Active,Normal
P0810,King Street T-Shirts Blue,Men,T-Shirts,King Street,Men,Adult,M,Blue,All Season,Blue Horizon Apparel,2706.44,3653.69,35,https://coolplanet.lk/images/products/P0810.jpg,Active,Normal
P0811,Modano Jeans Red,Women,Jeans,Modano,Women,Adult,M,Red,Festive,Colombo Garments,1640.29,2394.83,46,https://coolplanet.lk/images/products/P0811.jpg,Active,Normal
P0812,Emerald Tops Black,Women,Tops,Emerald,Women,Adult,XXL,Black,Summer,Lanka Textiles,2445.67,3326.11,36,https://coolplanet.lk/images/products/P0812.jpg,Active,Normal
P0813,Miss Modano Jackets Beige,Women,Jackets,Miss Modano,Women,Adult,XL,Beige,Winter,Kandy Mills,2407.59,3539.16,47,https://coolplanet.lk/images/products/P0813.jpg,Active,Trending
P0814,Miss Modano Shoes Maroon,Footwear,Shoes,Miss Modano,Kids,Kids,45,Maroon,All Season,Fashion Hub PVT,5645.79,8073.48,43,https://coolplanet.lk/images/products/P0814.jpg,Active,Slow Moving
P0815,Hustle T-Shirts Coral,Women,T-Shirts,Hustle,Women,Adult,L,Coral,Summer,Lanka Textiles,550.64,759.89,38,https://coolplanet.lk/images/products/P0815.jpg,Active,Normal
P0816,Miss Modano Boys Wear Beige,Kids,Boys Wear,Miss Modano,Kids,Kids,2Y,Beige,Back to School,Kandy Mills,1586.89,2269.25,43,https://coolplanet.lk/images/products/P0816.jpg,Active,Slow Moving
P0817,Hustle Sneakers Yellow,Footwear,Sneakers,Hustle,Unisex,Adult,41,Yellow,Back to School,Lanka Textiles,7369.08,10021.95,36,https://coolplanet.lk/images/products/P0817.jpg,Active,Normal
P0818,Emerald Polo Shirts Red,Men,Polo Shirts,Emerald,Men,Adult,XXL,Red,Summer,Colombo Garments,3916.83,5561.9,42,https://coolplanet.lk/images/products/P0818.jpg,Active,Fast Moving
P0819,Modano Girls Wear Cream,Kids,Girls Wear,Modano,Kids,Kids,12Y,Cream,Back to School,Sunrise Fashion,1376.71,1996.23,45,https://coolplanet.lk/images/products/P0819.jpg,Active,Trending
P0820,King Street Caps Orange,Accessories,Caps,King Street,Men,Adult,M,Orange,Winter,Island Wear Ltd,1020.24,1397.73,37,https://coolplanet.lk/images/products/P0820.jpg,Active,Normal
P0821,Modano Trousers Red,Men,Trousers,Modano,Men,Adult,M,Red,Winter,Kandy Mills,3421.18,4858.07,42,https://coolplanet.lk/images/products/P0821.jpg,Active,Normal
P0822,Miss Modano Sneakers Green,Footwear,Sneakers,Miss Modano,Men,Adult,37,Green,All Season,Blue Horizon Apparel,5881.3,8469.07,44,https://coolplanet.lk/images/products/P0822.jpg,Active,Normal
P0823,Hustle Bags Teal,Accessories,Bags,Hustle,Women,Adult,S,Teal,All Season,Sunrise Fashion,3433.18,4737.79,38,https://coolplanet.lk/images/products/P0823.jpg,Active,Fast Moving
P0824,Modano Shoes Purple,Footwear,Shoes,Modano,Kids,Kids,39,Purple,Winter,Sunrise Fashion,5747.99,8392.07,46,https://coolplanet.lk/images/products/P0824.jpg,Active,Trending
P0825,King Street Kids Shorts Yellow,Kids,Kids Shorts,King Street,Kids,Kids,10Y,Yellow,Summer,Island Wear Ltd,1762.03,2396.36,36,https://coolplanet.lk/images/products/P0825.jpg,Active,Normal
P0826,Hustle Sneakers Grey,Footwear,Sneakers,Hustle,Unisex,Adult,37,Grey,All Season,Lanka Textiles,1806.71,2402.93,33,https://coolplanet.lk/images/products/P0826.jpg,Active,Normal
P0827,King Street Shoes Green,Footwear,Shoes,King Street,Kids,Kids,42,Green,Summer,Fashion Hub PVT,895.68,1218.13,36,https://coolplanet.lk/images/products/P0827.jpg,Active,Normal
P0828,King Street Jeans Orange,Women,Jeans,King Street,Women,Adult,S,Orange,Summer,Colombo Garments,3427.63,4490.19,31,https://coolplanet.lk/images/products/P0828.jpg,Active,Trending
P0829,King Street Sandals Pink,Footwear,Sandals,King Street,Women,Adult,43,Pink,Winter,Lanka Textiles,2008.77,2792.19,39,https://coolplanet.lk/images/products/P0829.jpg,Active,Trending
P0830,Hustle Sneakers Charcoal,Footwear,Sneakers,Hustle,Men,Adult,44,Charcoal,Back to School,Kandy Mills,1822.6,2533.41,39,https://coolplanet.lk/images/products/P0830.jpg,Active,Normal
P0831,Emerald Sandals Purple,Footwear,Sandals,Emerald,Kids,Kids,41,Purple,All Season,Kandy Mills,6479.04,8941.08,38,https://coolplanet.lk/images/products/P0831.jpg,Active,Normal
P0832,Modano Shoes Olive,Footwear,Shoes,Modano,Women,Adult,40,Olive,Back to School,Kandy Mills,5737.86,8319.9,45,https://coolplanet.lk/images/products/P0832.jpg,Active,Trending
P0833,Modano Jeans Orange,Women,Jeans,Modano,Women,Adult,L,Orange,All Season,Lanka Textiles,3590.85,5278.55,47,https://coolplanet.lk/images/products/P0833.jpg,Active,Normal
P0834,Hustle Sandals Green,Footwear,Sandals,Hustle,Men,Adult,45,Green,Festive,Sunrise Fashion,1283.83,1784.53,39,https://coolplanet.lk/images/products/P0834.jpg,Active,Slow Moving
P0835,King Street Kids Shorts Pink,Kids,Kids Shorts,King Street,Kids,Kids,4Y,Pink,Summer,Colombo Garments,2143.34,2893.51,35,https://coolplanet.lk/images/products/P0835.jpg,Active,Normal
P0836,Hustle Sneakers Green,Footwear,Sneakers,Hustle,Men,Adult,42,Green,Winter,Fashion Hub PVT,2154.86,3016.81,40,https://coolplanet.lk/images/products/P0836.jpg,Active,Fast Moving
P0837,Modano Shirts Khaki,Men,Shirts,Modano,Men,Adult,XL,Khaki,Summer,Sunrise Fashion,1151.64,1646.84,43,https://coolplanet.lk/images/products/P0837.jpg,Active,Normal
P0838,Libera Jeans Charcoal,Women,Jeans,Libera,Women,Adult,XXL,Charcoal,Winter,Kandy Mills,4265.53,5587.85,31,https://coolplanet.lk/images/products/P0838.jpg,Active,Normal
P0839,Modano Jackets Brown,Women,Jackets,Modano,Women,Adult,L,Brown,All Season,Fashion Hub PVT,525.92,773.1,47,https://coolplanet.lk/images/products/P0839.jpg,Active,Fast Moving
P0840,Miss Modano Sneakers Black,Footwear,Sneakers,Miss Modano,Women,Adult,45,Black,Summer,Fashion Hub PVT,6208.74,8692.24,40,https://coolplanet.lk/images/products/P0840.jpg,Active,Normal
P0841,Emerald Kids Shorts Coral,Kids,Kids Shorts,Emerald,Kids,Kids,6Y,Coral,Summer,Kandy Mills,1893.25,2612.68,38,https://coolplanet.lk/images/products/P0841.jpg,Active,Normal
P0842,Miss Modano Shoes Navy,Footwear,Shoes,Miss Modano,Kids,Kids,45,Navy,Summer,Sunrise Fashion,6740.5,10043.34,49,https://coolplanet.lk/images/products/P0842.jpg,Active,Trending
P0843,Modano Bags Charcoal,Accessories,Bags,Modano,Men,Adult,One Size,Charcoal,Summer,Fashion Hub PVT,2821.12,4062.41,44,https://coolplanet.lk/images/products/P0843.jpg,Active,Fast Moving
P0844,Emerald Boys Wear White,Kids,Boys Wear,Emerald,Kids,Kids,2Y,White,Back to School,Blue Horizon Apparel,1114.62,1527.03,37,https://coolplanet.lk/images/products/P0844.jpg,Active,Trending
P0845,Libera Girls Wear White,Kids,Girls Wear,Libera,Kids,Kids,10Y,White,Back to School,Island Wear Ltd,1939.2,2443.39,26,https://coolplanet.lk/images/products/P0845.jpg,Active,Trending
P0846,Modano T-Shirts Red,Women,T-Shirts,Modano,Women,Adult,XS,Red,Summer,Colombo Garments,660.58,931.42,41,https://coolplanet.lk/images/products/P0846.jpg,Active,Slow Moving
P0847,Hustle Belts Orange,Accessories,Belts,Hustle,Unisex,Adult,L,Orange,All Season,Island Wear Ltd,1077.95,1498.35,39,https://coolplanet.lk/images/products/P0847.jpg,Active,Normal
P0848,Miss Modano T-Shirts Green,Women,T-Shirts,Miss Modano,Women,Adult,XS,Green,All Season,Sunrise Fashion,4840.81,6970.76,44,https://coolplanet.lk/images/products/P0848.jpg,Active,Normal
P0849,Hustle Girls Wear Green,Kids,Girls Wear,Hustle,Kids,Kids,14Y,Green,Back to School,Blue Horizon Apparel,1141.1,1574.72,38,https://coolplanet.lk/images/products/P0849.jpg,Active,Trending
P0850,Modano Kids Shorts Yellow,Kids,Kids Shorts,Modano,Kids,Kids,6Y,Yellow,All Season,Colombo Garments,1952.79,2812.02,44,https://coolplanet.lk/images/products/P0850.jpg,Active,Normal
P0851,Libera Trousers Purple,Men,Trousers,Libera,Men,Adult,XS,Purple,All Season,Lanka Textiles,3898.8,4951.47,27,https://coolplanet.lk/images/products/P0851.jpg,Active,Normal
P0852,Hustle Polo Shirts Teal,Men,Polo Shirts,Hustle,Men,Adult,XS,Teal,Festive,Kandy Mills,1294.35,1773.26,37,https://coolplanet.lk/images/products/P0852.jpg,Active,Non Moving
P0853,Miss Modano Sneakers Olive,Footwear,Sneakers,Miss Modano,Unisex,Adult,40,Olive,All Season,Colombo Garments,4652.77,6746.51,45,https://coolplanet.lk/images/products/P0853.jpg,Active,Normal
P0854,Modano Kids T-Shirts Orange,Kids,Kids T-Shirts,Modano,Kids,Kids,4Y,Orange,All Season,Colombo Garments,1786.92,2591.04,45,https://coolplanet.lk/images/products/P0854.jpg,Active,Normal
P0855,Miss Modano T-Shirts Maroon,Women,T-Shirts,Miss Modano,Women,Adult,XXL,Maroon,Summer,Kandy Mills,1760.19,2622.68,49,https://coolplanet.lk/images/products/P0855.jpg,Active,Fast Moving
P0856,Modano Shoes Navy,Footwear,Shoes,Modano,Men,Adult,37,Navy,All Season,Sunrise Fashion,1263.92,1820.04,44,https://coolplanet.lk/images/products/P0856.jpg,Active,Slow Moving
P0857,Miss Modano Shoes Olive,Footwear,Shoes,Miss Modano,Unisex,Adult,44,Olive,Winter,Blue Horizon Apparel,3795.3,5579.09,47,https://coolplanet.lk/images/products/P0857.jpg,Active,Trending
P0858,Libera Trousers Grey,Men,Trousers,Libera,Men,Adult,XXL,Grey,Back to School,Blue Horizon Apparel,4130.2,5493.17,33,https://coolplanet.lk/images/products/P0858.jpg,Active,Normal
P0859,Emerald Tops Blue,Women,Tops,Emerald,Women,Adult,S,Blue,Summer,Island Wear Ltd,4621.14,6700.65,45,https://coolplanet.lk/images/products/P0859.jpg,Active,Normal
P0860,King Street Caps Grey,Accessories,Caps,King Street,Unisex,Adult,One Size,Grey,All Season,Lanka Textiles,1947.49,2570.69,32,https://coolplanet.lk/images/products/P0860.jpg,Active,Trending
P0861,King Street Girls Wear Khaki,Kids,Girls Wear,King Street,Kids,Kids,2Y,Khaki,Back to School,Kandy Mills,2363.23,3166.73,34,https://coolplanet.lk/images/products/P0861.jpg,Active,Normal
P0862,Emerald Kids T-Shirts Orange,Kids,Kids T-Shirts,Emerald,Kids,Kids,6Y,Orange,Summer,Fashion Hub PVT,1151.34,1646.41,43,https://coolplanet.lk/images/products/P0862.jpg,Active,Trending
P0863,Emerald Jeans Maroon,Men,Jeans,Emerald,Men,Adult,L,Maroon,All Season,Lanka Textiles,3757.86,5185.85,38,https://coolplanet.lk/images/products/P0863.jpg,Active,Trending
P0864,King Street Jeans Teal,Women,Jeans,King Street,Women,Adult,XS,Teal,Back to School,Island Wear Ltd,3635.01,4834.56,33,https://coolplanet.lk/images/products/P0864.jpg,Active,Trending
P0865,Emerald T-Shirts Red,Women,T-Shirts,Emerald,Women,Adult,XS,Red,Summer,Sunrise Fashion,2243.41,3185.64,42,https://coolplanet.lk/images/products/P0865.jpg,Active,Slow Moving
P0866,Miss Modano Kids Shorts Red,Kids,Kids Shorts,Miss Modano,Kids,Kids,10Y,Red,All Season,Sunrise Fashion,2042.16,2879.44,41,https://coolplanet.lk/images/products/P0866.jpg,Active,Trending
P0867,Libera Sandals Red,Footwear,Sandals,Libera,Unisex,Adult,36,Red,All Season,Fashion Hub PVT,3753.05,4916.5,31,https://coolplanet.lk/images/products/P0867.jpg,Active,Normal
P0868,Miss Modano Sandals Maroon,Footwear,Sandals,Miss Modano,Unisex,Adult,40,Maroon,Summer,Colombo Garments,6320.62,9417.72,49,https://coolplanet.lk/images/products/P0868.jpg,Active,Normal
P0869,Libera Polo Shirts Brown,Men,Polo Shirts,Libera,Men,Adult,S,Brown,Winter,Island Wear Ltd,2497.08,3246.21,30,https://coolplanet.lk/images/products/P0869.jpg,Active,Normal
P0870,Libera Sneakers Beige,Footwear,Sneakers,Libera,Women,Adult,45,Beige,Winter,Fashion Hub PVT,2244.99,2806.24,25,https://coolplanet.lk/images/products/P0870.jpg,Active,Trending
P0871,Modano Belts Black,Accessories,Belts,Modano,Women,Adult,One Size,Black,Festive,Blue Horizon Apparel,1391.77,2087.66,50,https://coolplanet.lk/images/products/P0871.jpg,Active,Slow Moving
P0872,Emerald Polo Shirts Olive,Men,Polo Shirts,Emerald,Men,Adult,L,Olive,Winter,Lanka Textiles,1747.9,2534.45,45,https://coolplanet.lk/images/products/P0872.jpg,Active,Non Moving
P0873,Emerald Shoes White,Footwear,Shoes,Emerald,Kids,Kids,36,White,All Season,Colombo Garments,6555.57,9243.35,41,https://coolplanet.lk/images/products/P0873.jpg,Active,Slow Moving
P0874,Libera Kids Shorts Brown,Kids,Kids Shorts,Libera,Kids,Kids,6Y,Brown,All Season,Fashion Hub PVT,1017.81,1343.51,32,https://coolplanet.lk/images/products/P0874.jpg,Active,Normal
P0875,Modano Shoes Orange,Footwear,Shoes,Modano,Kids,Kids,41,Orange,Winter,Blue Horizon Apparel,5250.17,7560.24,44,https://coolplanet.lk/images/products/P0875.jpg,Active,Non Moving
P0876,Emerald Trousers Red,Men,Trousers,Emerald,Men,Adult,XXL,Red,Winter,Sunrise Fashion,718.0,1033.92,44,https://coolplanet.lk/images/products/P0876.jpg,Active,Normal
P0877,Modano Dresses Teal,Women,Dresses,Modano,Women,Adult,M,Teal,Winter,Colombo Garments,4717.52,6934.76,47,https://coolplanet.lk/images/products/P0877.jpg,Active,Normal
P0878,Libera Trousers Teal,Men,Trousers,Libera,Men,Adult,M,Teal,Summer,Island Wear Ltd,3849.42,4888.76,27,https://coolplanet.lk/images/products/P0878.jpg,Active,Fast Moving
P0879,Hustle Bags Charcoal,Accessories,Bags,Hustle,Men,Adult,S,Charcoal,All Season,Fashion Hub PVT,3686.36,4792.27,30,https://coolplanet.lk/images/products/P0879.jpg,Active,Normal
P0880,Miss Modano Sandals Blue,Footwear,Sandals,Miss Modano,Unisex,Adult,44,Blue,All Season,Island Wear Ltd,6542.33,9617.22,47,https://coolplanet.lk/images/products/P0880.jpg,Active,Normal
P0881,Modano Jeans Coral,Men,Jeans,Modano,Men,Adult,XL,Coral,Summer,Blue Horizon Apparel,3288.57,4834.2,47,https://coolplanet.lk/images/products/P0881.jpg,Active,Slow Moving
P0882,Hustle T-Shirts Blue,Women,T-Shirts,Hustle,Women,Adult,XL,Blue,Summer,Sunrise Fashion,1839.57,2538.61,38,https://coolplanet.lk/images/products/P0882.jpg,Active,Trending
P0883,Libera Caps Grey,Accessories,Caps,Libera,Men,Adult,S,Grey,Summer,Lanka Textiles,235.83,306.58,30,https://coolplanet.lk/images/products/P0883.jpg,Active,Normal
P0884,Hustle Jackets Green,Women,Jackets,Hustle,Women,Adult,XL,Green,All Season,Fashion Hub PVT,2048.66,2745.2,34,https://coolplanet.lk/images/products/P0884.jpg,Active,Normal
P0885,Hustle Jackets Blue,Women,Jackets,Hustle,Women,Adult,XS,Blue,Winter,Sunrise Fashion,3979.08,5252.39,32,https://coolplanet.lk/images/products/P0885.jpg,Active,Non Moving
P0886,Hustle Belts Grey,Accessories,Belts,Hustle,Women,Adult,S,Grey,Summer,Kandy Mills,3103.29,4096.34,32,https://coolplanet.lk/images/products/P0886.jpg,Active,Non Moving
P0887,Libera Sandals Green,Footwear,Sandals,Libera,Kids,Kids,37,Green,Summer,Kandy Mills,4667.73,6161.41,32,https://coolplanet.lk/images/products/P0887.jpg,Active,Normal
P0888,Hustle Girls Wear Black,Kids,Girls Wear,Hustle,Kids,Kids,4Y,Black,Back to School,Colombo Garments,1860.91,2530.84,36,https://coolplanet.lk/images/products/P0888.jpg,Active,Fast Moving
P0889,Modano Jackets Red,Women,Jackets,Modano,Women,Adult,S,Red,Winter,Island Wear Ltd,3169.54,4500.75,42,https://coolplanet.lk/images/products/P0889.jpg,Active,Non Moving
P0890,Hustle Jackets Green,Men,Jackets,Hustle,Men,Adult,XS,Green,All Season,Sunrise Fashion,1177.39,1613.02,37,https://coolplanet.lk/images/products/P0890.jpg,Active,Normal
P0891,Modano Jackets Teal,Men,Jackets,Modano,Men,Adult,M,Teal,Winter,Island Wear Ltd,1302.15,1953.23,50,https://coolplanet.lk/images/products/P0891.jpg,Active,Normal
P0892,Emerald Sandals Olive,Footwear,Sandals,Emerald,Kids,Kids,36,Olive,Summer,Blue Horizon Apparel,2899.67,4088.53,41,https://coolplanet.lk/images/products/P0892.jpg,Active,Trending
P0893,King Street Polo Shirts Khaki,Men,Polo Shirts,King Street,Men,Adult,L,Khaki,All Season,Fashion Hub PVT,4544.96,5999.35,32,https://coolplanet.lk/images/products/P0893.jpg,Active,Trending
P0894,Modano T-Shirts Purple,Women,T-Shirts,Modano,Women,Adult,XXL,Purple,Summer,Fashion Hub PVT,2619.63,3798.47,45,https://coolplanet.lk/images/products/P0894.jpg,Active,Trending
P0895,Hustle Dresses Red,Women,Dresses,Hustle,Women,Adult,XS,Red,Festive,Colombo Garments,3290.8,4508.39,37,https://coolplanet.lk/images/products/P0895.jpg,Active,Normal
P0896,Modano Trousers Pink,Men,Trousers,Modano,Men,Adult,M,Pink,All Season,Island Wear Ltd,947.18,1392.36,47,https://coolplanet.lk/images/products/P0896.jpg,Active,Normal
P0897,King Street Sneakers Black,Footwear,Sneakers,King Street,Men,Adult,38,Black,Festive,Colombo Garments,2140.89,2783.16,30,https://coolplanet.lk/images/products/P0897.jpg,Active,Non Moving
P0898,Miss Modano Sandals Red,Footwear,Sandals,Miss Modano,Men,Adult,40,Red,All Season,Colombo Garments,3233.78,4688.98,45,https://coolplanet.lk/images/products/P0898.jpg,Active,Trending
P0899,Modano Jeans Maroon,Women,Jeans,Modano,Women,Adult,XXL,Maroon,All Season,Sunrise Fashion,3967.92,5753.49,45,https://coolplanet.lk/images/products/P0899.jpg,Active,Normal
P0900,Emerald Kids Shorts Purple,Kids,Kids Shorts,Emerald,Kids,Kids,12Y,Purple,All Season,Kandy Mills,1442.22,2033.53,41,https://coolplanet.lk/images/products/P0900.jpg,Active,Normal
P0901,Emerald Shoes Black,Footwear,Shoes,Emerald,Kids,Kids,36,Black,All Season,Colombo Garments,4387.78,6318.4,44,https://coolplanet.lk/images/products/P0901.jpg,Active,Normal
P0902,Emerald Tops Cream,Women,Tops,Emerald,Women,Adult,XL,Cream,Back to School,Colombo Garments,4543.39,6451.61,42,https://coolplanet.lk/images/products/P0902.jpg,Active,Trending
P0903,Modano Shoes Purple,Footwear,Shoes,Modano,Women,Adult,42,Purple,All Season,Sunrise Fashion,6051.82,8775.14,45,https://coolplanet.lk/images/products/P0903.jpg,Active,Normal
P0904,Hustle Girls Wear Green,Kids,Girls Wear,Hustle,Kids,Kids,2Y,Green,All Season,Blue Horizon Apparel,480.38,638.9,33,https://coolplanet.lk/images/products/P0904.jpg,Active,Normal
P0905,Modano Sandals Khaki,Footwear,Sandals,Modano,Women,Adult,40,Khaki,Summer,Island Wear Ltd,6252.51,9003.62,44,https://coolplanet.lk/images/products/P0905.jpg,Active,Normal
P0906,Modano Tops White,Women,Tops,Modano,Women,Adult,S,White,Summer,Kandy Mills,529.98,768.47,45,https://coolplanet.lk/images/products/P0906.jpg,Active,Normal
P0907,Miss Modano Jackets Coral,Women,Jackets,Miss Modano,Women,Adult,XXL,Coral,Winter,Colombo Garments,2389.45,3369.12,41,https://coolplanet.lk/images/products/P0907.jpg,Active,Slow Moving
P0908,Modano Tops Purple,Women,Tops,Modano,Women,Adult,S,Purple,All Season,Blue Horizon Apparel,4113.13,5881.78,43,https://coolplanet.lk/images/products/P0908.jpg,Active,Normal
P0909,King Street Sandals Purple,Footwear,Sandals,King Street,Kids,Kids,38,Purple,All Season,Island Wear Ltd,3776.78,5211.96,38,https://coolplanet.lk/images/products/P0909.jpg,Active,Trending
P0910,Hustle Jeans Black,Men,Jeans,Hustle,Men,Adult,S,Black,Summer,Blue Horizon Apparel,862.0,1172.32,36,https://coolplanet.lk/images/products/P0910.jpg,Active,Fast Moving
P0911,Hustle T-Shirts Grey,Men,T-Shirts,Hustle,Men,Adult,XL,Grey,Summer,Kandy Mills,3063.6,4013.31,31,https://coolplanet.lk/images/products/P0911.jpg,Active,Normal
P0912,Modano Polo Shirts Orange,Men,Polo Shirts,Modano,Men,Adult,L,Orange,Summer,Island Wear Ltd,1812.93,2592.49,43,https://coolplanet.lk/images/products/P0912.jpg,Active,Normal
P0913,King Street Shoes Maroon,Footwear,Shoes,King Street,Kids,Kids,44,Maroon,All Season,Colombo Garments,7241.56,9920.94,37,https://coolplanet.lk/images/products/P0913.jpg,Active,Fast Moving
P0914,Emerald Boys Wear Blue,Kids,Boys Wear,Emerald,Kids,Kids,8Y,Blue,All Season,Fashion Hub PVT,2261.96,3144.13,39,https://coolplanet.lk/images/products/P0914.jpg,Active,Normal
P0915,Libera Shorts Blue,Men,Shorts,Libera,Men,Adult,XL,Blue,All Season,Colombo Garments,2557.74,3350.64,31,https://coolplanet.lk/images/products/P0915.jpg,Active,Slow Moving
P0916,Hustle Sandals Purple,Footwear,Sandals,Hustle,Men,Adult,45,Purple,Winter,Blue Horizon Apparel,8553.01,11546.57,35,https://coolplanet.lk/images/products/P0916.jpg,Active,Normal
P0917,King Street Shoes Teal,Footwear,Shoes,King Street,Kids,Kids,37,Teal,Summer,Colombo Garments,4397.06,6111.92,39,https://coolplanet.lk/images/products/P0917.jpg,Active,Normal
P0918,Emerald T-Shirts Navy,Women,T-Shirts,Emerald,Women,Adult,XXL,Navy,All Season,Island Wear Ltd,1684.82,2325.05,38,https://coolplanet.lk/images/products/P0918.jpg,Active,Normal
P0919,Miss Modano Tops Coral,Women,Tops,Miss Modano,Women,Adult,M,Coral,Festive,Kandy Mills,2165.05,3225.92,49,https://coolplanet.lk/images/products/P0919.jpg,Active,Normal
P0920,Emerald Skirts Orange,Women,Skirts,Emerald,Women,Adult,L,Orange,Summer,Sunrise Fashion,1719.57,2355.81,37,https://coolplanet.lk/images/products/P0920.jpg,Active,Fast Moving
P0921,Emerald Jackets Teal,Men,Jackets,Emerald,Men,Adult,XS,Teal,All Season,Blue Horizon Apparel,2132.01,2942.18,38,https://coolplanet.lk/images/products/P0921.jpg,Active,Non Moving
P0922,Miss Modano Jeans Orange,Women,Jeans,Miss Modano,Women,Adult,XXL,Orange,Summer,Fashion Hub PVT,3983.15,5855.23,47,https://coolplanet.lk/images/products/P0922.jpg,Active,Fast Moving
P0923,Hustle Wallets Beige,Accessories,Wallets,Hustle,Women,Adult,One Size,Beige,All Season,Island Wear Ltd,3718.85,4983.26,34,https://coolplanet.lk/images/products/P0923.jpg,Active,Trending
P0924,Emerald Trousers Teal,Men,Trousers,Emerald,Men,Adult,L,Teal,All Season,Blue Horizon Apparel,1410.34,2016.78,43,https://coolplanet.lk/images/products/P0924.jpg,Active,Fast Moving
P0925,Emerald T-Shirts Olive,Women,T-Shirts,Emerald,Women,Adult,S,Olive,Summer,Sunrise Fashion,4752.95,6701.66,41,https://coolplanet.lk/images/products/P0925.jpg,Active,Normal
P0926,Hustle T-Shirts Brown,Men,T-Shirts,Hustle,Men,Adult,M,Brown,All Season,Blue Horizon Apparel,4401.79,5766.35,31,https://coolplanet.lk/images/products/P0926.jpg,Active,Trending
P0927,Hustle Shirts Maroon,Men,Shirts,Hustle,Men,Adult,M,Maroon,All Season,Island Wear Ltd,2130.44,2790.87,31,https://coolplanet.lk/images/products/P0927.jpg,Active,Normal
P0928,Libera Sneakers Orange,Footwear,Sneakers,Libera,Unisex,Adult,45,Orange,All Season,Kandy Mills,1037.51,1307.26,26,https://coolplanet.lk/images/products/P0928.jpg,Active,Normal
P0929,Modano Sneakers Yellow,Footwear,Sneakers,Modano,Women,Adult,41,Yellow,All Season,Colombo Garments,7453.57,10882.21,46,https://coolplanet.lk/images/products/P0929.jpg,Active,Normal
P0930,Miss Modano Sneakers Brown,Footwear,Sneakers,Miss Modano,Unisex,Adult,36,Brown,Back to School,Kandy Mills,7591.93,11387.9,50,https://coolplanet.lk/images/products/P0930.jpg,Active,Trending
P0931,Modano Bags Beige,Accessories,Bags,Modano,Men,Adult,S,Beige,Summer,Colombo Garments,2047.58,2866.61,40,https://coolplanet.lk/images/products/P0931.jpg,Active,Normal
P0932,King Street T-Shirts Orange,Men,T-Shirts,King Street,Men,Adult,XS,Orange,All Season,Blue Horizon Apparel,4378.47,5910.93,35,https://coolplanet.lk/images/products/P0932.jpg,Active,Normal
P0933,Hustle Kids Shorts Maroon,Kids,Kids Shorts,Hustle,Kids,Kids,14Y,Maroon,All Season,Kandy Mills,1508.83,2021.83,34,https://coolplanet.lk/images/products/P0933.jpg,Active,Slow Moving
P0934,Miss Modano T-Shirts Teal,Women,T-Shirts,Miss Modano,Women,Adult,XL,Teal,All Season,Kandy Mills,2155.45,3103.85,44,https://coolplanet.lk/images/products/P0934.jpg,Active,Normal
P0935,Emerald Boys Wear Red,Kids,Boys Wear,Emerald,Kids,Kids,2Y,Red,Back to School,Sunrise Fashion,526.56,721.39,37,https://coolplanet.lk/images/products/P0935.jpg,Active,Normal
P0936,King Street Trousers Pink,Men,Trousers,King Street,Men,Adult,S,Pink,All Season,Island Wear Ltd,2530.89,3391.39,34,https://coolplanet.lk/images/products/P0936.jpg,Active,Trending
P0937,Libera Caps Maroon,Accessories,Caps,Libera,Women,Adult,L,Maroon,All Season,Colombo Garments,1648.66,2060.83,25,https://coolplanet.lk/images/products/P0937.jpg,Active,Normal
P0938,Emerald Kids T-Shirts Grey,Kids,Kids T-Shirts,Emerald,Kids,Kids,8Y,Grey,Summer,Colombo Garments,315.59,448.14,42,https://coolplanet.lk/images/products/P0938.jpg,Active,Normal
P0939,Libera Kids T-Shirts Blue,Kids,Kids T-Shirts,Libera,Kids,Kids,8Y,Blue,Summer,Island Wear Ltd,1620.45,2122.79,31,https://coolplanet.lk/images/products/P0939.jpg,Active,Trending
P0940,Libera Sneakers Green,Footwear,Sneakers,Libera,Unisex,Adult,42,Green,Back to School,Lanka Textiles,2330.42,3076.15,32,https://coolplanet.lk/images/products/P0940.jpg,Active,Normal
P0941,Emerald Jackets Khaki,Men,Jackets,Emerald,Men,Adult,XL,Khaki,All Season,Sunrise Fashion,4061.8,5605.28,38,https://coolplanet.lk/images/products/P0941.jpg,Active,Normal
P0942,Emerald Polo Shirts Navy,Men,Polo Shirts,Emerald,Men,Adult,L,Navy,All Season,Colombo Garments,3733.22,5189.18,39,https://coolplanet.lk/images/products/P0942.jpg,Active,Fast Moving
P0943,Emerald Bags Purple,Accessories,Bags,Emerald,Unisex,Adult,S,Purple,Back to School,Kandy Mills,2311.25,3281.98,42,https://coolplanet.lk/images/products/P0943.jpg,Active,Non Moving
P0944,King Street Caps Teal,Accessories,Caps,King Street,Men,Adult,L,Teal,Festive,Lanka Textiles,2555.27,3398.51,33,https://coolplanet.lk/images/products/P0944.jpg,Active,Fast Moving
P0945,Miss Modano Jeans Red,Men,Jeans,Miss Modano,Men,Adult,XL,Red,All Season,Lanka Textiles,1086.8,1608.46,48,https://coolplanet.lk/images/products/P0945.jpg,Active,Normal
P0946,Emerald Kids T-Shirts Purple,Kids,Kids T-Shirts,Emerald,Kids,Kids,14Y,Purple,Summer,Island Wear Ltd,1193.34,1682.61,41,https://coolplanet.lk/images/products/P0946.jpg,Active,Normal
P0947,King Street Sandals Cream,Footwear,Sandals,King Street,Kids,Kids,38,Cream,All Season,Sunrise Fashion,8178.57,10959.29,34,https://coolplanet.lk/images/products/P0947.jpg,Active,Normal
P0948,Libera Polo Shirts Olive,Men,Polo Shirts,Libera,Men,Adult,XL,Olive,Summer,Sunrise Fashion,1362.25,1702.81,25,https://coolplanet.lk/images/products/P0948.jpg,Active,Slow Moving
P0949,King Street Boys Wear Beige,Kids,Boys Wear,King Street,Kids,Kids,2Y,Beige,All Season,Colombo Garments,378.03,491.44,30,https://coolplanet.lk/images/products/P0949.jpg,Active,Trending
P0950,Emerald Caps Olive,Accessories,Caps,Emerald,Women,Adult,One Size,Olive,All Season,Lanka Textiles,2065.74,2892.04,40,https://coolplanet.lk/images/products/P0950.jpg,Active,Normal
P0951,Emerald Jeans Brown,Women,Jeans,Emerald,Women,Adult,XXL,Brown,Festive,Island Wear Ltd,3701.84,5219.6,41,https://coolplanet.lk/images/products/P0951.jpg,Active,Trending
P0952,Miss Modano Girls Wear Olive,Kids,Girls Wear,Miss Modano,Kids,Kids,8Y,Olive,Back to School,Lanka Textiles,1509.14,2248.62,49,https://coolplanet.lk/images/products/P0952.jpg,Active,Normal
P0953,Hustle Kids Shorts Coral,Kids,Kids Shorts,Hustle,Kids,Kids,12Y,Coral,Summer,Fashion Hub PVT,1318.49,1793.15,36,https://coolplanet.lk/images/products/P0953.jpg,Active,Normal
P0954,Emerald Skirts Purple,Women,Skirts,Emerald,Women,Adult,S,Purple,Festive,Colombo Garments,2449.74,3405.14,39,https://coolplanet.lk/images/products/P0954.jpg,Active,Non Moving
P0955,Emerald Kids T-Shirts Yellow,Kids,Kids T-Shirts,Emerald,Kids,Kids,6Y,Yellow,Summer,Colombo Garments,1900.07,2622.09,38,https://coolplanet.lk/images/products/P0955.jpg,Active,Normal
P0956,Modano Bags Pink,Accessories,Bags,Modano,Women,Adult,S,Pink,All Season,Blue Horizon Apparel,1108.16,1606.83,45,https://coolplanet.lk/images/products/P0956.jpg,Active,Normal
P0957,Hustle Sneakers Maroon,Footwear,Sneakers,Hustle,Unisex,Adult,41,Maroon,All Season,Island Wear Ltd,1305.51,1736.33,33,https://coolplanet.lk/images/products/P0957.jpg,Active,Normal
P0958,Modano Dresses Blue,Women,Dresses,Modano,Women,Adult,XL,Blue,All Season,Lanka Textiles,2966.72,4331.41,46,https://coolplanet.lk/images/products/P0958.jpg,Active,Fast Moving
P0959,Emerald Boys Wear Pink,Kids,Boys Wear,Emerald,Kids,Kids,8Y,Pink,All Season,Blue Horizon Apparel,2221.73,3177.07,43,https://coolplanet.lk/images/products/P0959.jpg,Active,Fast Moving
P0960,Hustle Shirts Pink,Men,Shirts,Hustle,Men,Adult,M,Pink,Summer,Lanka Textiles,2920.42,3971.77,36,https://coolplanet.lk/images/products/P0960.jpg,Active,Normal
P0961,King Street Jeans Red,Women,Jeans,King Street,Women,Adult,XL,Red,All Season,Kandy Mills,1563.92,2111.29,35,https://coolplanet.lk/images/products/P0961.jpg,Active,Fast Moving
P0962,Emerald Jackets Grey,Women,Jackets,Emerald,Women,Adult,S,Grey,All Season,Blue Horizon Apparel,4113.89,5841.73,42,https://coolplanet.lk/images/products/P0962.jpg,Active,Normal
P0963,Emerald Caps Red,Accessories,Caps,Emerald,Men,Adult,M,Red,All Season,Blue Horizon Apparel,1274.38,1847.85,45,https://coolplanet.lk/images/products/P0963.jpg,Active,Normal
P0964,Hustle Shoes Green,Footwear,Shoes,Hustle,Unisex,Adult,38,Green,Festive,Island Wear Ltd,7761.31,10788.22,39,https://coolplanet.lk/images/products/P0964.jpg,Active,Normal
P0965,Libera Girls Wear Olive,Kids,Girls Wear,Libera,Kids,Kids,6Y,Olive,Back to School,Lanka Textiles,859.43,1100.07,28,https://coolplanet.lk/images/products/P0965.jpg,Active,Normal
P0966,Emerald Tops Navy,Women,Tops,Emerald,Women,Adult,L,Navy,All Season,Colombo Garments,575.52,782.71,36,https://coolplanet.lk/images/products/P0966.jpg,Active,Normal
P0967,Modano Kids T-Shirts Coral,Kids,Kids T-Shirts,Modano,Kids,Kids,10Y,Coral,All Season,Lanka Textiles,1901.73,2757.51,45,https://coolplanet.lk/images/products/P0967.jpg,Active,Normal
P0968,Libera Shoes Grey,Footwear,Shoes,Libera,Women,Adult,42,Grey,Back to School,Blue Horizon Apparel,8391.17,10572.87,26,https://coolplanet.lk/images/products/P0968.jpg,Active,Trending
P0969,Libera Trousers Pink,Men,Trousers,Libera,Men,Adult,XL,Pink,Winter,Fashion Hub PVT,1232.74,1639.55,33,https://coolplanet.lk/images/products/P0969.jpg,Active,Normal
P0970,Miss Modano Belts Black,Accessories,Belts,Miss Modano,Women,Adult,L,Black,All Season,Blue Horizon Apparel,586.39,856.13,46,https://coolplanet.lk/images/products/P0970.jpg,Active,Fast Moving
P0971,Hustle Jeans Khaki,Men,Jeans,Hustle,Men,Adult,L,Khaki,All Season,Sunrise Fashion,969.66,1357.53,40,https://coolplanet.lk/images/products/P0971.jpg,Active,Non Moving
P0972,Miss Modano T-Shirts Blue,Men,T-Shirts,Miss Modano,Men,Adult,XL,Blue,All Season,Fashion Hub PVT,2682.95,3756.13,40,https://coolplanet.lk/images/products/P0972.jpg,Active,Normal
P0973,King Street Belts White,Accessories,Belts,King Street,Men,Adult,M,White,All Season,Lanka Textiles,2029.72,2801.02,38,https://coolplanet.lk/images/products/P0973.jpg,Active,Trending
P0974,Modano Sandals Grey,Footwear,Sandals,Modano,Unisex,Adult,40,Grey,Summer,Colombo Garments,2145.85,3047.11,42,https://coolplanet.lk/images/products/P0974.jpg,Active,Slow Moving
P0975,Miss Modano Boys Wear Blue,Kids,Boys Wear,Miss Modano,Kids,Kids,12Y,Blue,Back to School,Kandy Mills,1818.36,2691.18,48,https://coolplanet.lk/images/products/P0975.jpg,Active,Normal
P0976,Hustle Dresses Blue,Women,Dresses,Hustle,Women,Adult,L,Blue,All Season,Island Wear Ltd,565.38,780.23,38,https://coolplanet.lk/images/products/P0976.jpg,Active,Normal
P0977,Miss Modano Bags Black,Accessories,Bags,Miss Modano,Men,Adult,L,Black,Summer,Colombo Garments,1827.49,2595.04,42,https://coolplanet.lk/images/products/P0977.jpg,Active,Normal
P0978,Miss Modano Shorts Grey,Men,Shorts,Miss Modano,Men,Adult,S,Grey,Summer,Fashion Hub PVT,3727.83,5218.96,40,https://coolplanet.lk/images/products/P0978.jpg,Active,Slow Moving
P0979,Hustle Jackets Teal,Women,Jackets,Hustle,Women,Adult,L,Teal,All Season,Fashion Hub PVT,2235.09,2995.02,34,https://coolplanet.lk/images/products/P0979.jpg,Active,Normal
P0980,Hustle Skirts Red,Women,Skirts,Hustle,Women,Adult,XL,Red,Winter,Island Wear Ltd,634.03,830.58,31,https://coolplanet.lk/images/products/P0980.jpg,Active,Normal
P0981,Miss Modano Trousers Grey,Men,Trousers,Miss Modano,Men,Adult,XXL,Grey,Back to School,Sunrise Fashion,1937.88,2848.69,47,https://coolplanet.lk/images/products/P0981.jpg,Active,Fast Moving
P0982,King Street Dresses Teal,Women,Dresses,King Street,Women,Adult,L,Teal,Back to School,Colombo Garments,4606.95,6219.38,35,https://coolplanet.lk/images/products/P0982.jpg,Active,Slow Moving
P0983,Libera Wallets Maroon,Accessories,Wallets,Libera,Unisex,Adult,M,Maroon,All Season,Blue Horizon Apparel,368.04,493.17,34,https://coolplanet.lk/images/products/P0983.jpg,Active,Normal
P0984,Libera Jackets Coral,Men,Jackets,Libera,Men,Adult,M,Coral,All Season,Fashion Hub PVT,1124.48,1428.09,27,https://coolplanet.lk/images/products/P0984.jpg,Active,Normal
P0985,Miss Modano Tops Charcoal,Women,Tops,Miss Modano,Women,Adult,S,Charcoal,All Season,Kandy Mills,1784.43,2516.04,41,https://coolplanet.lk/images/products/P0985.jpg,Active,Slow Moving
P0986,Miss Modano Jackets White,Men,Jackets,Miss Modano,Men,Adult,XS,White,All Season,Kandy Mills,1923.19,2807.86,46,https://coolplanet.lk/images/products/P0986.jpg,Active,Fast Moving
P0987,Modano T-Shirts Navy,Women,T-Shirts,Modano,Women,Adult,S,Navy,Summer,Fashion Hub PVT,2392.95,3421.92,43,https://coolplanet.lk/images/products/P0987.jpg,Active,Slow Moving
P0988,Miss Modano Belts Purple,Accessories,Belts,Miss Modano,Unisex,Adult,One Size,Purple,Festive,Blue Horizon Apparel,3211.74,4624.91,44,https://coolplanet.lk/images/products/P0988.jpg,Active,Slow Moving
P0989,Hustle Sandals Beige,Footwear,Sandals,Hustle,Women,Adult,42,Beige,Summer,Fashion Hub PVT,3297.39,4451.47,35,https://coolplanet.lk/images/products/P0989.jpg,Active,Slow Moving
P0990,Emerald Tops Maroon,Women,Tops,Emerald,Women,Adult,XL,Maroon,Summer,Sunrise Fashion,1869.61,2673.54,43,https://coolplanet.lk/images/products/P0990.jpg,Active,Normal
P0991,Emerald Jeans Cream,Women,Jeans,Emerald,Women,Adult,XL,Cream,All Season,Fashion Hub PVT,3950.46,5530.65,40,https://coolplanet.lk/images/products/P0991.jpg,Active,Normal
P0992,Modano Tops Green,Women,Tops,Modano,Women,Adult,XL,Green,Festive,Kandy Mills,715.37,1037.28,45,https://coolplanet.lk/images/products/P0992.jpg,Active,Non Moving
P0993,Emerald Jackets White,Men,Jackets,Emerald,Men,Adult,M,White,Winter,Fashion Hub PVT,1943.06,2700.86,39,https://coolplanet.lk/images/products/P0993.jpg,Active,Normal
P0994,Modano Shoes Coral,Footwear,Shoes,Modano,Men,Adult,36,Coral,Winter,Blue Horizon Apparel,4805.43,6775.65,41,https://coolplanet.lk/images/products/P0994.jpg,Active,Normal
P0995,Modano Shorts Pink,Men,Shorts,Modano,Men,Adult,XXL,Pink,Summer,Blue Horizon Apparel,3851.44,5392.02,40,https://coolplanet.lk/images/products/P0995.jpg,Active,Normal
P0996,Emerald Jeans Khaki,Men,Jeans,Emerald,Men,Adult,S,Khaki,All Season,Blue Horizon Apparel,667.05,940.54,41,https://coolplanet.lk/images/products/P0996.jpg,Active,Normal
P0997,King Street Trousers Blue,Men,Trousers,King Street,Men,Adult,XL,Blue,All Season,Island Wear Ltd,3088.29,4292.73,39,https://coolplanet.lk/images/products/P0997.jpg,Active,Normal
P0998,Emerald Jackets Blue,Women,Jackets,Emerald,Women,Adult,XXL,Blue,Winter,Sunrise Fashion,1233.26,1775.89,44,https://coolplanet.lk/images/products/P0998.jpg,Active,Normal
P0999,Miss Modano Kids T-Shirts Coral,Kids,Kids T-Shirts,Miss Modano,Kids,Kids,12Y,Coral,All Season,Sunrise Fashion,1097.07,1612.69,47,https://coolplanet.lk/images/products/P0999.jpg,Active,Normal
P1000,Miss Modano Shoes Pink,Footwear,Shoes,Miss Modano,Men,Adult,45,Pink,All Season,Fashion Hub PVT,5081.5,7469.81,47,https://coolplanet.lk/images/products/P1000.jpg,Active,Normal
