date,city,temperature,humidity,rainfall,weather_condition
2021-01-01,Nugegoda,29.2,73,0.0,Sunny
2021-01-01,Maharagama,26.8,75,1.4,Drizzle
2021-01-01,Kandy,27.9,77,0.0,Sunny
2021-01-01,Kirulapane,27.6,71,0.0,Sunny
2021-01-01,Wattala,28.9,64,0.0,Sunny
2021-01-01,Colombo,29.7,66,0.0,Sunny
2021-01-01,Pelawatte,27.1,66,4.9,Drizzle
2021-01-01,Malabe,27.6,76,0.0,Sunny
2021-01-02,Nugegoda,27.7,74,7.5,Drizzle
2021-01-02,Maharagama,27.6,78,0.0,Sunny
2021-01-02,Kandy,24.6,83,0.0,Sunny
2021-01-02,Kirulapane,27.7,73,19.2,Rainy
2021-01-02,Wattala,29.7,67,0.0,Sunny
2021-01-02,Colombo,32.7,79,1.6,Drizzle
2021-01-02,Pelawatte,29.6,74,0.7,Drizzle
2021-01-02,Malabe,27.0,66,0.0,Sunny
2021-01-03,Nugegoda,27.8,79,2.6,Drizzle
2021-01-03,Maharagama,26.8,74,0.0,Sunny
2021-01-03,Kandy,24.5,77,0.0,Sunny
2021-01-03,Kirulapane,29.4,78,0.0,Sunny
2021-01-03,Wattala,27.2,72,0.0,Sunny
2021-01-03,Colombo,26.2,79,0.5,Drizzle
2021-01-03,Pelawatte,26.8,68,0.0,Sunny
2021-01-03,Malabe,29.8,75,5.1,Drizzle
2021-01-04,Nugegoda,29.0,70,11.4,Rainy
2021-01-04,Maharagama,30.7,75,0.0,Sunny
2021-01-04,Kandy,21.6,78,0.0,Sunny
2021-01-04,Kirulapane,26.4,79,5.7,Drizzle
2021-01-04,Wattala,28.2,75,0.0,Sunny
2021-01-04,Colombo,27.3,77,0.0,Sunny
2021-01-04,Pelawatte,27.3,71,0.0,Sunny
2021-01-04,Malabe,29.3,79,0.0,Sunny
2021-01-05,Nugegoda,27.7,76,0.0,Sunny
2021-01-05,Maharagama,30.6,74,0.0,Sunny
2021-01-05,Kandy,24.4,72,2.1,Drizzle
2021-01-05,Kirulapane,30.4,72,15.8,Rainy
2021-01-05,Wattala,28.5,72,0.0,Sunny
2021-01-05,Colombo,27.9,72,3.3,Drizzle
2021-01-05,Pelawatte,28.3,76,0.0,Sunny
2021-01-05,Malabe,27.1,81,28.5,Rainy
2021-01-06,Nugegoda,25.6,73,2.7,Drizzle
2021-01-06,Maharagama,28.7,71,0.0,Sunny
2021-01-06,Kandy,25.2,75,1.3,Drizzle
2021-01-06,Kirulapane,29.0,73,2.2,Drizzle
2021-01-06,Wattala,30.2,77,2.2,Drizzle
2021-01-06,Colombo,27.3,80,0.0,Sunny
2021-01-06,Pelawatte,29.4,84,0.0,Sunny
2021-01-06,Malabe,27.8,78,0.0,Sunny
2021-01-07,Nugegoda,28.6,71,0.0,Sunny
2021-01-07,Maharagama,28.5,72,0.0,Sunny
2021-01-07,Kandy,23.9,76,0.0,Sunny
2021-01-07,Kirulapane,29.4,73,1.2,Drizzle
2021-01-07,Wattala,27.3,72,0.0,Sunny
2021-01-07,Colombo,28.0,76,8.6,Drizzle
2021-01-07,Pelawatte,28.8,80,0.0,Sunny
2021-01-07,Malabe,28.0,72,0.0,Sunny
2021-01-08,Nugegoda,28.9,77,3.3,Drizzle
2021-01-08,Maharagama,30.4,69,18.2,Rainy
2021-01-08,Kandy,25.9,75,0.0,Sunny
2021-01-08,Kirulapane,28.8,78,0.1,Drizzle
2021-01-08,Wattala,28.9,70,0.0,Sunny
2021-01-08,Colombo,28.8,67,9.4,Drizzle
2021-01-08,Pelawatte,26.7,77,0.0,Sunny
2021-01-08,Malabe,27.4,68,0.0,Sunny
2021-01-09,Nugegoda,29.9,76,0.0,Sunny
2021-01-09,Maharagama,27.2,74,0.0,Sunny
2021-01-09,Kandy,24.2,69,28.9,Rainy
2021-01-09,Kirulapane,29.8,72,0.0,Sunny
2021-01-09,Wattala,28.5,81,6.9,Drizzle
2021-01-09,Colombo,26.4,73,0.0,Sunny
2021-01-09,Pelawatte,26.9,76,0.0,Sunny
2021-01-09,Malabe,28.3,77,27.2,Rainy
2021-01-10,Nugegoda,27.2,66,15.2,Rainy
2021-01-10,Maharagama,27.1,71,6.5,Drizzle
2021-01-10,Kandy,25.8,75,6.8,Drizzle
2021-01-10,Kirulapane,28.8,69,36.9,Storm
2021-01-10,Wattala,28.6,68,16.8,Rainy
2021-01-10,Colombo,29.8,79,0.0,Sunny
2021-01-10,Pelawatte,26.4,69,0.0,Sunny
2021-01-10,Malabe,29.0,75,19.6,Rainy
2021-01-11,Nugegoda,29.3,93,0.0,Cloudy
2021-01-11,Maharagama,30.5,78,0.0,Sunny
2021-01-11,Kandy,25.0,77,0.0,Sunny
2021-01-11,Kirulapane,28.7,69,0.3,Drizzle
2021-01-11,Wattala,32.0,64,0.0,Sunny
2021-01-11,Colombo,27.9,74,0.0,Sunny
2021-01-11,Pelawatte,27.8,79,1.1,Drizzle
2021-01-11,Malabe,30.8,74,1.9,Drizzle
2021-01-12,Nugegoda,27.4,75,0.0,Sunny
2021-01-12,Maharagama,32.1,83,8.1,Drizzle
2021-01-12,Kandy,22.5,74,12.7,Rainy
2021-01-12,Kirulapane,27.8,65,0.0,Sunny
2021-01-12,Wattala,29.3,78,0.0,Sunny
2021-01-12,Colombo,28.0,72,0.0,Sunny
2021-01-12,Pelawatte,31.1,76,0.0,Sunny
2021-01-12,Malabe,29.1,82,0.0,Sunny
2021-01-13,Nugegoda,26.2,71,0.0,Sunny
2021-01-13,Maharagama,28.1,83,0.0,Sunny
2021-01-13,Kandy,20.6,68,1.5,Drizzle
2021-01-13,Kirulapane,25.5,67,0.0,Sunny
2021-01-13,Wattala,27.8,74,0.0,Sunny
2021-01-13,Colombo,28.6,85,15.5,Rainy
2021-01-13,Pelawatte,27.0,76,0.6,Drizzle
2021-01-13,Malabe,28.2,74,7.1,Drizzle
2021-01-14,Nugegoda,28.7,77,3.9,Drizzle
2021-01-14,Maharagama,27.6,84,6.3,Drizzle
2021-01-14,Kandy,25.3,76,26.0,Rainy
2021-01-14,Kirulapane,27.8,75,0.0,Sunny
2021-01-14,Wattala,27.6,78,1.0,Drizzle
2021-01-14,Colombo,29.9,81,16.8,Rainy
2021-01-14,Pelawatte,29.7,77,2.7,Drizzle
2021-01-14,Malabe,29.3,70,0.0,Sunny
2021-01-15,Nugegoda,28.5,74,3.7,Drizzle
2021-01-15,Maharagama,27.5,79,21.4,Rainy
2021-01-15,Kandy,25.2,79,0.0,Sunny
2021-01-15,Kirulapane,27.9,75,0.0,Sunny
2021-01-15,Wattala,30.5,74,3.1,Drizzle
2021-01-15,Colombo,28.1,78,0.0,Sunny
2021-01-15,Pelawatte,29.0,73,24.1,Rainy
2021-01-15,Malabe,31.4,79,0.0,Sunny
2021-01-16,Nugegoda,27.0,67,0.0,Sunny
2021-01-16,Maharagama,29.7,77,12.5,Rainy
2021-01-16,Kandy,25.5,69,0.0,Sunny
2021-01-16,Kirulapane,25.4,82,0.0,Sunny
2021-01-16,Wattala,27.3,72,0.0,Sunny
2021-01-16,Colombo,29.4,80,0.0,Sunny
2021-01-16,Pelawatte,28.9,71,0.6,Drizzle
2021-01-16,Malabe,29.3,78,0.7,Drizzle
2021-01-17,Nugegoda,26.3,66,0.0,Sunny
2021-01-17,Maharagama,27.5,80,0.7,Drizzle
2021-01-17,Kandy,26.0,81,0.0,Sunny
2021-01-17,Kirulapane,28.0,73,0.0,Sunny
2021-01-17,Wattala,29.0,69,11.0,Rainy
2021-01-17,Colombo,29.2,74,3.8,Drizzle
2021-01-17,Pelawatte,29.5,71,2.0,Drizzle
2021-01-17,Malabe,28.6,78,39.7,Storm
2021-01-18,Nugegoda,28.6,70,27.9,Rainy
2021-01-18,Maharagama,31.9,76,0.0,Sunny
2021-01-18,Kandy,28.7,70,7.0,Drizzle
2021-01-18,Kirulapane,28.3,78,0.0,Sunny
2021-01-18,Wattala,27.2,71,0.0,Sunny
2021-01-18,Colombo,30.0,64,0.0,Sunny
2021-01-18,Pelawatte,29.0,83,0.0,Sunny
2021-01-18,Malabe,29.4,78,0.0,Sunny
2021-01-19,Nugegoda,26.5,83,21.6,Rainy
2021-01-19,Maharagama,28.4,72,13.3,Rainy
2021-01-19,Kandy,22.9,80,0.0,Sunny
2021-01-19,Kirulapane,28.9,75,0.0,Sunny
2021-01-19,Wattala,26.1,71,0.0,Sunny
2021-01-19,Colombo,28.9,75,0.0,Sunny
2021-01-19,Pelawatte,28.5,74,11.7,Rainy
2021-01-19,Malabe,28.0,66,0.0,Sunny
2021-01-20,Nugegoda,28.7,76,0.0,Sunny
2021-01-20,Maharagama,30.1,81,0.0,Sunny
2021-01-20,Kandy,26.0,70,0.0,Sunny
2021-01-20,Kirulapane,28.7,81,15.3,Rainy
2021-01-20,Wattala,31.6,82,0.0,Sunny
2021-01-20,Colombo,27.0,72,0.0,Sunny
2021-01-20,Pelawatte,29.5,80,9.7,Drizzle
2021-01-20,Malabe,27.8,72,0.1,Drizzle
2021-01-21,Nugegoda,30.1,65,4.0,Drizzle
2021-01-21,Maharagama,29.8,73,0.0,Sunny
2021-01-21,Kandy,27.8,74,0.0,Sunny
2021-01-21,Kirulapane,30.0,75,23.9,Rainy
2021-01-21,Wattala,25.9,73,4.9,Drizzle
2021-01-21,Colombo,28.5,76,0.0,Sunny
2021-01-21,Pelawatte,26.5,77,0.0,Sunny
2021-01-21,Malabe,26.8,76,3.4,Drizzle
2021-01-22,Nugegoda,28.4,78,8.8,Drizzle
2021-01-22,Maharagama,27.8,71,0.0,Sunny
2021-01-22,Kandy,24.7,70,0.0,Sunny
2021-01-22,Kirulapane,26.3,73,0.0,Sunny
2021-01-22,Wattala,31.4,74,0.0,Sunny
2021-01-22,Colombo,29.3,80,0.0,Sunny
2021-01-22,Pelawatte,28.3,72,0.0,Sunny
2021-01-22,Malabe,27.4,76,0.0,Sunny
2021-01-23,Nugegoda,28.1,62,7.7,Drizzle
2021-01-23,Maharagama,27.6,63,0.0,Sunny
2021-01-23,Kandy,26.4,75,0.0,Sunny
2021-01-23,Kirulapane,27.0,74,4.7,Drizzle
2021-01-23,Wattala,26.1,75,2.5,Drizzle
2021-01-23,Colombo,28.2,73,3.1,Drizzle
2021-01-23,Pelawatte,27.5,68,1.0,Drizzle
2021-01-23,Malabe,28.8,78,0.0,Sunny
2021-01-24,Nugegoda,28.5,81,0.0,Sunny
2021-01-24,Maharagama,32.1,79,10.9,Rainy
2021-01-24,Kandy,23.9,73,2.7,Drizzle
2021-01-24,Kirulapane,30.6,67,6.8,Drizzle
2021-01-24,Wattala,26.4,76,0.9,Drizzle
2021-01-24,Colombo,27.8,70,1.4,Drizzle
2021-01-24,Pelawatte,27.6,69,0.0,Sunny
2021-01-24,Malabe,24.7,77,32.3,Storm
2021-01-25,Nugegoda,28.1,69,0.0,Sunny
2021-01-25,Maharagama,28.9,75,0.0,Sunny
2021-01-25,Kandy,26.3,69,0.0,Sunny
2021-01-25,Kirulapane,31.6,82,0.0,Sunny
2021-01-25,Wattala,27.5,76,0.0,Sunny
2021-01-25,Colombo,28.9,60,2.2,Drizzle
2021-01-25,Pelawatte,28.9,69,0.0,Sunny
2021-01-25,Malabe,26.8,75,0.0,Sunny
2021-01-26,Nugegoda,27.5,74,3.3,Drizzle
2021-01-26,Maharagama,27.6,77,9.2,Drizzle
2021-01-26,Kandy,26.3,81,5.1,Drizzle
2021-01-26,Kirulapane,25.8,68,21.2,Rainy
2021-01-26,Wattala,29.1,70,22.3,Rainy
2021-01-26,Colombo,29.2,81,0.0,Sunny
2021-01-26,Pelawatte,29.0,71,1.8,Drizzle
2021-01-26,Malabe,28.0,72,13.5,Rainy
2021-01-27,Nugegoda,28.9,84,0.0,Sunny
2021-01-27,Maharagama,28.1,78,0.0,Sunny
2021-01-27,Kandy,22.4,68,5.0,Drizzle
2021-01-27,Kirulapane,30.1,69,5.6,Drizzle
2021-01-27,Wattala,29.0,72,3.9,Drizzle
2021-01-27,Colombo,29.8,74,0.0,Sunny
2021-01-27,Pelawatte,26.3,79,0.0,Sunny
2021-01-27,Malabe,29.3,80,0.0,Sunny
2021-01-28,Nugegoda,28.8,75,1.3,Drizzle
2021-01-28,Maharagama,26.9,69,0.0,Sunny
2021-01-28,Kandy,25.6,71,11.5,Rainy
2021-01-28,Kirulapane,28.0,78,0.0,Sunny
2021-01-28,Wattala,28.1,69,0.0,Sunny
2021-01-28,Colombo,27.9,71,0.0,Sunny
2021-01-28,Pelawatte,29.8,80,9.5,Drizzle
2021-01-28,Malabe,26.1,75,0.0,Sunny
2021-01-29,Nugegoda,25.8,81,0.0,Sunny
2021-01-29,Maharagama,28.8,87,7.6,Drizzle
2021-01-29,Kandy,25.7,77,0.0,Sunny
2021-01-29,Kirulapane,28.8,76,0.0,Sunny
2021-01-29,Wattala,31.3,80,4.4,Drizzle
2021-01-29,Colombo,28.8,74,0.0,Sunny
2021-01-29,Pelawatte,27.0,73,0.0,Sunny
2021-01-29,Malabe,32.3,76,0.0,Sunny
2021-01-30,Nugegoda,28.3,71,13.0,Rainy
2021-01-30,Maharagama,29.8,62,20.2,Rainy
2021-01-30,Kandy,23.6,67,10.7,Rainy
2021-01-30,Kirulapane,26.2,72,0.0,Sunny
2021-01-30,Wattala,28.1,72,5.5,Drizzle
2021-01-30,Colombo,29.7,73,0.0,Sunny
2021-01-30,Pelawatte,31.3,79,0.1,Drizzle
2021-01-30,Malabe,27.0,76,26.0,Rainy
2021-01-31,Nugegoda,28.1,68,0.0,Sunny
2021-01-31,Maharagama,28.5,74,7.2,Drizzle
2021-01-31,Kandy,25.5,73,0.0,Sunny
2021-01-31,Kirulapane,28.3,74,0.0,Sunny
2021-01-31,Wattala,28.5,71,0.0,Sunny
2021-01-31,Colombo,30.6,60,0.0,Sunny
2021-01-31,Pelawatte,30.4,63,1.3,Drizzle
2021-01-31,Malabe,28.9,72,0.0,Sunny
2021-02-01,Nugegoda,27.9,70,4.1,Drizzle
2021-02-01,Maharagama,29.5,73,0.0,Sunny
2021-02-01,Kandy,28.4,80,0.0,Sunny
2021-02-01,Kirulapane,28.9,70,0.0,Sunny
2021-02-01,Wattala,29.2,76,4.2,Drizzle
2021-02-01,Colombo,29.5,72,0.0,Sunny
2021-02-01,Pelawatte,31.1,76,0.0,Sunny
2021-02-01,Malabe,32.5,68,0.0,Sunny
2021-02-02,Nugegoda,30.9,72,0.0,Sunny
2021-02-02,Maharagama,27.5,82,0.0,Sunny
2021-02-02,Kandy,26.2,79,1.2,Drizzle
2021-02-02,Kirulapane,32.0,65,1.2,Drizzle
2021-02-02,Wattala,28.1,82,3.2,Drizzle
2021-02-02,Colombo,27.4,71,0.0,Sunny
2021-02-02,Pelawatte,29.2,75,8.1,Drizzle
2021-02-02,Malabe,31.5,73,0.0,Sunny
2021-02-03,Nugegoda,29.5,73,0.0,Sunny
2021-02-03,Maharagama,33.2,77,0.0,Sunny
2021-02-03,Kandy,27.3,73,16.6,Rainy
2021-02-03,Kirulapane,28.1,74,0.0,Sunny
2021-02-03,Wattala,30.3,69,0.0,Sunny
2021-02-03,Colombo,33.0,77,0.0,Sunny
2021-02-03,Pelawatte,30.4,78,0.0,Sunny
2021-02-03,Malabe,28.5,76,0.0,Sunny
2021-02-04,Nugegoda,27.2,67,0.0,Sunny
2021-02-04,Maharagama,29.5,74,0.0,Sunny
2021-02-04,Kandy,26.1,66,0.0,Sunny
2021-02-04,Kirulapane,32.0,69,0.0,Sunny
2021-02-04,Wattala,28.6,87,0.0,Cloudy
2021-02-04,Colombo,30.1,74,0.0,Sunny
2021-02-04,Pelawatte,29.1,74,0.0,Sunny
2021-02-04,Malabe,27.5,78,0.0,Sunny
2021-02-05,Nugegoda,29.9,82,4.7,Drizzle
2021-02-05,Maharagama,27.7,71,6.8,Drizzle
2021-02-05,Kandy,27.9,78,0.0,Sunny
2021-02-05,Kirulapane,27.4,79,0.0,Sunny
2021-02-05,Wattala,29.9,77,0.0,Sunny
2021-02-05,Colombo,31.6,74,0.0,Sunny
2021-02-05,Pelawatte,30.8,79,0.0,Sunny
2021-02-05,Malabe,29.3,77,0.0,Sunny
2021-02-06,Nugegoda,30.6,75,0.0,Sunny
2021-02-06,Maharagama,31.2,74,0.0,Sunny
2021-02-06,Kandy,25.4,79,0.0,Sunny
2021-02-06,Kirulapane,31.7,73,7.4,Drizzle
2021-02-06,Wattala,31.4,71,0.0,Sunny
2021-02-06,Colombo,27.9,76,0.0,Sunny
2021-02-06,Pelawatte,30.3,71,0.0,Sunny
2021-02-06,Malabe,29.6,74,1.5,Drizzle
2021-02-07,Nugegoda,32.2,74,1.5,Drizzle
2021-02-07,Maharagama,31.3,75,0.0,Sunny
2021-02-07,Kandy,27.1,79,0.0,Sunny
2021-02-07,Kirulapane,31.8,70,2.1,Drizzle
2021-02-07,Wattala,33.4,72,8.3,Drizzle
2021-02-07,Colombo,27.5,65,0.0,Sunny
2021-02-07,Pelawatte,29.4,72,0.0,Sunny
2021-02-07,Malabe,28.5,68,0.0,Sunny
2021-02-08,Nugegoda,29.9,75,0.0,Sunny
2021-02-08,Maharagama,28.4,77,0.0,Sunny
2021-02-08,Kandy,28.5,72,0.0,Sunny
2021-02-08,Kirulapane,33.5,70,0.0,Sunny
2021-02-08,Wattala,30.2,76,0.0,Sunny
2021-02-08,Colombo,27.6,74,0.0,Sunny
2021-02-08,Pelawatte,29.1,71,6.0,Drizzle
2021-02-08,Malabe,29.3,73,0.0,Sunny
2021-02-09,Nugegoda,32.1,71,0.0,Sunny
2021-02-09,Maharagama,30.5,72,0.0,Sunny
2021-02-09,Kandy,27.3,66,3.6,Drizzle
2021-02-09,Kirulapane,28.7,74,0.0,Sunny
2021-02-09,Wattala,29.1,72,0.0,Sunny
2021-02-09,Colombo,30.8,79,0.0,Sunny
2021-02-09,Pelawatte,29.7,70,0.0,Sunny
2021-02-09,Malabe,31.3,69,0.0,Sunny
2021-02-10,Nugegoda,29.2,75,0.0,Sunny
2021-02-10,Maharagama,24.8,69,3.6,Drizzle
2021-02-10,Kandy,26.3,79,4.5,Drizzle
2021-02-10,Kirulapane,27.5,76,0.0,Sunny
2021-02-10,Wattala,30.9,79,0.0,Sunny
2021-02-10,Colombo,30.6,77,0.0,Sunny
2021-02-10,Pelawatte,31.6,79,0.0,Sunny
2021-02-10,Malabe,29.0,76,8.5,Drizzle
2021-02-11,Nugegoda,29.7,74,1.6,Drizzle
2021-02-11,Maharagama,29.0,76,0.0,Sunny
2021-02-11,Kandy,27.0,80,0.0,Sunny
2021-02-11,Kirulapane,31.2,66,0.0,Sunny
2021-02-11,Wattala,28.0,77,4.0,Drizzle
2021-02-11,Colombo,32.2,75,0.0,Sunny
2021-02-11,Pelawatte,30.4,81,13.2,Rainy
2021-02-11,Malabe,31.8,66,0.0,Sunny
2021-02-12,Nugegoda,29.3,74,1.4,Drizzle
2021-02-12,Maharagama,29.5,74,3.5,Drizzle
2021-02-12,Kandy,28.8,66,0.2,Drizzle
2021-02-12,Kirulapane,30.6,71,0.0,Sunny
2021-02-12,Wattala,32.3,73,0.0,Sunny
2021-02-12,Colombo,27.4,71,0.0,Sunny
2021-02-12,Pelawatte,27.8,63,0.7,Drizzle
2021-02-12,Malabe,31.0,78,0.0,Sunny
2021-02-13,Nugegoda,30.4,71,4.3,Drizzle
2021-02-13,Maharagama,29.7,68,0.0,Sunny
2021-02-13,Kandy,29.8,68,0.0,Sunny
2021-02-13,Kirulapane,31.3,72,0.0,Sunny
2021-02-13,Wattala,28.1,81,0.0,Sunny
2021-02-13,Colombo,30.8,73,0.0,Sunny
2021-02-13,Pelawatte,30.5,76,0.0,Sunny
2021-02-13,Malabe,30.7,77,0.0,Sunny
2021-02-14,Nugegoda,30.3,77,0.0,Sunny
2021-02-14,Maharagama,28.5,73,0.0,Sunny
2021-02-14,Kandy,26.0,83,0.9,Drizzle
2021-02-14,Kirulapane,28.9,73,0.0,Sunny
2021-02-14,Wattala,31.3,70,0.0,Sunny
2021-02-14,Colombo,29.6,73,0.3,Drizzle
2021-02-14,Pelawatte,29.3,61,0.0,Sunny
2021-02-14,Malabe,31.5,68,0.0,Sunny
2021-02-15,Nugegoda,28.5,73,0.0,Sunny
2021-02-15,Maharagama,33.6,73,0.0,Sunny
2021-02-15,Kandy,26.7,74,0.0,Sunny
2021-02-15,Kirulapane,28.7,74,0.0,Sunny
2021-02-15,Wattala,28.5,72,3.4,Drizzle
2021-02-15,Colombo,31.5,77,0.0,Sunny
2021-02-15,Pelawatte,32.1,78,0.0,Sunny
2021-02-15,Malabe,32.7,75,0.0,Sunny
2021-02-16,Nugegoda,31.3,77,0.0,Sunny
2021-02-16,Maharagama,30.2,78,0.0,Sunny
2021-02-16,Kandy,30.1,70,0.0,Sunny
2021-02-16,Kirulapane,29.4,75,0.0,Sunny
2021-02-16,Wattala,29.0,71,0.0,Sunny
2021-02-16,Colombo,28.5,71,6.2,Drizzle
2021-02-16,Pelawatte,30.0,84,3.2,Drizzle
2021-02-16,Malabe,28.6,77,0.0,Sunny
2021-02-17,Nugegoda,30.1,74,0.0,Sunny
2021-02-17,Maharagama,29.2,75,0.1,Drizzle
2021-02-17,Kandy,26.6,65,0.0,Sunny
2021-02-17,Kirulapane,31.4,78,0.0,Sunny
2021-02-17,Wattala,28.2,66,0.0,Sunny
2021-02-17,Colombo,27.7,84,0.0,Sunny
2021-02-17,Pelawatte,31.6,73,0.0,Sunny
2021-02-17,Malabe,27.6,71,0.0,Sunny
2021-02-18,Nugegoda,32.2,80,0.0,Sunny
2021-02-18,Maharagama,30.6,70,9.6,Drizzle
2021-02-18,Kandy,26.2,70,0.0,Sunny
2021-02-18,Kirulapane,30.5,72,2.7,Drizzle
2021-02-18,Wattala,30.8,72,0.0,Sunny
2021-02-18,Colombo,26.6,75,0.0,Sunny
2021-02-18,Pelawatte,29.5,68,0.0,Sunny
2021-02-18,Malabe,31.2,67,1.6,Drizzle
2021-02-19,Nugegoda,29.3,75,14.0,Rainy
2021-02-19,Maharagama,27.7,72,0.0,Sunny
2021-02-19,Kandy,27.1,67,1.6,Drizzle
2021-02-19,Kirulapane,29.6,80,0.0,Sunny
2021-02-19,Wattala,32.3,78,0.0,Sunny
2021-02-19,Colombo,31.3,80,0.0,Sunny
2021-02-19,Pelawatte,30.6,76,0.0,Sunny
2021-02-19,Malabe,29.5,75,0.0,Sunny
2021-02-20,Nugegoda,29.9,73,0.0,Sunny
2021-02-20,Maharagama,29.8,68,0.0,Sunny
2021-02-20,Kandy,27.1,64,0.2,Drizzle
2021-02-20,Kirulapane,30.2,76,0.0,Sunny
2021-02-20,Wattala,31.5,59,0.0,Sunny
2021-02-20,Colombo,28.7,76,0.0,Sunny
2021-02-20,Pelawatte,31.7,68,0.0,Sunny
2021-02-20,Malabe,30.4,70,0.0,Sunny
2021-02-21,Nugegoda,29.7,75,0.0,Sunny
2021-02-21,Maharagama,30.0,84,3.8,Drizzle
2021-02-21,Kandy,27.3,79,0.1,Drizzle
2021-02-21,Kirulapane,30.3,76,0.0,Sunny
2021-02-21,Wattala,31.0,68,0.0,Sunny
2021-02-21,Colombo,28.8,75,0.0,Sunny
2021-02-21,Pelawatte,29.9,75,0.0,Sunny
2021-02-21,Malabe,30.5,81,5.4,Drizzle
2021-02-22,Nugegoda,29.6,78,1.6,Drizzle
2021-02-22,Maharagama,31.6,76,0.0,Sunny
2021-02-22,Kandy,26.6,80,0.0,Sunny
2021-02-22,Kirulapane,30.2,68,0.0,Sunny
2021-02-22,Wattala,28.4,66,0.0,Sunny
2021-02-22,Colombo,28.7,81,0.0,Sunny
2021-02-22,Pelawatte,29.0,67,0.0,Sunny
2021-02-22,Malabe,30.3,70,0.0,Sunny
2021-02-23,Nugegoda,29.0,85,0.0,Sunny
2021-02-23,Maharagama,30.1,79,0.0,Sunny
2021-02-23,Kandy,24.9,65,0.0,Sunny
2021-02-23,Kirulapane,33.5,77,0.0,Sunny
2021-02-23,Wattala,30.9,78,0.0,Sunny
2021-02-23,Colombo,29.6,75,10.5,Rainy
2021-02-23,Pelawatte,28.9,72,0.0,Sunny
2021-02-23,Malabe,28.7,69,0.0,Sunny
2021-02-24,Nugegoda,30.3,80,0.0,Sunny
2021-02-24,Maharagama,32.3,77,0.0,Sunny
2021-02-24,Kandy,25.5,72,0.8,Drizzle
2021-02-24,Kirulapane,28.5,76,0.0,Sunny
2021-02-24,Wattala,29.1,75,0.0,Sunny
2021-02-24,Colombo,32.1,73,0.0,Sunny
2021-02-24,Pelawatte,30.2,71,12.1,Rainy
2021-02-24,Malabe,31.8,75,0.0,Sunny
2021-02-25,Nugegoda,28.9,70,0.0,Sunny
2021-02-25,Maharagama,31.7,72,0.0,Sunny
2021-02-25,Kandy,25.1,70,0.0,Sunny
2021-02-25,Kirulapane,31.2,71,0.0,Sunny
2021-02-25,Wattala,29.0,75,0.0,Sunny
2021-02-25,Colombo,33.3,67,0.0,Sunny
2021-02-25,Pelawatte,31.0,76,1.0,Drizzle
2021-02-25,Malabe,31.8,82,3.2,Drizzle
2021-02-26,Nugegoda,29.2,67,0.0,Sunny
2021-02-26,Maharagama,30.5,73,0.0,Sunny
2021-02-26,Kandy,25.8,82,0.0,Sunny
2021-02-26,Kirulapane,31.5,79,0.0,Sunny
2021-02-26,Wattala,30.9,82,1.3,Drizzle
2021-02-26,Colombo,28.3,70,1.8,Drizzle
2021-02-26,Pelawatte,30.1,70,0.0,Sunny
2021-02-26,Malabe,29.1,77,0.0,Sunny
2021-02-27,Nugegoda,30.5,78,0.0,Sunny
2021-02-27,Maharagama,28.2,67,4.4,Drizzle
2021-02-27,Kandy,29.5,76,0.0,Sunny
2021-02-27,Kirulapane,30.1,70,0.0,Sunny
2021-02-27,Wattala,30.8,69,0.0,Sunny
2021-02-27,Colombo,28.6,74,0.0,Sunny
2021-02-27,Pelawatte,28.9,80,0.0,Sunny
2021-02-27,Malabe,29.2,66,0.0,Sunny
2021-02-28,Nugegoda,31.8,74,0.0,Sunny
2021-02-28,Maharagama,28.9,75,5.6,Drizzle
2021-02-28,Kandy,27.2,73,0.0,Sunny
2021-02-28,Kirulapane,28.4,69,0.0,Sunny
2021-02-28,Wattala,27.2,76,0.0,Sunny
2021-02-28,Colombo,33.2,68,0.0,Sunny
2021-02-28,Pelawatte,30.0,78,0.0,Sunny
2021-02-28,Malabe,29.4,76,10.7,Rainy
2021-03-01,Nugegoda,32.6,73,0.0,Sunny
2021-03-01,Maharagama,33.4,76,0.0,Sunny
2021-03-01,Kandy,29.2,70,0.0,Sunny
2021-03-01,Kirulapane,30.9,80,0.0,Sunny
2021-03-01,Wattala,34.1,76,0.0,Sunny
2021-03-01,Colombo,36.2,72,0.0,Sunny
2021-03-01,Pelawatte,32.5,67,0.0,Sunny
2021-03-01,Malabe,31.9,69,0.0,Sunny
2021-03-02,Nugegoda,32.6,76,13.5,Rainy
2021-03-02,Maharagama,29.8,70,2.8,Drizzle
2021-03-02,Kandy,28.1,73,0.0,Sunny
2021-03-02,Kirulapane,33.3,67,0.0,Sunny
2021-03-02,Wattala,32.2,81,0.0,Sunny
2021-03-02,Colombo,31.7,71,0.5,Drizzle
2021-03-02,Pelawatte,31.6,72,0.0,Sunny
2021-03-02,Malabe,32.5,70,0.0,Sunny
2021-03-03,Nugegoda,33.2,79,0.0,Sunny
2021-03-03,Maharagama,33.2,85,0.0,Sunny
2021-03-03,Kandy,27.4,72,0.0,Sunny
2021-03-03,Kirulapane,34.3,72,0.0,Sunny
2021-03-03,Wattala,31.6,61,0.0,Sunny
2021-03-03,Colombo,33.8,70,0.0,Sunny
2021-03-03,Pelawatte,30.3,74,0.0,Sunny
2021-03-03,Malabe,31.0,73,3.2,Drizzle
2021-03-04,Nugegoda,34.3,73,0.0,Sunny
2021-03-04,Maharagama,30.7,73,0.0,Sunny
2021-03-04,Kandy,29.2,82,0.0,Sunny
2021-03-04,Kirulapane,31.2,62,0.0,Sunny
2021-03-04,Wattala,31.5,79,0.0,Sunny
2021-03-04,Colombo,30.1,71,0.0,Sunny
2021-03-04,Pelawatte,35.7,70,0.0,Sunny
2021-03-04,Malabe,32.9,77,0.0,Sunny
2021-03-05,Nugegoda,32.5,70,0.0,Sunny
2021-03-05,Maharagama,32.6,82,4.6,Drizzle
2021-03-05,Kandy,29.0,74,0.3,Drizzle
2021-03-05,Kirulapane,31.3,80,0.0,Sunny
2021-03-05,Wattala,34.3,70,0.0,Sunny
2021-03-05,Colombo,31.8,71,0.0,Sunny
2021-03-05,Pelawatte,34.3,77,1.2,Drizzle
2021-03-05,Malabe,33.4,80,0.0,Sunny
2021-03-06,Nugegoda,32.0,72,0.0,Sunny
2021-03-06,Maharagama,33.5,80,0.0,Sunny
2021-03-06,Kandy,28.5,78,15.6,Rainy
2021-03-06,Kirulapane,34.7,82,0.0,Sunny
2021-03-06,Wattala,33.3,79,0.5,Drizzle
2021-03-06,Colombo,33.3,72,0.0,Sunny
2021-03-06,Pelawatte,30.9,64,0.0,Sunny
2021-03-06,Malabe,33.4,74,0.0,Sunny
2021-03-07,Nugegoda,32.2,72,0.0,Sunny
2021-03-07,Maharagama,30.5,78,0.0,Sunny
2021-03-07,Kandy,29.2,75,0.0,Sunny
2021-03-07,Kirulapane,34.3,73,0.0,Sunny
2021-03-07,Wattala,33.5,79,0.0,Sunny
2021-03-07,Colombo,33.0,74,0.0,Sunny
2021-03-07,Pelawatte,33.1,70,6.8,Drizzle
2021-03-07,Malabe,32.5,66,7.3,Drizzle
2021-03-08,Nugegoda,33.0,82,0.0,Sunny
2021-03-08,Maharagama,29.7,74,0.0,Sunny
2021-03-08,Kandy,30.6,75,4.0,Drizzle
2021-03-08,Kirulapane,31.6,76,0.0,Sunny
2021-03-08,Wattala,32.2,69,0.0,Sunny
2021-03-08,Colombo,32.9,66,0.0,Sunny
2021-03-08,Pelawatte,30.7,76,0.0,Sunny
2021-03-08,Malabe,32.9,81,0.0,Sunny
2021-03-09,Nugegoda,31.3,77,0.0,Sunny
2021-03-09,Maharagama,30.3,68,0.6,Drizzle
2021-03-09,Kandy,30.6,72,22.4,Rainy
2021-03-09,Kirulapane,31.3,63,0.0,Sunny
2021-03-09,Wattala,32.8,78,0.0,Sunny
2021-03-09,Colombo,35.0,70,0.0,Sunny
2021-03-09,Pelawatte,30.2,80,0.0,Sunny
2021-03-09,Malabe,32.8,69,0.0,Sunny
2021-03-10,Nugegoda,31.7,74,0.0,Sunny
2021-03-10,Maharagama,35.3,83,3.7,Drizzle
2021-03-10,Kandy,31.0,76,0.0,Sunny
2021-03-10,Kirulapane,32.5,80,0.0,Sunny
2021-03-10,Wattala,32.2,71,0.0,Sunny
2021-03-10,Colombo,33.9,77,0.0,Sunny
2021-03-10,Pelawatte,30.8,73,0.0,Sunny
2021-03-10,Malabe,31.2,73,0.0,Sunny
2021-03-11,Nugegoda,34.8,77,0.0,Sunny
2021-03-11,Maharagama,32.8,76,0.0,Sunny
2021-03-11,Kandy,31.3,76,0.5,Drizzle
2021-03-11,Kirulapane,34.2,72,0.0,Sunny
2021-03-11,Wattala,35.3,81,0.8,Drizzle
2021-03-11,Colombo,30.4,68,0.0,Sunny
2021-03-11,Pelawatte,32.7,65,0.0,Sunny
2021-03-11,Malabe,34.0,73,0.0,Sunny
2021-03-12,Nugegoda,33.3,71,0.0,Sunny
2021-03-12,Maharagama,30.8,73,0.0,Sunny
2021-03-12,Kandy,29.5,82,0.0,Sunny
2021-03-12,Kirulapane,33.9,77,0.0,Sunny
2021-03-12,Wattala,31.0,75,0.0,Sunny
2021-03-12,Colombo,33.0,74,0.0,Sunny
2021-03-12,Pelawatte,32.3,72,0.0,Sunny
2021-03-12,Malabe,33.0,72,0.0,Sunny
2021-03-13,Nugegoda,33.9,69,0.0,Sunny
2021-03-13,Maharagama,31.7,73,0.0,Sunny
2021-03-13,Kandy,25.9,78,0.0,Sunny
2021-03-13,Kirulapane,32.9,74,0.0,Sunny
2021-03-13,Wattala,30.2,71,0.0,Sunny
2021-03-13,Colombo,30.8,76,0.0,Sunny
2021-03-13,Pelawatte,33.2,73,0.0,Sunny
2021-03-13,Malabe,31.3,72,0.7,Drizzle
2021-03-14,Nugegoda,31.4,69,0.0,Sunny
2021-03-14,Maharagama,34.0,87,0.5,Drizzle
2021-03-14,Kandy,30.1,77,0.3,Drizzle
2021-03-14,Kirulapane,33.1,83,0.0,Sunny
2021-03-14,Wattala,30.9,59,0.0,Sunny
2021-03-14,Colombo,31.8,84,0.0,Sunny
2021-03-14,Pelawatte,33.4,84,0.0,Sunny
2021-03-14,Malabe,34.6,74,2.5,Drizzle
2021-03-15,Nugegoda,31.5,70,0.0,Sunny
2021-03-15,Maharagama,34.2,70,0.0,Sunny
2021-03-15,Kandy,30.0,72,0.0,Sunny
2021-03-15,Kirulapane,32.0,76,2.4,Drizzle
2021-03-15,Wattala,33.8,73,0.0,Sunny
2021-03-15,Colombo,31.0,73,0.0,Sunny
2021-03-15,Pelawatte,31.9,79,0.0,Sunny
2021-03-15,Malabe,29.8,75,0.0,Sunny
2021-03-16,Nugegoda,35.3,79,6.4,Drizzle
2021-03-16,Maharagama,33.6,73,3.0,Drizzle
2021-03-16,Kandy,30.2,69,0.0,Sunny
2021-03-16,Kirulapane,33.8,71,9.5,Drizzle
2021-03-16,Wattala,32.0,71,0.8,Drizzle
2021-03-16,Colombo,32.9,77,0.0,Sunny
2021-03-16,Pelawatte,35.6,68,0.0,Sunny
2021-03-16,Malabe,32.8,75,0.0,Sunny
2021-03-17,Nugegoda,32.4,76,0.0,Sunny
2021-03-17,Maharagama,34.2,81,0.0,Sunny
2021-03-17,Kandy,29.2,78,0.0,Sunny
2021-03-17,Kirulapane,32.5,72,0.0,Sunny
2021-03-17,Wattala,33.4,75,0.3,Drizzle
2021-03-17,Colombo,31.3,76,0.0,Sunny
2021-03-17,Pelawatte,32.8,80,5.0,Drizzle
2021-03-17,Malabe,32.0,64,0.0,Sunny
2021-03-18,Nugegoda,29.3,70,0.0,Sunny
2021-03-18,Maharagama,31.8,78,0.0,Sunny
2021-03-18,Kandy,30.8,76,0.0,Sunny
2021-03-18,Kirulapane,31.7,71,0.0,Sunny
2021-03-18,Wattala,34.9,72,0.0,Sunny
2021-03-18,Colombo,30.2,80,7.4,Drizzle
2021-03-18,Pelawatte,33.1,73,4.0,Drizzle
2021-03-18,Malabe,33.1,70,0.0,Sunny
2021-03-19,Nugegoda,31.8,75,0.0,Sunny
2021-03-19,Maharagama,31.9,76,0.0,Sunny
2021-03-19,Kandy,30.8,67,0.0,Sunny
2021-03-19,Kirulapane,29.6,74,0.0,Sunny
2021-03-19,Wattala,33.3,74,0.0,Sunny
2021-03-19,Colombo,33.6,77,4.4,Drizzle
2021-03-19,Pelawatte,33.1,72,0.0,Sunny
2021-03-19,Malabe,31.1,74,0.0,Sunny
2021-03-20,Nugegoda,34.2,73,3.2,Drizzle
2021-03-20,Maharagama,32.9,73,0.0,Sunny
2021-03-20,Kandy,28.7,73,0.0,Sunny
2021-03-20,Kirulapane,32.2,76,0.0,Sunny
2021-03-20,Wattala,33.3,72,0.0,Sunny
2021-03-20,Colombo,33.8,71,0.0,Sunny
2021-03-20,Pelawatte,33.1,83,0.0,Sunny
2021-03-20,Malabe,29.7,72,0.0,Sunny
2021-03-21,Nugegoda,30.9,68,5.4,Drizzle
2021-03-21,Maharagama,33.1,78,0.0,Sunny
2021-03-21,Kandy,29.3,73,0.0,Sunny
2021-03-21,Kirulapane,32.6,71,0.0,Sunny
2021-03-21,Wattala,32.6,79,0.0,Sunny
2021-03-21,Colombo,33.0,79,0.5,Drizzle
2021-03-21,Pelawatte,34.0,76,0.0,Sunny
2021-03-21,Malabe,33.5,87,0.0,Cloudy
2021-03-22,Nugegoda,31.5,64,0.0,Sunny
2021-03-22,Maharagama,33.8,75,0.0,Sunny
2021-03-22,Kandy,31.9,80,0.0,Sunny
2021-03-22,Kirulapane,31.0,77,0.0,Sunny
2021-03-22,Wattala,32.1,69,0.0,Sunny
2021-03-22,Colombo,33.1,74,0.0,Sunny
2021-03-22,Pelawatte,32.6,82,0.0,Sunny
2021-03-22,Malabe,32.3,73,0.0,Sunny
2021-03-23,Nugegoda,31.6,73,0.0,Sunny
2021-03-23,Maharagama,32.2,63,0.0,Sunny
2021-03-23,Kandy,27.2,77,0.0,Sunny
2021-03-23,Kirulapane,32.2,74,0.0,Sunny
2021-03-23,Wattala,32.0,70,6.5,Drizzle
2021-03-23,Colombo,33.2,87,1.4,Drizzle
2021-03-23,Pelawatte,32.3,77,0.0,Sunny
2021-03-23,Malabe,31.2,75,0.0,Sunny
2021-03-24,Nugegoda,34.1,74,0.0,Sunny
2021-03-24,Maharagama,31.9,70,0.0,Sunny
2021-03-24,Kandy,26.8,66,0.0,Sunny
2021-03-24,Kirulapane,33.7,81,1.5,Drizzle
2021-03-24,Wattala,31.8,74,0.0,Sunny
2021-03-24,Colombo,32.7,70,0.0,Sunny
2021-03-24,Pelawatte,32.1,69,2.4,Drizzle
2021-03-24,Malabe,31.2,72,0.0,Sunny
2021-03-25,Nugegoda,32.3,74,0.0,Sunny
2021-03-25,Maharagama,33.3,73,0.0,Sunny
2021-03-25,Kandy,27.9,81,0.0,Sunny
2021-03-25,Kirulapane,32.8,77,0.0,Sunny
2021-03-25,Wattala,31.6,75,0.0,Sunny
2021-03-25,Colombo,32.6,70,0.0,Sunny
2021-03-25,Pelawatte,32.5,72,1.4,Drizzle
2021-03-25,Malabe,36.5,71,0.2,Drizzle
2021-03-26,Nugegoda,32.7,68,0.0,Sunny
2021-03-26,Maharagama,33.8,80,0.0,Sunny
2021-03-26,Kandy,28.5,82,4.5,Drizzle
2021-03-26,Kirulapane,31.1,68,0.0,Sunny
2021-03-26,Wattala,34.6,72,0.0,Sunny
2021-03-26,Colombo,29.8,70,0.0,Sunny
2021-03-26,Pelawatte,34.5,65,4.9,Drizzle
2021-03-26,Malabe,31.0,81,0.0,Sunny
2021-03-27,Nugegoda,30.8,72,0.0,Sunny
2021-03-27,Maharagama,31.1,71,0.1,Drizzle
2021-03-27,Kandy,31.5,80,1.7,Drizzle
2021-03-27,Kirulapane,32.3,70,0.0,Sunny
2021-03-27,Wattala,33.9,82,1.8,Drizzle
2021-03-27,Colombo,35.3,71,0.0,Sunny
2021-03-27,Pelawatte,31.8,73,0.0,Sunny
2021-03-27,Malabe,32.3,76,0.2,Drizzle
2021-03-28,Nugegoda,32.4,72,0.0,Sunny
2021-03-28,Maharagama,29.8,72,9.2,Drizzle
2021-03-28,Kandy,30.5,72,0.0,Sunny
2021-03-28,Kirulapane,30.2,66,1.7,Drizzle
2021-03-28,Wattala,30.7,74,0.0,Sunny
2021-03-28,Colombo,34.9,75,7.2,Drizzle
2021-03-28,Pelawatte,29.8,71,0.0,Sunny
2021-03-28,Malabe,30.6,69,0.0,Sunny
2021-03-29,Nugegoda,29.5,77,3.5,Drizzle
2021-03-29,Maharagama,32.2,68,0.0,Sunny
2021-03-29,Kandy,25.7,72,0.0,Sunny
2021-03-29,Kirulapane,32.9,78,3.4,Drizzle
2021-03-29,Wattala,30.7,76,2.0,Drizzle
2021-03-29,Colombo,32.5,71,0.0,Sunny
2021-03-29,Pelawatte,32.9,76,0.0,Sunny
2021-03-29,Malabe,32.0,75,0.0,Sunny
2021-03-30,Nugegoda,33.4,72,11.5,Rainy
2021-03-30,Maharagama,32.3,68,0.0,Sunny
2021-03-30,Kandy,31.2,73,0.0,Sunny
2021-03-30,Kirulapane,30.3,69,0.9,Drizzle
2021-03-30,Wattala,31.6,80,0.0,Sunny
2021-03-30,Colombo,36.6,72,0.0,Sunny
2021-03-30,Pelawatte,32.4,75,7.0,Drizzle
2021-03-30,Malabe,33.1,81,0.0,Sunny
2021-03-31,Nugegoda,32.2,73,0.0,Sunny
2021-03-31,Maharagama,34.2,72,0.0,Sunny
2021-03-31,Kandy,30.4,59,0.0,Sunny
2021-03-31,Kirulapane,35.4,72,5.1,Drizzle
2021-03-31,Wattala,31.3,76,0.0,Sunny
2021-03-31,Colombo,34.2,71,1.3,Drizzle
2021-03-31,Pelawatte,33.9,76,0.0,Sunny
2021-03-31,Malabe,33.3,77,0.0,Sunny
2021-04-01,Nugegoda,33.7,77,0.0,Sunny
2021-04-01,Maharagama,33.4,76,0.0,Sunny
2021-04-01,Kandy,29.5,69,0.3,Drizzle
2021-04-01,Kirulapane,30.0,65,0.0,Sunny
2021-04-01,Wattala,31.3,72,0.0,Sunny
2021-04-01,Colombo,32.5,77,0.0,Sunny
2021-04-01,Pelawatte,32.5,69,0.0,Sunny
2021-04-01,Malabe,32.2,74,0.0,Sunny
2021-04-02,Nugegoda,30.1,70,1.1,Drizzle
2021-04-02,Maharagama,33.8,70,10.6,Rainy
2021-04-02,Kandy,30.7,73,0.0,Sunny
2021-04-02,Kirulapane,30.2,73,0.0,Sunny
2021-04-02,Wattala,32.6,75,0.0,Sunny
2021-04-02,Colombo,31.2,75,0.0,Sunny
2021-04-02,Pelawatte,28.0,74,3.5,Drizzle
2021-04-02,Malabe,31.5,74,4.6,Drizzle
2021-04-03,Nugegoda,33.7,69,0.0,Sunny
2021-04-03,Maharagama,32.9,80,0.0,Sunny
2021-04-03,Kandy,30.1,71,1.3,Drizzle
2021-04-03,Kirulapane,29.7,73,0.0,Sunny
2021-04-03,Wattala,31.7,74,0.0,Sunny
2021-04-03,Colombo,31.6,74,0.0,Sunny
2021-04-03,Pelawatte,32.0,74,0.0,Sunny
2021-04-03,Malabe,31.2,79,0.0,Sunny
2021-04-04,Nugegoda,30.5,69,0.0,Sunny
2021-04-04,Maharagama,34.0,70,8.9,Drizzle
2021-04-04,Kandy,30.8,73,1.9,Drizzle
2021-04-04,Kirulapane,32.4,83,0.0,Sunny
2021-04-04,Wattala,34.6,78,0.0,Sunny
2021-04-04,Colombo,33.3,69,4.4,Drizzle
2021-04-04,Pelawatte,32.6,74,1.4,Drizzle
2021-04-04,Malabe,32.8,72,0.0,Sunny
2021-04-05,Nugegoda,32.3,71,0.0,Sunny
2021-04-05,Maharagama,28.3,74,0.0,Sunny
2021-04-05,Kandy,28.7,67,0.0,Sunny
2021-04-05,Kirulapane,34.4,72,7.6,Drizzle
2021-04-05,Wattala,33.4,68,0.0,Sunny
2021-04-05,Colombo,32.1,75,0.0,Sunny
2021-04-05,Pelawatte,30.2,78,0.0,Sunny
2021-04-05,Malabe,34.4,78,0.0,Sunny
2021-04-06,Nugegoda,30.7,82,5.0,Drizzle
2021-04-06,Maharagama,32.8,73,0.0,Sunny
2021-04-06,Kandy,28.7,73,0.0,Sunny
2021-04-06,Kirulapane,29.9,74,0.0,Sunny
2021-04-06,Wattala,32.2,69,2.7,Drizzle
2021-04-06,Colombo,33.7,61,0.0,Sunny
2021-04-06,Pelawatte,32.5,72,0.0,Sunny
2021-04-06,Malabe,35.5,75,0.0,Sunny
2021-04-07,Nugegoda,33.6,77,0.0,Sunny
2021-04-07,Maharagama,32.1,74,0.0,Sunny
2021-04-07,Kandy,29.7,81,0.0,Sunny
2021-04-07,Kirulapane,34.0,67,0.0,Sunny
2021-04-07,Wattala,32.8,75,0.0,Sunny
2021-04-07,Colombo,29.1,69,0.0,Sunny
2021-04-07,Pelawatte,32.3,65,0.0,Sunny
2021-04-07,Malabe,31.5,73,0.0,Sunny
2021-04-08,Nugegoda,32.5,75,13.2,Rainy
2021-04-08,Maharagama,32.2,70,1.0,Drizzle
2021-04-08,Kandy,28.9,72,0.0,Sunny
2021-04-08,Kirulapane,33.1,81,0.0,Sunny
2021-04-08,Wattala,33.2,79,0.0,Sunny
2021-04-08,Colombo,30.7,78,1.7,Drizzle
2021-04-08,Pelawatte,32.1,76,0.0,Sunny
2021-04-08,Malabe,33.0,77,0.3,Drizzle
2021-04-09,Nugegoda,31.2,84,0.0,Sunny
2021-04-09,Maharagama,32.6,76,0.0,Sunny
2021-04-09,Kandy,32.5,74,0.3,Drizzle
2021-04-09,Kirulapane,33.8,70,0.0,Sunny
2021-04-09,Wattala,29.2,81,0.2,Drizzle
2021-04-09,Colombo,32.2,67,0.0,Sunny
2021-04-09,Pelawatte,31.9,76,0.0,Sunny
2021-04-09,Malabe,32.6,75,0.0,Sunny
2021-04-10,Nugegoda,35.5,67,0.0,Sunny
2021-04-10,Maharagama,32.7,74,0.0,Sunny
2021-04-10,Kandy,30.1,74,0.0,Sunny
2021-04-10,Kirulapane,32.4,67,0.0,Sunny
2021-04-10,Wattala,33.6,67,0.0,Sunny
2021-04-10,Colombo,32.8,67,0.0,Sunny
2021-04-10,Pelawatte,32.0,73,0.0,Sunny
2021-04-10,Malabe,33.4,72,0.0,Sunny
2021-04-11,Nugegoda,30.6,77,0.0,Sunny
2021-04-11,Maharagama,33.2,77,0.0,Sunny
2021-04-11,Kandy,28.8,73,0.0,Sunny
2021-04-11,Kirulapane,31.3,75,1.4,Drizzle
2021-04-11,Wattala,33.6,73,0.0,Sunny
2021-04-11,Colombo,30.5,65,5.6,Drizzle
2021-04-11,Pelawatte,29.7,79,0.0,Sunny
2021-04-11,Malabe,33.1,66,0.0,Sunny
2021-04-12,Nugegoda,30.7,77,0.0,Sunny
2021-04-12,Maharagama,30.2,74,0.0,Sunny
2021-04-12,Kandy,28.9,77,0.0,Sunny
2021-04-12,Kirulapane,30.2,83,0.0,Sunny
2021-04-12,Wattala,34.9,74,0.0,Sunny
2021-04-12,Colombo,33.7,72,0.0,Sunny
2021-04-12,Pelawatte,32.2,78,0.0,Sunny
2021-04-12,Malabe,32.0,56,0.9,Drizzle
2021-04-13,Nugegoda,30.6,75,0.0,Sunny
2021-04-13,Maharagama,32.0,76,0.0,Sunny
2021-04-13,Kandy,25.6,74,6.7,Drizzle
2021-04-13,Kirulapane,31.8,78,0.0,Sunny
2021-04-13,Wattala,33.5,79,0.7,Drizzle
2021-04-13,Colombo,32.7,79,1.3,Drizzle
2021-04-13,Pelawatte,31.7,73,0.0,Sunny
2021-04-13,Malabe,33.5,61,0.0,Sunny
2021-04-14,Nugegoda,30.9,68,1.0,Drizzle
2021-04-14,Maharagama,34.3,78,0.0,Sunny
2021-04-14,Kandy,26.9,70,0.0,Sunny
2021-04-14,Kirulapane,33.8,76,0.0,Sunny
2021-04-14,Wattala,33.7,72,6.6,Drizzle
2021-04-14,Colombo,34.7,65,0.0,Sunny
2021-04-14,Pelawatte,32.6,69,4.9,Drizzle
2021-04-14,Malabe,33.2,71,0.0,Sunny
2021-04-15,Nugegoda,33.5,66,0.0,Sunny
2021-04-15,Maharagama,34.0,78,0.4,Drizzle
2021-04-15,Kandy,32.5,89,0.0,Cloudy
2021-04-15,Kirulapane,34.1,78,0.0,Sunny
2021-04-15,Wattala,32.8,76,0.0,Sunny
2021-04-15,Colombo,31.9,77,0.0,Sunny
2021-04-15,Pelawatte,31.7,68,0.0,Sunny
2021-04-15,Malabe,34.1,78,0.0,Sunny
2021-04-16,Nugegoda,32.5,77,0.0,Sunny
2021-04-16,Maharagama,33.2,71,0.0,Sunny
2021-04-16,Kandy,29.1,73,0.0,Sunny
2021-04-16,Kirulapane,32.4,76,0.0,Sunny
2021-04-16,Wattala,33.8,76,0.0,Sunny
2021-04-16,Colombo,35.2,74,0.0,Sunny
2021-04-16,Pelawatte,33.2,71,3.2,Drizzle
2021-04-16,Malabe,31.0,72,8.0,Drizzle
2021-04-17,Nugegoda,31.8,69,0.0,Sunny
2021-04-17,Maharagama,33.1,78,0.0,Sunny
2021-04-17,Kandy,30.5,67,0.0,Sunny
2021-04-17,Kirulapane,32.6,70,1.4,Drizzle
2021-04-17,Wattala,31.0,67,0.0,Sunny
2021-04-17,Colombo,34.3,69,0.0,Sunny
2021-04-17,Pelawatte,31.7,65,0.0,Sunny
2021-04-17,Malabe,31.9,73,0.0,Sunny
2021-04-18,Nugegoda,32.7,76,0.0,Sunny
2021-04-18,Maharagama,30.7,76,0.0,Sunny
2021-04-18,Kandy,28.9,75,0.0,Sunny
2021-04-18,Kirulapane,31.7,65,0.0,Sunny
2021-04-18,Wattala,32.5,70,0.0,Sunny
2021-04-18,Colombo,34.8,70,0.0,Sunny
2021-04-18,Pelawatte,29.7,69,0.0,Sunny
2021-04-18,Malabe,31.3,70,2.6,Drizzle
2021-04-19,Nugegoda,31.1,68,0.0,Sunny
2021-04-19,Maharagama,32.6,75,0.0,Sunny
2021-04-19,Kandy,28.7,72,3.7,Drizzle
2021-04-19,Kirulapane,34.7,80,0.0,Sunny
2021-04-19,Wattala,33.7,68,4.9,Drizzle
2021-04-19,Colombo,30.1,78,1.3,Drizzle
2021-04-19,Pelawatte,34.0,75,0.0,Sunny
2021-04-19,Malabe,32.2,75,0.0,Sunny
2021-04-20,Nugegoda,34.1,79,0.0,Sunny
2021-04-20,Maharagama,32.6,72,1.2,Drizzle
2021-04-20,Kandy,30.4,73,0.0,Sunny
2021-04-20,Kirulapane,31.9,76,0.0,Sunny
2021-04-20,Wattala,32.5,73,0.0,Sunny
2021-04-20,Colombo,33.0,74,0.0,Sunny
2021-04-20,Pelawatte,31.8,65,0.0,Sunny
2021-04-20,Malabe,32.5,73,3.8,Drizzle
2021-04-21,Nugegoda,30.6,77,0.0,Sunny
2021-04-21,Maharagama,33.0,76,0.0,Sunny
2021-04-21,Kandy,28.3,70,0.0,Sunny
2021-04-21,Kirulapane,35.1,72,0.0,Sunny
2021-04-21,Wattala,31.6,75,0.0,Sunny
2021-04-21,Colombo,33.1,76,0.0,Sunny
2021-04-21,Pelawatte,32.6,77,0.0,Sunny
2021-04-21,Malabe,34.6,77,0.0,Sunny
2021-04-22,Nugegoda,31.4,74,0.0,Sunny
2021-04-22,Maharagama,32.7,77,0.0,Sunny
2021-04-22,Kandy,28.3,67,0.0,Sunny
2021-04-22,Kirulapane,34.2,77,0.0,Sunny
2021-04-22,Wattala,30.5,77,0.0,Sunny
2021-04-22,Colombo,30.1,63,0.0,Sunny
2021-04-22,Pelawatte,31.7,78,0.0,Sunny
2021-04-22,Malabe,31.5,74,0.0,Sunny
2021-04-23,Nugegoda,31.8,81,0.0,Sunny
2021-04-23,Maharagama,31.5,71,0.0,Sunny
2021-04-23,Kandy,30.7,75,0.0,Sunny
2021-04-23,Kirulapane,31.5,75,0.0,Sunny
2021-04-23,Wattala,30.9,69,0.0,Sunny
2021-04-23,Colombo,29.3,76,1.7,Drizzle
2021-04-23,Pelawatte,33.2,76,0.0,Sunny
2021-04-23,Malabe,30.8,67,0.0,Sunny
2021-04-24,Nugegoda,32.2,69,0.0,Sunny
2021-04-24,Maharagama,30.4,74,0.0,Sunny
2021-04-24,Kandy,30.9,76,7.8,Drizzle
2021-04-24,Kirulapane,31.9,81,0.0,Sunny
2021-04-24,Wattala,33.2,69,0.0,Sunny
2021-04-24,Colombo,30.9,77,0.0,Sunny
2021-04-24,Pelawatte,34.0,78,0.0,Sunny
2021-04-24,Malabe,32.1,76,1.7,Drizzle
2021-04-25,Nugegoda,32.2,72,0.0,Sunny
2021-04-25,Maharagama,30.4,76,0.2,Drizzle
2021-04-25,Kandy,27.4,71,0.0,Sunny
2021-04-25,Kirulapane,32.7,76,0.0,Sunny
2021-04-25,Wattala,30.1,64,3.1,Drizzle
2021-04-25,Colombo,34.1,79,0.0,Sunny
2021-04-25,Pelawatte,28.5,74,8.2,Drizzle
2021-04-25,Malabe,33.3,85,0.0,Sunny
2021-04-26,Nugegoda,31.1,75,0.0,Sunny
2021-04-26,Maharagama,33.2,69,0.0,Sunny
2021-04-26,Kandy,30.8,72,0.0,Sunny
2021-04-26,Kirulapane,28.5,75,0.1,Drizzle
2021-04-26,Wattala,36.4,68,0.0,Sunny
2021-04-26,Colombo,30.9,78,0.0,Sunny
2021-04-26,Pelawatte,32.9,82,7.2,Drizzle
2021-04-26,Malabe,33.0,75,0.0,Sunny
2021-04-27,Nugegoda,34.1,70,0.0,Sunny
2021-04-27,Maharagama,33.0,72,0.0,Sunny
2021-04-27,Kandy,28.3,73,0.0,Sunny
2021-04-27,Kirulapane,32.1,78,0.0,Sunny
2021-04-27,Wattala,31.6,75,0.0,Sunny
2021-04-27,Colombo,32.1,80,0.0,Sunny
2021-04-27,Pelawatte,29.7,77,0.0,Sunny
2021-04-27,Malabe,30.6,66,0.0,Sunny
2021-04-28,Nugegoda,31.6,62,0.0,Sunny
2021-04-28,Maharagama,34.4,78,0.0,Sunny
2021-04-28,Kandy,30.5,68,0.0,Sunny
2021-04-28,Kirulapane,32.9,81,0.0,Sunny
2021-04-28,Wattala,33.2,81,0.0,Sunny
2021-04-28,Colombo,33.6,77,2.9,Drizzle
2021-04-28,Pelawatte,33.1,69,3.9,Drizzle
2021-04-28,Malabe,31.4,76,0.0,Sunny
2021-04-29,Nugegoda,32.9,76,9.6,Drizzle
2021-04-29,Maharagama,33.3,81,0.0,Sunny
2021-04-29,Kandy,29.8,78,0.0,Sunny
2021-04-29,Kirulapane,32.4,67,5.0,Drizzle
2021-04-29,Wattala,31.2,70,0.0,Sunny
2021-04-29,Colombo,31.4,70,0.0,Sunny
2021-04-29,Pelawatte,32.5,78,0.8,Drizzle
2021-04-29,Malabe,32.8,71,0.0,Sunny
2021-04-30,Nugegoda,33.3,79,6.4,Drizzle
2021-04-30,Maharagama,33.9,68,1.2,Drizzle
2021-04-30,Kandy,29.8,76,0.0,Sunny
2021-04-30,Kirulapane,31.3,70,0.0,Sunny
2021-04-30,Wattala,33.2,67,1.2,Drizzle
2021-04-30,Colombo,34.1,76,0.0,Sunny
2021-04-30,Pelawatte,31.5,76,0.4,Drizzle
2021-04-30,Malabe,31.1,81,0.0,Sunny
2021-05-01,Nugegoda,33.0,74,0.0,Sunny
2021-05-01,Maharagama,30.6,87,27.4,Rainy
2021-05-01,Kandy,29.0,85,0.0,Sunny
2021-05-01,Kirulapane,31.8,85,0.0,Sunny
2021-05-01,Wattala,33.6,85,0.0,Sunny
2021-05-01,Colombo,32.4,79,0.0,Sunny
2021-05-01,Pelawatte,32.4,81,18.4,Rainy
2021-05-01,Malabe,29.8,85,0.0,Sunny
2021-05-02,Nugegoda,33.4,88,17.2,Rainy
2021-05-02,Maharagama,34.1,92,0.0,Cloudy
2021-05-02,Kandy,29.9,87,0.0,Cloudy
2021-05-02,Kirulapane,35.2,79,5.9,Drizzle
2021-05-02,Wattala,33.2,75,0.0,Sunny
2021-05-02,Colombo,32.2,84,9.0,Drizzle
2021-05-02,Pelawatte,33.4,86,0.0,Cloudy
2021-05-02,Malabe,32.4,78,13.5,Rainy
2021-05-03,Nugegoda,30.9,89,34.1,Storm
2021-05-03,Maharagama,32.5,75,14.1,Rainy
2021-05-03,Kandy,31.0,88,3.9,Drizzle
2021-05-03,Kirulapane,33.1,76,11.0,Rainy
2021-05-03,Wattala,33.3,77,7.3,Drizzle
2021-05-03,Colombo,33.9,84,0.0,Sunny
2021-05-03,Pelawatte,34.8,86,0.0,Cloudy
2021-05-03,Malabe,31.0,97,6.2,Drizzle
2021-05-04,Nugegoda,32.9,76,3.9,Drizzle
2021-05-04,Maharagama,32.7,85,10.8,Rainy
2021-05-04,Kandy,28.8,81,0.4,Drizzle
2021-05-04,Kirulapane,31.3,81,0.0,Sunny
2021-05-04,Wattala,30.8,85,0.0,Sunny
2021-05-04,Colombo,32.3,83,0.0,Sunny
2021-05-04,Pelawatte,33.8,78,70.7,Storm
2021-05-04,Malabe,32.9,82,7.5,Drizzle
2021-05-05,Nugegoda,31.7,81,44.4,Storm
2021-05-05,Maharagama,33.0,83,0.0,Sunny
2021-05-05,Kandy,29.2,78,0.9,Drizzle
2021-05-05,Kirulapane,31.5,78,0.0,Sunny
2021-05-05,Wattala,31.8,80,0.0,Sunny
2021-05-05,Colombo,29.9,79,0.0,Sunny
2021-05-05,Pelawatte,30.7,76,0.0,Sunny
2021-05-05,Malabe,31.9,79,5.3,Drizzle
2021-05-06,Nugegoda,31.8,82,2.8,Drizzle
2021-05-06,Maharagama,31.9,83,5.0,Drizzle
2021-05-06,Kandy,29.5,77,0.0,Sunny
2021-05-06,Kirulapane,34.5,83,1.8,Drizzle
2021-05-06,Wattala,32.8,95,0.0,Cloudy
2021-05-06,Colombo,30.4,85,0.0,Sunny
2021-05-06,Pelawatte,32.4,77,0.0,Sunny
2021-05-06,Malabe,30.7,70,15.5,Rainy
2021-05-07,Nugegoda,35.2,86,0.0,Cloudy
2021-05-07,Maharagama,31.9,86,9.3,Drizzle
2021-05-07,Kandy,29.1,86,2.6,Drizzle
2021-05-07,Kirulapane,35.1,81,0.0,Sunny
2021-05-07,Wattala,34.4,81,5.4,Drizzle
2021-05-07,Colombo,32.1,87,4.8,Drizzle
2021-05-07,Pelawatte,34.8,80,1.6,Drizzle
2021-05-07,Malabe,32.9,75,10.4,Rainy
2021-05-08,Nugegoda,35.8,81,3.1,Drizzle
2021-05-08,Maharagama,29.4,86,0.0,Cloudy
2021-05-08,Kandy,29.8,76,2.5,Drizzle
2021-05-08,Kirulapane,31.1,78,2.4,Drizzle
2021-05-08,Wattala,31.7,86,0.0,Cloudy
2021-05-08,Colombo,32.6,84,1.9,Drizzle
2021-05-08,Pelawatte,34.3,79,5.5,Drizzle
2021-05-08,Malabe,32.7,77,0.0,Sunny
2021-05-09,Nugegoda,31.7,84,13.4,Rainy
2021-05-09,Maharagama,31.5,78,0.0,Sunny
2021-05-09,Kandy,28.2,77,0.0,Sunny
2021-05-09,Kirulapane,32.9,83,0.0,Sunny
2021-05-09,Wattala,31.5,84,0.0,Sunny
2021-05-09,Colombo,31.4,80,8.0,Drizzle
2021-05-09,Pelawatte,31.1,78,0.0,Sunny
2021-05-09,Malabe,32.4,86,7.5,Drizzle
2021-05-10,Nugegoda,31.6,84,8.0,Drizzle
2021-05-10,Maharagama,35.4,74,92.7,Storm
2021-05-10,Kandy,28.7,88,0.0,Cloudy
2021-05-10,Kirulapane,31.6,76,8.6,Drizzle
2021-05-10,Wattala,33.7,83,0.0,Sunny
2021-05-10,Colombo,31.5,82,0.0,Sunny
2021-05-10,Pelawatte,29.4,90,21.9,Rainy
2021-05-10,Malabe,30.2,80,0.0,Sunny
2021-05-11,Nugegoda,31.6,83,11.2,Rainy
2021-05-11,Maharagama,31.3,79,0.0,Sunny
2021-05-11,Kandy,28.8,88,0.0,Cloudy
2021-05-11,Kirulapane,33.0,79,3.2,Drizzle
2021-05-11,Wattala,33.5,91,0.0,Cloudy
2021-05-11,Colombo,31.5,81,0.2,Drizzle
2021-05-11,Pelawatte,32.6,88,17.9,Rainy
2021-05-11,Malabe,31.4,75,0.4,Drizzle
2021-05-12,Nugegoda,32.6,83,32.5,Storm
2021-05-12,Maharagama,33.5,74,0.0,Sunny
2021-05-12,Kandy,30.8,79,35.3,Storm
2021-05-12,Kirulapane,33.0,84,3.9,Drizzle
2021-05-12,Wattala,33.8,89,0.0,Cloudy
2021-05-12,Colombo,30.9,75,1.0,Drizzle
2021-05-12,Pelawatte,30.0,80,5.0,Drizzle
2021-05-12,Malabe,31.8,76,0.0,Sunny
2021-05-13,Nugegoda,33.0,76,2.0,Drizzle
2021-05-13,Maharagama,32.4,84,0.0,Sunny
2021-05-13,Kandy,29.2,73,0.0,Sunny
2021-05-13,Kirulapane,33.7,86,0.0,Cloudy
2021-05-13,Wattala,31.1,90,6.2,Drizzle
2021-05-13,Colombo,32.1,84,14.1,Rainy
2021-05-13,Pelawatte,31.3,78,2.4,Drizzle
2021-05-13,Malabe,31.2,72,0.0,Sunny
2021-05-14,Nugegoda,33.0,79,9.1,Drizzle
2021-05-14,Maharagama,32.4,72,0.0,Sunny
2021-05-14,Kandy,27.4,91,2.2,Drizzle
2021-05-14,Kirulapane,32.7,76,27.9,Rainy
2021-05-14,Wattala,34.4,77,12.9,Rainy
2021-05-14,Colombo,35.4,86,27.4,Rainy
2021-05-14,Pelawatte,30.0,77,0.0,Sunny
2021-05-14,Malabe,33.2,84,1.3,Drizzle
2021-05-15,Nugegoda,30.8,94,0.0,Cloudy
2021-05-15,Maharagama,32.7,78,16.1,Rainy
2021-05-15,Kandy,29.6,80,9.1,Drizzle
2021-05-15,Kirulapane,29.9,84,0.0,Sunny
2021-05-15,Wattala,29.6,77,0.6,Drizzle
2021-05-15,Colombo,32.7,80,7.3,Drizzle
2021-05-15,Pelawatte,33.3,75,3.5,Drizzle
2021-05-15,Malabe,29.7,87,0.0,Cloudy
2021-05-16,Nugegoda,32.4,88,5.2,Drizzle
2021-05-16,Maharagama,34.2,79,0.0,Sunny
2021-05-16,Kandy,27.2,67,0.0,Sunny
2021-05-16,Kirulapane,31.7,75,0.0,Sunny
2021-05-16,Wattala,31.9,87,0.0,Cloudy
2021-05-16,Colombo,33.1,81,1.5,Drizzle
2021-05-16,Pelawatte,32.8,84,9.1,Drizzle
2021-05-16,Malabe,32.5,79,0.0,Sunny
2021-05-17,Nugegoda,33.2,77,0.0,Sunny
2021-05-17,Maharagama,35.1,84,0.9,Drizzle
2021-05-17,Kandy,28.1,80,11.4,Rainy
2021-05-17,Kirulapane,32.8,84,1.0,Drizzle
2021-05-17,Wattala,33.6,71,0.0,Sunny
2021-05-17,Colombo,33.1,84,0.0,Sunny
2021-05-17,Pelawatte,30.4,78,0.0,Sunny
2021-05-17,Malabe,30.9,73,0.0,Sunny
2021-05-18,Nugegoda,31.7,83,6.0,Drizzle
2021-05-18,Maharagama,31.9,80,0.0,Sunny
2021-05-18,Kandy,29.4,79,0.0,Sunny
2021-05-18,Kirulapane,32.7,87,3.2,Drizzle
2021-05-18,Wattala,35.1,82,38.1,Storm
2021-05-18,Colombo,33.0,80,0.0,Sunny
2021-05-18,Pelawatte,32.8,85,0.0,Sunny
2021-05-18,Malabe,34.7,79,9.1,Drizzle
2021-05-19,Nugegoda,31.4,91,0.0,Cloudy
2021-05-19,Maharagama,32.1,83,0.0,Sunny
2021-05-19,Kandy,31.3,82,6.8,Drizzle
2021-05-19,Kirulapane,33.6,80,3.5,Drizzle
2021-05-19,Wattala,32.4,88,8.7,Drizzle
2021-05-19,Colombo,33.5,73,4.7,Drizzle
2021-05-19,Pelawatte,32.4,84,0.0,Sunny
2021-05-19,Malabe,34.5,76,19.6,Rainy
2021-05-20,Nugegoda,32.3,84,18.4,Rainy
2021-05-20,Maharagama,32.6,80,12.9,Rainy
2021-05-20,Kandy,28.4,83,33.5,Storm
2021-05-20,Kirulapane,33.2,76,3.0,Drizzle
2021-05-20,Wattala,33.2,72,6.5,Drizzle
2021-05-20,Colombo,32.0,80,0.0,Sunny
2021-05-20,Pelawatte,33.1,83,0.0,Sunny
2021-05-20,Malabe,31.2,80,0.2,Drizzle
2021-05-21,Nugegoda,34.1,90,2.1,Drizzle
2021-05-21,Maharagama,31.9,79,24.3,Rainy
2021-05-21,Kandy,29.3,85,0.6,Drizzle
2021-05-21,Kirulapane,32.6,79,0.0,Sunny
2021-05-21,Wattala,32.6,79,0.0,Sunny
2021-05-21,Colombo,31.5,87,0.0,Cloudy
2021-05-21,Pelawatte,29.9,89,0.0,Cloudy
2021-05-21,Malabe,29.9,83,0.0,Sunny
2021-05-22,Nugegoda,33.2,80,0.0,Sunny
2021-05-22,Maharagama,31.6,82,0.0,Sunny
2021-05-22,Kandy,30.1,84,3.0,Drizzle
2021-05-22,Kirulapane,33.5,79,32.0,Storm
2021-05-22,Wattala,32.3,77,0.0,Sunny
2021-05-22,Colombo,33.5,78,0.6,Drizzle
2021-05-22,Pelawatte,28.1,80,0.0,Sunny
2021-05-22,Malabe,33.5,70,0.0,Sunny
2021-05-23,Nugegoda,34.5,83,0.0,Sunny
2021-05-23,Maharagama,32.2,81,0.0,Sunny
2021-05-23,Kandy,27.8,73,13.7,Rainy
2021-05-23,Kirulapane,34.9,77,2.6,Drizzle
2021-05-23,Wattala,30.5,85,26.1,Rainy
2021-05-23,Colombo,32.0,85,3.1,Drizzle
2021-05-23,Pelawatte,30.3,79,0.0,Sunny
2021-05-23,Malabe,33.3,86,0.0,Cloudy
2021-05-24,Nugegoda,30.8,80,16.1,Rainy
2021-05-24,Maharagama,34.6,76,0.0,Sunny
2021-05-24,Kandy,30.8,91,0.0,Cloudy
2021-05-24,Kirulapane,32.1,72,11.6,Rainy
2021-05-24,Wattala,30.2,72,4.8,Drizzle
2021-05-24,Colombo,34.2,83,0.0,Sunny
2021-05-24,Pelawatte,32.8,84,0.0,Sunny
2021-05-24,Malabe,34.7,83,0.0,Sunny
2021-05-25,Nugegoda,31.1,78,0.0,Sunny
2021-05-25,Maharagama,33.4,80,0.0,Sunny
2021-05-25,Kandy,30.9,84,4.7,Drizzle
2021-05-25,Kirulapane,33.9,90,11.1,Rainy
2021-05-25,Wattala,33.6,90,6.7,Drizzle
2021-05-25,Colombo,33.9,78,3.1,Drizzle
2021-05-25,Pelawatte,30.9,85,11.8,Rainy
2021-05-25,Malabe,31.3,85,0.0,Sunny
2021-05-26,Nugegoda,32.9,77,22.7,Rainy
2021-05-26,Maharagama,32.1,71,31.7,Storm
2021-05-26,Kandy,28.9,71,0.2,Drizzle
2021-05-26,Kirulapane,32.2,80,0.0,Sunny
2021-05-26,Wattala,30.9,91,9.5,Drizzle
2021-05-26,Colombo,31.7,77,0.0,Sunny
2021-05-26,Pelawatte,32.8,86,10.0,Drizzle
2021-05-26,Malabe,31.3,82,1.1,Drizzle
2021-05-27,Nugegoda,30.0,87,0.0,Cloudy
2021-05-27,Maharagama,30.9,80,0.0,Sunny
2021-05-27,Kandy,29.8,72,14.4,Rainy
2021-05-27,Kirulapane,32.7,82,13.5,Rainy
2021-05-27,Wattala,33.1,82,0.0,Sunny
2021-05-27,Colombo,33.5,76,12.1,Rainy
2021-05-27,Pelawatte,32.1,82,0.0,Sunny
2021-05-27,Malabe,34.2,75,0.0,Sunny
2021-05-28,Nugegoda,31.2,80,1.2,Drizzle
2021-05-28,Maharagama,31.4,83,6.2,Drizzle
2021-05-28,Kandy,30.8,85,0.0,Sunny
2021-05-28,Kirulapane,30.6,78,0.2,Drizzle
2021-05-28,Wattala,34.3,82,37.9,Storm
2021-05-28,Colombo,33.4,95,1.1,Drizzle
2021-05-28,Pelawatte,29.3,86,0.0,Cloudy
2021-05-28,Malabe,30.4,79,1.2,Drizzle
2021-05-29,Nugegoda,31.6,80,0.0,Sunny
2021-05-29,Maharagama,32.5,83,9.1,Drizzle
2021-05-29,Kandy,31.4,83,4.8,Drizzle
2021-05-29,Kirulapane,31.3,73,0.0,Sunny
2021-05-29,Wattala,30.8,87,0.0,Cloudy
2021-05-29,Colombo,31.1,83,0.0,Sunny
2021-05-29,Pelawatte,34.2,87,16.8,Rainy
2021-05-29,Malabe,32.5,87,15.7,Rainy
2021-05-30,Nugegoda,30.7,84,0.3,Drizzle
2021-05-30,Maharagama,31.8,73,11.5,Rainy
2021-05-30,Kandy,29.0,84,1.6,Drizzle
2021-05-30,Kirulapane,36.3,78,9.4,Drizzle
2021-05-30,Wattala,32.8,77,0.0,Sunny
2021-05-30,Colombo,33.5,75,0.0,Sunny
2021-05-30,Pelawatte,32.5,79,14.0,Rainy
2021-05-30,Malabe,31.2,76,11.4,Rainy
2021-05-31,Nugegoda,34.9,84,0.0,Sunny
2021-05-31,Maharagama,31.7,92,2.5,Drizzle
2021-05-31,Kandy,30.3,90,5.3,Drizzle
2021-05-31,Kirulapane,31.9,81,0.0,Sunny
2021-05-31,Wattala,31.0,88,0.0,Cloudy
2021-05-31,Colombo,34.6,79,7.3,Drizzle
2021-05-31,Pelawatte,33.5,81,0.0,Sunny
2021-05-31,Malabe,32.8,77,0.0,Sunny
2021-06-01,Nugegoda,28.1,81,5.0,Drizzle
2021-06-01,Maharagama,27.1,82,12.9,Rainy
2021-06-01,Kandy,24.3,73,1.5,Drizzle
2021-06-01,Kirulapane,28.7,86,5.9,Drizzle
2021-06-01,Wattala,27.9,91,12.5,Rainy
2021-06-01,Colombo,29.3,84,37.1,Storm
2021-06-01,Pelawatte,28.9,76,0.0,Sunny
2021-06-01,Malabe,26.3,89,0.0,Cloudy
2021-06-02,Nugegoda,28.6,77,2.1,Drizzle
2021-06-02,Maharagama,27.7,85,0.7,Drizzle
2021-06-02,Kandy,29.2,87,24.7,Rainy
2021-06-02,Kirulapane,26.2,86,0.0,Cloudy
2021-06-02,Wattala,27.8,82,10.0,Drizzle
2021-06-02,Colombo,28.7,86,4.2,Drizzle
2021-06-02,Pelawatte,28.9,81,6.8,Drizzle
2021-06-02,Malabe,27.9,82,33.7,Storm
2021-06-03,Nugegoda,29.8,89,21.2,Rainy
2021-06-03,Maharagama,28.9,77,0.0,Sunny
2021-06-03,Kandy,26.7,84,0.0,Sunny
2021-06-03,Kirulapane,29.8,77,0.5,Drizzle
2021-06-03,Wattala,29.7,69,10.4,Rainy
2021-06-03,Colombo,29.3,84,0.0,Sunny
2021-06-03,Pelawatte,28.0,79,7.0,Drizzle
2021-06-03,Malabe,27.1,89,0.7,Drizzle
2021-06-04,Nugegoda,30.3,83,5.8,Drizzle
2021-06-04,Maharagama,28.6,74,0.0,Sunny
2021-06-04,Kandy,26.6,84,0.0,Sunny
2021-06-04,Kirulapane,30.7,79,9.7,Drizzle
2021-06-04,Wattala,29.7,87,18.4,Rainy
2021-06-04,Colombo,26.7,90,0.0,Cloudy
2021-06-04,Pelawatte,32.4,86,0.0,Cloudy
2021-06-04,Malabe,30.7,91,2.5,Drizzle
2021-06-05,Nugegoda,29.2,78,0.0,Sunny
2021-06-05,Maharagama,26.7,82,0.0,Sunny
2021-06-05,Kandy,25.8,77,0.0,Sunny
2021-06-05,Kirulapane,28.2,79,5.9,Drizzle
2021-06-05,Wattala,28.8,79,8.6,Drizzle
2021-06-05,Colombo,25.4,80,21.9,Rainy
2021-06-05,Pelawatte,29.0,76,0.8,Drizzle
2021-06-05,Malabe,29.2,78,10.0,Drizzle
2021-06-06,Nugegoda,29.2,87,0.0,Cloudy
2021-06-06,Maharagama,32.2,84,0.0,Sunny
2021-06-06,Kandy,25.3,80,0.0,Sunny
2021-06-06,Kirulapane,26.5,82,5.3,Drizzle
2021-06-06,Wattala,30.5,71,0.0,Sunny
2021-06-06,Colombo,27.3,90,8.1,Drizzle
2021-06-06,Pelawatte,28.5,81,0.0,Sunny
2021-06-06,Malabe,29.2,84,0.0,Sunny
2021-06-07,Nugegoda,27.6,74,3.2,Drizzle
2021-06-07,Maharagama,29.9,87,9.5,Drizzle
2021-06-07,Kandy,27.2,81,0.0,Sunny
2021-06-07,Kirulapane,27.7,75,18.3,Rainy
2021-06-07,Wattala,29.1,82,0.0,Sunny
2021-06-07,Colombo,26.7,73,0.0,Sunny
2021-06-07,Pelawatte,29.8,79,0.0,Sunny
2021-06-07,Malabe,28.2,89,10.4,Rainy
2021-06-08,Nugegoda,29.7,84,24.2,Rainy
2021-06-08,Maharagama,29.2,80,1.8,Drizzle
2021-06-08,Kandy,27.9,70,6.2,Drizzle
2021-06-08,Kirulapane,29.2,82,1.7,Drizzle
2021-06-08,Wattala,27.6,90,1.7,Drizzle
2021-06-08,Colombo,31.1,76,0.0,Sunny
2021-06-08,Pelawatte,26.3,76,10.8,Rainy
2021-06-08,Malabe,27.2,83,0.0,Sunny
2021-06-09,Nugegoda,32.1,89,2.8,Drizzle
2021-06-09,Maharagama,30.8,78,10.0,Drizzle
2021-06-09,Kandy,27.3,76,0.0,Sunny
2021-06-09,Kirulapane,30.0,86,11.3,Rainy
2021-06-09,Wattala,27.3,81,0.0,Sunny
2021-06-09,Colombo,31.7,74,0.0,Sunny
2021-06-09,Pelawatte,26.2,81,15.9,Rainy
2021-06-09,Malabe,29.1,80,0.0,Sunny
2021-06-10,Nugegoda,28.8,75,0.0,Sunny
2021-06-10,Maharagama,30.3,92,0.0,Cloudy
2021-06-10,Kandy,27.4,82,0.0,Sunny
2021-06-10,Kirulapane,30.4,82,10.9,Rainy
2021-06-10,Wattala,28.6,88,16.6,Rainy
2021-06-10,Colombo,29.2,86,2.4,Drizzle
2021-06-10,Pelawatte,27.8,78,3.4,Drizzle
2021-06-10,Malabe,29.8,72,10.6,Rainy
2021-06-11,Nugegoda,31.9,75,1.0,Drizzle
2021-06-11,Maharagama,26.8,82,0.0,Sunny
2021-06-11,Kandy,27.9,80,0.0,Sunny
2021-06-11,Kirulapane,31.0,87,19.2,Rainy
2021-06-11,Wattala,32.5,74,13.1,Rainy
2021-06-11,Colombo,29.7,82,69.5,Storm
2021-06-11,Pelawatte,27.5,87,25.4,Rainy
2021-06-11,Malabe,28.6,84,3.0,Drizzle
2021-06-12,Nugegoda,32.1,82,3.3,Drizzle
2021-06-12,Maharagama,30.2,85,0.0,Sunny
2021-06-12,Kandy,24.0,79,0.0,Sunny
2021-06-12,Kirulapane,29.8,82,0.0,Sunny
2021-06-12,Wattala,30.0,85,0.0,Sunny
2021-06-12,Colombo,28.9,84,1.7,Drizzle
2021-06-12,Pelawatte,30.8,86,10.3,Rainy
2021-06-12,Malabe,29.0,74,0.0,Sunny
2021-06-13,Nugegoda,31.8,77,16.4,Rainy
2021-06-13,Maharagama,28.2,74,3.8,Drizzle
2021-06-13,Kandy,26.9,78,28.8,Rainy
2021-06-13,Kirulapane,31.0,78,27.3,Rainy
2021-06-13,Wattala,28.5,83,37.6,Storm
2021-06-13,Colombo,26.7,76,0.0,Sunny
2021-06-13,Pelawatte,27.5,81,3.4,Drizzle
2021-06-13,Malabe,30.5,79,0.0,Sunny
2021-06-14,Nugegoda,30.2,79,0.0,Sunny
2021-06-14,Maharagama,28.2,84,14.1,Rainy
2021-06-14,Kandy,26.2,83,4.8,Drizzle
2021-06-14,Kirulapane,32.3,82,0.0,Sunny
2021-06-14,Wattala,28.5,78,0.0,Sunny
2021-06-14,Colombo,28.8,83,0.0,Sunny
2021-06-14,Pelawatte,30.1,84,0.0,Sunny
2021-06-14,Malabe,30.2,79,1.7,Drizzle
2021-06-15,Nugegoda,30.5,86,13.6,Rainy
2021-06-15,Maharagama,29.8,80,0.0,Sunny
2021-06-15,Kandy,26.1,81,7.7,Drizzle
2021-06-15,Kirulapane,28.5,87,2.2,Drizzle
2021-06-15,Wattala,29.3,88,2.5,Drizzle
2021-06-15,Colombo,29.1,91,0.0,Cloudy
2021-06-15,Pelawatte,30.9,81,21.2,Rainy
2021-06-15,Malabe,28.1,83,0.0,Sunny
2021-06-16,Nugegoda,30.8,87,5.4,Drizzle
2021-06-16,Maharagama,29.5,85,1.4,Drizzle
2021-06-16,Kandy,27.4,80,0.6,Drizzle
2021-06-16,Kirulapane,29.1,82,0.0,Sunny
2021-06-16,Wattala,27.6,77,34.2,Storm
2021-06-16,Colombo,30.5,78,0.0,Sunny
2021-06-16,Pelawatte,29.6,82,0.0,Sunny
2021-06-16,Malabe,26.9,75,8.8,Drizzle
2021-06-17,Nugegoda,30.5,81,8.5,Drizzle
2021-06-17,Maharagama,27.3,82,0.0,Sunny
2021-06-17,Kandy,25.7,81,13.1,Rainy
2021-06-17,Kirulapane,26.7,90,0.0,Cloudy
2021-06-17,Wattala,28.1,84,0.0,Sunny
2021-06-17,Colombo,27.5,91,7.4,Drizzle
2021-06-17,Pelawatte,30.3,77,8.6,Drizzle
2021-06-17,Malabe,30.3,73,0.0,Sunny
2021-06-18,Nugegoda,30.2,81,0.0,Sunny
2021-06-18,Maharagama,26.9,79,0.0,Sunny
2021-06-18,Kandy,24.9,84,1.5,Drizzle
2021-06-18,Kirulapane,29.2,80,0.0,Sunny
2021-06-18,Wattala,27.5,81,0.0,Sunny
2021-06-18,Colombo,27.1,74,11.7,Rainy
2021-06-18,Pelawatte,28.1,83,0.4,Drizzle
2021-06-18,Malabe,28.8,79,0.0,Sunny
2021-06-19,Nugegoda,28.0,72,13.5,Rainy
2021-06-19,Maharagama,30.7,82,0.0,Sunny
2021-06-19,Kandy,26.4,81,7.9,Drizzle
2021-06-19,Kirulapane,29.4,73,58.1,Storm
2021-06-19,Wattala,27.5,88,0.1,Drizzle
2021-06-19,Colombo,26.9,79,0.0,Sunny
2021-06-19,Pelawatte,30.5,79,0.0,Sunny
2021-06-19,Malabe,27.4,78,0.0,Sunny
2021-06-20,Nugegoda,26.3,84,6.5,Drizzle
2021-06-20,Maharagama,30.4,80,28.3,Rainy
2021-06-20,Kandy,22.9,81,1.4,Drizzle
2021-06-20,Kirulapane,27.4,76,0.0,Sunny
2021-06-20,Wattala,29.7,79,1.6,Drizzle
2021-06-20,Colombo,27.7,83,0.9,Drizzle
2021-06-20,Pelawatte,29.3,88,0.0,Cloudy
2021-06-20,Malabe,28.7,83,23.1,Rainy
2021-06-21,Nugegoda,29.0,80,0.0,Sunny
2021-06-21,Maharagama,28.0,77,4.1,Drizzle
2021-06-21,Kandy,23.9,73,9.4,Drizzle
2021-06-21,Kirulapane,29.7,77,2.2,Drizzle
2021-06-21,Wattala,29.1,72,19.1,Rainy
2021-06-21,Colombo,30.2,88,2.0,Drizzle
2021-06-21,Pelawatte,27.7,82,5.7,Drizzle
2021-06-21,Malabe,28.2,81,0.0,Sunny
2021-06-22,Nugegoda,28.4,81,2.4,Drizzle
2021-06-22,Maharagama,29.8,81,0.0,Sunny
2021-06-22,Kandy,25.4,83,0.0,Sunny
2021-06-22,Kirulapane,31.0,79,5.0,Drizzle
2021-06-22,Wattala,27.2,84,0.0,Sunny
2021-06-22,Colombo,29.4,86,0.0,Cloudy
2021-06-22,Pelawatte,28.7,79,4.5,Drizzle
2021-06-22,Malabe,26.9,88,0.0,Cloudy
2021-06-23,Nugegoda,30.9,83,0.0,Sunny
2021-06-23,Maharagama,28.6,80,0.0,Sunny
2021-06-23,Kandy,27.5,75,0.0,Sunny
2021-06-23,Kirulapane,27.5,89,0.0,Cloudy
2021-06-23,Wattala,28.8,74,19.4,Rainy
2021-06-23,Colombo,28.5,86,13.8,Rainy
2021-06-23,Pelawatte,28.5,81,0.0,Sunny
2021-06-23,Malabe,28.1,75,1.0,Drizzle
2021-06-24,Nugegoda,28.3,78,1.1,Drizzle
2021-06-24,Maharagama,27.4,81,4.4,Drizzle
2021-06-24,Kandy,26.5,90,0.0,Cloudy
2021-06-24,Kirulapane,31.3,94,0.0,Cloudy
2021-06-24,Wattala,27.4,74,0.0,Sunny
2021-06-24,Colombo,29.6,81,0.0,Sunny
2021-06-24,Pelawatte,30.4,83,0.0,Sunny
2021-06-24,Malabe,28.6,73,0.0,Sunny
2021-06-25,Nugegoda,29.5,82,6.6,Drizzle
2021-06-25,Maharagama,29.4,81,7.1,Drizzle
2021-06-25,Kandy,22.7,81,0.0,Sunny
2021-06-25,Kirulapane,31.3,83,20.0,Rainy
2021-06-25,Wattala,27.8,72,0.0,Sunny
2021-06-25,Colombo,30.8,79,0.0,Sunny
2021-06-25,Pelawatte,31.1,85,19.6,Rainy
2021-06-25,Malabe,28.5,87,0.6,Drizzle
2021-06-26,Nugegoda,31.5,77,0.0,Sunny
2021-06-26,Maharagama,27.9,88,12.1,Rainy
2021-06-26,Kandy,26.9,78,9.5,Drizzle
2021-06-26,Kirulapane,28.0,77,16.6,Rainy
2021-06-26,Wattala,26.8,81,0.0,Sunny
2021-06-26,Colombo,27.7,69,0.0,Sunny
2021-06-26,Pelawatte,31.8,83,0.0,Sunny
2021-06-26,Malabe,27.4,81,0.0,Sunny
2021-06-27,Nugegoda,30.4,84,9.6,Drizzle
2021-06-27,Maharagama,29.7,78,11.0,Rainy
2021-06-27,Kandy,27.3,85,0.0,Sunny
2021-06-27,Kirulapane,26.2,86,12.5,Rainy
2021-06-27,Wattala,28.5,78,0.0,Sunny
2021-06-27,Colombo,26.5,89,7.7,Drizzle
2021-06-27,Pelawatte,28.4,86,24.5,Rainy
2021-06-27,Malabe,29.1,81,0.0,Sunny
2021-06-28,Nugegoda,28.6,75,2.2,Drizzle
2021-06-28,Maharagama,29.5,91,12.1,Rainy
2021-06-28,Kandy,25.1,78,0.0,Sunny
2021-06-28,Kirulapane,29.9,72,0.0,Sunny
2021-06-28,Wattala,27.9,91,0.0,Cloudy
2021-06-28,Colombo,29.5,82,0.0,Sunny
2021-06-28,Pelawatte,28.1,83,4.3,Drizzle
2021-06-28,Malabe,32.7,88,11.0,Rainy
2021-06-29,Nugegoda,28.4,76,11.5,Rainy
2021-06-29,Maharagama,29.1,82,0.0,Sunny
2021-06-29,Kandy,26.9,76,11.7,Rainy
2021-06-29,Kirulapane,28.6,94,0.0,Cloudy
2021-06-29,Wattala,29.4,71,0.0,Sunny
2021-06-29,Colombo,28.2,84,1.1,Drizzle
2021-06-29,Pelawatte,31.9,78,6.9,Drizzle
2021-06-29,Malabe,29.7,73,5.1,Drizzle
2021-06-30,Nugegoda,25.9,82,0.0,Sunny
2021-06-30,Maharagama,29.0,79,4.9,Drizzle
2021-06-30,Kandy,28.5,83,8.0,Drizzle
2021-06-30,Kirulapane,32.6,83,0.0,Sunny
2021-06-30,Wattala,24.9,78,0.0,Sunny
2021-06-30,Colombo,27.9,78,8.4,Drizzle
2021-06-30,Pelawatte,27.5,82,0.0,Sunny
2021-06-30,Malabe,30.8,80,3.7,Drizzle
2021-07-01,Nugegoda,28.2,81,0.0,Sunny
2021-07-01,Maharagama,31.5,91,4.8,Drizzle
2021-07-01,Kandy,25.0,80,5.5,Drizzle
2021-07-01,Kirulapane,29.3,80,40.7,Storm
2021-07-01,Wattala,31.4,86,4.0,Drizzle
2021-07-01,Colombo,27.9,92,0.0,Cloudy
2021-07-01,Pelawatte,27.8,86,0.0,Cloudy
2021-07-01,Malabe,30.3,81,11.3,Rainy
2021-07-02,Nugegoda,26.6,83,5.0,Drizzle
2021-07-02,Maharagama,29.3,87,8.7,Drizzle
2021-07-02,Kandy,25.8,83,11.1,Rainy
2021-07-02,Kirulapane,29.4,79,0.0,Sunny
2021-07-02,Wattala,27.5,83,0.0,Sunny
2021-07-02,Colombo,28.2,89,25.4,Rainy
2021-07-02,Pelawatte,30.1,83,11.7,Rainy
2021-07-02,Malabe,28.4,78,0.0,Sunny
2021-07-03,Nugegoda,29.3,83,13.5,Rainy
2021-07-03,Maharagama,27.6,79,0.0,Sunny
2021-07-03,Kandy,23.7,81,11.5,Rainy
2021-07-03,Kirulapane,28.9,80,7.6,Drizzle
2021-07-03,Wattala,28.4,80,2.7,Drizzle
2021-07-03,Colombo,28.4,89,10.0,Drizzle
2021-07-03,Pelawatte,31.0,80,26.0,Rainy
2021-07-03,Malabe,29.1,77,0.0,Sunny
2021-07-04,Nugegoda,30.7,80,0.0,Sunny
2021-07-04,Maharagama,29.3,84,0.0,Sunny
2021-07-04,Kandy,25.8,83,0.0,Sunny
2021-07-04,Kirulapane,30.5,85,0.0,Sunny
2021-07-04,Wattala,29.9,79,16.1,Rainy
2021-07-04,Colombo,28.8,78,4.0,Drizzle
2021-07-04,Pelawatte,31.0,86,45.1,Storm
2021-07-04,Malabe,30.8,79,6.8,Drizzle
2021-07-05,Nugegoda,28.7,83,35.4,Storm
2021-07-05,Maharagama,28.0,76,16.9,Rainy
2021-07-05,Kandy,28.3,74,0.0,Sunny
2021-07-05,Kirulapane,27.7,85,0.7,Drizzle
2021-07-05,Wattala,28.6,72,0.0,Sunny
2021-07-05,Colombo,27.3,73,0.7,Drizzle
2021-07-05,Pelawatte,30.4,83,2.0,Drizzle
2021-07-05,Malabe,31.5,87,6.5,Drizzle
2021-07-06,Nugegoda,27.9,90,0.0,Cloudy
2021-07-06,Maharagama,28.6,82,0.0,Sunny
2021-07-06,Kandy,25.9,83,8.4,Drizzle
2021-07-06,Kirulapane,29.4,84,10.5,Rainy
2021-07-06,Wattala,29.6,83,7.3,Drizzle
2021-07-06,Colombo,25.5,79,0.0,Sunny
2021-07-06,Pelawatte,28.2,83,23.8,Rainy
2021-07-06,Malabe,27.9,81,9.6,Drizzle
2021-07-07,Nugegoda,30.5,80,2.7,Drizzle
2021-07-07,Maharagama,29.3,88,0.0,Cloudy
2021-07-07,Kandy,26.0,84,4.1,Drizzle
2021-07-07,Kirulapane,30.7,81,0.0,Sunny
2021-07-07,Wattala,28.6,80,0.0,Sunny
2021-07-07,Colombo,28.8,89,0.0,Cloudy
2021-07-07,Pelawatte,28.3,77,33.7,Storm
2021-07-07,Malabe,27.0,81,0.0,Sunny
2021-07-08,Nugegoda,31.7,80,49.4,Storm
2021-07-08,Maharagama,27.5,86,2.4,Drizzle
2021-07-08,Kandy,25.3,83,7.6,Drizzle
2021-07-08,Kirulapane,27.0,91,0.0,Cloudy
2021-07-08,Wattala,29.6,83,6.8,Drizzle
2021-07-08,Colombo,26.4,95,5.9,Drizzle
2021-07-08,Pelawatte,30.6,74,0.0,Sunny
2021-07-08,Malabe,29.0,84,7.2,Drizzle
2021-07-09,Nugegoda,29.4,76,4.0,Drizzle
2021-07-09,Maharagama,28.0,74,80.6,Storm
2021-07-09,Kandy,26.2,78,1.0,Drizzle
2021-07-09,Kirulapane,28.7,76,0.0,Sunny
2021-07-09,Wattala,27.7,76,1.1,Drizzle
2021-07-09,Colombo,28.8,84,0.0,Sunny
2021-07-09,Pelawatte,29.1,84,0.2,Drizzle
2021-07-09,Malabe,28.5,73,14.2,Rainy
2021-07-10,Nugegoda,29.5,72,9.1,Drizzle
2021-07-10,Maharagama,27.2,80,45.5,Storm
2021-07-10,Kandy,26.0,87,0.0,Cloudy
2021-07-10,Kirulapane,29.4,74,0.0,Sunny
2021-07-10,Wattala,29.4,82,0.0,Sunny
2021-07-10,Colombo,30.9,78,2.2,Drizzle
2021-07-10,Pelawatte,26.7,76,6.8,Drizzle
2021-07-10,Malabe,28.9,89,0.0,Cloudy
2021-07-11,Nugegoda,26.2,86,0.0,Cloudy
2021-07-11,Maharagama,27.9,78,0.0,Sunny
2021-07-11,Kandy,26.2,92,0.0,Cloudy
2021-07-11,Kirulapane,29.1,84,0.0,Sunny
2021-07-11,Wattala,29.3,76,24.3,Rainy
2021-07-11,Colombo,31.4,85,5.6,Drizzle
2021-07-11,Pelawatte,28.9,77,6.0,Drizzle
2021-07-11,Malabe,28.4,84,0.0,Sunny
2021-07-12,Nugegoda,30.1,80,40.8,Storm
2021-07-12,Maharagama,26.2,79,9.0,Drizzle
2021-07-12,Kandy,24.3,86,16.0,Rainy
2021-07-12,Kirulapane,26.6,75,4.6,Drizzle
2021-07-12,Wattala,26.0,81,0.0,Sunny
2021-07-12,Colombo,27.0,71,10.3,Rainy
2021-07-12,Pelawatte,30.7,86,0.0,Cloudy
2021-07-12,Malabe,29.4,78,0.0,Sunny
2021-07-13,Nugegoda,31.3,85,0.0,Sunny
2021-07-13,Maharagama,28.8,88,2.9,Drizzle
2021-07-13,Kandy,27.8,74,0.0,Sunny
2021-07-13,Kirulapane,28.4,78,3.3,Drizzle
2021-07-13,Wattala,28.4,75,14.6,Rainy
2021-07-13,Colombo,28.1,75,0.0,Sunny
2021-07-13,Pelawatte,28.1,85,0.0,Sunny
2021-07-13,Malabe,27.3,77,0.0,Sunny
2021-07-14,Nugegoda,29.7,83,22.4,Rainy
2021-07-14,Maharagama,31.1,76,0.0,Sunny
2021-07-14,Kandy,26.2,80,0.1,Drizzle
2021-07-14,Kirulapane,26.4,77,14.2,Rainy
2021-07-14,Wattala,27.9,87,0.0,Cloudy
2021-07-14,Colombo,28.3,73,0.0,Sunny
2021-07-14,Pelawatte,30.0,76,11.3,Rainy
2021-07-14,Malabe,29.6,89,3.9,Drizzle
2021-07-15,Nugegoda,25.9,80,0.0,Sunny
2021-07-15,Maharagama,29.3,86,12.0,Rainy
2021-07-15,Kandy,25.0,82,0.0,Sunny
2021-07-15,Kirulapane,26.1,81,2.4,Drizzle
2021-07-15,Wattala,25.9,82,3.6,Drizzle
2021-07-15,Colombo,27.4,81,31.5,Storm
2021-07-15,Pelawatte,29.6,85,0.0,Sunny
2021-07-15,Malabe,30.0,84,0.0,Sunny
2021-07-16,Nugegoda,29.5,77,21.6,Rainy
2021-07-16,Maharagama,31.8,86,7.4,Drizzle
2021-07-16,Kandy,25.2,82,0.0,Sunny
2021-07-16,Kirulapane,28.8,77,4.2,Drizzle
2021-07-16,Wattala,27.4,82,0.0,Sunny
2021-07-16,Colombo,28.2,84,1.3,Drizzle
2021-07-16,Pelawatte,25.4,92,1.4,Drizzle
2021-07-16,Malabe,30.3,83,21.1,Rainy
2021-07-17,Nugegoda,28.0,82,1.4,Drizzle
2021-07-17,Maharagama,28.4,78,5.8,Drizzle
2021-07-17,Kandy,26.2,84,21.6,Rainy
2021-07-17,Kirulapane,28.1,83,16.0,Rainy
2021-07-17,Wattala,30.3,75,0.0,Sunny
2021-07-17,Colombo,29.5,81,0.0,Sunny
2021-07-17,Pelawatte,30.6,86,0.0,Cloudy
2021-07-17,Malabe,31.0,88,1.6,Drizzle
2021-07-18,Nugegoda,28.8,86,0.0,Cloudy
2021-07-18,Maharagama,30.6,79,0.0,Sunny
2021-07-18,Kandy,25.0,81,6.7,Drizzle
2021-07-18,Kirulapane,30.2,81,0.0,Sunny
2021-07-18,Wattala,29.4,72,0.0,Sunny
2021-07-18,Colombo,28.9,83,7.8,Drizzle
2021-07-18,Pelawatte,31.1,76,13.0,Rainy
2021-07-18,Malabe,27.5,86,0.0,Cloudy
2021-07-19,Nugegoda,29.5,77,0.0,Sunny
2021-07-19,Maharagama,30.5,83,26.6,Rainy
2021-07-19,Kandy,23.3,70,1.0,Drizzle
2021-07-19,Kirulapane,30.5,84,3.4,Drizzle
2021-07-19,Wattala,30.8,80,25.2,Rainy
2021-07-19,Colombo,29.5,74,0.0,Sunny
2021-07-19,Pelawatte,29.8,85,0.6,Drizzle
2021-07-19,Malabe,28.7,87,0.0,Cloudy
2021-07-20,Nugegoda,27.7,82,17.0,Rainy
2021-07-20,Maharagama,27.1,83,2.5,Drizzle
2021-07-20,Kandy,27.7,83,0.0,Sunny
2021-07-20,Kirulapane,29.1,79,20.5,Rainy
2021-07-20,Wattala,27.3,75,10.9,Rainy
2021-07-20,Colombo,30.1,88,0.0,Cloudy
2021-07-20,Pelawatte,30.3,87,0.0,Cloudy
2021-07-20,Malabe,27.7,80,1.7,Drizzle
2021-07-21,Nugegoda,30.3,84,39.5,Storm
2021-07-21,Maharagama,27.3,84,0.0,Sunny
2021-07-21,Kandy,26.5,88,11.6,Rainy
2021-07-21,Kirulapane,30.1,86,21.6,Rainy
2021-07-21,Wattala,28.3,85,12.3,Rainy
2021-07-21,Colombo,29.3,81,0.4,Drizzle
2021-07-21,Pelawatte,27.2,83,14.9,Rainy
2021-07-21,Malabe,28.2,78,0.0,Sunny
2021-07-22,Nugegoda,29.6,79,8.3,Drizzle
2021-07-22,Maharagama,27.1,85,0.0,Sunny
2021-07-22,Kandy,27.3,90,16.9,Rainy
2021-07-22,Kirulapane,28.2,72,6.2,Drizzle
2021-07-22,Wattala,27.6,75,0.0,Sunny
2021-07-22,Colombo,29.5,81,0.0,Sunny
2021-07-22,Pelawatte,30.0,83,2.2,Drizzle
2021-07-22,Malabe,28.9,84,35.0,Storm
2021-07-23,Nugegoda,27.2,87,2.5,Drizzle
2021-07-23,Maharagama,28.1,80,1.9,Drizzle
2021-07-23,Kandy,25.7,77,19.1,Rainy
2021-07-23,Kirulapane,27.3,84,1.2,Drizzle
2021-07-23,Wattala,28.3,87,0.0,Cloudy
2021-07-23,Colombo,32.0,84,0.0,Sunny
2021-07-23,Pelawatte,26.9,85,0.5,Drizzle
2021-07-23,Malabe,30.5,81,10.1,Rainy
2021-07-24,Nugegoda,29.8,77,0.0,Sunny
2021-07-24,Maharagama,27.4,85,0.0,Sunny
2021-07-24,Kandy,26.3,80,0.0,Sunny
2021-07-24,Kirulapane,31.3,75,0.0,Sunny
2021-07-24,Wattala,26.3,79,17.2,Rainy
2021-07-24,Colombo,29.2,81,0.0,Sunny
2021-07-24,Pelawatte,28.8,81,0.0,Sunny
2021-07-24,Malabe,29.3,85,0.0,Sunny
2021-07-25,Nugegoda,30.3,77,0.0,Sunny
2021-07-25,Maharagama,31.2,74,0.0,Sunny
2021-07-25,Kandy,25.2,85,12.7,Rainy
2021-07-25,Kirulapane,31.4,73,0.0,Sunny
2021-07-25,Wattala,30.2,79,88.1,Storm
2021-07-25,Colombo,28.0,77,0.0,Sunny
2021-07-25,Pelawatte,31.2,82,1.8,Drizzle
2021-07-25,Malabe,28.2,77,1.3,Drizzle
2021-07-26,Nugegoda,30.2,79,5.7,Drizzle
2021-07-26,Maharagama,28.6,78,47.8,Storm
2021-07-26,Kandy,24.2,91,0.0,Cloudy
2021-07-26,Kirulapane,28.5,81,0.7,Drizzle
2021-07-26,Wattala,29.3,77,31.7,Storm
2021-07-26,Colombo,30.8,81,7.1,Drizzle
2021-07-26,Pelawatte,30.5,86,2.3,Drizzle
2021-07-26,Malabe,31.0,75,0.0,Sunny
2021-07-27,Nugegoda,29.8,71,67.0,Storm
2021-07-27,Maharagama,31.0,81,0.0,Sunny
2021-07-27,Kandy,26.6,88,26.1,Rainy
2021-07-27,Kirulapane,31.6,74,0.0,Sunny
2021-07-27,Wattala,27.4,80,0.0,Sunny
2021-07-27,Colombo,27.9,78,0.0,Sunny
2021-07-27,Pelawatte,29.1,71,2.1,Drizzle
2021-07-27,Malabe,28.6,87,0.0,Cloudy
2021-07-28,Nugegoda,29.1,80,7.3,Drizzle
2021-07-28,Maharagama,28.6,82,0.0,Sunny
2021-07-28,Kandy,25.3,90,15.8,Rainy
2021-07-28,Kirulapane,30.0,79,10.7,Rainy
2021-07-28,Wattala,28.0,78,11.9,Rainy
2021-07-28,Colombo,28.5,88,0.0,Cloudy
2021-07-28,Pelawatte,29.6,86,7.1,Drizzle
2021-07-28,Malabe,26.8,81,0.0,Sunny
2021-07-29,Nugegoda,26.0,67,10.0,Drizzle
2021-07-29,Maharagama,31.6,80,10.6,Rainy
2021-07-29,Kandy,23.9,81,7.5,Drizzle
2021-07-29,Kirulapane,29.4,81,0.0,Sunny
2021-07-29,Wattala,29.1,85,12.0,Rainy
2021-07-29,Colombo,27.4,82,5.7,Drizzle
2021-07-29,Pelawatte,29.4,77,7.1,Drizzle
2021-07-29,Malabe,28.0,85,2.2,Drizzle
2021-07-30,Nugegoda,30.1,81,0.0,Sunny
2021-07-30,Maharagama,29.8,68,1.1,Drizzle
2021-07-30,Kandy,27.0,73,0.0,Sunny
2021-07-30,Kirulapane,27.1,85,15.2,Rainy
2021-07-30,Wattala,30.0,87,0.0,Cloudy
2021-07-30,Colombo,27.2,78,0.0,Sunny
2021-07-30,Pelawatte,31.2,78,0.0,Sunny
2021-07-30,Malabe,28.0,78,4.0,Drizzle
2021-07-31,Nugegoda,26.8,79,0.2,Drizzle
2021-07-31,Maharagama,27.1,75,0.0,Sunny
2021-07-31,Kandy,27.4,84,1.9,Drizzle
2021-07-31,Kirulapane,29.7,79,11.5,Rainy
2021-07-31,Wattala,29.2,79,0.0,Sunny
2021-07-31,Colombo,30.9,78,20.0,Rainy
2021-07-31,Pelawatte,29.9,81,6.3,Drizzle
2021-07-31,Malabe,28.9,89,0.0,Cloudy
2021-08-01,Nugegoda,28.1,84,19.6,Rainy
2021-08-01,Maharagama,28.3,85,36.5,Storm
2021-08-01,Kandy,29.6,87,0.0,Cloudy
2021-08-01,Kirulapane,29.1,80,32.3,Storm
2021-08-01,Wattala,30.5,84,0.0,Sunny
2021-08-01,Colombo,26.0,92,8.3,Drizzle
2021-08-01,Pelawatte,29.3,79,8.4,Drizzle
2021-08-01,Malabe,28.9,89,1.9,Drizzle
2021-08-02,Nugegoda,27.4,84,24.7,Rainy
2021-08-02,Maharagama,27.4,83,39.3,Storm
2021-08-02,Kandy,24.8,82,11.8,Rainy
2021-08-02,Kirulapane,30.2,78,20.4,Rainy
2021-08-02,Wattala,29.0,84,0.0,Sunny
2021-08-02,Colombo,28.2,83,0.0,Sunny
2021-08-02,Pelawatte,27.7,82,6.5,Drizzle
2021-08-02,Malabe,29.9,80,1.7,Drizzle
2021-08-03,Nugegoda,28.2,83,11.7,Rainy
2021-08-03,Maharagama,30.8,79,3.2,Drizzle
2021-08-03,Kandy,24.1,85,0.0,Sunny
2021-08-03,Kirulapane,29.4,87,1.6,Drizzle
2021-08-03,Wattala,27.2,80,0.0,Sunny
2021-08-03,Colombo,28.4,83,0.0,Sunny
2021-08-03,Pelawatte,30.0,82,9.2,Drizzle
2021-08-03,Malabe,30.6,80,0.0,Sunny
2021-08-04,Nugegoda,27.4,66,0.0,Sunny
2021-08-04,Maharagama,28.5,87,4.9,Drizzle
2021-08-04,Kandy,30.1,80,0.0,Sunny
2021-08-04,Kirulapane,28.9,89,4.9,Drizzle
2021-08-04,Wattala,28.6,80,35.8,Storm
2021-08-04,Colombo,27.7,79,7.4,Drizzle
2021-08-04,Pelawatte,29.7,72,9.6,Drizzle
2021-08-04,Malabe,27.9,71,0.0,Sunny
2021-08-05,Nugegoda,26.9,78,0.0,Sunny
2021-08-05,Maharagama,31.4,80,2.8,Drizzle
2021-08-05,Kandy,28.1,79,0.0,Sunny
2021-08-05,Kirulapane,26.9,83,16.3,Rainy
2021-08-05,Wattala,29.5,80,5.2,Drizzle
2021-08-05,Colombo,27.6,87,28.4,Rainy
2021-08-05,Pelawatte,28.8,81,8.2,Drizzle
2021-08-05,Malabe,30.0,81,9.4,Drizzle
2021-08-06,Nugegoda,30.4,76,12.9,Rainy
2021-08-06,Maharagama,28.4,82,1.4,Drizzle
2021-08-06,Kandy,26.9,85,0.0,Sunny
2021-08-06,Kirulapane,27.8,79,4.0,Drizzle
2021-08-06,Wattala,31.0,78,9.3,Drizzle
2021-08-06,Colombo,28.7,77,32.5,Storm
2021-08-06,Pelawatte,30.7,84,7.5,Drizzle
2021-08-06,Malabe,27.8,80,25.0,Rainy
2021-08-07,Nugegoda,28.2,84,0.0,Sunny
2021-08-07,Maharagama,32.5,80,0.0,Sunny
2021-08-07,Kandy,27.8,93,0.6,Drizzle
2021-08-07,Kirulapane,28.0,84,0.0,Sunny
2021-08-07,Wattala,28.3,77,0.0,Sunny
2021-08-07,Colombo,27.0,78,0.0,Sunny
2021-08-07,Pelawatte,29.3,81,0.0,Sunny
2021-08-07,Malabe,28.2,82,0.0,Sunny
2021-08-08,Nugegoda,33.6,88,0.0,Cloudy
2021-08-08,Maharagama,28.3,79,4.6,Drizzle
2021-08-08,Kandy,24.0,84,0.0,Sunny
2021-08-08,Kirulapane,29.9,85,0.0,Sunny
2021-08-08,Wattala,30.5,88,18.3,Rainy
2021-08-08,Colombo,29.3,83,0.0,Sunny
2021-08-08,Pelawatte,29.9,79,0.0,Sunny
2021-08-08,Malabe,29.3,79,0.0,Sunny
2021-08-09,Nugegoda,29.3,85,0.0,Sunny
2021-08-09,Maharagama,27.5,73,0.0,Sunny
2021-08-09,Kandy,24.4,81,6.1,Drizzle
2021-08-09,Kirulapane,30.8,78,19.5,Rainy
2021-08-09,Wattala,28.4,76,5.6,Drizzle
2021-08-09,Colombo,29.6,79,0.0,Sunny
2021-08-09,Pelawatte,28.3,76,0.0,Sunny
2021-08-09,Malabe,27.7,83,0.0,Sunny
2021-08-10,Nugegoda,28.2,88,10.4,Rainy
2021-08-10,Maharagama,29.2,86,0.0,Cloudy
2021-08-10,Kandy,27.6,80,12.4,Rainy
2021-08-10,Kirulapane,30.3,83,26.9,Rainy
2021-08-10,Wattala,31.5,83,0.0,Sunny
2021-08-10,Colombo,27.3,83,0.0,Sunny
2021-08-10,Pelawatte,28.3,83,7.5,Drizzle
2021-08-10,Malabe,28.2,76,0.2,Drizzle
2021-08-11,Nugegoda,30.6,71,0.0,Sunny
2021-08-11,Maharagama,30.5,84,2.9,Drizzle
2021-08-11,Kandy,26.0,88,0.0,Cloudy
2021-08-11,Kirulapane,28.6,79,12.2,Rainy
2021-08-11,Wattala,29.9,80,0.8,Drizzle
2021-08-11,Colombo,32.3,87,12.7,Rainy
2021-08-11,Pelawatte,27.9,75,22.3,Rainy
2021-08-11,Malabe,29.7,79,9.9,Drizzle
2021-08-12,Nugegoda,30.2,86,0.0,Cloudy
2021-08-12,Maharagama,30.6,82,6.8,Drizzle
2021-08-12,Kandy,25.9,84,1.8,Drizzle
2021-08-12,Kirulapane,29.8,81,0.0,Sunny
2021-08-12,Wattala,28.0,80,0.0,Sunny
2021-08-12,Colombo,30.6,78,0.0,Sunny
2021-08-12,Pelawatte,31.3,81,5.8,Drizzle
2021-08-12,Malabe,25.9,77,0.0,Sunny
2021-08-13,Nugegoda,31.1,82,0.0,Sunny
2021-08-13,Maharagama,32.1,83,3.8,Drizzle
2021-08-13,Kandy,26.4,81,0.0,Sunny
2021-08-13,Kirulapane,31.8,86,0.4,Drizzle
2021-08-13,Wattala,29.3,93,9.5,Drizzle
2021-08-13,Colombo,28.0,80,2.6,Drizzle
2021-08-13,Pelawatte,28.8,84,0.0,Sunny
2021-08-13,Malabe,29.5,90,0.0,Cloudy
2021-08-14,Nugegoda,30.2,77,0.0,Sunny
2021-08-14,Maharagama,28.7,75,4.0,Drizzle
2021-08-14,Kandy,27.1,75,0.0,Sunny
2021-08-14,Kirulapane,28.5,88,0.9,Drizzle
2021-08-14,Wattala,31.4,85,0.1,Drizzle
2021-08-14,Colombo,28.2,82,10.1,Rainy
2021-08-14,Pelawatte,25.8,92,34.8,Storm
2021-08-14,Malabe,28.3,82,7.5,Drizzle
2021-08-15,Nugegoda,28.7,74,7.3,Drizzle
2021-08-15,Maharagama,26.3,87,2.2,Drizzle
2021-08-15,Kandy,27.9,82,0.0,Sunny
2021-08-15,Kirulapane,29.8,81,29.2,Rainy
2021-08-15,Wattala,30.1,84,41.3,Storm
2021-08-15,Colombo,29.3,86,9.1,Drizzle
2021-08-15,Pelawatte,32.3,78,0.0,Sunny
2021-08-15,Malabe,27.7,86,10.0,Drizzle
2021-08-16,Nugegoda,28.7,77,0.0,Sunny
2021-08-16,Maharagama,29.0,72,4.8,Drizzle
2021-08-16,Kandy,27.7,81,13.8,Rainy
2021-08-16,Kirulapane,28.7,83,0.0,Sunny
2021-08-16,Wattala,27.2,76,0.0,Sunny
2021-08-16,Colombo,30.4,80,6.1,Drizzle
2021-08-16,Pelawatte,28.5,75,5.8,Drizzle
2021-08-16,Malabe,29.2,83,8.4,Drizzle
2021-08-17,Nugegoda,29.0,83,0.7,Drizzle
2021-08-17,Maharagama,28.3,73,2.0,Drizzle
2021-08-17,Kandy,26.9,74,0.0,Sunny
2021-08-17,Kirulapane,31.3,82,9.9,Drizzle
2021-08-17,Wattala,27.5,82,1.6,Drizzle
2021-08-17,Colombo,26.4,83,0.0,Sunny
2021-08-17,Pelawatte,30.4,93,0.0,Cloudy
2021-08-17,Malabe,27.9,81,9.6,Drizzle
2021-08-18,Nugegoda,26.3,78,0.0,Sunny
2021-08-18,Maharagama,29.7,75,6.2,Drizzle
2021-08-18,Kandy,25.8,80,3.7,Drizzle
2021-08-18,Kirulapane,29.5,82,0.0,Sunny
2021-08-18,Wattala,27.8,82,0.0,Sunny
2021-08-18,Colombo,30.1,87,20.8,Rainy
2021-08-18,Pelawatte,29.4,82,15.0,Rainy
2021-08-18,Malabe,29.0,86,0.0,Cloudy
2021-08-19,Nugegoda,27.4,82,0.0,Sunny
2021-08-19,Maharagama,32.5,80,0.1,Drizzle
2021-08-19,Kandy,25.9,74,36.1,Storm
2021-08-19,Kirulapane,27.1,72,15.1,Rainy
2021-08-19,Wattala,26.6,86,6.3,Drizzle
2021-08-19,Colombo,28.5,77,0.3,Drizzle
2021-08-19,Pelawatte,30.0,78,0.0,Sunny
2021-08-19,Malabe,28.9,77,0.1,Drizzle
2021-08-20,Nugegoda,29.2,82,0.0,Sunny
2021-08-20,Maharagama,28.5,82,18.3,Rainy
2021-08-20,Kandy,26.6,84,0.0,Sunny
2021-08-20,Kirulapane,29.9,79,0.0,Sunny
2021-08-20,Wattala,28.0,78,18.9,Rainy
2021-08-20,Colombo,28.4,87,0.0,Cloudy
2021-08-20,Pelawatte,30.4,82,31.3,Storm
2021-08-20,Malabe,30.2,76,0.0,Sunny
2021-08-21,Nugegoda,32.4,77,2.5,Drizzle
2021-08-21,Maharagama,28.9,73,0.0,Sunny
2021-08-21,Kandy,26.2,96,1.9,Drizzle
2021-08-21,Kirulapane,26.1,78,8.9,Drizzle
2021-08-21,Wattala,28.9,82,0.0,Sunny
2021-08-21,Colombo,27.7,89,0.7,Drizzle
2021-08-21,Pelawatte,27.9,76,0.0,Sunny
2021-08-21,Malabe,27.3,83,5.3,Drizzle
2021-08-22,Nugegoda,29.8,91,5.9,Drizzle
2021-08-22,Maharagama,31.3,72,0.1,Drizzle
2021-08-22,Kandy,26.3,79,0.0,Sunny
2021-08-22,Kirulapane,27.8,75,10.1,Rainy
2021-08-22,Wattala,28.4,83,13.3,Rainy
2021-08-22,Colombo,27.8,69,0.0,Sunny
2021-08-22,Pelawatte,29.8,79,0.0,Sunny
2021-08-22,Malabe,27.7,74,23.1,Rainy
2021-08-23,Nugegoda,27.7,86,0.0,Cloudy
2021-08-23,Maharagama,29.4,81,0.0,Sunny
2021-08-23,Kandy,29.6,86,0.0,Cloudy
2021-08-23,Kirulapane,29.2,88,1.5,Drizzle
2021-08-23,Wattala,29.2,76,33.1,Storm
2021-08-23,Colombo,30.1,80,17.3,Rainy
2021-08-23,Pelawatte,29.4,79,2.7,Drizzle
2021-08-23,Malabe,29.0,70,0.0,Sunny
2021-08-24,Nugegoda,28.7,77,0.0,Sunny
2021-08-24,Maharagama,31.0,82,0.0,Sunny
2021-08-24,Kandy,26.9,86,0.0,Cloudy
2021-08-24,Kirulapane,27.9,90,1.8,Drizzle
2021-08-24,Wattala,29.5,92,0.0,Cloudy
2021-08-24,Colombo,30.0,80,10.6,Rainy
2021-08-24,Pelawatte,28.8,77,16.9,Rainy
2021-08-24,Malabe,29.0,89,27.0,Rainy
2021-08-25,Nugegoda,28.1,74,27.5,Rainy
2021-08-25,Maharagama,29.5,85,0.0,Sunny
2021-08-25,Kandy,24.6,79,0.0,Sunny
2021-08-25,Kirulapane,26.7,79,4.6,Drizzle
2021-08-25,Wattala,28.4,78,10.2,Rainy
2021-08-25,Colombo,26.0,78,0.0,Sunny
2021-08-25,Pelawatte,29.4,84,4.8,Drizzle
2021-08-25,Malabe,28.0,84,0.0,Sunny
2021-08-26,Nugegoda,30.6,79,3.4,Drizzle
2021-08-26,Maharagama,29.5,86,0.0,Cloudy
2021-08-26,Kandy,27.9,94,0.0,Cloudy
2021-08-26,Kirulapane,29.8,80,4.4,Drizzle
2021-08-26,Wattala,26.8,75,9.4,Drizzle
2021-08-26,Colombo,30.0,76,0.0,Sunny
2021-08-26,Pelawatte,31.4,84,13.0,Rainy
2021-08-26,Malabe,30.7,79,4.2,Drizzle
2021-08-27,Nugegoda,31.4,84,5.7,Drizzle
2021-08-27,Maharagama,28.4,72,0.0,Sunny
2021-08-27,Kandy,26.1,85,13.0,Rainy
2021-08-27,Kirulapane,30.1,77,0.0,Sunny
2021-08-27,Wattala,28.6,87,1.1,Drizzle
2021-08-27,Colombo,26.7,80,4.1,Drizzle
2021-08-27,Pelawatte,28.6,88,0.0,Cloudy
2021-08-27,Malabe,28.6,78,0.0,Sunny
2021-08-28,Nugegoda,26.7,80,32.5,Storm
2021-08-28,Maharagama,27.5,79,9.9,Drizzle
2021-08-28,Kandy,27.6,83,0.0,Sunny
2021-08-28,Kirulapane,26.6,78,0.0,Sunny
2021-08-28,Wattala,28.2,80,0.0,Sunny
2021-08-28,Colombo,30.8,81,10.2,Rainy
2021-08-28,Pelawatte,27.8,79,0.0,Sunny
2021-08-28,Malabe,30.4,78,28.3,Rainy
2021-08-29,Nugegoda,28.5,85,0.0,Sunny
2021-08-29,Maharagama,29.5,86,2.2,Drizzle
2021-08-29,Kandy,23.4,79,0.0,Sunny
2021-08-29,Kirulapane,29.4,81,0.0,Sunny
2021-08-29,Wattala,28.6,70,8.4,Drizzle
2021-08-29,Colombo,30.7,77,0.0,Sunny
2021-08-29,Pelawatte,29.3,87,0.0,Cloudy
2021-08-29,Malabe,27.8,73,4.6,Drizzle
2021-08-30,Nugegoda,26.3,80,39.1,Storm
2021-08-30,Maharagama,28.1,80,9.0,Drizzle
2021-08-30,Kandy,25.7,74,0.0,Sunny
2021-08-30,Kirulapane,30.0,86,6.7,Drizzle
2021-08-30,Wattala,27.1,76,17.8,Rainy
2021-08-30,Colombo,28.8,89,1.7,Drizzle
2021-08-30,Pelawatte,29.6,85,7.9,Drizzle
2021-08-30,Malabe,29.7,82,0.0,Sunny
2021-08-31,Nugegoda,29.9,79,2.6,Drizzle
2021-08-31,Maharagama,30.0,76,6.2,Drizzle
2021-08-31,Kandy,27.3,82,28.1,Rainy
2021-08-31,Kirulapane,28.4,76,0.0,Sunny
2021-08-31,Wattala,27.0,71,11.0,Rainy
2021-08-31,Colombo,30.6,74,0.0,Sunny
2021-08-31,Pelawatte,29.4,85,0.0,Sunny
2021-08-31,Malabe,29.1,77,4.3,Drizzle
2021-09-01,Nugegoda,28.2,80,0.0,Sunny
2021-09-01,Maharagama,30.0,84,0.0,Sunny
2021-09-01,Kandy,24.7,87,0.0,Cloudy
2021-09-01,Kirulapane,28.0,80,2.5,Drizzle
2021-09-01,Wattala,28.9,86,17.5,Rainy
2021-09-01,Colombo,29.0,76,0.0,Sunny
2021-09-01,Pelawatte,29.1,76,0.0,Sunny
2021-09-01,Malabe,25.4,85,0.0,Sunny
2021-09-02,Nugegoda,29.7,85,8.1,Drizzle
2021-09-02,Maharagama,27.8,79,0.0,Sunny
2021-09-02,Kandy,27.2,80,3.7,Drizzle
2021-09-02,Kirulapane,30.6,83,7.9,Drizzle
2021-09-02,Wattala,30.5,81,2.7,Drizzle
2021-09-02,Colombo,29.0,77,2.3,Drizzle
2021-09-02,Pelawatte,31.1,80,11.5,Rainy
2021-09-02,Malabe,31.0,81,0.6,Drizzle
2021-09-03,Nugegoda,30.5,74,0.0,Sunny
2021-09-03,Maharagama,29.8,79,12.6,Rainy
2021-09-03,Kandy,28.5,88,4.6,Drizzle
2021-09-03,Kirulapane,29.8,77,0.0,Sunny
2021-09-03,Wattala,29.9,85,4.6,Drizzle
2021-09-03,Colombo,30.0,89,4.5,Drizzle
2021-09-03,Pelawatte,30.4,83,0.0,Sunny
2021-09-03,Malabe,30.1,79,0.0,Sunny
2021-09-04,Nugegoda,29.4,79,0.0,Sunny
2021-09-04,Maharagama,26.1,75,0.1,Drizzle
2021-09-04,Kandy,26.3,87,9.3,Drizzle
2021-09-04,Kirulapane,31.8,87,0.0,Cloudy
2021-09-04,Wattala,26.4,85,36.9,Storm
2021-09-04,Colombo,27.9,86,1.6,Drizzle
2021-09-04,Pelawatte,29.4,87,13.0,Rainy
2021-09-04,Malabe,27.9,81,0.0,Sunny
2021-09-05,Nugegoda,29.8,78,0.0,Sunny
2021-09-05,Maharagama,32.4,79,21.1,Rainy
2021-09-05,Kandy,27.2,75,0.0,Sunny
2021-09-05,Kirulapane,30.4,83,4.3,Drizzle
2021-09-05,Wattala,28.4,69,0.0,Sunny
2021-09-05,Colombo,28.8,78,1.0,Drizzle
2021-09-05,Pelawatte,30.2,85,13.2,Rainy
2021-09-05,Malabe,29.6,85,0.0,Sunny
2021-09-06,Nugegoda,30.8,85,0.0,Sunny
2021-09-06,Maharagama,30.9,70,0.0,Sunny
2021-09-06,Kandy,25.9,78,3.5,Drizzle
2021-09-06,Kirulapane,29.1,86,2.6,Drizzle
2021-09-06,Wattala,31.7,82,3.3,Drizzle
2021-09-06,Colombo,29.7,78,0.0,Sunny
2021-09-06,Pelawatte,32.0,83,0.0,Sunny
2021-09-06,Malabe,30.7,88,8.2,Drizzle
2021-09-07,Nugegoda,28.4,80,13.2,Rainy
2021-09-07,Maharagama,31.0,73,10.6,Rainy
2021-09-07,Kandy,28.8,81,3.7,Drizzle
2021-09-07,Kirulapane,32.5,70,0.0,Sunny
2021-09-07,Wattala,29.3,88,12.5,Rainy
2021-09-07,Colombo,32.2,78,0.0,Sunny
2021-09-07,Pelawatte,29.9,74,25.3,Rainy
2021-09-07,Malabe,31.2,82,7.9,Drizzle
2021-09-08,Nugegoda,28.4,81,0.0,Sunny
2021-09-08,Maharagama,30.6,80,29.0,Rainy
2021-09-08,Kandy,27.0,85,0.0,Sunny
2021-09-08,Kirulapane,29.3,83,11.0,Rainy
2021-09-08,Wattala,30.0,79,2.0,Drizzle
2021-09-08,Colombo,29.3,76,0.0,Sunny
2021-09-08,Pelawatte,29.0,82,0.0,Sunny
2021-09-08,Malabe,30.4,75,12.2,Rainy
2021-09-09,Nugegoda,32.5,83,0.0,Sunny
2021-09-09,Maharagama,29.4,89,7.9,Drizzle
2021-09-09,Kandy,28.8,89,4.5,Drizzle
2021-09-09,Kirulapane,30.3,84,0.0,Sunny
2021-09-09,Wattala,31.7,73,21.7,Rainy
2021-09-09,Colombo,27.8,85,0.0,Sunny
2021-09-09,Pelawatte,29.7,86,15.3,Rainy
2021-09-09,Malabe,29.7,85,0.0,Sunny
2021-09-10,Nugegoda,31.3,82,19.6,Rainy
2021-09-10,Maharagama,30.3,79,0.0,Sunny
2021-09-10,Kandy,28.6,82,6.3,Drizzle
2021-09-10,Kirulapane,28.8,81,3.9,Drizzle
2021-09-10,Wattala,30.6,81,0.0,Sunny
2021-09-10,Colombo,33.0,79,2.1,Drizzle
2021-09-10,Pelawatte,32.6,81,24.2,Rainy
2021-09-10,Malabe,32.2,87,1.6,Drizzle
2021-09-11,Nugegoda,28.9,86,32.5,Storm
2021-09-11,Maharagama,31.4,86,0.0,Cloudy
2021-09-11,Kandy,30.1,76,0.0,Sunny
2021-09-11,Kirulapane,29.5,84,0.0,Sunny
2021-09-11,Wattala,25.8,88,0.0,Cloudy
2021-09-11,Colombo,32.4,84,6.4,Drizzle
2021-09-11,Pelawatte,32.2,86,0.0,Cloudy
2021-09-11,Malabe,27.5,80,0.0,Sunny
2021-09-12,Nugegoda,31.5,81,0.0,Sunny
2021-09-12,Maharagama,29.4,83,7.8,Drizzle
2021-09-12,Kandy,27.0,74,0.0,Sunny
2021-09-12,Kirulapane,32.1,79,0.0,Sunny
2021-09-12,Wattala,27.4,88,8.4,Drizzle
2021-09-12,Colombo,31.8,92,0.0,Cloudy
2021-09-12,Pelawatte,28.0,82,0.0,Sunny
2021-09-12,Malabe,28.4,82,0.0,Sunny
2021-09-13,Nugegoda,28.6,80,8.8,Drizzle
2021-09-13,Maharagama,29.1,78,6.3,Drizzle
2021-09-13,Kandy,28.9,79,0.0,Sunny
2021-09-13,Kirulapane,29.2,78,8.5,Drizzle
2021-09-13,Wattala,30.5,76,10.0,Drizzle
2021-09-13,Colombo,30.4,82,0.0,Sunny
2021-09-13,Pelawatte,29.4,78,27.1,Rainy
2021-09-13,Malabe,29.8,81,0.0,Sunny
2021-09-14,Nugegoda,30.1,78,0.0,Sunny
2021-09-14,Maharagama,33.5,79,0.0,Sunny
2021-09-14,Kandy,25.8,91,20.5,Rainy
2021-09-14,Kirulapane,27.3,83,0.6,Drizzle
2021-09-14,Wattala,31.3,83,2.1,Drizzle
2021-09-14,Colombo,30.5,83,0.0,Sunny
2021-09-14,Pelawatte,30.7,80,0.0,Sunny
2021-09-14,Malabe,29.1,82,0.0,Sunny
2021-09-15,Nugegoda,29.3,90,0.0,Cloudy
2021-09-15,Maharagama,30.9,76,0.0,Sunny
2021-09-15,Kandy,26.3,75,0.0,Sunny
2021-09-15,Kirulapane,27.9,76,0.0,Sunny
2021-09-15,Wattala,29.8,82,6.7,Drizzle
2021-09-15,Colombo,29.4,85,1.2,Drizzle
2021-09-15,Pelawatte,30.9,89,0.0,Cloudy
2021-09-15,Malabe,28.1,84,8.4,Drizzle
2021-09-16,Nugegoda,27.3,83,0.0,Sunny
2021-09-16,Maharagama,30.7,85,1.0,Drizzle
2021-09-16,Kandy,27.0,77,0.0,Sunny
2021-09-16,Kirulapane,26.6,80,12.2,Rainy
2021-09-16,Wattala,29.7,76,0.0,Sunny
2021-09-16,Colombo,31.4,78,0.0,Sunny
2021-09-16,Pelawatte,30.0,84,4.3,Drizzle
2021-09-16,Malabe,29.1,81,54.5,Storm
2021-09-17,Nugegoda,30.2,80,0.0,Sunny
2021-09-17,Maharagama,27.7,96,0.0,Cloudy
2021-09-17,Kandy,28.0,77,2.5,Drizzle
2021-09-17,Kirulapane,27.9,83,23.7,Rainy
2021-09-17,Wattala,30.0,85,5.2,Drizzle
2021-09-17,Colombo,31.3,75,9.2,Drizzle
2021-09-17,Pelawatte,29.8,84,0.0,Sunny
2021-09-17,Malabe,34.2,70,3.7,Drizzle
2021-09-18,Nugegoda,27.6,69,0.0,Sunny
2021-09-18,Maharagama,29.7,84,0.5,Drizzle
2021-09-18,Kandy,31.6,80,2.2,Drizzle
2021-09-18,Kirulapane,30.6,85,0.0,Sunny
2021-09-18,Wattala,31.8,82,7.9,Drizzle
2021-09-18,Colombo,29.8,70,10.4,Rainy
2021-09-18,Pelawatte,31.7,89,0.0,Cloudy
2021-09-18,Malabe,28.6,83,0.0,Sunny
2021-09-19,Nugegoda,26.3,85,10.7,Rainy
2021-09-19,Maharagama,29.8,77,2.3,Drizzle
2021-09-19,Kandy,27.1,83,0.0,Sunny
2021-09-19,Kirulapane,29.0,80,44.7,Storm
2021-09-19,Wattala,29.1,73,0.0,Sunny
2021-09-19,Colombo,27.4,83,0.8,Drizzle
2021-09-19,Pelawatte,28.3,86,0.8,Drizzle
2021-09-19,Malabe,31.0,90,0.0,Cloudy
2021-09-20,Nugegoda,28.2,79,0.0,Sunny
2021-09-20,Maharagama,27.8,91,0.0,Cloudy
2021-09-20,Kandy,28.1,79,0.0,Sunny
2021-09-20,Kirulapane,27.2,84,0.0,Sunny
2021-09-20,Wattala,30.4,79,2.6,Drizzle
2021-09-20,Colombo,28.6,89,6.4,Drizzle
2021-09-20,Pelawatte,26.7,79,0.0,Sunny
2021-09-20,Malabe,31.6,75,0.0,Sunny
2021-09-21,Nugegoda,29.5,73,0.0,Sunny
2021-09-21,Maharagama,29.8,83,3.1,Drizzle
2021-09-21,Kandy,26.0,80,0.0,Sunny
2021-09-21,Kirulapane,28.0,88,0.0,Cloudy
2021-09-21,Wattala,27.6,83,0.0,Sunny
2021-09-21,Colombo,30.1,76,0.0,Sunny
2021-09-21,Pelawatte,31.0,74,24.6,Rainy
2021-09-21,Malabe,27.9,79,0.0,Sunny
2021-09-22,Nugegoda,26.6,80,0.0,Sunny
2021-09-22,Maharagama,27.9,74,5.8,Drizzle
2021-09-22,Kandy,27.7,87,0.0,Cloudy
2021-09-22,Kirulapane,31.5,79,0.5,Drizzle
2021-09-22,Wattala,30.1,87,6.1,Drizzle
2021-09-22,Colombo,33.1,81,0.2,Drizzle
2021-09-22,Pelawatte,29.8,87,5.0,Drizzle
2021-09-22,Malabe,29.7,76,0.0,Sunny
2021-09-23,Nugegoda,32.5,77,0.0,Sunny
2021-09-23,Maharagama,30.2,84,19.8,Rainy
2021-09-23,Kandy,26.6,77,4.9,Drizzle
2021-09-23,Kirulapane,31.6,83,0.0,Sunny
2021-09-23,Wattala,31.0,76,9.4,Drizzle
2021-09-23,Colombo,30.2,76,35.1,Storm
2021-09-23,Pelawatte,27.4,77,0.0,Sunny
2021-09-23,Malabe,30.4,77,0.0,Sunny
2021-09-24,Nugegoda,28.5,78,18.6,Rainy
2021-09-24,Maharagama,29.8,79,0.0,Sunny
2021-09-24,Kandy,29.5,84,0.0,Sunny
2021-09-24,Kirulapane,32.0,90,0.0,Cloudy
2021-09-24,Wattala,28.0,85,0.0,Sunny
2021-09-24,Colombo,29.6,79,8.3,Drizzle
2021-09-24,Pelawatte,30.7,86,18.7,Rainy
2021-09-24,Malabe,28.4,73,0.0,Sunny
2021-09-25,Nugegoda,30.2,82,2.2,Drizzle
2021-09-25,Maharagama,31.1,79,0.0,Sunny
2021-09-25,Kandy,26.8,85,0.0,Sunny
2021-09-25,Kirulapane,33.3,79,0.0,Sunny
2021-09-25,Wattala,30.1,75,0.0,Sunny
2021-09-25,Colombo,30.9,85,0.0,Sunny
2021-09-25,Pelawatte,30.5,79,8.3,Drizzle
2021-09-25,Malabe,29.8,80,0.0,Sunny
2021-09-26,Nugegoda,30.7,78,0.1,Drizzle
2021-09-26,Maharagama,30.4,75,0.0,Sunny
2021-09-26,Kandy,27.4,84,0.0,Sunny
2021-09-26,Kirulapane,30.1,76,13.5,Rainy
2021-09-26,Wattala,32.4,79,8.9,Drizzle
2021-09-26,Colombo,30.7,85,0.0,Sunny
2021-09-26,Pelawatte,28.5,84,10.4,Rainy
2021-09-26,Malabe,29.6,85,0.0,Sunny
2021-09-27,Nugegoda,30.7,76,0.0,Sunny
2021-09-27,Maharagama,29.0,76,0.0,Sunny
2021-09-27,Kandy,26.7,86,3.4,Drizzle
2021-09-27,Kirulapane,27.1,79,0.0,Sunny
2021-09-27,Wattala,29.9,84,0.0,Sunny
2021-09-27,Colombo,28.2,83,0.0,Sunny
2021-09-27,Pelawatte,33.3,82,0.0,Sunny
2021-09-27,Malabe,31.4,81,0.0,Sunny
2021-09-28,Nugegoda,33.7,80,4.7,Drizzle
2021-09-28,Maharagama,29.8,80,0.0,Sunny
2021-09-28,Kandy,24.1,79,6.9,Drizzle
2021-09-28,Kirulapane,28.9,79,0.0,Sunny
2021-09-28,Wattala,27.9,82,4.6,Drizzle
2021-09-28,Colombo,28.9,82,0.0,Sunny
2021-09-28,Pelawatte,31.2,86,0.0,Cloudy
2021-09-28,Malabe,29.6,92,0.0,Cloudy
2021-09-29,Nugegoda,30.2,79,0.0,Sunny
2021-09-29,Maharagama,26.6,82,3.9,Drizzle
2021-09-29,Kandy,29.1,87,0.0,Cloudy
2021-09-29,Kirulapane,31.8,78,9.9,Drizzle
2021-09-29,Wattala,30.1,87,0.0,Cloudy
2021-09-29,Colombo,32.3,84,40.1,Storm
2021-09-29,Pelawatte,30.1,85,11.5,Rainy
2021-09-29,Malabe,28.6,81,17.5,Rainy
2021-09-30,Nugegoda,28.7,87,4.4,Drizzle
2021-09-30,Maharagama,29.5,84,0.0,Sunny
2021-09-30,Kandy,27.3,84,6.4,Drizzle
2021-09-30,Kirulapane,28.4,88,0.0,Cloudy
2021-09-30,Wattala,28.0,88,0.6,Drizzle
2021-09-30,Colombo,30.1,79,0.0,Sunny
2021-09-30,Pelawatte,31.8,82,0.4,Drizzle
2021-09-30,Malabe,28.1,78,7.1,Drizzle
2021-10-01,Nugegoda,30.4,81,9.7,Drizzle
2021-10-01,Maharagama,30.6,83,1.8,Drizzle
2021-10-01,Kandy,26.8,77,0.0,Sunny
2021-10-01,Kirulapane,32.5,94,0.0,Cloudy
2021-10-01,Wattala,30.3,78,0.0,Sunny
2021-10-01,Colombo,30.9,76,1.0,Drizzle
2021-10-01,Pelawatte,28.3,83,0.0,Sunny
2021-10-01,Malabe,29.5,72,0.0,Sunny
2021-10-02,Nugegoda,30.8,78,0.0,Sunny
2021-10-02,Maharagama,28.6,84,14.0,Rainy
2021-10-02,Kandy,26.7,76,0.0,Sunny
2021-10-02,Kirulapane,28.7,86,25.6,Rainy
2021-10-02,Wattala,29.8,82,0.0,Sunny
2021-10-02,Colombo,29.7,78,0.0,Sunny
2021-10-02,Pelawatte,31.8,89,4.0,Drizzle
2021-10-02,Malabe,28.8,80,15.2,Rainy
2021-10-03,Nugegoda,32.8,82,3.4,Drizzle
2021-10-03,Maharagama,28.2,75,0.3,Drizzle
2021-10-03,Kandy,28.6,79,27.3,Rainy
2021-10-03,Kirulapane,25.8,87,0.0,Cloudy
2021-10-03,Wattala,30.0,85,5.0,Drizzle
2021-10-03,Colombo,32.0,93,0.0,Cloudy
2021-10-03,Pelawatte,32.8,77,0.0,Sunny
2021-10-03,Malabe,29.3,78,0.0,Sunny
2021-10-04,Nugegoda,31.1,84,0.0,Sunny
2021-10-04,Maharagama,27.8,80,8.7,Drizzle
2021-10-04,Kandy,27.2,86,5.3,Drizzle
2021-10-04,Kirulapane,28.0,73,0.0,Sunny
2021-10-04,Wattala,31.7,81,0.0,Sunny
2021-10-04,Colombo,31.1,72,0.0,Sunny
2021-10-04,Pelawatte,29.4,75,0.0,Sunny
2021-10-04,Malabe,33.4,77,0.0,Sunny
2021-10-05,Nugegoda,31.4,80,10.1,Rainy
2021-10-05,Maharagama,28.9,81,7.5,Drizzle
2021-10-05,Kandy,27.6,87,0.0,Cloudy
2021-10-05,Kirulapane,28.4,81,0.2,Drizzle
2021-10-05,Wattala,31.6,76,18.7,Rainy
2021-10-05,Colombo,29.9,72,0.0,Sunny
2021-10-05,Pelawatte,27.9,79,0.0,Sunny
2021-10-05,Malabe,27.8,87,43.4,Storm
2021-10-06,Nugegoda,29.2,76,5.3,Drizzle
2021-10-06,Maharagama,30.1,86,0.0,Cloudy
2021-10-06,Kandy,25.3,89,12.5,Rainy
2021-10-06,Kirulapane,33.2,72,26.3,Rainy
2021-10-06,Wattala,29.3,75,0.0,Sunny
2021-10-06,Colombo,28.4,80,8.4,Drizzle
2021-10-06,Pelawatte,29.6,88,0.0,Cloudy
2021-10-06,Malabe,30.7,85,0.0,Sunny
2021-10-07,Nugegoda,30.8,80,0.0,Sunny
2021-10-07,Maharagama,28.9,77,19.5,Rainy
2021-10-07,Kandy,27.4,80,0.0,Sunny
2021-10-07,Kirulapane,31.6,81,6.4,Drizzle
2021-10-07,Wattala,29.1,82,0.0,Sunny
2021-10-07,Colombo,31.2,76,1.6,Drizzle
2021-10-07,Pelawatte,29.7,77,12.5,Rainy
2021-10-07,Malabe,28.7,84,1.0,Drizzle
2021-10-08,Nugegoda,29.1,84,0.0,Sunny
2021-10-08,Maharagama,30.8,89,4.9,Drizzle
2021-10-08,Kandy,26.1,80,8.6,Drizzle
2021-10-08,Kirulapane,27.3,87,0.0,Cloudy
2021-10-08,Wattala,32.1,75,0.0,Sunny
2021-10-08,Colombo,29.4,76,1.8,Drizzle
2021-10-08,Pelawatte,32.1,85,32.2,Storm
2021-10-08,Malabe,30.2,78,0.0,Sunny
2021-10-09,Nugegoda,30.1,86,13.3,Rainy
2021-10-09,Maharagama,29.6,83,0.5,Drizzle
2021-10-09,Kandy,26.5,85,1.7,Drizzle
2021-10-09,Kirulapane,33.6,78,0.4,Drizzle
2021-10-09,Wattala,31.4,81,0.0,Sunny
2021-10-09,Colombo,28.4,84,0.0,Sunny
2021-10-09,Pelawatte,28.2,82,30.6,Storm
2021-10-09,Malabe,31.2,86,0.0,Cloudy
2021-10-10,Nugegoda,29.1,78,0.0,Sunny
2021-10-10,Maharagama,29.5,74,18.3,Rainy
2021-10-10,Kandy,26.6,89,0.0,Cloudy
2021-10-10,Kirulapane,30.7,86,0.0,Cloudy
2021-10-10,Wattala,28.6,76,0.0,Sunny
2021-10-10,Colombo,28.7,78,0.0,Sunny
2021-10-10,Pelawatte,31.4,87,0.0,Cloudy
2021-10-10,Malabe,30.2,85,0.0,Sunny
2021-10-11,Nugegoda,28.8,86,0.0,Cloudy
2021-10-11,Maharagama,33.1,78,0.0,Sunny
2021-10-11,Kandy,28.7,85,0.0,Sunny
2021-10-11,Kirulapane,28.8,93,26.9,Rainy
2021-10-11,Wattala,31.9,81,19.4,Rainy
2021-10-11,Colombo,27.9,79,0.0,Sunny
2021-10-11,Pelawatte,29.2,85,0.0,Sunny
2021-10-11,Malabe,29.2,87,12.3,Rainy
2021-10-12,Nugegoda,29.3,80,19.0,Rainy
2021-10-12,Maharagama,29.6,79,0.0,Sunny
2021-10-12,Kandy,27.2,81,46.8,Storm
2021-10-12,Kirulapane,29.4,91,0.0,Cloudy
2021-10-12,Wattala,29.8,81,0.0,Sunny
2021-10-12,Colombo,31.5,85,6.1,Drizzle
2021-10-12,Pelawatte,28.2,78,7.9,Drizzle
2021-10-12,Malabe,33.1,86,3.6,Drizzle
2021-10-13,Nugegoda,26.9,80,0.0,Sunny
2021-10-13,Maharagama,27.4,91,0.0,Cloudy
2021-10-13,Kandy,28.3,87,21.5,Rainy
2021-10-13,Kirulapane,30.9,74,10.6,Rainy
2021-10-13,Wattala,29.6,70,4.5,Drizzle
2021-10-13,Colombo,29.4,79,0.0,Sunny
2021-10-13,Pelawatte,31.7,88,0.0,Cloudy
2021-10-13,Malabe,33.1,75,0.0,Sunny
2021-10-14,Nugegoda,31.4,82,0.0,Sunny
2021-10-14,Maharagama,29.6,75,0.0,Sunny
2021-10-14,Kandy,26.2,81,0.0,Sunny
2021-10-14,Kirulapane,28.1,84,0.0,Sunny
2021-10-14,Wattala,31.3,85,8.3,Drizzle
2021-10-14,Colombo,28.5,90,0.0,Cloudy
2021-10-14,Pelawatte,28.6,86,2.3,Drizzle
2021-10-14,Malabe,27.2,83,0.0,Sunny
2021-10-15,Nugegoda,30.5,77,4.0,Drizzle
2021-10-15,Maharagama,31.1,78,11.3,Rainy
2021-10-15,Kandy,26.9,83,0.0,Sunny
2021-10-15,Kirulapane,29.8,78,39.8,Storm
2021-10-15,Wattala,27.3,83,0.0,Sunny
2021-10-15,Colombo,31.4,88,0.0,Cloudy
2021-10-15,Pelawatte,30.7,80,4.6,Drizzle
2021-10-15,Malabe,30.3,73,20.8,Rainy
2021-10-16,Nugegoda,29.2,84,0.0,Sunny
2021-10-16,Maharagama,27.9,73,18.4,Rainy
2021-10-16,Kandy,26.1,68,0.0,Sunny
2021-10-16,Kirulapane,29.3,81,13.9,Rainy
2021-10-16,Wattala,28.0,80,0.0,Sunny
2021-10-16,Colombo,29.9,89,0.0,Cloudy
2021-10-16,Pelawatte,27.9,86,0.0,Cloudy
2021-10-16,Malabe,29.3,79,0.0,Sunny
2021-10-17,Nugegoda,26.6,83,0.0,Sunny
2021-10-17,Maharagama,27.5,76,2.8,Drizzle
2021-10-17,Kandy,24.7,76,0.0,Sunny
2021-10-17,Kirulapane,30.9,73,0.0,Sunny
2021-10-17,Wattala,29.4,75,0.0,Sunny
2021-10-17,Colombo,32.3,76,3.5,Drizzle
2021-10-17,Pelawatte,28.7,79,2.3,Drizzle
2021-10-17,Malabe,26.9,86,8.5,Drizzle
2021-10-18,Nugegoda,27.3,85,0.0,Sunny
2021-10-18,Maharagama,30.9,83,2.6,Drizzle
2021-10-18,Kandy,28.0,71,0.0,Sunny
2021-10-18,Kirulapane,30.4,77,0.0,Sunny
2021-10-18,Wattala,29.7,74,0.0,Sunny
2021-10-18,Colombo,28.7,82,9.5,Drizzle
2021-10-18,Pelawatte,31.4,85,11.9,Rainy
2021-10-18,Malabe,30.7,78,0.0,Sunny
2021-10-19,Nugegoda,29.9,80,4.9,Drizzle
2021-10-19,Maharagama,28.3,85,10.7,Rainy
2021-10-19,Kandy,28.6,80,0.0,Sunny
2021-10-19,Kirulapane,30.1,83,0.0,Sunny
2021-10-19,Wattala,28.2,89,11.3,Rainy
2021-10-19,Colombo,28.4,88,1.4,Drizzle
2021-10-19,Pelawatte,30.2,78,0.0,Sunny
2021-10-19,Malabe,30.1,90,0.0,Cloudy
2021-10-20,Nugegoda,29.5,81,4.9,Drizzle
2021-10-20,Maharagama,31.3,73,0.0,Sunny
2021-10-20,Kandy,26.5,81,0.0,Sunny
2021-10-20,Kirulapane,30.8,82,14.2,Rainy
2021-10-20,Wattala,30.9,84,0.0,Sunny
2021-10-20,Colombo,29.7,82,0.0,Sunny
2021-10-20,Pelawatte,29.0,86,14.8,Rainy
2021-10-20,Malabe,29.2,79,4.9,Drizzle
2021-10-21,Nugegoda,30.4,68,0.0,Sunny
2021-10-21,Maharagama,27.7,89,4.3,Drizzle
2021-10-21,Kandy,27.6,84,23.4,Rainy
2021-10-21,Kirulapane,28.3,81,14.3,Rainy
2021-10-21,Wattala,29.6,74,0.0,Sunny
2021-10-21,Colombo,29.8,82,0.0,Sunny
2021-10-21,Pelawatte,29.8,87,0.0,Cloudy
2021-10-21,Malabe,31.8,84,6.8,Drizzle
2021-10-22,Nugegoda,29.7,89,34.0,Storm
2021-10-22,Maharagama,25.5,76,0.0,Sunny
2021-10-22,Kandy,27.3,88,2.4,Drizzle
2021-10-22,Kirulapane,30.8,81,16.8,Rainy
2021-10-22,Wattala,33.2,79,21.3,Rainy
2021-10-22,Colombo,27.9,83,4.6,Drizzle
2021-10-22,Pelawatte,30.4,73,0.0,Sunny
2021-10-22,Malabe,30.6,79,0.0,Sunny
2021-10-23,Nugegoda,29.6,74,8.7,Drizzle
2021-10-23,Maharagama,29.5,89,18.7,Rainy
2021-10-23,Kandy,25.7,83,2.0,Drizzle
2021-10-23,Kirulapane,26.9,75,16.3,Rainy
2021-10-23,Wattala,27.2,88,0.0,Cloudy
2021-10-23,Colombo,30.6,74,0.0,Sunny
2021-10-23,Pelawatte,28.1,82,13.0,Rainy
2021-10-23,Malabe,29.3,85,0.0,Sunny
2021-10-24,Nugegoda,28.8,82,11.2,Rainy
2021-10-24,Maharagama,31.4,85,14.6,Rainy
2021-10-24,Kandy,25.2,92,0.0,Cloudy
2021-10-24,Kirulapane,30.0,85,0.0,Sunny
2021-10-24,Wattala,31.6,93,7.3,Drizzle
2021-10-24,Colombo,30.1,73,5.7,Drizzle
2021-10-24,Pelawatte,30.5,81,5.2,Drizzle
2021-10-24,Malabe,28.4,81,0.0,Sunny
2021-10-25,Nugegoda,30.6,89,17.2,Rainy
2021-10-25,Maharagama,30.3,76,3.5,Drizzle
2021-10-25,Kandy,26.4,78,1.5,Drizzle
2021-10-25,Kirulapane,29.6,80,10.6,Rainy
2021-10-25,Wattala,29.4,81,0.0,Sunny
2021-10-25,Colombo,27.6,79,0.0,Sunny
2021-10-25,Pelawatte,28.5,90,0.0,Cloudy
2021-10-25,Malabe,30.9,91,0.0,Cloudy
2021-10-26,Nugegoda,30.4,80,13.4,Rainy
2021-10-26,Maharagama,30.5,78,0.0,Sunny
2021-10-26,Kandy,25.1,89,37.7,Storm
2021-10-26,Kirulapane,30.3,81,27.8,Rainy
2021-10-26,Wattala,31.2,78,65.1,Storm
2021-10-26,Colombo,29.4,74,0.0,Sunny
2021-10-26,Pelawatte,28.9,77,0.0,Sunny
2021-10-26,Malabe,30.2,81,0.0,Sunny
2021-10-27,Nugegoda,30.4,78,0.0,Sunny
2021-10-27,Maharagama,30.2,81,0.0,Sunny
2021-10-27,Kandy,28.4,85,0.0,Sunny
2021-10-27,Kirulapane,27.6,82,0.0,Sunny
2021-10-27,Wattala,29.5,83,7.6,Drizzle
2021-10-27,Colombo,28.1,83,4.6,Drizzle
2021-10-27,Pelawatte,27.4,78,0.0,Sunny
2021-10-27,Malabe,31.2,82,4.1,Drizzle
2021-10-28,Nugegoda,30.8,76,15.0,Rainy
2021-10-28,Maharagama,28.3,87,3.5,Drizzle
2021-10-28,Kandy,28.8,81,0.0,Sunny
2021-10-28,Kirulapane,28.3,80,0.0,Sunny
2021-10-28,Wattala,29.4,82,0.0,Sunny
2021-10-28,Colombo,31.0,87,12.1,Rainy
2021-10-28,Pelawatte,32.2,83,9.4,Drizzle
2021-10-28,Malabe,28.8,79,26.2,Rainy
2021-10-29,Nugegoda,31.6,81,10.6,Rainy
2021-10-29,Maharagama,31.6,84,12.9,Rainy
2021-10-29,Kandy,27.5,69,0.0,Sunny
2021-10-29,Kirulapane,27.9,74,1.2,Drizzle
2021-10-29,Wattala,28.4,90,0.0,Cloudy
2021-10-29,Colombo,29.3,82,0.0,Sunny
2021-10-29,Pelawatte,30.9,84,0.0,Sunny
2021-10-29,Malabe,30.4,85,0.0,Sunny
2021-10-30,Nugegoda,34.4,76,0.0,Sunny
2021-10-30,Maharagama,29.8,86,3.8,Drizzle
2021-10-30,Kandy,24.6,74,4.1,Drizzle
2021-10-30,Kirulapane,31.0,79,0.9,Drizzle
2021-10-30,Wattala,28.6,84,5.1,Drizzle
2021-10-30,Colombo,29.9,81,0.0,Sunny
2021-10-30,Pelawatte,29.6,83,7.5,Drizzle
2021-10-30,Malabe,31.6,81,17.3,Rainy
2021-10-31,Nugegoda,33.1,82,22.6,Rainy
2021-10-31,Maharagama,30.0,81,0.0,Sunny
2021-10-31,Kandy,27.4,90,9.1,Drizzle
2021-10-31,Kirulapane,30.4,71,12.8,Rainy
2021-10-31,Wattala,32.5,78,23.7,Rainy
2021-10-31,Colombo,29.7,76,0.0,Sunny
2021-10-31,Pelawatte,28.4,86,0.0,Cloudy
2021-10-31,Malabe,29.7,86,0.0,Cloudy
2021-11-01,Nugegoda,31.8,74,0.0,Sunny
2021-11-01,Maharagama,27.7,77,0.0,Sunny
2021-11-01,Kandy,28.5,68,0.0,Sunny
2021-11-01,Kirulapane,27.6,70,13.2,Rainy
2021-11-01,Wattala,29.7,80,0.0,Sunny
2021-11-01,Colombo,31.8,75,0.0,Sunny
2021-11-01,Pelawatte,28.6,69,6.1,Drizzle
2021-11-01,Malabe,26.9,65,0.0,Sunny
2021-11-02,Nugegoda,28.6,77,0.0,Sunny
2021-11-02,Maharagama,27.9,71,0.0,Sunny
2021-11-02,Kandy,25.7,63,6.2,Drizzle
2021-11-02,Kirulapane,29.3,71,0.0,Sunny
2021-11-02,Wattala,27.1,66,0.3,Drizzle
2021-11-02,Colombo,34.5,73,6.5,Drizzle
2021-11-02,Pelawatte,28.7,76,2.3,Drizzle
2021-11-02,Malabe,30.0,68,1.9,Drizzle
2021-11-03,Nugegoda,29.7,71,0.0,Sunny
2021-11-03,Maharagama,30.4,83,1.2,Drizzle
2021-11-03,Kandy,27.6,68,3.3,Drizzle
2021-11-03,Kirulapane,27.4,77,0.7,Drizzle
2021-11-03,Wattala,29.0,71,4.5,Drizzle
2021-11-03,Colombo,28.1,78,0.1,Drizzle
2021-11-03,Pelawatte,33.7,76,0.0,Sunny
2021-11-03,Malabe,28.8,86,0.0,Cloudy
2021-11-04,Nugegoda,28.3,70,2.4,Drizzle
2021-11-04,Maharagama,32.5,74,0.0,Sunny
2021-11-04,Kandy,27.2,72,0.0,Sunny
2021-11-04,Kirulapane,31.5,67,0.0,Sunny
2021-11-04,Wattala,32.9,75,0.0,Sunny
2021-11-04,Colombo,27.0,73,0.0,Sunny
2021-11-04,Pelawatte,29.2,67,16.1,Rainy
2021-11-04,Malabe,29.0,81,0.0,Sunny
2021-11-05,Nugegoda,28.0,69,1.5,Drizzle
2021-11-05,Maharagama,28.7,78,0.0,Sunny
2021-11-05,Kandy,27.3,73,0.0,Sunny
2021-11-05,Kirulapane,32.5,81,0.0,Sunny
2021-11-05,Wattala,29.1,73,0.0,Sunny
2021-11-05,Colombo,28.2,74,0.0,Sunny
2021-11-05,Pelawatte,28.1,76,0.0,Sunny
2021-11-05,Malabe,29.4,76,3.2,Drizzle
2021-11-06,Nugegoda,29.9,66,0.2,Drizzle
2021-11-06,Maharagama,30.4,84,18.3,Rainy
2021-11-06,Kandy,27.6,71,0.0,Sunny
2021-11-06,Kirulapane,29.6,69,1.5,Drizzle
2021-11-06,Wattala,28.7,69,0.0,Sunny
2021-11-06,Colombo,30.9,73,0.0,Sunny
2021-11-06,Pelawatte,29.0,79,0.0,Sunny
2021-11-06,Malabe,29.4,78,0.0,Sunny
2021-11-07,Nugegoda,28.4,86,5.5,Drizzle
2021-11-07,Maharagama,29.4,75,8.8,Drizzle
2021-11-07,Kandy,27.6,70,0.0,Sunny
2021-11-07,Kirulapane,28.4,72,0.0,Sunny
2021-11-07,Wattala,29.9,68,11.5,Rainy
2021-11-07,Colombo,29.8,65,0.0,Sunny
2021-11-07,Pelawatte,31.3,76,0.0,Sunny
2021-11-07,Malabe,29.6,72,0.0,Sunny
2021-11-08,Nugegoda,29.4,78,8.5,Drizzle
2021-11-08,Maharagama,31.0,82,3.5,Drizzle
2021-11-08,Kandy,24.2,78,0.7,Drizzle
2021-11-08,Kirulapane,31.5,67,0.0,Sunny
2021-11-08,Wattala,27.8,70,3.4,Drizzle
2021-11-08,Colombo,32.4,70,0.0,Sunny
2021-11-08,Pelawatte,34.0,74,20.2,Rainy
2021-11-08,Malabe,30.1,71,0.0,Sunny
2021-11-09,Nugegoda,30.7,72,0.0,Sunny
2021-11-09,Maharagama,30.3,74,8.6,Drizzle
2021-11-09,Kandy,26.1,73,20.2,Rainy
2021-11-09,Kirulapane,29.3,73,0.0,Sunny
2021-11-09,Wattala,28.4,73,0.0,Sunny
2021-11-09,Colombo,30.2,70,0.0,Sunny
2021-11-09,Pelawatte,32.0,74,0.0,Sunny
2021-11-09,Malabe,28.9,82,0.0,Sunny
2021-11-10,Nugegoda,28.0,80,19.9,Rainy
2021-11-10,Maharagama,30.6,69,0.0,Sunny
2021-11-10,Kandy,26.6,70,3.7,Drizzle
2021-11-10,Kirulapane,30.6,67,4.7,Drizzle
2021-11-10,Wattala,30.0,73,13.3,Rainy
2021-11-10,Colombo,31.7,78,0.0,Sunny
2021-11-10,Pelawatte,29.1,72,0.0,Sunny
2021-11-10,Malabe,29.6,73,1.2,Drizzle
2021-11-11,Nugegoda,31.2,65,0.0,Sunny
2021-11-11,Maharagama,29.8,76,0.0,Sunny
2021-11-11,Kandy,28.1,77,0.0,Sunny
2021-11-11,Kirulapane,32.2,80,7.9,Drizzle
2021-11-11,Wattala,30.4,74,0.0,Sunny
2021-11-11,Colombo,30.7,75,0.0,Sunny
2021-11-11,Pelawatte,29.9,69,5.8,Drizzle
2021-11-11,Malabe,29.7,80,0.0,Sunny
2021-11-12,Nugegoda,29.2,74,7.6,Drizzle
2021-11-12,Maharagama,29.5,75,7.2,Drizzle
2021-11-12,Kandy,25.3,75,1.1,Drizzle
2021-11-12,Kirulapane,29.9,75,0.0,Sunny
2021-11-12,Wattala,30.8,69,0.0,Sunny
2021-11-12,Colombo,29.0,75,0.0,Sunny
2021-11-12,Pelawatte,27.6,69,0.0,Sunny
2021-11-12,Malabe,31.5,72,0.0,Sunny
2021-11-13,Nugegoda,31.1,71,12.2,Rainy
2021-11-13,Maharagama,27.6,76,0.0,Sunny
2021-11-13,Kandy,27.0,73,3.3,Drizzle
2021-11-13,Kirulapane,31.7,67,0.0,Sunny
2021-11-13,Wattala,31.6,75,2.5,Drizzle
2021-11-13,Colombo,25.8,79,0.0,Sunny
2021-11-13,Pelawatte,32.9,77,7.2,Drizzle
2021-11-13,Malabe,30.7,82,0.0,Sunny
2021-11-14,Nugegoda,30.4,69,0.0,Sunny
2021-11-14,Maharagama,29.8,70,6.5,Drizzle
2021-11-14,Kandy,28.8,69,8.3,Drizzle
2021-11-14,Kirulapane,31.8,70,0.0,Sunny
2021-11-14,Wattala,31.2,84,0.1,Drizzle
2021-11-14,Colombo,28.6,81,0.0,Sunny
2021-11-14,Pelawatte,30.5,80,0.0,Sunny
2021-11-14,Malabe,29.1,68,5.2,Drizzle
2021-11-15,Nugegoda,30.2,64,0.0,Sunny
2021-11-15,Maharagama,32.7,74,4.6,Drizzle
2021-11-15,Kandy,24.8,79,0.0,Sunny
2021-11-15,Kirulapane,29.9,87,6.9,Drizzle
2021-11-15,Wattala,28.7,66,0.7,Drizzle
2021-11-15,Colombo,28.1,78,0.0,Sunny
2021-11-15,Pelawatte,27.1,73,0.0,Sunny
2021-11-15,Malabe,31.6,63,0.0,Sunny
2021-11-16,Nugegoda,32.0,69,0.0,Sunny
2021-11-16,Maharagama,29.7,80,0.0,Sunny
2021-11-16,Kandy,25.7,77,1.3,Drizzle
2021-11-16,Kirulapane,29.6,65,0.0,Sunny
2021-11-16,Wattala,32.0,64,0.0,Sunny
2021-11-16,Colombo,32.0,74,6.3,Drizzle
2021-11-16,Pelawatte,29.9,73,6.9,Drizzle
2021-11-16,Malabe,28.9,70,0.0,Sunny
2021-11-17,Nugegoda,29.2,80,5.6,Drizzle
2021-11-17,Maharagama,27.5,72,0.0,Sunny
2021-11-17,Kandy,27.5,76,0.0,Sunny
2021-11-17,Kirulapane,26.6,75,10.8,Rainy
2021-11-17,Wattala,31.0,77,0.0,Sunny
2021-11-17,Colombo,29.1,68,5.1,Drizzle
2021-11-17,Pelawatte,31.8,70,3.2,Drizzle
2021-11-17,Malabe,29.6,68,0.0,Sunny
2021-11-18,Nugegoda,30.8,67,4.5,Drizzle
2021-11-18,Maharagama,30.0,70,0.0,Sunny
2021-11-18,Kandy,28.6,74,0.0,Sunny
2021-11-18,Kirulapane,31.8,64,12.6,Rainy
2021-11-18,Wattala,31.8,69,1.2,Drizzle
2021-11-18,Colombo,28.9,71,13.3,Rainy
2021-11-18,Pelawatte,31.1,69,0.0,Sunny
2021-11-18,Malabe,33.8,82,0.0,Sunny
2021-11-19,Nugegoda,29.6,63,7.4,Drizzle
2021-11-19,Maharagama,33.1,71,0.0,Sunny
2021-11-19,Kandy,27.7,73,0.0,Sunny
2021-11-19,Kirulapane,32.4,77,24.1,Rainy
2021-11-19,Wattala,31.2,69,5.9,Drizzle
2021-11-19,Colombo,31.3,70,0.0,Sunny
2021-11-19,Pelawatte,28.1,79,5.3,Drizzle
2021-11-19,Malabe,27.9,82,1.8,Drizzle
2021-11-20,Nugegoda,30.0,76,10.6,Rainy
2021-11-20,Maharagama,27.3,68,4.2,Drizzle
2021-11-20,Kandy,28.7,62,6.3,Drizzle
2021-11-20,Kirulapane,28.3,73,5.5,Drizzle
2021-11-20,Wattala,29.9,73,0.0,Sunny
2021-11-20,Colombo,32.5,79,4.1,Drizzle
2021-11-20,Pelawatte,30.4,77,0.0,Sunny
2021-11-20,Malabe,30.6,73,13.7,Rainy
2021-11-21,Nugegoda,29.6,75,2.5,Drizzle
2021-11-21,Maharagama,28.5,69,0.0,Sunny
2021-11-21,Kandy,25.7,70,0.0,Sunny
2021-11-21,Kirulapane,30.4,80,0.0,Sunny
2021-11-21,Wattala,27.1,66,0.0,Sunny
2021-11-21,Colombo,31.8,79,10.2,Rainy
2021-11-21,Pelawatte,31.1,83,0.0,Sunny
2021-11-21,Malabe,33.2,67,5.2,Drizzle
2021-11-22,Nugegoda,33.0,74,0.0,Sunny
2021-11-22,Maharagama,31.3,74,0.0,Sunny
2021-11-22,Kandy,26.8,70,0.2,Drizzle
2021-11-22,Kirulapane,30.7,63,0.0,Sunny
2021-11-22,Wattala,30.3,69,6.1,Drizzle
2021-11-22,Colombo,30.7,72,21.0,Rainy
2021-11-22,Pelawatte,31.4,72,3.9,Drizzle
2021-11-22,Malabe,29.7,82,1.0,Drizzle
2021-11-23,Nugegoda,29.9,77,10.6,Rainy
2021-11-23,Maharagama,29.9,73,0.0,Sunny
2021-11-23,Kandy,30.0,73,0.0,Sunny
2021-11-23,Kirulapane,31.6,79,0.0,Sunny
2021-11-23,Wattala,31.3,73,5.4,Drizzle
2021-11-23,Colombo,27.9,72,2.9,Drizzle
2021-11-23,Pelawatte,30.2,71,0.0,Sunny
2021-11-23,Malabe,31.5,70,0.0,Sunny
2021-11-24,Nugegoda,29.0,71,11.9,Rainy
2021-11-24,Maharagama,29.8,68,0.0,Sunny
2021-11-24,Kandy,28.5,81,0.0,Sunny
2021-11-24,Kirulapane,29.9,73,0.0,Sunny
2021-11-24,Wattala,29.3,70,0.0,Sunny
2021-11-24,Colombo,33.1,75,3.8,Drizzle
2021-11-24,Pelawatte,28.6,80,0.0,Sunny
2021-11-24,Malabe,29.4,74,0.7,Drizzle
2021-11-25,Nugegoda,31.0,73,0.0,Sunny
2021-11-25,Maharagama,31.1,81,0.0,Sunny
2021-11-25,Kandy,24.9,71,0.0,Sunny
2021-11-25,Kirulapane,32.7,85,6.7,Drizzle
2021-11-25,Wattala,30.4,75,0.0,Sunny
2021-11-25,Colombo,29.6,71,0.0,Sunny
2021-11-25,Pelawatte,30.0,80,0.0,Sunny
2021-11-25,Malabe,29.4,70,10.5,Rainy
2021-11-26,Nugegoda,29.3,68,0.0,Sunny
2021-11-26,Maharagama,32.0,69,3.7,Drizzle
2021-11-26,Kandy,25.6,74,13.1,Rainy
2021-11-26,Kirulapane,32.2,67,0.0,Sunny
2021-11-26,Wattala,30.5,72,7.7,Drizzle
2021-11-26,Colombo,28.1,72,0.0,Sunny
2021-11-26,Pelawatte,28.9,77,0.0,Sunny
2021-11-26,Malabe,30.9,78,0.0,Sunny
2021-11-27,Nugegoda,32.6,71,3.9,Drizzle
2021-11-27,Maharagama,30.8,67,29.8,Rainy
2021-11-27,Kandy,26.4,64,0.0,Sunny
2021-11-27,Kirulapane,31.8,74,11.5,Rainy
2021-11-27,Wattala,30.9,75,0.0,Sunny
2021-11-27,Colombo,31.3,72,0.0,Sunny
2021-11-27,Pelawatte,29.5,75,0.0,Sunny
2021-11-27,Malabe,30.3,83,14.2,Rainy
2021-11-28,Nugegoda,28.0,72,2.7,Drizzle
2021-11-28,Maharagama,34.9,76,0.0,Sunny
2021-11-28,Kandy,27.6,80,12.1,Rainy
2021-11-28,Kirulapane,31.2,68,0.0,Sunny
2021-11-28,Wattala,29.4,77,0.1,Drizzle
2021-11-28,Colombo,31.0,65,3.8,Drizzle
2021-11-28,Pelawatte,31.6,74,0.0,Sunny
2021-11-28,Malabe,29.6,65,6.4,Drizzle
2021-11-29,Nugegoda,31.2,69,3.8,Drizzle
2021-11-29,Maharagama,28.7,58,0.2,Drizzle
2021-11-29,Kandy,25.3,79,6.6,Drizzle
2021-11-29,Kirulapane,28.7,71,4.2,Drizzle
2021-11-29,Wattala,30.3,66,0.0,Sunny
2021-11-29,Colombo,28.2,74,8.9,Drizzle
2021-11-29,Pelawatte,29.3,75,5.0,Drizzle
2021-11-29,Malabe,30.2,70,2.5,Drizzle
2021-11-30,Nugegoda,32.6,87,20.7,Rainy
2021-11-30,Maharagama,33.3,80,0.0,Sunny
2021-11-30,Kandy,28.2,71,0.0,Sunny
2021-11-30,Kirulapane,30.6,76,0.0,Sunny
2021-11-30,Wattala,28.4,79,0.0,Sunny
2021-11-30,Colombo,31.6,69,0.0,Sunny
2021-11-30,Pelawatte,29.1,67,0.0,Sunny
2021-11-30,Malabe,28.5,79,3.1,Drizzle
2021-12-01,Nugegoda,31.7,69,0.0,Sunny
2021-12-01,Maharagama,29.0,72,2.4,Drizzle
2021-12-01,Kandy,26.9,72,8.7,Drizzle
2021-12-01,Kirulapane,30.4,68,0.2,Drizzle
2021-12-01,Wattala,28.4,82,0.0,Sunny
2021-12-01,Colombo,28.5,78,3.6,Drizzle
2021-12-01,Pelawatte,31.4,72,0.0,Sunny
2021-12-01,Malabe,28.0,77,0.0,Sunny
2021-12-02,Nugegoda,28.0,70,0.0,Sunny
2021-12-02,Maharagama,28.5,62,0.4,Drizzle
2021-12-02,Kandy,23.9,71,8.3,Drizzle
2021-12-02,Kirulapane,27.9,57,0.0,Sunny
2021-12-02,Wattala,31.1,74,6.5,Drizzle
2021-12-02,Colombo,28.2,77,5.0,Drizzle
2021-12-02,Pelawatte,28.8,70,0.0,Sunny
2021-12-02,Malabe,28.7,67,6.1,Drizzle
2021-12-03,Nugegoda,28.8,71,7.8,Drizzle
2021-12-03,Maharagama,28.3,67,0.0,Sunny
2021-12-03,Kandy,21.9,77,3.1,Drizzle
2021-12-03,Kirulapane,29.4,74,0.0,Sunny
2021-12-03,Wattala,28.4,70,17.7,Rainy
2021-12-03,Colombo,28.2,76,0.0,Sunny
2021-12-03,Pelawatte,26.3,63,0.0,Sunny
2021-12-03,Malabe,26.6,75,3.4,Drizzle
2021-12-04,Nugegoda,27.9,63,3.3,Drizzle
2021-12-04,Maharagama,28.5,71,0.0,Sunny
2021-12-04,Kandy,26.7,80,8.3,Drizzle
2021-12-04,Kirulapane,31.4,74,7.1,Drizzle
2021-12-04,Wattala,29.0,83,0.0,Sunny
2021-12-04,Colombo,30.2,66,0.0,Sunny
2021-12-04,Pelawatte,30.5,73,4.1,Drizzle
2021-12-04,Malabe,28.3,71,0.0,Sunny
2021-12-05,Nugegoda,30.0,78,0.4,Drizzle
2021-12-05,Maharagama,27.4,69,0.0,Sunny
2021-12-05,Kandy,25.0,67,0.0,Sunny
2021-12-05,Kirulapane,28.6,81,0.0,Sunny
2021-12-05,Wattala,27.5,81,0.0,Sunny
2021-12-05,Colombo,28.4,62,0.0,Sunny
2021-12-05,Pelawatte,27.7,66,0.0,Sunny
2021-12-05,Malabe,27.6,76,0.4,Drizzle
2021-12-06,Nugegoda,30.3,77,13.4,Rainy
2021-12-06,Maharagama,26.3,73,0.0,Sunny
2021-12-06,Kandy,23.9,78,18.7,Rainy
2021-12-06,Kirulapane,29.1,78,0.0,Sunny
2021-12-06,Wattala,27.2,77,4.7,Drizzle
2021-12-06,Colombo,28.2,70,0.0,Sunny
2021-12-06,Pelawatte,26.1,68,7.2,Drizzle
2021-12-06,Malabe,26.9,72,9.5,Drizzle
2021-12-07,Nugegoda,29.0,70,2.7,Drizzle
2021-12-07,Maharagama,28.4,72,0.0,Sunny
2021-12-07,Kandy,25.9,55,3.1,Drizzle
2021-12-07,Kirulapane,28.0,69,0.0,Sunny
2021-12-07,Wattala,28.7,81,0.0,Sunny
2021-12-07,Colombo,27.5,69,0.0,Sunny
2021-12-07,Pelawatte,27.3,70,0.0,Sunny
2021-12-07,Malabe,29.5,74,0.0,Sunny
2021-12-08,Nugegoda,30.2,76,6.6,Drizzle
2021-12-08,Maharagama,27.2,69,0.3,Drizzle
2021-12-08,Kandy,27.1,69,0.0,Sunny
2021-12-08,Kirulapane,29.6,69,0.0,Sunny
2021-12-08,Wattala,31.3,71,3.9,Drizzle
2021-12-08,Colombo,28.0,68,6.9,Drizzle
2021-12-08,Pelawatte,25.4,74,0.0,Sunny
2021-12-08,Malabe,28.8,80,0.0,Sunny
2021-12-09,Nugegoda,27.0,68,3.9,Drizzle
2021-12-09,Maharagama,25.4,68,0.0,Sunny
2021-12-09,Kandy,27.8,63,0.0,Sunny
2021-12-09,Kirulapane,28.8,82,0.0,Sunny
2021-12-09,Wattala,27.5,77,0.0,Sunny
2021-12-09,Colombo,27.6,79,0.0,Sunny
2021-12-09,Pelawatte,28.5,73,0.0,Sunny
2021-12-09,Malabe,26.5,75,0.0,Sunny
2021-12-10,Nugegoda,27.2,70,5.2,Drizzle
2021-12-10,Maharagama,26.3,73,2.5,Drizzle
2021-12-10,Kandy,26.3,69,0.0,Sunny
2021-12-10,Kirulapane,31.2,72,10.7,Rainy
2021-12-10,Wattala,27.8,76,1.6,Drizzle
2021-12-10,Colombo,28.2,82,12.2,Rainy
2021-12-10,Pelawatte,29.4,81,9.3,Drizzle
2021-12-10,Malabe,26.8,78,9.3,Drizzle
2021-12-11,Nugegoda,27.5,78,0.0,Sunny
2021-12-11,Maharagama,28.2,76,0.0,Sunny
2021-12-11,Kandy,27.9,73,0.0,Sunny
2021-12-11,Kirulapane,27.1,69,0.0,Sunny
2021-12-11,Wattala,29.0,67,20.8,Rainy
2021-12-11,Colombo,29.4,67,0.0,Sunny
2021-12-11,Pelawatte,27.4,79,0.0,Sunny
2021-12-11,Malabe,30.5,72,0.0,Sunny
2021-12-12,Nugegoda,28.7,74,0.0,Sunny
2021-12-12,Maharagama,26.2,80,0.0,Sunny
2021-12-12,Kandy,26.1,74,0.0,Sunny
2021-12-12,Kirulapane,28.2,74,0.0,Sunny
2021-12-12,Wattala,27.9,74,2.3,Drizzle
2021-12-12,Colombo,28.0,74,2.5,Drizzle
2021-12-12,Pelawatte,32.6,76,20.8,Rainy
2021-12-12,Malabe,26.9,82,21.3,Rainy
2021-12-13,Nugegoda,27.6,76,1.1,Drizzle
2021-12-13,Maharagama,29.5,83,0.0,Sunny
2021-12-13,Kandy,26.6,80,0.0,Sunny
2021-12-13,Kirulapane,27.0,74,0.0,Sunny
2021-12-13,Wattala,29.7,70,0.0,Sunny
2021-12-13,Colombo,29.7,82,4.9,Drizzle
2021-12-13,Pelawatte,26.4,67,0.0,Sunny
2021-12-13,Malabe,29.7,79,0.0,Sunny
2021-12-14,Nugegoda,30.7,73,5.2,Drizzle
2021-12-14,Maharagama,30.8,75,0.0,Sunny
2021-12-14,Kandy,26.8,72,0.0,Sunny
2021-12-14,Kirulapane,29.7,69,13.3,Rainy
2021-12-14,Wattala,30.1,68,0.0,Sunny
2021-12-14,Colombo,30.2,72,3.7,Drizzle
2021-12-14,Pelawatte,28.7,87,8.3,Drizzle
2021-12-14,Malabe,30.1,75,0.0,Sunny
2021-12-15,Nugegoda,28.7,70,3.2,Drizzle
2021-12-15,Maharagama,28.8,73,5.9,Drizzle
2021-12-15,Kandy,23.5,72,0.0,Sunny
2021-12-15,Kirulapane,27.7,69,0.0,Sunny
2021-12-15,Wattala,27.2,70,0.0,Sunny
2021-12-15,Colombo,30.6,69,0.0,Sunny
2021-12-15,Pelawatte,31.0,64,3.6,Drizzle
2021-12-15,Malabe,29.6,75,13.0,Rainy
2021-12-16,Nugegoda,27.6,69,10.1,Rainy
2021-12-16,Maharagama,30.0,78,0.8,Drizzle
2021-12-16,Kandy,26.9,79,14.2,Rainy
2021-12-16,Kirulapane,27.0,72,6.5,Drizzle
2021-12-16,Wattala,28.2,77,0.0,Sunny
2021-12-16,Colombo,27.0,84,0.0,Sunny
2021-12-16,Pelawatte,28.1,72,0.0,Sunny
2021-12-16,Malabe,26.0,71,16.3,Rainy
2021-12-17,Nugegoda,30.9,81,0.0,Sunny
2021-12-17,Maharagama,28.3,69,60.9,Storm
2021-12-17,Kandy,24.5,72,0.0,Sunny
2021-12-17,Kirulapane,29.7,75,0.0,Sunny
2021-12-17,Wattala,27.0,69,0.0,Sunny
2021-12-17,Colombo,28.6,65,4.6,Drizzle
2021-12-17,Pelawatte,31.6,74,3.9,Drizzle
2021-12-17,Malabe,27.5,71,0.0,Sunny
2021-12-18,Nugegoda,29.8,78,8.8,Drizzle
2021-12-18,Maharagama,29.2,66,6.8,Drizzle
2021-12-18,Kandy,29.8,69,0.0,Sunny
2021-12-18,Kirulapane,31.1,76,0.0,Sunny
2021-12-18,Wattala,27.6,75,0.6,Drizzle
2021-12-18,Colombo,28.4,70,0.0,Sunny
2021-12-18,Pelawatte,30.4,73,0.0,Sunny
2021-12-18,Malabe,26.4,80,0.0,Sunny
2021-12-19,Nugegoda,29.4,72,16.3,Rainy
2021-12-19,Maharagama,25.7,77,2.8,Drizzle
2021-12-19,Kandy,22.6,71,0.0,Sunny
2021-12-19,Kirulapane,28.2,74,0.0,Sunny
2021-12-19,Wattala,26.5,71,0.0,Sunny
2021-12-19,Colombo,27.0,71,0.0,Sunny
2021-12-19,Pelawatte,30.2,73,0.3,Drizzle
2021-12-19,Malabe,30.4,77,0.0,Sunny
2021-12-20,Nugegoda,29.0,76,0.0,Sunny
2021-12-20,Maharagama,28.6,63,0.1,Drizzle
2021-12-20,Kandy,25.1,71,0.0,Sunny
2021-12-20,Kirulapane,29.0,77,8.9,Drizzle
2021-12-20,Wattala,26.6,80,0.0,Sunny
2021-12-20,Colombo,29.3,65,0.8,Drizzle
2021-12-20,Pelawatte,29.0,66,0.0,Sunny
2021-12-20,Malabe,26.5,76,0.0,Sunny
2021-12-21,Nugegoda,28.2,80,18.7,Rainy
2021-12-21,Maharagama,29.5,61,5.2,Drizzle
2021-12-21,Kandy,27.7,72,6.0,Drizzle
2021-12-21,Kirulapane,26.8,69,0.3,Drizzle
2021-12-21,Wattala,26.3,76,0.0,Sunny
2021-12-21,Colombo,30.5,79,0.0,Sunny
2021-12-21,Pelawatte,30.0,74,0.0,Sunny
2021-12-21,Malabe,29.3,79,2.9,Drizzle
2021-12-22,Nugegoda,28.1,67,0.5,Drizzle
2021-12-22,Maharagama,28.6,75,0.0,Sunny
2021-12-22,Kandy,25.4,84,0.0,Sunny
2021-12-22,Kirulapane,30.8,77,0.0,Sunny
2021-12-22,Wattala,27.3,77,2.0,Drizzle
2021-12-22,Colombo,27.9,68,0.0,Sunny
2021-12-22,Pelawatte,27.9,79,0.0,Sunny
2021-12-22,Malabe,27.1,78,0.0,Sunny
2021-12-23,Nugegoda,28.6,75,0.0,Sunny
2021-12-23,Maharagama,30.4,68,0.0,Sunny
2021-12-23,Kandy,25.6,65,3.1,Drizzle
2021-12-23,Kirulapane,27.7,70,0.3,Drizzle
2021-12-23,Wattala,28.4,83,0.0,Sunny
2021-12-23,Colombo,27.3,75,11.2,Rainy
2021-12-23,Pelawatte,29.0,76,0.0,Sunny
2021-12-23,Malabe,28.5,80,15.0,Rainy
2021-12-24,Nugegoda,31.0,78,40.3,Storm
2021-12-24,Maharagama,29.4,67,0.0,Sunny
2021-12-24,Kandy,26.0,69,6.7,Drizzle
2021-12-24,Kirulapane,27.8,74,0.0,Sunny
2021-12-24,Wattala,28.2,77,7.8,Drizzle
2021-12-24,Colombo,29.5,77,5.9,Drizzle
2021-12-24,Pelawatte,28.0,79,17.6,Rainy
2021-12-24,Malabe,27.3,69,0.4,Drizzle
2021-12-25,Nugegoda,27.9,80,0.0,Sunny
2021-12-25,Maharagama,29.0,72,0.0,Sunny
2021-12-25,Kandy,28.7,78,5.1,Drizzle
2021-12-25,Kirulapane,29.6,73,0.0,Sunny
2021-12-25,Wattala,25.8,69,0.0,Sunny
2021-12-25,Colombo,30.4,59,1.2,Drizzle
2021-12-25,Pelawatte,26.1,74,1.6,Drizzle
2021-12-25,Malabe,31.4,68,0.0,Sunny
2021-12-26,Nugegoda,28.0,83,0.0,Sunny
2021-12-26,Maharagama,30.7,67,5.5,Drizzle
2021-12-26,Kandy,25.2,73,8.0,Drizzle
2021-12-26,Kirulapane,28.1,75,21.2,Rainy
2021-12-26,Wattala,29.9,77,1.8,Drizzle
2021-12-26,Colombo,28.7,66,1.5,Drizzle
2021-12-26,Pelawatte,26.9,68,1.4,Drizzle
2021-12-26,Malabe,29.4,70,0.0,Sunny
2021-12-27,Nugegoda,28.6,72,0.0,Sunny
2021-12-27,Maharagama,27.3,72,0.0,Sunny
2021-12-27,Kandy,25.7,74,0.0,Sunny
2021-12-27,Kirulapane,29.2,64,0.8,Drizzle
2021-12-27,Wattala,30.2,78,26.8,Rainy
2021-12-27,Colombo,31.2,75,12.5,Rainy
2021-12-27,Pelawatte,27.6,70,0.0,Sunny
2021-12-27,Malabe,29.8,71,5.1,Drizzle
2021-12-28,Nugegoda,29.0,80,0.0,Sunny
2021-12-28,Maharagama,30.0,71,0.0,Sunny
2021-12-28,Kandy,23.3,75,0.0,Sunny
2021-12-28,Kirulapane,26.8,69,0.0,Sunny
2021-12-28,Wattala,29.2,71,33.2,Storm
2021-12-28,Colombo,29.5,73,0.1,Drizzle
2021-12-28,Pelawatte,28.6,87,0.0,Cloudy
2021-12-28,Malabe,28.9,71,0.0,Sunny
2021-12-29,Nugegoda,29.2,74,0.0,Sunny
2021-12-29,Maharagama,28.4,71,0.0,Sunny
2021-12-29,Kandy,24.8,64,0.0,Sunny
2021-12-29,Kirulapane,29.0,73,0.7,Drizzle
2021-12-29,Wattala,28.4,78,0.0,Sunny
2021-12-29,Colombo,27.8,79,4.5,Drizzle
2021-12-29,Pelawatte,25.9,67,20.8,Rainy
2021-12-29,Malabe,28.2,69,0.8,Drizzle
2021-12-30,Nugegoda,27.0,75,0.0,Sunny
2021-12-30,Maharagama,28.2,84,0.0,Sunny
2021-12-30,Kandy,25.0,78,0.0,Sunny
2021-12-30,Kirulapane,28.2,74,49.4,Storm
2021-12-30,Wattala,29.8,69,0.0,Sunny
2021-12-30,Colombo,28.9,73,0.0,Sunny
2021-12-30,Pelawatte,28.9,83,5.2,Drizzle
2021-12-30,Malabe,29.6,69,0.0,Sunny
2021-12-31,Nugegoda,26.1,75,24.9,Rainy
2021-12-31,Maharagama,27.8,66,0.0,Sunny
2021-12-31,Kandy,27.1,73,0.0,Sunny
2021-12-31,Kirulapane,27.3,74,9.5,Drizzle
2021-12-31,Wattala,29.2,71,0.0,Sunny
2021-12-31,Colombo,25.8,68,0.0,Sunny
2021-12-31,Pelawatte,28.8,68,1.2,Drizzle
2021-12-31,Malabe,29.3,75,4.6,Drizzle
2022-01-01,Nugegoda,29.7,73,0.0,Sunny
2022-01-01,Maharagama,32.5,71,0.0,Sunny
2022-01-01,Kandy,24.4,73,0.0,Sunny
2022-01-01,Kirulapane,27.3,72,0.0,Sunny
2022-01-01,Wattala,27.8,79,0.0,Sunny
2022-01-01,Colombo,26.1,80,0.0,Sunny
2022-01-01,Pelawatte,23.6,75,48.0,Storm
2022-01-01,Malabe,26.5,73,0.0,Sunny
2022-01-02,Nugegoda,29.3,77,12.4,Rainy
2022-01-02,Maharagama,27.0,78,0.0,Sunny
2022-01-02,Kandy,25.4,74,1.1,Drizzle
2022-01-02,Kirulapane,31.6,76,6.3,Drizzle
2022-01-02,Wattala,31.8,74,0.0,Sunny
2022-01-02,Colombo,26.6,73,0.0,Sunny
2022-01-02,Pelawatte,27.9,71,0.0,Sunny
2022-01-02,Malabe,27.8,70,0.0,Sunny
2022-01-03,Nugegoda,26.9,75,0.0,Sunny
2022-01-03,Maharagama,27.5,77,0.0,Sunny
2022-01-03,Kandy,24.7,75,0.0,Sunny
2022-01-03,Kirulapane,26.5,75,0.0,Sunny
2022-01-03,Wattala,26.0,78,12.1,Rainy
2022-01-03,Colombo,27.8,78,0.0,Sunny
2022-01-03,Pelawatte,27.9,84,19.1,Rainy
2022-01-03,Malabe,26.4,69,5.6,Drizzle
2022-01-04,Nugegoda,25.4,71,9.5,Drizzle
2022-01-04,Maharagama,29.4,76,28.9,Rainy
2022-01-04,Kandy,26.9,69,0.0,Sunny
2022-01-04,Kirulapane,28.1,84,0.0,Sunny
2022-01-04,Wattala,28.2,80,2.3,Drizzle
2022-01-04,Colombo,28.3,73,5.9,Drizzle
2022-01-04,Pelawatte,33.6,77,0.0,Sunny
2022-01-04,Malabe,26.9,64,0.0,Sunny
2022-01-05,Nugegoda,28.7,81,6.8,Drizzle
2022-01-05,Maharagama,29.0,75,0.0,Sunny
2022-01-05,Kandy,24.7,82,2.8,Drizzle
2022-01-05,Kirulapane,28.5,70,3.5,Drizzle
2022-01-05,Wattala,29.8,68,11.7,Rainy
2022-01-05,Colombo,28.8,76,3.1,Drizzle
2022-01-05,Pelawatte,27.7,72,7.6,Drizzle
2022-01-05,Malabe,28.7,67,7.1,Drizzle
2022-01-06,Nugegoda,27.2,79,12.7,Rainy
2022-01-06,Maharagama,26.2,62,5.8,Drizzle
2022-01-06,Kandy,24.0,78,0.0,Sunny
2022-01-06,Kirulapane,25.6,77,0.0,Sunny
2022-01-06,Wattala,28.4,85,7.7,Drizzle
2022-01-06,Colombo,31.0,75,0.0,Sunny
2022-01-06,Pelawatte,31.5,75,0.0,Sunny
2022-01-06,Malabe,25.6,66,11.6,Rainy
2022-01-07,Nugegoda,27.4,74,0.0,Sunny
2022-01-07,Maharagama,28.7,71,4.5,Drizzle
2022-01-07,Kandy,24.5,72,0.0,Sunny
2022-01-07,Kirulapane,27.1,73,7.6,Drizzle
2022-01-07,Wattala,29.8,77,0.0,Sunny
2022-01-07,Colombo,29.3,73,16.0,Rainy
2022-01-07,Pelawatte,27.3,71,4.6,Drizzle
2022-01-07,Malabe,30.7,64,0.0,Sunny
2022-01-08,Nugegoda,28.6,82,0.9,Drizzle
2022-01-08,Maharagama,27.9,78,28.4,Rainy
2022-01-08,Kandy,25.3,72,0.0,Sunny
2022-01-08,Kirulapane,29.7,76,0.0,Sunny
2022-01-08,Wattala,28.7,77,8.0,Drizzle
2022-01-08,Colombo,27.8,78,3.5,Drizzle
2022-01-08,Pelawatte,28.7,73,4.2,Drizzle
2022-01-08,Malabe,28.5,75,6.5,Drizzle
2022-01-09,Nugegoda,25.5,75,0.0,Sunny
2022-01-09,Maharagama,28.6,74,0.0,Sunny
2022-01-09,Kandy,26.4,80,4.2,Drizzle
2022-01-09,Kirulapane,29.4,71,9.6,Drizzle
2022-01-09,Wattala,31.8,78,0.8,Drizzle
2022-01-09,Colombo,26.4,73,1.9,Drizzle
2022-01-09,Pelawatte,29.5,75,0.0,Sunny
2022-01-09,Malabe,29.4,68,0.0,Sunny
2022-01-10,Nugegoda,29.4,75,0.0,Sunny
2022-01-10,Maharagama,27.6,76,3.4,Drizzle
2022-01-10,Kandy,25.9,61,0.0,Sunny
2022-01-10,Kirulapane,27.8,68,2.7,Drizzle
2022-01-10,Wattala,29.7,75,26.2,Rainy
2022-01-10,Colombo,30.0,76,6.0,Drizzle
2022-01-10,Pelawatte,28.7,66,6.5,Drizzle
2022-01-10,Malabe,27.3,77,3.7,Drizzle
2022-01-11,Nugegoda,29.1,73,4.7,Drizzle
2022-01-11,Maharagama,29.7,78,0.0,Sunny
2022-01-11,Kandy,26.9,74,5.2,Drizzle
2022-01-11,Kirulapane,29.2,74,0.0,Sunny
2022-01-11,Wattala,28.9,79,0.0,Sunny
2022-01-11,Colombo,28.3,77,0.0,Sunny
2022-01-11,Pelawatte,31.6,65,0.0,Sunny
2022-01-11,Malabe,31.7,67,0.0,Sunny
2022-01-12,Nugegoda,27.6,75,19.2,Rainy
2022-01-12,Maharagama,27.5,70,1.6,Drizzle
2022-01-12,Kandy,25.9,78,1.7,Drizzle
2022-01-12,Kirulapane,28.2,64,24.7,Rainy
2022-01-12,Wattala,29.7,69,0.0,Sunny
2022-01-12,Colombo,27.9,64,0.0,Sunny
2022-01-12,Pelawatte,27.5,77,10.3,Rainy
2022-01-12,Malabe,28.8,73,0.0,Sunny
2022-01-13,Nugegoda,28.5,76,10.4,Rainy
2022-01-13,Maharagama,26.8,71,0.0,Sunny
2022-01-13,Kandy,25.8,69,0.0,Sunny
2022-01-13,Kirulapane,31.6,76,0.0,Sunny
2022-01-13,Wattala,25.9,76,22.5,Rainy
2022-01-13,Colombo,29.7,68,0.0,Sunny
2022-01-13,Pelawatte,30.0,74,9.5,Drizzle
2022-01-13,Malabe,26.1,67,0.0,Sunny
2022-01-14,Nugegoda,29.2,68,0.0,Sunny
2022-01-14,Maharagama,29.2,76,7.5,Drizzle
2022-01-14,Kandy,23.7,71,0.0,Sunny
2022-01-14,Kirulapane,26.2,73,0.0,Sunny
2022-01-14,Wattala,29.2,71,0.0,Sunny
2022-01-14,Colombo,24.6,81,0.0,Sunny
2022-01-14,Pelawatte,28.0,73,4.4,Drizzle
2022-01-14,Malabe,30.2,84,8.4,Drizzle
2022-01-15,Nugegoda,29.1,69,0.0,Sunny
2022-01-15,Maharagama,27.3,80,0.0,Sunny
2022-01-15,Kandy,25.3,71,9.8,Drizzle
2022-01-15,Kirulapane,29.5,70,8.0,Drizzle
2022-01-15,Wattala,25.8,79,0.0,Sunny
2022-01-15,Colombo,27.5,86,9.6,Drizzle
2022-01-15,Pelawatte,26.4,72,1.9,Drizzle
2022-01-15,Malabe,29.7,77,0.0,Sunny
2022-01-16,Nugegoda,28.5,76,19.9,Rainy
2022-01-16,Maharagama,30.1,78,0.0,Sunny
2022-01-16,Kandy,24.1,80,0.0,Sunny
2022-01-16,Kirulapane,30.1,71,1.1,Drizzle
2022-01-16,Wattala,27.8,68,4.2,Drizzle
2022-01-16,Colombo,30.3,70,0.8,Drizzle
2022-01-16,Pelawatte,30.0,71,0.0,Sunny
2022-01-16,Malabe,28.1,71,0.0,Sunny
2022-01-17,Nugegoda,29.2,80,0.0,Sunny
2022-01-17,Maharagama,27.8,75,0.0,Sunny
2022-01-17,Kandy,26.5,82,0.0,Sunny
2022-01-17,Kirulapane,27.1,77,0.0,Sunny
2022-01-17,Wattala,27.5,73,0.0,Sunny
2022-01-17,Colombo,29.1,70,5.6,Drizzle
2022-01-17,Pelawatte,28.6,79,0.0,Sunny
2022-01-17,Malabe,28.0,69,0.0,Sunny
2022-01-18,Nugegoda,29.3,74,6.8,Drizzle
2022-01-18,Maharagama,29.0,77,0.0,Sunny
2022-01-18,Kandy,25.4,79,16.2,Rainy
2022-01-18,Kirulapane,27.5,72,0.0,Sunny
2022-01-18,Wattala,29.9,75,22.2,Rainy
2022-01-18,Colombo,28.5,70,0.0,Sunny
2022-01-18,Pelawatte,30.3,76,2.6,Drizzle
2022-01-18,Malabe,31.1,76,1.2,Drizzle
2022-01-19,Nugegoda,29.1,80,23.9,Rainy
2022-01-19,Maharagama,27.4,72,5.6,Drizzle
2022-01-19,Kandy,22.1,76,0.0,Sunny
2022-01-19,Kirulapane,30.4,83,0.0,Sunny
2022-01-19,Wattala,28.1,76,4.8,Drizzle
2022-01-19,Colombo,27.1,74,0.0,Sunny
2022-01-19,Pelawatte,27.5,72,0.0,Sunny
2022-01-19,Malabe,29.0,86,9.5,Drizzle
2022-01-20,Nugegoda,28.4,73,0.0,Sunny
2022-01-20,Maharagama,30.4,66,0.0,Sunny
2022-01-20,Kandy,24.9,70,0.0,Sunny
2022-01-20,Kirulapane,30.5,76,0.0,Sunny
2022-01-20,Wattala,26.4,82,5.1,Drizzle
2022-01-20,Colombo,30.2,72,2.1,Drizzle
2022-01-20,Pelawatte,28.8,73,15.7,Rainy
2022-01-20,Malabe,32.2,73,0.0,Sunny
2022-01-21,Nugegoda,29.5,81,0.0,Sunny
2022-01-21,Maharagama,29.3,71,4.4,Drizzle
2022-01-21,Kandy,27.0,75,15.9,Rainy
2022-01-21,Kirulapane,26.7,71,0.0,Sunny
2022-01-21,Wattala,26.5,72,18.8,Rainy
2022-01-21,Colombo,28.6,73,0.0,Sunny
2022-01-21,Pelawatte,26.8,68,0.0,Sunny
2022-01-21,Malabe,27.9,74,21.2,Rainy
2022-01-22,Nugegoda,29.3,70,2.0,Drizzle
2022-01-22,Maharagama,28.1,79,0.0,Sunny
2022-01-22,Kandy,27.2,74,0.0,Sunny
2022-01-22,Kirulapane,25.8,88,0.0,Cloudy
2022-01-22,Wattala,28.9,68,0.0,Sunny
2022-01-22,Colombo,27.8,67,23.4,Rainy
2022-01-22,Pelawatte,29.7,68,10.8,Rainy
2022-01-22,Malabe,29.6,73,0.0,Sunny
2022-01-23,Nugegoda,32.0,67,9.4,Drizzle
2022-01-23,Maharagama,30.0,75,3.5,Drizzle
2022-01-23,Kandy,24.0,70,0.0,Sunny
2022-01-23,Kirulapane,30.2,80,0.0,Sunny
2022-01-23,Wattala,28.4,79,0.0,Sunny
2022-01-23,Colombo,29.4,72,9.6,Drizzle
2022-01-23,Pelawatte,29.1,65,0.0,Sunny
2022-01-23,Malabe,28.9,68,3.0,Drizzle
2022-01-24,Nugegoda,29.8,75,9.0,Drizzle
2022-01-24,Maharagama,28.8,62,9.0,Drizzle
2022-01-24,Kandy,26.3,75,4.1,Drizzle
2022-01-24,Kirulapane,28.6,74,0.0,Sunny
2022-01-24,Wattala,28.4,78,0.0,Sunny
2022-01-24,Colombo,26.8,75,5.1,Drizzle
2022-01-24,Pelawatte,30.9,71,0.0,Sunny
2022-01-24,Malabe,28.7,76,0.0,Sunny
2022-01-25,Nugegoda,31.1,77,20.6,Rainy
2022-01-25,Maharagama,27.2,81,10.0,Drizzle
2022-01-25,Kandy,25.3,71,0.0,Sunny
2022-01-25,Kirulapane,29.1,69,0.0,Sunny
2022-01-25,Wattala,29.5,74,0.0,Sunny
2022-01-25,Colombo,29.9,78,0.0,Sunny
2022-01-25,Pelawatte,28.9,75,0.0,Sunny
2022-01-25,Malabe,28.7,63,6.1,Drizzle
2022-01-26,Nugegoda,29.1,72,3.7,Drizzle
2022-01-26,Maharagama,28.4,73,0.0,Sunny
2022-01-26,Kandy,23.1,70,0.0,Sunny
2022-01-26,Kirulapane,26.9,66,7.7,Drizzle
2022-01-26,Wattala,27.4,81,18.8,Rainy
2022-01-26,Colombo,25.9,84,0.0,Sunny
2022-01-26,Pelawatte,28.4,72,5.1,Drizzle
2022-01-26,Malabe,30.2,68,14.0,Rainy
2022-01-27,Nugegoda,29.4,72,0.0,Sunny
2022-01-27,Maharagama,30.5,70,0.0,Sunny
2022-01-27,Kandy,25.7,81,2.8,Drizzle
2022-01-27,Kirulapane,30.4,80,0.0,Sunny
2022-01-27,Wattala,28.4,71,6.7,Drizzle
2022-01-27,Colombo,30.9,74,4.6,Drizzle
2022-01-27,Pelawatte,27.3,77,3.7,Drizzle
2022-01-27,Malabe,29.7,76,4.1,Drizzle
2022-01-28,Nugegoda,30.2,73,12.0,Rainy
2022-01-28,Maharagama,27.0,68,0.0,Sunny
2022-01-28,Kandy,23.7,75,0.0,Sunny
2022-01-28,Kirulapane,28.9,77,34.1,Storm
2022-01-28,Wattala,29.5,70,0.0,Sunny
2022-01-28,Colombo,28.0,84,0.0,Sunny
2022-01-28,Pelawatte,28.6,72,3.7,Drizzle
2022-01-28,Malabe,30.3,72,0.0,Sunny
2022-01-29,Nugegoda,30.4,79,0.0,Sunny
2022-01-29,Maharagama,29.9,71,0.0,Sunny
2022-01-29,Kandy,26.1,63,0.0,Sunny
2022-01-29,Kirulapane,28.4,66,0.0,Sunny
2022-01-29,Wattala,29.2,77,23.0,Rainy
2022-01-29,Colombo,29.0,74,0.0,Sunny
2022-01-29,Pelawatte,29.0,74,8.2,Drizzle
2022-01-29,Malabe,31.1,78,0.0,Sunny
2022-01-30,Nugegoda,28.9,70,2.7,Drizzle
2022-01-30,Maharagama,30.4,82,0.0,Sunny
2022-01-30,Kandy,26.3,67,0.0,Sunny
2022-01-30,Kirulapane,29.6,71,3.2,Drizzle
2022-01-30,Wattala,29.6,73,0.0,Sunny
2022-01-30,Colombo,30.8,66,11.3,Rainy
2022-01-30,Pelawatte,27.4,77,0.2,Drizzle
2022-01-30,Malabe,27.0,72,0.0,Sunny
2022-01-31,Nugegoda,28.0,74,0.0,Sunny
2022-01-31,Maharagama,27.9,66,0.0,Sunny
2022-01-31,Kandy,23.0,63,0.5,Drizzle
2022-01-31,Kirulapane,30.6,71,0.0,Sunny
2022-01-31,Wattala,26.1,64,0.0,Sunny
2022-01-31,Colombo,30.6,72,7.5,Drizzle
2022-01-31,Pelawatte,28.9,69,1.7,Drizzle
2022-01-31,Malabe,33.2,79,0.0,Sunny
2022-02-01,Nugegoda,27.3,72,0.0,Sunny
2022-02-01,Maharagama,29.9,74,0.0,Sunny
2022-02-01,Kandy,27.8,70,0.0,Sunny
2022-02-01,Kirulapane,28.1,67,7.6,Drizzle
2022-02-01,Wattala,32.6,76,0.0,Sunny
2022-02-01,Colombo,29.6,77,12.2,Rainy
2022-02-01,Pelawatte,29.9,72,0.0,Sunny
2022-02-01,Malabe,28.6,69,0.0,Sunny
2022-02-02,Nugegoda,28.3,84,0.0,Sunny
2022-02-02,Maharagama,30.5,77,0.0,Sunny
2022-02-02,Kandy,26.8,75,0.6,Drizzle
2022-02-02,Kirulapane,30.2,69,0.5,Drizzle
2022-02-02,Wattala,29.4,70,0.0,Sunny
2022-02-02,Colombo,31.8,75,0.0,Sunny
2022-02-02,Pelawatte,28.7,69,0.0,Sunny
2022-02-02,Malabe,28.9,64,4.9,Drizzle
2022-02-03,Nugegoda,27.4,78,0.0,Sunny
2022-02-03,Maharagama,30.0,72,0.0,Sunny
2022-02-03,Kandy,25.3,77,0.0,Sunny
2022-02-03,Kirulapane,30.3,67,0.0,Sunny
2022-02-03,Wattala,29.5,74,0.0,Sunny
2022-02-03,Colombo,25.3,77,0.0,Sunny
2022-02-03,Pelawatte,28.5,85,0.0,Sunny
2022-02-03,Malabe,30.2,76,3.5,Drizzle
2022-02-04,Nugegoda,29.8,75,0.0,Sunny
2022-02-04,Maharagama,28.9,76,0.0,Sunny
2022-02-04,Kandy,25.6,71,0.0,Sunny
2022-02-04,Kirulapane,27.5,66,0.0,Sunny
2022-02-04,Wattala,31.4,72,0.0,Sunny
2022-02-04,Colombo,29.6,72,0.0,Sunny
2022-02-04,Pelawatte,31.0,66,6.4,Drizzle
2022-02-04,Malabe,30.2,75,3.6,Drizzle
2022-02-05,Nugegoda,29.4,81,0.0,Sunny
2022-02-05,Maharagama,28.0,70,0.0,Sunny
2022-02-05,Kandy,27.5,73,0.0,Sunny
2022-02-05,Kirulapane,31.1,70,0.0,Sunny
2022-02-05,Wattala,29.9,78,0.0,Sunny
2022-02-05,Colombo,27.7,73,0.0,Sunny
2022-02-05,Pelawatte,32.3,71,0.0,Sunny
2022-02-05,Malabe,28.3,78,0.0,Sunny
2022-02-06,Nugegoda,30.0,74,0.0,Sunny
2022-02-06,Maharagama,30.7,68,0.0,Sunny
2022-02-06,Kandy,26.0,78,0.0,Sunny
2022-02-06,Kirulapane,28.3,79,0.0,Sunny
2022-02-06,Wattala,29.8,68,0.0,Sunny
2022-02-06,Colombo,31.8,72,3.6,Drizzle
2022-02-06,Pelawatte,30.5,67,2.8,Drizzle
2022-02-06,Malabe,28.6,72,2.2,Drizzle
2022-02-07,Nugegoda,27.4,70,10.4,Rainy
2022-02-07,Maharagama,32.0,70,3.0,Drizzle
2022-02-07,Kandy,25.4,78,11.4,Rainy
2022-02-07,Kirulapane,31.9,74,0.0,Sunny
2022-02-07,Wattala,30.4,70,0.0,Sunny
2022-02-07,Colombo,27.9,73,0.0,Sunny
2022-02-07,Pelawatte,30.0,75,0.0,Sunny
2022-02-07,Malabe,27.2,91,0.0,Cloudy
2022-02-08,Nugegoda,30.3,75,1.4,Drizzle
2022-02-08,Maharagama,27.7,75,0.0,Sunny
2022-02-08,Kandy,28.9,73,0.0,Sunny
2022-02-08,Kirulapane,29.6,73,0.0,Sunny
2022-02-08,Wattala,30.6,68,0.0,Sunny
2022-02-08,Colombo,30.3,73,0.0,Sunny
2022-02-08,Pelawatte,27.4,70,0.0,Sunny
2022-02-08,Malabe,29.5,76,0.0,Sunny
2022-02-09,Nugegoda,27.8,79,0.0,Sunny
2022-02-09,Maharagama,28.5,77,7.8,Drizzle
2022-02-09,Kandy,25.7,76,3.8,Drizzle
2022-02-09,Kirulapane,28.6,79,7.1,Drizzle
2022-02-09,Wattala,27.6,81,0.0,Sunny
2022-02-09,Colombo,28.2,75,0.0,Sunny
2022-02-09,Pelawatte,28.4,65,0.0,Sunny
2022-02-09,Malabe,31.1,73,0.0,Sunny
2022-02-10,Nugegoda,32.1,71,3.2,Drizzle
2022-02-10,Maharagama,29.0,74,0.0,Sunny
2022-02-10,Kandy,28.0,72,0.0,Sunny
2022-02-10,Kirulapane,30.8,63,0.0,Sunny
2022-02-10,Wattala,28.1,67,0.0,Sunny
2022-02-10,Colombo,31.6,75,0.0,Sunny
2022-02-10,Pelawatte,31.1,80,1.9,Drizzle
2022-02-10,Malabe,30.7,70,7.7,Drizzle
2022-02-11,Nugegoda,32.3,76,0.0,Sunny
2022-02-11,Maharagama,30.3,80,0.0,Sunny
2022-02-11,Kandy,28.6,72,0.0,Sunny
2022-02-11,Kirulapane,33.9,74,0.0,Sunny
2022-02-11,Wattala,29.9,80,0.0,Sunny
2022-02-11,Colombo,30.5,60,11.6,Rainy
2022-02-11,Pelawatte,30.9,74,0.0,Sunny
2022-02-11,Malabe,31.2,76,4.5,Drizzle
2022-02-12,Nugegoda,31.8,84,0.0,Sunny
2022-02-12,Maharagama,29.8,74,7.6,Drizzle
2022-02-12,Kandy,24.7,71,0.0,Sunny
2022-02-12,Kirulapane,32.0,72,0.0,Sunny
2022-02-12,Wattala,30.0,73,0.4,Drizzle
2022-02-12,Colombo,28.8,78,0.0,Sunny
2022-02-12,Pelawatte,29.6,71,0.0,Sunny
2022-02-12,Malabe,30.6,69,10.0,Drizzle
2022-02-13,Nugegoda,31.5,76,0.5,Drizzle
2022-02-13,Maharagama,30.7,72,0.0,Sunny
2022-02-13,Kandy,29.1,79,0.0,Sunny
2022-02-13,Kirulapane,29.5,83,0.0,Sunny
2022-02-13,Wattala,28.1,69,0.0,Sunny
2022-02-13,Colombo,30.1,81,0.0,Sunny
2022-02-13,Pelawatte,30.9,68,0.0,Sunny
2022-02-13,Malabe,29.3,79,6.2,Drizzle
2022-02-14,Nugegoda,28.5,71,0.0,Sunny
2022-02-14,Maharagama,31.2,72,0.0,Sunny
2022-02-14,Kandy,26.7,73,0.0,Sunny
2022-02-14,Kirulapane,30.2,68,1.3,Drizzle
2022-02-14,Wattala,29.9,82,0.0,Sunny
2022-02-14,Colombo,31.1,73,0.0,Sunny
2022-02-14,Pelawatte,30.9,75,0.0,Sunny
2022-02-14,Malabe,32.2,66,3.9,Drizzle
2022-02-15,Nugegoda,26.3,71,0.0,Sunny
2022-02-15,Maharagama,29.6,80,0.0,Sunny
2022-02-15,Kandy,26.3,72,0.0,Sunny
2022-02-15,Kirulapane,29.7,73,0.0,Sunny
2022-02-15,Wattala,31.6,64,0.0,Sunny
2022-02-15,Colombo,30.8,74,0.0,Sunny
2022-02-15,Pelawatte,27.8,69,0.0,Sunny
2022-02-15,Malabe,30.9,77,0.0,Sunny
2022-02-16,Nugegoda,31.8,75,4.7,Drizzle
2022-02-16,Maharagama,29.4,71,0.0,Sunny
2022-02-16,Kandy,28.4,66,0.0,Sunny
2022-02-16,Kirulapane,29.2,71,0.0,Sunny
2022-02-16,Wattala,27.3,74,0.0,Sunny
2022-02-16,Colombo,29.0,73,0.0,Sunny
2022-02-16,Pelawatte,31.8,67,0.0,Sunny
2022-02-16,Malabe,32.2,75,0.0,Sunny
2022-02-17,Nugegoda,28.7,67,0.0,Sunny
2022-02-17,Maharagama,28.5,73,0.0,Sunny
2022-02-17,Kandy,27.6,69,0.0,Sunny
2022-02-17,Kirulapane,31.6,75,0.0,Sunny
2022-02-17,Wattala,28.8,82,0.0,Sunny
2022-02-17,Colombo,28.9,73,0.0,Sunny
2022-02-17,Pelawatte,28.7,68,0.0,Sunny
2022-02-17,Malabe,30.0,79,3.4,Drizzle
2022-02-18,Nugegoda,27.1,81,0.0,Sunny
2022-02-18,Maharagama,29.2,75,0.0,Sunny
2022-02-18,Kandy,25.6,77,0.0,Sunny
2022-02-18,Kirulapane,26.0,67,0.0,Sunny
2022-02-18,Wattala,32.2,80,0.0,Sunny
2022-02-18,Colombo,28.5,68,2.3,Drizzle
2022-02-18,Pelawatte,29.4,75,0.0,Sunny
2022-02-18,Malabe,30.1,68,7.8,Drizzle
2022-02-19,Nugegoda,28.7,77,0.0,Sunny
2022-02-19,Maharagama,32.1,74,0.0,Sunny
2022-02-19,Kandy,27.0,78,0.0,Sunny
2022-02-19,Kirulapane,30.2,69,0.0,Sunny
2022-02-19,Wattala,32.9,69,0.0,Sunny
2022-02-19,Colombo,29.6,71,0.0,Sunny
2022-02-19,Pelawatte,30.2,68,0.0,Sunny
2022-02-19,Malabe,28.2,79,0.0,Sunny
2022-02-20,Nugegoda,31.5,78,0.0,Sunny
2022-02-20,Maharagama,27.5,83,4.1,Drizzle
2022-02-20,Kandy,28.6,73,0.0,Sunny
2022-02-20,Kirulapane,28.3,73,0.0,Sunny
2022-02-20,Wattala,29.3,68,0.0,Sunny
2022-02-20,Colombo,30.5,71,0.0,Sunny
2022-02-20,Pelawatte,29.3,71,0.0,Sunny
2022-02-20,Malabe,34.1,77,0.0,Sunny
2022-02-21,Nugegoda,28.8,79,0.0,Sunny
2022-02-21,Maharagama,28.8,83,0.0,Sunny
2022-02-21,Kandy,26.1,78,0.0,Sunny
2022-02-21,Kirulapane,29.9,71,0.0,Sunny
2022-02-21,Wattala,30.0,74,0.0,Sunny
2022-02-21,Colombo,30.3,69,0.0,Sunny
2022-02-21,Pelawatte,30.0,73,0.0,Sunny
2022-02-21,Malabe,29.1,78,0.0,Sunny
2022-02-22,Nugegoda,30.9,72,0.0,Sunny
2022-02-22,Maharagama,30.6,81,0.0,Sunny
2022-02-22,Kandy,23.8,76,0.0,Sunny
2022-02-22,Kirulapane,30.4,74,0.0,Sunny
2022-02-22,Wattala,29.4,75,0.0,Sunny
2022-02-22,Colombo,30.1,73,0.0,Sunny
2022-02-22,Pelawatte,30.0,74,0.0,Sunny
2022-02-22,Malabe,31.7,76,0.0,Sunny
2022-02-23,Nugegoda,29.5,80,0.0,Sunny
2022-02-23,Maharagama,30.0,79,0.0,Sunny
2022-02-23,Kandy,26.1,75,0.0,Sunny
2022-02-23,Kirulapane,30.8,65,0.0,Sunny
2022-02-23,Wattala,29.4,74,0.0,Sunny
2022-02-23,Colombo,26.8,73,0.0,Sunny
2022-02-23,Pelawatte,28.9,75,0.3,Drizzle
2022-02-23,Malabe,32.5,70,0.0,Sunny
2022-02-24,Nugegoda,29.8,81,0.0,Sunny
2022-02-24,Maharagama,28.1,76,0.0,Sunny
2022-02-24,Kandy,28.0,71,6.9,Drizzle
2022-02-24,Kirulapane,29.5,72,0.0,Sunny
2022-02-24,Wattala,31.1,72,0.0,Sunny
2022-02-24,Colombo,30.0,71,0.0,Sunny
2022-02-24,Pelawatte,30.9,83,0.0,Sunny
2022-02-24,Malabe,29.4,68,0.8,Drizzle
2022-02-25,Nugegoda,29.4,80,0.4,Drizzle
2022-02-25,Maharagama,28.7,73,0.0,Sunny
2022-02-25,Kandy,27.8,71,0.0,Sunny
2022-02-25,Kirulapane,29.2,78,1.3,Drizzle
2022-02-25,Wattala,32.6,75,20.1,Rainy
2022-02-25,Colombo,31.3,76,7.5,Drizzle
2022-02-25,Pelawatte,30.4,74,0.0,Sunny
2022-02-25,Malabe,29.3,78,0.9,Drizzle
2022-02-26,Nugegoda,27.0,84,0.0,Sunny
2022-02-26,Maharagama,29.6,71,0.0,Sunny
2022-02-26,Kandy,26.6,70,0.0,Sunny
2022-02-26,Kirulapane,28.4,75,7.9,Drizzle
2022-02-26,Wattala,31.2,73,0.0,Sunny
2022-02-26,Colombo,29.0,71,0.0,Sunny
2022-02-26,Pelawatte,28.5,74,2.0,Drizzle
2022-02-26,Malabe,27.6,77,0.8,Drizzle
2022-02-27,Nugegoda,29.4,77,11.2,Rainy
2022-02-27,Maharagama,31.7,67,0.0,Sunny
2022-02-27,Kandy,28.2,70,3.0,Drizzle
2022-02-27,Kirulapane,29.8,77,0.0,Sunny
2022-02-27,Wattala,30.6,73,0.0,Sunny
2022-02-27,Colombo,31.1,72,0.0,Sunny
2022-02-27,Pelawatte,30.8,67,0.0,Sunny
2022-02-27,Malabe,29.5,75,0.0,Sunny
2022-02-28,Nugegoda,32.2,64,0.0,Sunny
2022-02-28,Maharagama,29.9,76,0.0,Sunny
2022-02-28,Kandy,27.6,81,0.0,Sunny
2022-02-28,Kirulapane,30.0,64,1.7,Drizzle
2022-02-28,Wattala,30.4,81,0.0,Sunny
2022-02-28,Colombo,27.6,75,0.0,Sunny
2022-02-28,Pelawatte,27.9,75,0.0,Sunny
2022-02-28,Malabe,31.5,71,0.0,Sunny
2022-03-01,Nugegoda,31.8,75,2.0,Drizzle
2022-03-01,Maharagama,31.8,70,0.0,Sunny
2022-03-01,Kandy,31.4,77,5.5,Drizzle
2022-03-01,Kirulapane,34.6,74,0.0,Sunny
2022-03-01,Wattala,32.8,68,12.2,Rainy
2022-03-01,Colombo,33.1,80,0.0,Sunny
2022-03-01,Pelawatte,32.3,77,0.0,Sunny
2022-03-01,Malabe,31.9,64,0.0,Sunny
2022-03-02,Nugegoda,34.0,72,0.0,Sunny
2022-03-02,Maharagama,31.9,74,5.8,Drizzle
2022-03-02,Kandy,32.3,79,0.0,Sunny
2022-03-02,Kirulapane,33.8,66,0.0,Sunny
2022-03-02,Wattala,33.9,84,0.0,Sunny
2022-03-02,Colombo,31.7,72,0.0,Sunny
2022-03-02,Pelawatte,30.7,76,0.0,Sunny
2022-03-02,Malabe,33.1,76,4.3,Drizzle
2022-03-03,Nugegoda,30.2,71,15.5,Rainy
2022-03-03,Maharagama,31.5,78,0.0,Sunny
2022-03-03,Kandy,28.3,79,0.0,Sunny
2022-03-03,Kirulapane,32.5,73,0.0,Sunny
2022-03-03,Wattala,33.7,71,0.0,Sunny
2022-03-03,Colombo,32.4,69,6.5,Drizzle
2022-03-03,Pelawatte,33.5,77,0.0,Sunny
2022-03-03,Malabe,35.9,68,0.0,Sunny
2022-03-04,Nugegoda,33.3,72,0.0,Sunny
2022-03-04,Maharagama,35.9,70,0.0,Sunny
2022-03-04,Kandy,28.6,72,0.0,Sunny
2022-03-04,Kirulapane,34.3,70,3.7,Drizzle
2022-03-04,Wattala,33.2,74,0.0,Sunny
2022-03-04,Colombo,32.3,67,4.2,Drizzle
2022-03-04,Pelawatte,31.9,71,0.0,Sunny
2022-03-04,Malabe,30.8,73,0.0,Sunny
2022-03-05,Nugegoda,30.1,77,0.0,Sunny
2022-03-05,Maharagama,32.2,70,0.7,Drizzle
2022-03-05,Kandy,31.7,66,0.0,Sunny
2022-03-05,Kirulapane,31.5,68,3.8,Drizzle
2022-03-05,Wattala,33.1,76,3.2,Drizzle
2022-03-05,Colombo,30.5,67,0.0,Sunny
2022-03-05,Pelawatte,34.4,79,0.0,Sunny
2022-03-05,Malabe,32.0,86,0.0,Cloudy
2022-03-06,Nugegoda,33.4,72,0.0,Sunny
2022-03-06,Maharagama,31.4,73,0.0,Sunny
2022-03-06,Kandy,30.8,81,0.0,Sunny
2022-03-06,Kirulapane,35.5,66,0.0,Sunny
2022-03-06,Wattala,32.7,77,0.0,Sunny
2022-03-06,Colombo,34.5,72,0.0,Sunny
2022-03-06,Pelawatte,34.0,68,0.0,Sunny
2022-03-06,Malabe,31.9,75,5.8,Drizzle
2022-03-07,Nugegoda,32.8,78,0.0,Sunny
2022-03-07,Maharagama,33.4,67,0.0,Sunny
2022-03-07,Kandy,28.2,84,0.0,Sunny
2022-03-07,Kirulapane,31.5,75,0.0,Sunny
2022-03-07,Wattala,32.4,66,0.0,Sunny
2022-03-07,Colombo,29.4,73,0.3,Drizzle
2022-03-07,Pelawatte,29.9,75,0.0,Sunny
2022-03-07,Malabe,32.3,66,0.0,Sunny
2022-03-08,Nugegoda,33.0,75,1.6,Drizzle
2022-03-08,Maharagama,32.3,72,14.0,Rainy
2022-03-08,Kandy,31.2,77,0.0,Sunny
2022-03-08,Kirulapane,34.6,74,3.6,Drizzle
2022-03-08,Wattala,33.4,64,0.0,Sunny
2022-03-08,Colombo,34.7,71,0.4,Drizzle
2022-03-08,Pelawatte,31.6,80,0.0,Sunny
2022-03-08,Malabe,34.4,66,0.0,Sunny
2022-03-09,Nugegoda,32.8,75,0.0,Sunny
2022-03-09,Maharagama,34.7,70,0.0,Sunny
2022-03-09,Kandy,28.0,81,2.7,Drizzle
2022-03-09,Kirulapane,30.0,70,5.8,Drizzle
2022-03-09,Wattala,31.3,78,0.0,Sunny
2022-03-09,Colombo,32.5,72,0.0,Sunny
2022-03-09,Pelawatte,32.5,75,0.0,Sunny
2022-03-09,Malabe,32.5,78,3.7,Drizzle
2022-03-10,Nugegoda,32.2,70,0.0,Sunny
2022-03-10,Maharagama,29.9,79,0.0,Sunny
2022-03-10,Kandy,29.1,76,0.0,Sunny
2022-03-10,Kirulapane,33.7,81,4.6,Drizzle
2022-03-10,Wattala,30.5,68,4.6,Drizzle
2022-03-10,Colombo,31.9,67,0.0,Sunny
2022-03-10,Pelawatte,33.2,73,0.0,Sunny
2022-03-10,Malabe,30.5,75,0.0,Sunny
2022-03-11,Nugegoda,32.0,75,0.0,Sunny
2022-03-11,Maharagama,33.2,67,0.0,Sunny
2022-03-11,Kandy,28.4,72,0.0,Sunny
2022-03-11,Kirulapane,34.7,74,0.7,Drizzle
2022-03-11,Wattala,30.6,79,0.0,Sunny
2022-03-11,Colombo,31.9,84,0.0,Sunny
2022-03-11,Pelawatte,33.1,71,0.0,Sunny
2022-03-11,Malabe,33.3,68,7.7,Drizzle
2022-03-12,Nugegoda,31.3,68,0.0,Sunny
2022-03-12,Maharagama,33.4,71,0.0,Sunny
2022-03-12,Kandy,29.3,68,0.0,Sunny
2022-03-12,Kirulapane,34.3,66,0.0,Sunny
2022-03-12,Wattala,30.9,75,7.1,Drizzle
2022-03-12,Colombo,30.5,69,0.0,Sunny
2022-03-12,Pelawatte,32.3,71,0.0,Sunny
2022-03-12,Malabe,33.2,72,0.0,Sunny
2022-03-13,Nugegoda,32.7,72,0.0,Sunny
2022-03-13,Maharagama,32.1,77,0.0,Sunny
2022-03-13,Kandy,23.6,75,0.0,Sunny
2022-03-13,Kirulapane,33.5,70,0.0,Sunny
2022-03-13,Wattala,33.1,74,4.4,Drizzle
2022-03-13,Colombo,32.7,74,1.8,Drizzle
2022-03-13,Pelawatte,30.8,75,0.0,Sunny
2022-03-13,Malabe,33.6,69,0.0,Sunny
2022-03-14,Nugegoda,30.2,70,0.0,Sunny
2022-03-14,Maharagama,32.1,75,0.0,Sunny
2022-03-14,Kandy,29.8,69,0.0,Sunny
2022-03-14,Kirulapane,32.8,73,0.0,Sunny
2022-03-14,Wattala,32.3,68,4.5,Drizzle
2022-03-14,Colombo,32.3,80,0.0,Sunny
2022-03-14,Pelawatte,33.7,67,17.1,Rainy
2022-03-14,Malabe,30.1,75,0.0,Sunny
2022-03-15,Nugegoda,29.4,72,0.0,Sunny
2022-03-15,Maharagama,33.5,71,3.8,Drizzle
2022-03-15,Kandy,29.3,75,0.5,Drizzle
2022-03-15,Kirulapane,32.5,72,25.5,Rainy
2022-03-15,Wattala,30.9,79,0.0,Sunny
2022-03-15,Colombo,31.6,78,0.6,Drizzle
2022-03-15,Pelawatte,32.2,66,2.2,Drizzle
2022-03-15,Malabe,31.2,71,0.0,Sunny
2022-03-16,Nugegoda,31.0,69,1.0,Drizzle
2022-03-16,Maharagama,32.7,68,0.0,Sunny
2022-03-16,Kandy,31.0,79,0.0,Sunny
2022-03-16,Kirulapane,34.3,68,1.7,Drizzle
2022-03-16,Wattala,31.7,67,0.0,Sunny
2022-03-16,Colombo,31.9,76,0.3,Drizzle
2022-03-16,Pelawatte,31.3,77,0.0,Sunny
2022-03-16,Malabe,33.4,76,0.0,Sunny
2022-03-17,Nugegoda,31.2,72,0.0,Sunny
2022-03-17,Maharagama,34.8,75,7.3,Drizzle
2022-03-17,Kandy,30.3,68,0.0,Sunny
2022-03-17,Kirulapane,31.9,78,0.0,Sunny
2022-03-17,Wattala,32.6,67,6.3,Drizzle
2022-03-17,Colombo,30.7,61,0.0,Sunny
2022-03-17,Pelawatte,35.3,67,0.0,Sunny
2022-03-17,Malabe,33.1,78,0.0,Sunny
2022-03-18,Nugegoda,32.6,72,0.0,Sunny
2022-03-18,Maharagama,31.7,71,4.2,Drizzle
2022-03-18,Kandy,29.3,72,0.6,Drizzle
2022-03-18,Kirulapane,35.2,78,0.0,Sunny
2022-03-18,Wattala,32.0,72,0.0,Sunny
2022-03-18,Colombo,33.4,73,1.0,Drizzle
2022-03-18,Pelawatte,31.8,72,0.0,Sunny
2022-03-18,Malabe,34.1,80,0.0,Sunny
2022-03-19,Nugegoda,30.8,73,0.0,Sunny
2022-03-19,Maharagama,34.2,81,3.0,Drizzle
2022-03-19,Kandy,31.1,81,0.0,Sunny
2022-03-19,Kirulapane,34.6,76,0.0,Sunny
2022-03-19,Wattala,33.5,75,0.0,Sunny
2022-03-19,Colombo,33.6,78,0.2,Drizzle
2022-03-19,Pelawatte,31.0,75,0.0,Sunny
2022-03-19,Malabe,32.4,74,0.5,Drizzle
2022-03-20,Nugegoda,29.9,79,0.0,Sunny
2022-03-20,Maharagama,29.1,78,0.0,Sunny
2022-03-20,Kandy,30.5,76,0.0,Sunny
2022-03-20,Kirulapane,31.3,70,5.8,Drizzle
2022-03-20,Wattala,32.6,74,0.0,Sunny
2022-03-20,Colombo,30.6,81,0.0,Sunny
2022-03-20,Pelawatte,31.6,83,0.0,Sunny
2022-03-20,Malabe,29.9,76,0.0,Sunny
2022-03-21,Nugegoda,29.0,70,0.0,Sunny
2022-03-21,Maharagama,35.8,68,0.0,Sunny
2022-03-21,Kandy,28.2,69,9.6,Drizzle
2022-03-21,Kirulapane,31.5,75,0.0,Sunny
2022-03-21,Wattala,33.1,68,0.0,Sunny
2022-03-21,Colombo,31.6,69,0.0,Sunny
2022-03-21,Pelawatte,33.5,72,0.0,Sunny
2022-03-21,Malabe,32.4,82,0.0,Sunny
2022-03-22,Nugegoda,32.6,70,5.1,Drizzle
2022-03-22,Maharagama,33.6,69,0.0,Sunny
2022-03-22,Kandy,31.8,71,0.0,Sunny
2022-03-22,Kirulapane,34.2,77,0.0,Sunny
2022-03-22,Wattala,31.0,65,0.0,Sunny
2022-03-22,Colombo,33.5,69,10.0,Drizzle
2022-03-22,Pelawatte,30.7,72,1.3,Drizzle
2022-03-22,Malabe,29.8,72,1.1,Drizzle
2022-03-23,Nugegoda,34.7,74,0.0,Sunny
2022-03-23,Maharagama,35.0,79,4.3,Drizzle
2022-03-23,Kandy,26.5,70,0.0,Sunny
2022-03-23,Kirulapane,31.3,79,0.0,Sunny
2022-03-23,Wattala,31.6,74,0.0,Sunny
2022-03-23,Colombo,31.3,79,0.0,Sunny
2022-03-23,Pelawatte,31.2,78,0.0,Sunny
2022-03-23,Malabe,31.6,81,0.0,Sunny
2022-03-24,Nugegoda,33.7,74,0.0,Sunny
2022-03-24,Maharagama,33.3,69,0.0,Sunny
2022-03-24,Kandy,31.8,77,0.0,Sunny
2022-03-24,Kirulapane,33.4,78,0.0,Sunny
2022-03-24,Wattala,32.9,72,0.0,Sunny
2022-03-24,Colombo,32.4,68,0.0,Sunny
2022-03-24,Pelawatte,33.7,78,0.0,Sunny
2022-03-24,Malabe,32.3,74,0.0,Sunny
2022-03-25,Nugegoda,29.5,71,0.0,Sunny
2022-03-25,Maharagama,33.2,69,0.0,Sunny
2022-03-25,Kandy,29.7,72,0.0,Sunny
2022-03-25,Kirulapane,32.6,70,0.0,Sunny
2022-03-25,Wattala,33.2,75,0.0,Sunny
2022-03-25,Colombo,32.9,80,0.0,Sunny
2022-03-25,Pelawatte,31.5,68,0.0,Sunny
2022-03-25,Malabe,31.7,70,2.5,Drizzle
2022-03-26,Nugegoda,33.2,66,0.0,Sunny
2022-03-26,Maharagama,33.7,79,0.0,Sunny
2022-03-26,Kandy,27.5,73,0.0,Sunny
2022-03-26,Kirulapane,32.0,72,0.0,Sunny
2022-03-26,Wattala,31.8,68,0.0,Sunny
2022-03-26,Colombo,32.2,72,0.0,Sunny
2022-03-26,Pelawatte,34.0,76,0.0,Sunny
2022-03-26,Malabe,32.1,75,0.0,Sunny
2022-03-27,Nugegoda,33.0,68,0.0,Sunny
2022-03-27,Maharagama,34.6,76,0.0,Sunny
2022-03-27,Kandy,30.4,74,0.0,Sunny
2022-03-27,Kirulapane,34.5,69,0.0,Sunny
2022-03-27,Wattala,31.8,68,0.0,Sunny
2022-03-27,Colombo,30.6,72,0.0,Sunny
2022-03-27,Pelawatte,32.3,81,0.0,Sunny
2022-03-27,Malabe,32.9,65,0.0,Sunny
2022-03-28,Nugegoda,29.3,70,0.0,Sunny
2022-03-28,Maharagama,33.2,71,0.0,Sunny
2022-03-28,Kandy,30.3,73,0.0,Sunny
2022-03-28,Kirulapane,35.6,72,0.0,Sunny
2022-03-28,Wattala,31.5,74,0.0,Sunny
2022-03-28,Colombo,31.7,77,0.0,Sunny
2022-03-28,Pelawatte,36.3,71,0.0,Sunny
2022-03-28,Malabe,30.0,77,0.2,Drizzle
2022-03-29,Nugegoda,33.2,60,0.0,Sunny
2022-03-29,Maharagama,30.8,74,0.0,Sunny
2022-03-29,Kandy,28.2,72,0.0,Sunny
2022-03-29,Kirulapane,31.9,68,0.0,Sunny
2022-03-29,Wattala,34.0,67,0.0,Sunny
2022-03-29,Colombo,30.6,71,0.0,Sunny
2022-03-29,Pelawatte,32.8,79,0.0,Sunny
2022-03-29,Malabe,32.2,68,0.0,Sunny
2022-03-30,Nugegoda,32.6,69,1.0,Drizzle
2022-03-30,Maharagama,34.0,72,0.0,Sunny
2022-03-30,Kandy,27.9,70,0.0,Sunny
2022-03-30,Kirulapane,31.6,85,0.0,Sunny
2022-03-30,Wattala,32.9,73,2.9,Drizzle
2022-03-30,Colombo,33.3,61,0.0,Sunny
2022-03-30,Pelawatte,31.0,71,0.0,Sunny
2022-03-30,Malabe,34.4,78,8.5,Drizzle
2022-03-31,Nugegoda,31.5,72,0.0,Sunny
2022-03-31,Maharagama,35.5,68,0.0,Sunny
2022-03-31,Kandy,27.4,75,5.6,Drizzle
2022-03-31,Kirulapane,32.9,80,0.0,Sunny
2022-03-31,Wattala,30.6,68,0.0,Sunny
2022-03-31,Colombo,33.5,79,0.0,Sunny
2022-03-31,Pelawatte,31.2,72,0.0,Sunny
2022-03-31,Malabe,34.7,83,6.7,Drizzle
2022-04-01,Nugegoda,32.9,75,0.0,Sunny
2022-04-01,Maharagama,28.8,73,0.0,Sunny
2022-04-01,Kandy,29.5,70,0.0,Sunny
2022-04-01,Kirulapane,32.0,66,0.0,Sunny
2022-04-01,Wattala,29.6,69,0.0,Sunny
2022-04-01,Colombo,35.9,75,6.5,Drizzle
2022-04-01,Pelawatte,34.5,73,3.1,Drizzle
2022-04-01,Malabe,34.4,67,0.0,Sunny
2022-04-02,Nugegoda,31.5,74,0.0,Sunny
2022-04-02,Maharagama,31.0,69,0.0,Sunny
2022-04-02,Kandy,28.2,68,0.0,Sunny
2022-04-02,Kirulapane,33.0,72,0.0,Sunny
2022-04-02,Wattala,34.2,73,0.0,Sunny
2022-04-02,Colombo,31.5,65,0.0,Sunny
2022-04-02,Pelawatte,31.8,76,0.3,Drizzle
2022-04-02,Malabe,31.9,66,5.2,Drizzle
2022-04-03,Nugegoda,30.5,77,0.0,Sunny
2022-04-03,Maharagama,32.0,74,0.0,Sunny
2022-04-03,Kandy,30.3,70,0.0,Sunny
2022-04-03,Kirulapane,31.1,74,0.0,Sunny
2022-04-03,Wattala,33.5,72,0.0,Sunny
2022-04-03,Colombo,32.5,73,0.1,Drizzle
2022-04-03,Pelawatte,32.6,78,0.3,Drizzle
2022-04-03,Malabe,32.1,69,0.0,Sunny
2022-04-04,Nugegoda,33.6,76,0.0,Sunny
2022-04-04,Maharagama,32.9,67,4.1,Drizzle
2022-04-04,Kandy,28.4,76,0.0,Sunny
2022-04-04,Kirulapane,34.0,76,0.0,Sunny
2022-04-04,Wattala,33.0,73,0.0,Sunny
2022-04-04,Colombo,33.3,83,0.0,Sunny
2022-04-04,Pelawatte,31.6,70,0.0,Sunny
2022-04-04,Malabe,30.9,64,0.0,Sunny
2022-04-05,Nugegoda,32.7,72,0.0,Sunny
2022-04-05,Maharagama,35.6,69,7.0,Drizzle
2022-04-05,Kandy,32.4,69,0.0,Sunny
2022-04-05,Kirulapane,32.1,79,0.0,Sunny
2022-04-05,Wattala,32.9,67,15.9,Rainy
2022-04-05,Colombo,33.7,74,0.0,Sunny
2022-04-05,Pelawatte,32.6,71,0.0,Sunny
2022-04-05,Malabe,33.8,70,0.0,Sunny
2022-04-06,Nugegoda,34.3,65,0.0,Sunny
2022-04-06,Maharagama,33.7,74,4.5,Drizzle
2022-04-06,Kandy,31.1,72,0.0,Sunny
2022-04-06,Kirulapane,33.4,74,0.0,Sunny
2022-04-06,Wattala,33.3,79,0.0,Sunny
2022-04-06,Colombo,32.4,74,0.0,Sunny
2022-04-06,Pelawatte,35.3,73,0.0,Sunny
2022-04-06,Malabe,30.6,71,1.8,Drizzle
2022-04-07,Nugegoda,31.8,63,0.0,Sunny
2022-04-07,Maharagama,31.1,70,0.0,Sunny
2022-04-07,Kandy,30.8,80,2.0,Drizzle
2022-04-07,Kirulapane,31.7,70,0.0,Sunny
2022-04-07,Wattala,32.3,69,0.0,Sunny
2022-04-07,Colombo,29.4,75,3.1,Drizzle
2022-04-07,Pelawatte,32.0,74,0.0,Sunny
2022-04-07,Malabe,31.1,74,0.0,Sunny
2022-04-08,Nugegoda,32.9,67,4.9,Drizzle
2022-04-08,Maharagama,33.4,68,0.0,Sunny
2022-04-08,Kandy,27.4,82,0.0,Sunny
2022-04-08,Kirulapane,31.3,66,0.0,Sunny
2022-04-08,Wattala,33.0,71,0.0,Sunny
2022-04-08,Colombo,34.8,77,5.7,Drizzle
2022-04-08,Pelawatte,32.2,73,0.0,Sunny
2022-04-08,Malabe,32.7,68,3.6,Drizzle
2022-04-09,Nugegoda,31.1,74,0.0,Sunny
2022-04-09,Maharagama,32.3,71,0.8,Drizzle
2022-04-09,Kandy,32.2,76,3.0,Drizzle
2022-04-09,Kirulapane,29.5,68,7.4,Drizzle
2022-04-09,Wattala,33.6,69,5.7,Drizzle
2022-04-09,Colombo,30.0,70,2.5,Drizzle
2022-04-09,Pelawatte,32.4,73,0.0,Sunny
2022-04-09,Malabe,31.8,76,0.0,Sunny
2022-04-10,Nugegoda,31.9,79,0.0,Sunny
2022-04-10,Maharagama,35.0,83,0.0,Sunny
2022-04-10,Kandy,29.5,74,1.7,Drizzle
2022-04-10,Kirulapane,36.9,76,7.0,Drizzle
2022-04-10,Wattala,33.8,74,4.0,Drizzle
2022-04-10,Colombo,32.2,75,0.0,Sunny
2022-04-10,Pelawatte,31.1,76,0.0,Sunny
2022-04-10,Malabe,29.6,72,0.0,Sunny
2022-04-11,Nugegoda,31.9,79,0.0,Sunny
2022-04-11,Maharagama,32.3,78,0.0,Sunny
2022-04-11,Kandy,31.9,70,0.0,Sunny
2022-04-11,Kirulapane,34.4,72,0.0,Sunny
2022-04-11,Wattala,33.2,74,0.0,Sunny
2022-04-11,Colombo,34.1,78,0.0,Sunny
2022-04-11,Pelawatte,31.0,71,0.0,Sunny
2022-04-11,Malabe,35.1,73,0.0,Sunny
2022-04-12,Nugegoda,30.6,69,0.0,Sunny
2022-04-12,Maharagama,31.8,72,0.0,Sunny
2022-04-12,Kandy,28.3,79,0.0,Sunny
2022-04-12,Kirulapane,33.4,82,0.0,Sunny
2022-04-12,Wattala,31.8,69,0.0,Sunny
2022-04-12,Colombo,34.9,77,0.0,Sunny
2022-04-12,Pelawatte,35.4,75,0.0,Sunny
2022-04-12,Malabe,33.1,76,0.0,Sunny
2022-04-13,Nugegoda,30.5,77,0.0,Sunny
2022-04-13,Maharagama,30.1,70,0.0,Sunny
2022-04-13,Kandy,28.0,74,0.0,Sunny
2022-04-13,Kirulapane,31.2,80,0.0,Sunny
2022-04-13,Wattala,30.3,74,3.1,Drizzle
2022-04-13,Colombo,33.1,79,0.0,Sunny
2022-04-13,Pelawatte,33.7,74,0.0,Sunny
2022-04-13,Malabe,29.6,74,2.5,Drizzle
2022-04-14,Nugegoda,33.2,68,0.0,Sunny
2022-04-14,Maharagama,32.4,73,2.6,Drizzle
2022-04-14,Kandy,29.7,78,0.0,Sunny
2022-04-14,Kirulapane,33.7,64,0.0,Sunny
2022-04-14,Wattala,31.9,74,2.7,Drizzle
2022-04-14,Colombo,31.0,67,0.0,Sunny
2022-04-14,Pelawatte,31.7,69,2.9,Drizzle
2022-04-14,Malabe,32.1,79,0.0,Sunny
2022-04-15,Nugegoda,31.8,78,0.0,Sunny
2022-04-15,Maharagama,34.1,71,0.0,Sunny
2022-04-15,Kandy,31.1,68,0.0,Sunny
2022-04-15,Kirulapane,34.7,62,0.0,Sunny
2022-04-15,Wattala,32.6,59,0.0,Sunny
2022-04-15,Colombo,33.4,72,0.0,Sunny
2022-04-15,Pelawatte,31.9,77,0.0,Sunny
2022-04-15,Malabe,30.2,67,0.0,Sunny
2022-04-16,Nugegoda,34.0,66,0.7,Drizzle
2022-04-16,Maharagama,33.0,75,0.0,Sunny
2022-04-16,Kandy,28.8,77,0.1,Drizzle
2022-04-16,Kirulapane,31.3,85,0.0,Sunny
2022-04-16,Wattala,34.4,77,0.0,Sunny
2022-04-16,Colombo,33.2,70,0.0,Sunny
2022-04-16,Pelawatte,29.7,71,3.7,Drizzle
2022-04-16,Malabe,33.2,68,0.0,Sunny
2022-04-17,Nugegoda,32.2,71,0.0,Sunny
2022-04-17,Maharagama,32.8,67,0.0,Sunny
2022-04-17,Kandy,28.8,62,0.0,Sunny
2022-04-17,Kirulapane,34.4,67,0.0,Sunny
2022-04-17,Wattala,33.1,72,0.0,Sunny
2022-04-17,Colombo,31.3,73,0.0,Sunny
2022-04-17,Pelawatte,33.0,76,0.0,Sunny
2022-04-17,Malabe,33.3,71,4.7,Drizzle
2022-04-18,Nugegoda,32.9,75,0.0,Sunny
2022-04-18,Maharagama,31.4,78,1.6,Drizzle
2022-04-18,Kandy,29.8,64,0.0,Sunny
2022-04-18,Kirulapane,32.3,75,6.0,Drizzle
2022-04-18,Wattala,32.2,79,1.9,Drizzle
2022-04-18,Colombo,33.0,74,0.0,Sunny
2022-04-18,Pelawatte,33.1,72,0.0,Sunny
2022-04-18,Malabe,34.3,75,0.0,Sunny
2022-04-19,Nugegoda,33.2,80,0.0,Sunny
2022-04-19,Maharagama,32.1,67,0.0,Sunny
2022-04-19,Kandy,31.4,70,0.0,Sunny
2022-04-19,Kirulapane,33.9,86,7.4,Drizzle
2022-04-19,Wattala,32.0,66,0.0,Sunny
2022-04-19,Colombo,30.3,76,0.0,Sunny
2022-04-19,Pelawatte,31.8,73,0.4,Drizzle
2022-04-19,Malabe,31.5,82,8.0,Drizzle
2022-04-20,Nugegoda,31.3,75,6.1,Drizzle
2022-04-20,Maharagama,32.5,75,0.0,Sunny
2022-04-20,Kandy,29.0,66,0.0,Sunny
2022-04-20,Kirulapane,31.7,70,0.0,Sunny
2022-04-20,Wattala,31.2,81,0.0,Sunny
2022-04-20,Colombo,32.1,70,4.9,Drizzle
2022-04-20,Pelawatte,33.5,68,0.0,Sunny
2022-04-20,Malabe,32.6,77,0.0,Sunny
2022-04-21,Nugegoda,33.9,65,0.0,Sunny
2022-04-21,Maharagama,30.1,86,10.5,Rainy
2022-04-21,Kandy,28.2,69,0.0,Sunny
2022-04-21,Kirulapane,31.7,72,7.8,Drizzle
2022-04-21,Wattala,34.2,74,0.0,Sunny
2022-04-21,Colombo,33.1,65,0.3,Drizzle
2022-04-21,Pelawatte,32.2,77,2.0,Drizzle
2022-04-21,Malabe,31.9,64,0.0,Sunny
2022-04-22,Nugegoda,34.3,71,7.2,Drizzle
2022-04-22,Maharagama,32.0,64,8.3,Drizzle
2022-04-22,Kandy,30.5,68,0.0,Sunny
2022-04-22,Kirulapane,34.2,74,0.0,Sunny
2022-04-22,Wattala,33.3,63,0.0,Sunny
2022-04-22,Colombo,33.4,71,2.0,Drizzle
2022-04-22,Pelawatte,33.4,70,0.0,Sunny
2022-04-22,Malabe,31.4,74,1.8,Drizzle
2022-04-23,Nugegoda,34.3,84,2.1,Drizzle
2022-04-23,Maharagama,30.3,72,0.0,Sunny
2022-04-23,Kandy,29.6,77,0.0,Sunny
2022-04-23,Kirulapane,31.5,79,0.0,Sunny
2022-04-23,Wattala,32.5,74,0.7,Drizzle
2022-04-23,Colombo,32.0,72,0.0,Sunny
2022-04-23,Pelawatte,31.8,66,10.1,Rainy
2022-04-23,Malabe,32.3,79,2.1,Drizzle
2022-04-24,Nugegoda,30.1,75,0.2,Drizzle
2022-04-24,Maharagama,32.3,66,2.7,Drizzle
2022-04-24,Kandy,31.8,68,1.0,Drizzle
2022-04-24,Kirulapane,34.8,63,0.0,Sunny
2022-04-24,Wattala,31.3,72,0.0,Sunny
2022-04-24,Colombo,31.8,75,0.0,Sunny
2022-04-24,Pelawatte,29.7,73,0.0,Sunny
2022-04-24,Malabe,31.0,85,2.1,Drizzle
2022-04-25,Nugegoda,31.6,73,8.9,Drizzle
2022-04-25,Maharagama,34.4,80,7.5,Drizzle
2022-04-25,Kandy,29.0,82,3.8,Drizzle
2022-04-25,Kirulapane,32.7,83,0.0,Sunny
2022-04-25,Wattala,33.7,84,0.0,Sunny
2022-04-25,Colombo,34.7,77,4.1,Drizzle
2022-04-25,Pelawatte,35.5,75,0.0,Sunny
2022-04-25,Malabe,35.6,80,14.3,Rainy
2022-04-26,Nugegoda,30.6,65,0.0,Sunny
2022-04-26,Maharagama,33.4,66,0.0,Sunny
2022-04-26,Kandy,31.1,73,0.0,Sunny
2022-04-26,Kirulapane,33.3,72,0.0,Sunny
2022-04-26,Wattala,32.1,71,0.0,Sunny
2022-04-26,Colombo,29.4,78,0.0,Sunny
2022-04-26,Pelawatte,29.6,71,0.0,Sunny
2022-04-26,Malabe,32.8,75,0.0,Sunny
2022-04-27,Nugegoda,31.6,76,0.0,Sunny
2022-04-27,Maharagama,32.4,81,0.0,Sunny
2022-04-27,Kandy,28.5,76,0.0,Sunny
2022-04-27,Kirulapane,31.0,70,0.0,Sunny
2022-04-27,Wattala,32.6,75,0.0,Sunny
2022-04-27,Colombo,27.3,73,0.0,Sunny
2022-04-27,Pelawatte,30.1,75,0.0,Sunny
2022-04-27,Malabe,31.9,80,0.0,Sunny
2022-04-28,Nugegoda,31.9,75,0.0,Sunny
2022-04-28,Maharagama,32.9,66,0.0,Sunny
2022-04-28,Kandy,28.7,72,0.0,Sunny
2022-04-28,Kirulapane,31.3,77,1.0,Drizzle
2022-04-28,Wattala,31.7,71,0.0,Sunny
2022-04-28,Colombo,32.9,73,0.0,Sunny
2022-04-28,Pelawatte,31.3,76,0.0,Sunny
2022-04-28,Malabe,32.0,75,0.0,Sunny
2022-04-29,Nugegoda,31.9,72,0.0,Sunny
2022-04-29,Maharagama,31.4,75,0.0,Sunny
2022-04-29,Kandy,28.2,77,0.0,Sunny
2022-04-29,Kirulapane,31.1,69,0.0,Sunny
2022-04-29,Wattala,33.0,67,1.6,Drizzle
2022-04-29,Colombo,31.8,76,2.5,Drizzle
2022-04-29,Pelawatte,32.5,72,0.0,Sunny
2022-04-29,Malabe,31.2,73,0.0,Sunny
2022-04-30,Nugegoda,31.4,76,3.4,Drizzle
2022-04-30,Maharagama,33.4,77,0.0,Sunny
2022-04-30,Kandy,31.6,64,0.0,Sunny
2022-04-30,Kirulapane,31.0,69,0.0,Sunny
2022-04-30,Wattala,31.8,75,0.0,Sunny
2022-04-30,Colombo,30.9,78,0.0,Sunny
2022-04-30,Pelawatte,34.5,77,8.4,Drizzle
2022-04-30,Malabe,33.8,74,6.6,Drizzle
2022-05-01,Nugegoda,32.5,84,19.2,Rainy
2022-05-01,Maharagama,32.1,77,3.8,Drizzle
2022-05-01,Kandy,28.5,80,19.7,Rainy
2022-05-01,Kirulapane,33.0,75,3.5,Drizzle
2022-05-01,Wattala,32.4,73,12.7,Rainy
2022-05-01,Colombo,32.4,81,0.0,Sunny
2022-05-01,Pelawatte,32.4,83,11.0,Rainy
2022-05-01,Malabe,32.4,73,0.9,Drizzle
2022-05-02,Nugegoda,32.4,79,6.1,Drizzle
2022-05-02,Maharagama,33.1,78,0.0,Sunny
2022-05-02,Kandy,31.9,75,0.0,Sunny
2022-05-02,Kirulapane,32.3,88,0.0,Cloudy
2022-05-02,Wattala,32.6,76,3.9,Drizzle
2022-05-02,Colombo,32.1,76,1.7,Drizzle
2022-05-02,Pelawatte,31.9,91,9.1,Drizzle
2022-05-02,Malabe,32.9,82,1.2,Drizzle
2022-05-03,Nugegoda,33.5,80,0.0,Sunny
2022-05-03,Maharagama,32.6,87,6.3,Drizzle
2022-05-03,Kandy,27.8,76,0.0,Sunny
2022-05-03,Kirulapane,33.0,84,13.3,Rainy
2022-05-03,Wattala,31.5,85,11.5,Rainy
2022-05-03,Colombo,34.7,80,4.4,Drizzle
2022-05-03,Pelawatte,33.8,83,0.0,Sunny
2022-05-03,Malabe,32.5,78,0.0,Sunny
2022-05-04,Nugegoda,33.0,82,8.0,Drizzle
2022-05-04,Maharagama,35.6,79,1.3,Drizzle
2022-05-04,Kandy,29.9,81,13.3,Rainy
2022-05-04,Kirulapane,34.1,85,0.0,Sunny
2022-05-04,Wattala,33.1,81,9.7,Drizzle
2022-05-04,Colombo,33.7,90,0.0,Cloudy
2022-05-04,Pelawatte,33.6,79,11.6,Rainy
2022-05-04,Malabe,32.6,88,0.0,Cloudy
2022-05-05,Nugegoda,31.9,84,22.7,Rainy
2022-05-05,Maharagama,32.9,76,26.3,Rainy
2022-05-05,Kandy,32.0,81,19.6,Rainy
2022-05-05,Kirulapane,32.9,82,7.1,Drizzle
2022-05-05,Wattala,31.6,79,9.8,Drizzle
2022-05-05,Colombo,29.9,87,27.0,Rainy
2022-05-05,Pelawatte,30.7,84,0.0,Sunny
2022-05-05,Malabe,31.9,89,23.7,Rainy
2022-05-06,Nugegoda,31.8,78,0.0,Sunny
2022-05-06,Maharagama,31.5,78,30.0,Rainy
2022-05-06,Kandy,29.3,78,9.1,Drizzle
2022-05-06,Kirulapane,31.8,83,6.2,Drizzle
2022-05-06,Wattala,30.5,88,3.8,Drizzle
2022-05-06,Colombo,33.6,82,0.4,Drizzle
2022-05-06,Pelawatte,33.6,86,39.9,Storm
2022-05-06,Malabe,30.3,82,0.0,Sunny
2022-05-07,Nugegoda,33.0,83,18.7,Rainy
2022-05-07,Maharagama,33.1,75,0.0,Sunny
2022-05-07,Kandy,28.2,77,0.0,Sunny
2022-05-07,Kirulapane,31.5,80,0.0,Sunny
2022-05-07,Wattala,32.7,78,2.5,Drizzle
2022-05-07,Colombo,33.9,80,0.0,Sunny
2022-05-07,Pelawatte,32.5,86,0.0,Cloudy
2022-05-07,Malabe,32.2,82,1.1,Drizzle
2022-05-08,Nugegoda,32.2,92,0.0,Cloudy
2022-05-08,Maharagama,32.2,85,10.9,Rainy
2022-05-08,Kandy,30.1,82,0.0,Sunny
2022-05-08,Kirulapane,32.2,83,17.8,Rainy
2022-05-08,Wattala,31.2,78,34.6,Storm
2022-05-08,Colombo,33.0,80,0.0,Sunny
2022-05-08,Pelawatte,30.7,78,10.6,Rainy
2022-05-08,Malabe,34.5,75,0.2,Drizzle
2022-05-09,Nugegoda,34.4,80,26.3,Rainy
2022-05-09,Maharagama,33.2,74,17.6,Rainy
2022-05-09,Kandy,28.5,73,8.9,Drizzle
2022-05-09,Kirulapane,33.1,76,0.0,Sunny
2022-05-09,Wattala,31.7,76,1.0,Drizzle
2022-05-09,Colombo,34.8,76,0.0,Sunny
2022-05-09,Pelawatte,33.3,79,8.1,Drizzle
2022-05-09,Malabe,32.0,88,0.0,Cloudy
2022-05-10,Nugegoda,28.1,90,16.9,Rainy
2022-05-10,Maharagama,34.1,78,2.8,Drizzle
2022-05-10,Kandy,27.5,82,5.1,Drizzle
2022-05-10,Kirulapane,34.3,90,0.0,Cloudy
2022-05-10,Wattala,33.5,72,2.5,Drizzle
2022-05-10,Colombo,31.6,79,7.3,Drizzle
2022-05-10,Pelawatte,31.2,86,0.0,Cloudy
2022-05-10,Malabe,33.4,82,6.0,Drizzle
2022-05-11,Nugegoda,33.2,81,14.2,Rainy
2022-05-11,Maharagama,33.2,90,44.1,Storm
2022-05-11,Kandy,30.5,83,14.4,Rainy
2022-05-11,Kirulapane,31.1,87,0.0,Cloudy
2022-05-11,Wattala,31.4,86,0.0,Cloudy
2022-05-11,Colombo,33.6,79,1.4,Drizzle
2022-05-11,Pelawatte,33.0,87,2.5,Drizzle
2022-05-11,Malabe,29.8,83,4.7,Drizzle
2022-05-12,Nugegoda,31.7,81,0.0,Sunny
2022-05-12,Maharagama,32.6,81,0.0,Sunny
2022-05-12,Kandy,27.5,88,0.0,Cloudy
2022-05-12,Kirulapane,33.9,87,0.0,Cloudy
2022-05-12,Wattala,30.6,86,0.0,Cloudy
2022-05-12,Colombo,30.2,72,7.6,Drizzle
2022-05-12,Pelawatte,30.9,87,0.0,Cloudy
2022-05-12,Malabe,32.8,80,0.0,Sunny
2022-05-13,Nugegoda,34.5,77,0.0,Sunny
2022-05-13,Maharagama,34.2,66,12.1,Rainy
2022-05-13,Kandy,27.6,86,0.0,Cloudy
2022-05-13,Kirulapane,33.1,76,24.8,Rainy
2022-05-13,Wattala,30.7,80,0.0,Sunny
2022-05-13,Colombo,34.0,83,0.0,Sunny
2022-05-13,Pelawatte,32.0,82,0.0,Sunny
2022-05-13,Malabe,29.6,80,0.0,Sunny
2022-05-14,Nugegoda,31.8,76,0.0,Sunny
2022-05-14,Maharagama,31.9,85,0.0,Sunny
2022-05-14,Kandy,29.3,80,1.2,Drizzle
2022-05-14,Kirulapane,33.6,80,0.0,Sunny
2022-05-14,Wattala,29.6,90,7.4,Drizzle
2022-05-14,Colombo,30.8,91,0.8,Drizzle
2022-05-14,Pelawatte,34.5,81,0.0,Sunny
2022-05-14,Malabe,33.7,86,10.0,Drizzle
2022-05-15,Nugegoda,34.0,81,0.0,Sunny
2022-05-15,Maharagama,33.2,84,0.0,Sunny
2022-05-15,Kandy,31.2,81,31.2,Storm
2022-05-15,Kirulapane,32.1,86,0.0,Cloudy
2022-05-15,Wattala,32.4,73,0.0,Sunny
2022-05-15,Colombo,32.4,83,8.8,Drizzle
2022-05-15,Pelawatte,36.6,89,0.0,Cloudy
2022-05-15,Malabe,31.1,85,0.0,Sunny
2022-05-16,Nugegoda,32.4,82,0.0,Sunny
2022-05-16,Maharagama,33.2,79,26.3,Rainy
2022-05-16,Kandy,29.2,87,0.0,Cloudy
2022-05-16,Kirulapane,31.8,89,65.0,Storm
2022-05-16,Wattala,34.4,81,20.4,Rainy
2022-05-16,Colombo,32.1,84,35.9,Storm
2022-05-16,Pelawatte,34.4,80,7.7,Drizzle
2022-05-16,Malabe,33.3,85,2.8,Drizzle
2022-05-17,Nugegoda,32.0,85,0.0,Sunny
2022-05-17,Maharagama,30.7,80,5.3,Drizzle
2022-05-17,Kandy,28.7,79,2.5,Drizzle
2022-05-17,Kirulapane,34.7,81,10.1,Rainy
2022-05-17,Wattala,32.9,86,14.0,Rainy
2022-05-17,Colombo,31.6,91,14.0,Rainy
2022-05-17,Pelawatte,31.4,85,0.0,Sunny
2022-05-17,Malabe,33.6,84,0.1,Drizzle
2022-05-18,Nugegoda,35.3,82,2.0,Drizzle
2022-05-18,Maharagama,31.5,83,0.0,Sunny
2022-05-18,Kandy,32.7,80,1.9,Drizzle
2022-05-18,Kirulapane,31.7,79,0.0,Sunny
2022-05-18,Wattala,31.7,75,12.7,Rainy
2022-05-18,Colombo,34.7,80,15.2,Rainy
2022-05-18,Pelawatte,34.3,91,52.0,Storm
2022-05-18,Malabe,32.2,86,0.0,Cloudy
2022-05-19,Nugegoda,31.3,79,1.8,Drizzle
2022-05-19,Maharagama,31.3,76,39.1,Storm
2022-05-19,Kandy,29.8,82,0.0,Sunny
2022-05-19,Kirulapane,29.6,79,2.4,Drizzle
2022-05-19,Wattala,32.1,76,0.0,Sunny
2022-05-19,Colombo,31.1,80,0.0,Sunny
2022-05-19,Pelawatte,31.2,75,1.2,Drizzle
2022-05-19,Malabe,33.0,81,0.0,Sunny
2022-05-20,Nugegoda,33.9,84,0.9,Drizzle
2022-05-20,Maharagama,32.9,81,0.0,Sunny
2022-05-20,Kandy,30.1,85,17.2,Rainy
2022-05-20,Kirulapane,33.7,82,20.9,Rainy
2022-05-20,Wattala,33.2,86,4.4,Drizzle
2022-05-20,Colombo,30.0,85,1.9,Drizzle
2022-05-20,Pelawatte,33.0,83,20.2,Rainy
2022-05-20,Malabe,30.5,89,4.4,Drizzle
2022-05-21,Nugegoda,32.8,78,0.0,Sunny
2022-05-21,Maharagama,33.7,82,0.4,Drizzle
2022-05-21,Kandy,29.4,79,0.8,Drizzle
2022-05-21,Kirulapane,32.7,89,0.4,Drizzle
2022-05-21,Wattala,32.7,79,19.7,Rainy
2022-05-21,Colombo,35.2,71,0.0,Sunny
2022-05-21,Pelawatte,30.5,84,0.0,Sunny
2022-05-21,Malabe,34.6,85,0.0,Sunny
2022-05-22,Nugegoda,32.6,85,0.0,Sunny
2022-05-22,Maharagama,32.1,77,17.6,Rainy
2022-05-22,Kandy,28.2,82,65.8,Storm
2022-05-22,Kirulapane,34.5,77,7.0,Drizzle
2022-05-22,Wattala,30.6,88,0.0,Cloudy
2022-05-22,Colombo,30.8,80,21.3,Rainy
2022-05-22,Pelawatte,30.8,73,0.0,Sunny
2022-05-22,Malabe,37.2,80,0.0,Sunny
2022-05-23,Nugegoda,33.2,81,5.6,Drizzle
2022-05-23,Maharagama,30.7,79,0.0,Sunny
2022-05-23,Kandy,30.8,85,41.7,Storm
2022-05-23,Kirulapane,31.4,85,0.0,Sunny
2022-05-23,Wattala,33.4,80,10.6,Rainy
2022-05-23,Colombo,33.0,80,60.2,Storm
2022-05-23,Pelawatte,33.3,70,0.0,Sunny
2022-05-23,Malabe,32.1,82,0.0,Sunny
2022-05-24,Nugegoda,32.3,78,0.0,Sunny
2022-05-24,Maharagama,31.8,84,0.0,Sunny
2022-05-24,Kandy,30.1,84,3.0,Drizzle
2022-05-24,Kirulapane,32.8,80,5.9,Drizzle
2022-05-24,Wattala,32.0,89,5.1,Drizzle
2022-05-24,Colombo,34.9,80,0.0,Sunny
2022-05-24,Pelawatte,32.6,78,0.4,Drizzle
2022-05-24,Malabe,34.0,81,0.0,Sunny
2022-05-25,Nugegoda,32.8,85,0.0,Sunny
2022-05-25,Maharagama,31.9,83,3.2,Drizzle
2022-05-25,Kandy,27.8,80,0.0,Sunny
2022-05-25,Kirulapane,33.4,81,6.8,Drizzle
2022-05-25,Wattala,32.1,83,8.2,Drizzle
2022-05-25,Colombo,30.8,73,0.0,Sunny
2022-05-25,Pelawatte,32.2,88,8.9,Drizzle
2022-05-25,Malabe,34.8,81,0.0,Sunny
2022-05-26,Nugegoda,30.4,84,0.0,Sunny
2022-05-26,Maharagama,30.7,75,10.9,Rainy
2022-05-26,Kandy,28.6,77,0.0,Sunny
2022-05-26,Kirulapane,33.1,71,0.0,Sunny
2022-05-26,Wattala,35.4,86,4.4,Drizzle
2022-05-26,Colombo,33.0,79,0.0,Sunny
2022-05-26,Pelawatte,31.6,74,0.0,Sunny
2022-05-26,Malabe,35.6,84,0.0,Sunny
2022-05-27,Nugegoda,32.1,82,0.0,Sunny
2022-05-27,Maharagama,32.2,88,1.9,Drizzle
2022-05-27,Kandy,28.8,89,2.4,Drizzle
2022-05-27,Kirulapane,32.6,85,23.0,Rainy
2022-05-27,Wattala,30.6,75,0.0,Sunny
2022-05-27,Colombo,30.8,82,3.0,Drizzle
2022-05-27,Pelawatte,31.6,81,0.0,Sunny
2022-05-27,Malabe,34.6,79,5.3,Drizzle
2022-05-28,Nugegoda,31.3,82,0.0,Sunny
2022-05-28,Maharagama,31.3,96,21.6,Rainy
2022-05-28,Kandy,28.8,78,1.1,Drizzle
2022-05-28,Kirulapane,33.9,78,23.0,Rainy
2022-05-28,Wattala,33.4,88,8.7,Drizzle
2022-05-28,Colombo,31.3,89,22.1,Rainy
2022-05-28,Pelawatte,34.3,87,9.2,Drizzle
2022-05-28,Malabe,32.0,84,0.0,Sunny
2022-05-29,Nugegoda,32.4,89,26.4,Rainy
2022-05-29,Maharagama,30.6,74,26.4,Rainy
2022-05-29,Kandy,31.5,67,4.9,Drizzle
2022-05-29,Kirulapane,33.8,75,1.5,Drizzle
2022-05-29,Wattala,32.9,83,2.5,Drizzle
2022-05-29,Colombo,33.8,90,0.0,Cloudy
2022-05-29,Pelawatte,31.6,74,0.0,Sunny
2022-05-29,Malabe,33.3,92,0.0,Cloudy
2022-05-30,Nugegoda,33.4,88,0.0,Cloudy
2022-05-30,Maharagama,33.7,80,11.5,Rainy
2022-05-30,Kandy,29.8,88,3.0,Drizzle
2022-05-30,Kirulapane,29.2,85,0.0,Sunny
2022-05-30,Wattala,34.4,81,0.0,Sunny
2022-05-30,Colombo,30.9,85,0.0,Sunny
2022-05-30,Pelawatte,33.1,84,0.0,Sunny
2022-05-30,Malabe,30.8,82,0.0,Sunny
2022-05-31,Nugegoda,32.8,76,12.6,Rainy
2022-05-31,Maharagama,32.5,69,25.0,Rainy
2022-05-31,Kandy,29.8,80,2.2,Drizzle
2022-05-31,Kirulapane,31.7,89,24.7,Rainy
2022-05-31,Wattala,31.9,82,15.1,Rainy
2022-05-31,Colombo,32.8,80,2.2,Drizzle
2022-05-31,Pelawatte,34.3,78,37.0,Storm
2022-05-31,Malabe,34.1,79,0.0,Sunny
2022-06-01,Nugegoda,29.8,87,2.6,Drizzle
2022-06-01,Maharagama,27.9,79,5.8,Drizzle
2022-06-01,Kandy,26.8,76,62.4,Storm
2022-06-01,Kirulapane,29.0,80,0.0,Sunny
2022-06-01,Wattala,29.0,86,9.4,Drizzle
2022-06-01,Colombo,26.4,80,0.0,Sunny
2022-06-01,Pelawatte,28.1,81,9.6,Drizzle
2022-06-01,Malabe,29.5,72,1.7,Drizzle
2022-06-02,Nugegoda,28.2,76,11.4,Rainy
2022-06-02,Maharagama,28.6,78,0.0,Sunny
2022-06-02,Kandy,27.0,95,32.0,Storm
2022-06-02,Kirulapane,29.7,91,0.2,Drizzle
2022-06-02,Wattala,28.5,86,0.0,Cloudy
2022-06-02,Colombo,30.9,83,0.0,Sunny
2022-06-02,Pelawatte,28.8,77,0.0,Sunny
2022-06-02,Malabe,27.6,82,57.1,Storm
2022-06-03,Nugegoda,27.9,78,0.0,Sunny
2022-06-03,Maharagama,25.4,89,0.0,Cloudy
2022-06-03,Kandy,29.6,83,15.4,Rainy
2022-06-03,Kirulapane,29.1,80,25.9,Rainy
2022-06-03,Wattala,28.9,80,0.0,Sunny
2022-06-03,Colombo,28.1,71,47.9,Storm
2022-06-03,Pelawatte,31.3,67,0.0,Sunny
2022-06-03,Malabe,27.7,86,0.2,Drizzle
2022-06-04,Nugegoda,30.7,81,0.0,Sunny
2022-06-04,Maharagama,26.8,92,0.0,Cloudy
2022-06-04,Kandy,26.4,90,0.0,Cloudy
2022-06-04,Kirulapane,28.9,85,0.0,Sunny
2022-06-04,Wattala,31.2,87,2.8,Drizzle
2022-06-04,Colombo,28.2,86,0.0,Cloudy
2022-06-04,Pelawatte,31.3,78,0.0,Sunny
2022-06-04,Malabe,26.4,84,0.0,Sunny
2022-06-05,Nugegoda,28.9,73,0.0,Sunny
2022-06-05,Maharagama,29.8,74,7.0,Drizzle
2022-06-05,Kandy,22.9,77,0.2,Drizzle
2022-06-05,Kirulapane,25.9,83,0.0,Sunny
2022-06-05,Wattala,27.3,77,0.0,Sunny
2022-06-05,Colombo,29.0,76,14.1,Rainy
2022-06-05,Pelawatte,30.8,84,7.2,Drizzle
2022-06-05,Malabe,31.1,82,6.7,Drizzle
2022-06-06,Nugegoda,28.1,90,0.0,Cloudy
2022-06-06,Maharagama,28.0,84,0.0,Sunny
2022-06-06,Kandy,25.1,75,3.1,Drizzle
2022-06-06,Kirulapane,31.0,83,18.5,Rainy
2022-06-06,Wattala,26.5,89,0.0,Cloudy
2022-06-06,Colombo,30.4,86,0.0,Cloudy
2022-06-06,Pelawatte,30.7,81,0.0,Sunny
2022-06-06,Malabe,30.2,90,0.0,Cloudy
2022-06-07,Nugegoda,29.9,73,1.6,Drizzle
2022-06-07,Maharagama,30.7,86,0.0,Cloudy
2022-06-07,Kandy,24.7,90,0.0,Cloudy
2022-06-07,Kirulapane,27.0,80,6.4,Drizzle
2022-06-07,Wattala,31.2,78,0.0,Sunny
2022-06-07,Colombo,28.6,82,32.1,Storm
2022-06-07,Pelawatte,28.2,84,10.4,Rainy
2022-06-07,Malabe,25.3,76,0.0,Sunny
2022-06-08,Nugegoda,27.8,81,35.2,Storm
2022-06-08,Maharagama,29.4,84,7.6,Drizzle
2022-06-08,Kandy,24.2,82,0.1,Drizzle
2022-06-08,Kirulapane,27.4,80,0.0,Sunny
2022-06-08,Wattala,30.3,85,0.0,Sunny
2022-06-08,Colombo,28.2,82,0.9,Drizzle
2022-06-08,Pelawatte,29.4,73,0.0,Sunny
2022-06-08,Malabe,26.6,89,0.0,Cloudy
2022-06-09,Nugegoda,28.1,88,0.0,Cloudy
2022-06-09,Maharagama,31.6,82,0.0,Sunny
2022-06-09,Kandy,26.1,86,8.6,Drizzle
2022-06-09,Kirulapane,29.3,81,7.3,Drizzle
2022-06-09,Wattala,28.7,76,0.0,Sunny
2022-06-09,Colombo,33.3,82,4.9,Drizzle
2022-06-09,Pelawatte,29.9,84,5.5,Drizzle
2022-06-09,Malabe,28.9,90,0.0,Cloudy
2022-06-10,Nugegoda,28.5,77,1.8,Drizzle
2022-06-10,Maharagama,26.4,71,4.3,Drizzle
2022-06-10,Kandy,24.3,83,0.0,Sunny
2022-06-10,Kirulapane,30.4,73,15.1,Rainy
2022-06-10,Wattala,26.7,89,8.4,Drizzle
2022-06-10,Colombo,29.7,83,1.3,Drizzle
2022-06-10,Pelawatte,31.0,79,6.8,Drizzle
2022-06-10,Malabe,27.6,73,0.0,Sunny
2022-06-11,Nugegoda,29.0,82,2.8,Drizzle
2022-06-11,Maharagama,31.5,93,2.8,Drizzle
2022-06-11,Kandy,27.6,86,3.6,Drizzle
2022-06-11,Kirulapane,31.0,78,0.0,Sunny
2022-06-11,Wattala,30.0,85,0.0,Sunny
2022-06-11,Colombo,26.8,84,6.1,Drizzle
2022-06-11,Pelawatte,30.1,88,0.0,Cloudy
2022-06-11,Malabe,29.2,80,3.5,Drizzle
2022-06-12,Nugegoda,31.5,81,9.9,Drizzle
2022-06-12,Maharagama,27.9,77,10.0,Drizzle
2022-06-12,Kandy,23.8,82,0.0,Sunny
2022-06-12,Kirulapane,30.6,81,0.0,Sunny
2022-06-12,Wattala,31.8,82,0.0,Sunny
2022-06-12,Colombo,27.3,86,21.4,Rainy
2022-06-12,Pelawatte,29.1,81,0.0,Sunny
2022-06-12,Malabe,28.5,85,12.7,Rainy
2022-06-13,Nugegoda,25.6,80,0.0,Sunny
2022-06-13,Maharagama,29.3,85,19.8,Rainy
2022-06-13,Kandy,25.2,70,0.0,Sunny
2022-06-13,Kirulapane,30.5,69,0.2,Drizzle
2022-06-13,Wattala,29.6,76,15.1,Rainy
2022-06-13,Colombo,27.4,83,7.1,Drizzle
2022-06-13,Pelawatte,28.9,70,0.0,Sunny
2022-06-13,Malabe,28.9,82,0.0,Sunny
2022-06-14,Nugegoda,31.5,81,1.8,Drizzle
2022-06-14,Maharagama,27.3,85,6.9,Drizzle
2022-06-14,Kandy,25.7,80,1.3,Drizzle
2022-06-14,Kirulapane,27.5,83,0.0,Sunny
2022-06-14,Wattala,28.5,82,32.2,Storm
2022-06-14,Colombo,28.1,82,0.0,Sunny
2022-06-14,Pelawatte,28.7,78,0.0,Sunny
2022-06-14,Malabe,25.5,79,1.5,Drizzle
2022-06-15,Nugegoda,28.4,80,19.8,Rainy
2022-06-15,Maharagama,29.4,76,0.0,Sunny
2022-06-15,Kandy,26.9,75,7.3,Drizzle
2022-06-15,Kirulapane,31.3,73,0.0,Sunny
2022-06-15,Wattala,29.8,72,0.0,Sunny
2022-06-15,Colombo,29.0,79,0.7,Drizzle
2022-06-15,Pelawatte,29.4,75,0.0,Sunny
2022-06-15,Malabe,31.6,73,1.9,Drizzle
2022-06-16,Nugegoda,30.2,86,28.0,Rainy
2022-06-16,Maharagama,29.8,86,27.0,Rainy
2022-06-16,Kandy,26.2,78,0.0,Sunny
2022-06-16,Kirulapane,29.0,79,11.3,Rainy
2022-06-16,Wattala,28.1,77,12.3,Rainy
2022-06-16,Colombo,30.7,81,5.0,Drizzle
2022-06-16,Pelawatte,28.4,83,0.3,Drizzle
2022-06-16,Malabe,27.6,77,0.0,Sunny
2022-06-17,Nugegoda,28.0,90,0.0,Cloudy
2022-06-17,Maharagama,29.5,78,0.0,Sunny
2022-06-17,Kandy,29.0,82,3.4,Drizzle
2022-06-17,Kirulapane,26.8,85,4.9,Drizzle
2022-06-17,Wattala,30.9,69,0.0,Sunny
2022-06-17,Colombo,26.1,81,0.0,Sunny
2022-06-17,Pelawatte,31.1,83,0.0,Sunny
2022-06-17,Malabe,29.4,79,0.0,Sunny
2022-06-18,Nugegoda,29.0,82,4.7,Drizzle
2022-06-18,Maharagama,29.3,72,1.0,Drizzle
2022-06-18,Kandy,26.1,89,0.1,Drizzle
2022-06-18,Kirulapane,27.8,91,0.0,Cloudy
2022-06-18,Wattala,29.4,74,0.0,Sunny
2022-06-18,Colombo,28.7,80,3.3,Drizzle
2022-06-18,Pelawatte,28.0,75,20.5,Rainy
2022-06-18,Malabe,32.2,85,0.0,Sunny
2022-06-19,Nugegoda,27.0,80,8.0,Drizzle
2022-06-19,Maharagama,31.0,79,17.3,Rainy
2022-06-19,Kandy,26.1,86,0.0,Cloudy
2022-06-19,Kirulapane,29.1,78,9.3,Drizzle
2022-06-19,Wattala,28.2,74,24.1,Rainy
2022-06-19,Colombo,30.5,79,26.8,Rainy
2022-06-19,Pelawatte,29.7,76,0.0,Sunny
2022-06-19,Malabe,27.6,81,0.0,Sunny
2022-06-20,Nugegoda,30.8,72,0.0,Sunny
2022-06-20,Maharagama,26.7,94,0.0,Cloudy
2022-06-20,Kandy,25.4,79,0.0,Sunny
2022-06-20,Kirulapane,30.2,78,0.0,Sunny
2022-06-20,Wattala,29.0,79,0.0,Sunny
2022-06-20,Colombo,30.1,88,30.9,Storm
2022-06-20,Pelawatte,28.1,84,19.3,Rainy
2022-06-20,Malabe,31.1,87,21.4,Rainy
2022-06-21,Nugegoda,27.3,94,0.0,Cloudy
2022-06-21,Maharagama,27.7,79,11.5,Rainy
2022-06-21,Kandy,25.8,81,0.0,Sunny
2022-06-21,Kirulapane,26.6,88,0.0,Cloudy
2022-06-21,Wattala,28.6,70,6.3,Drizzle
2022-06-21,Colombo,27.1,88,39.8,Storm
2022-06-21,Pelawatte,28.9,86,9.2,Drizzle
2022-06-21,Malabe,30.3,87,0.0,Cloudy
2022-06-22,Nugegoda,30.5,79,14.4,Rainy
2022-06-22,Maharagama,27.4,88,18.5,Rainy
2022-06-22,Kandy,25.7,83,0.0,Sunny
2022-06-22,Kirulapane,26.7,81,5.8,Drizzle
2022-06-22,Wattala,28.1,83,11.1,Rainy
2022-06-22,Colombo,27.7,84,0.0,Sunny
2022-06-22,Pelawatte,29.5,80,0.0,Sunny
2022-06-22,Malabe,30.1,78,0.0,Sunny
2022-06-23,Nugegoda,30.1,86,0.6,Drizzle
2022-06-23,Maharagama,28.6,83,0.0,Sunny
2022-06-23,Kandy,24.4,84,44.9,Storm
2022-06-23,Kirulapane,28.0,81,0.0,Sunny
2022-06-23,Wattala,31.5,85,0.0,Sunny
2022-06-23,Colombo,28.7,73,1.0,Drizzle
2022-06-23,Pelawatte,27.8,89,0.0,Cloudy
2022-06-23,Malabe,28.5,87,10.0,Drizzle
2022-06-24,Nugegoda,29.9,75,0.0,Sunny
2022-06-24,Maharagama,32.3,81,30.0,Rainy
2022-06-24,Kandy,28.0,78,10.9,Rainy
2022-06-24,Kirulapane,28.7,85,4.6,Drizzle
2022-06-24,Wattala,28.8,87,0.0,Cloudy
2022-06-24,Colombo,27.1,80,11.8,Rainy
2022-06-24,Pelawatte,28.8,92,0.0,Cloudy
2022-06-24,Malabe,30.5,84,0.0,Sunny
2022-06-25,Nugegoda,28.3,84,0.0,Sunny
2022-06-25,Maharagama,27.2,85,3.5,Drizzle
2022-06-25,Kandy,27.4,81,0.0,Sunny
2022-06-25,Kirulapane,28.2,86,0.0,Cloudy
2022-06-25,Wattala,28.8,85,0.0,Sunny
2022-06-25,Colombo,29.2,89,13.8,Rainy
2022-06-25,Pelawatte,27.4,83,0.0,Sunny
2022-06-25,Malabe,30.3,77,0.0,Sunny
2022-06-26,Nugegoda,27.3,76,0.0,Sunny
2022-06-26,Maharagama,30.5,82,4.4,Drizzle
2022-06-26,Kandy,27.6,86,2.0,Drizzle
2022-06-26,Kirulapane,28.4,69,5.3,Drizzle
2022-06-26,Wattala,30.8,76,0.0,Sunny
2022-06-26,Colombo,29.5,82,0.0,Sunny
2022-06-26,Pelawatte,28.0,82,24.0,Rainy
2022-06-26,Malabe,30.2,74,0.0,Sunny
2022-06-27,Nugegoda,31.3,85,7.1,Drizzle
2022-06-27,Maharagama,29.1,75,0.0,Sunny
2022-06-27,Kandy,22.9,79,7.6,Drizzle
2022-06-27,Kirulapane,28.1,72,5.3,Drizzle
2022-06-27,Wattala,26.7,83,0.0,Sunny
2022-06-27,Colombo,26.9,82,7.8,Drizzle
2022-06-27,Pelawatte,29.8,91,0.0,Cloudy
2022-06-27,Malabe,28.3,87,4.2,Drizzle
2022-06-28,Nugegoda,29.7,87,27.4,Rainy
2022-06-28,Maharagama,31.1,85,0.0,Sunny
2022-06-28,Kandy,25.0,82,8.5,Drizzle
2022-06-28,Kirulapane,29.3,80,9.5,Drizzle
2022-06-28,Wattala,27.0,84,11.4,Rainy
2022-06-28,Colombo,30.4,86,20.3,Rainy
2022-06-28,Pelawatte,30.9,76,8.3,Drizzle
2022-06-28,Malabe,29.3,75,6.3,Drizzle
2022-06-29,Nugegoda,30.8,79,6.3,Drizzle
2022-06-29,Maharagama,27.5,89,33.5,Storm
2022-06-29,Kandy,27.4,84,17.4,Rainy
2022-06-29,Kirulapane,28.4,70,2.5,Drizzle
2022-06-29,Wattala,30.5,78,26.9,Rainy
2022-06-29,Colombo,28.6,90,1.1,Drizzle
2022-06-29,Pelawatte,28.8,79,0.0,Sunny
2022-06-29,Malabe,29.2,87,1.7,Drizzle
2022-06-30,Nugegoda,30.0,86,0.0,Cloudy
2022-06-30,Maharagama,27.7,82,0.0,Sunny
2022-06-30,Kandy,26.7,80,0.0,Sunny
2022-06-30,Kirulapane,29.7,92,0.0,Cloudy
2022-06-30,Wattala,26.5,78,0.0,Sunny
2022-06-30,Colombo,30.3,86,13.3,Rainy
2022-06-30,Pelawatte,27.1,85,0.3,Drizzle
2022-06-30,Malabe,28.9,88,4.4,Drizzle
2022-07-01,Nugegoda,30.7,79,30.1,Storm
2022-07-01,Maharagama,29.1,86,0.0,Cloudy
2022-07-01,Kandy,25.1,85,3.7,Drizzle
2022-07-01,Kirulapane,29.1,74,4.7,Drizzle
2022-07-01,Wattala,28.8,76,0.0,Sunny
2022-07-01,Colombo,30.5,82,2.6,Drizzle
2022-07-01,Pelawatte,29.4,75,7.5,Drizzle
2022-07-01,Malabe,30.7,85,0.0,Sunny
2022-07-02,Nugegoda,28.8,85,0.0,Sunny
2022-07-02,Maharagama,27.5,82,4.1,Drizzle
2022-07-02,Kandy,25.3,75,0.0,Sunny
2022-07-02,Kirulapane,29.1,80,0.0,Sunny
2022-07-02,Wattala,30.5,88,1.5,Drizzle
2022-07-02,Colombo,27.9,80,0.0,Sunny
2022-07-02,Pelawatte,27.8,85,0.0,Sunny
2022-07-02,Malabe,29.1,84,19.4,Rainy
2022-07-03,Nugegoda,27.7,78,0.0,Sunny
2022-07-03,Maharagama,30.7,87,9.7,Drizzle
2022-07-03,Kandy,28.5,84,0.0,Sunny
2022-07-03,Kirulapane,30.3,80,0.0,Sunny
2022-07-03,Wattala,31.7,84,113.9,Storm
2022-07-03,Colombo,26.1,73,0.0,Sunny
2022-07-03,Pelawatte,29.9,86,7.5,Drizzle
2022-07-03,Malabe,30.5,74,0.0,Sunny
2022-07-04,Nugegoda,27.2,69,45.6,Storm
2022-07-04,Maharagama,27.7,90,0.3,Drizzle
2022-07-04,Kandy,24.7,82,21.6,Rainy
2022-07-04,Kirulapane,28.6,90,0.0,Cloudy
2022-07-04,Wattala,28.5,84,0.0,Sunny
2022-07-04,Colombo,28.3,84,1.9,Drizzle
2022-07-04,Pelawatte,27.9,85,15.7,Rainy
2022-07-04,Malabe,28.1,74,49.0,Storm
2022-07-05,Nugegoda,28.0,75,4.3,Drizzle
2022-07-05,Maharagama,29.0,77,5.7,Drizzle
2022-07-05,Kandy,27.4,84,9.4,Drizzle
2022-07-05,Kirulapane,29.1,80,0.0,Sunny
2022-07-05,Wattala,31.3,86,0.0,Cloudy
2022-07-05,Colombo,28.1,86,0.0,Cloudy
2022-07-05,Pelawatte,28.6,84,20.6,Rainy
2022-07-05,Malabe,30.2,85,18.7,Rainy
2022-07-06,Nugegoda,29.4,81,0.0,Sunny
2022-07-06,Maharagama,29.5,91,0.0,Cloudy
2022-07-06,Kandy,26.3,72,0.0,Sunny
2022-07-06,Kirulapane,30.3,89,0.0,Cloudy
2022-07-06,Wattala,28.0,80,6.3,Drizzle
2022-07-06,Colombo,26.1,74,0.5,Drizzle
2022-07-06,Pelawatte,30.8,93,0.0,Cloudy
2022-07-06,Malabe,28.0,88,16.1,Rainy
2022-07-07,Nugegoda,28.0,81,0.0,Sunny
2022-07-07,Maharagama,29.0,78,0.0,Sunny
2022-07-07,Kandy,24.0,79,17.1,Rainy
2022-07-07,Kirulapane,29.2,70,0.0,Sunny
2022-07-07,Wattala,30.3,77,5.0,Drizzle
2022-07-07,Colombo,26.1,74,15.0,Rainy
2022-07-07,Pelawatte,29.4,85,7.7,Drizzle
2022-07-07,Malabe,29.9,88,0.0,Cloudy
2022-07-08,Nugegoda,30.9,81,0.0,Sunny
2022-07-08,Maharagama,30.2,80,21.8,Rainy
2022-07-08,Kandy,24.2,86,1.5,Drizzle
2022-07-08,Kirulapane,29.7,73,0.8,Drizzle
2022-07-08,Wattala,28.6,80,12.0,Rainy
2022-07-08,Colombo,30.4,92,0.0,Cloudy
2022-07-08,Pelawatte,27.8,80,3.1,Drizzle
2022-07-08,Malabe,30.0,83,12.4,Rainy
2022-07-09,Nugegoda,29.4,78,3.5,Drizzle
2022-07-09,Maharagama,31.4,76,6.9,Drizzle
2022-07-09,Kandy,24.8,76,0.0,Sunny
2022-07-09,Kirulapane,26.9,81,0.0,Sunny
2022-07-09,Wattala,28.4,79,5.5,Drizzle
2022-07-09,Colombo,29.0,76,3.9,Drizzle
2022-07-09,Pelawatte,26.7,92,0.0,Cloudy
2022-07-09,Malabe,28.4,80,0.7,Drizzle
2022-07-10,Nugegoda,31.3,85,5.6,Drizzle
2022-07-10,Maharagama,30.8,86,0.0,Cloudy
2022-07-10,Kandy,26.5,88,1.0,Drizzle
2022-07-10,Kirulapane,27.6,76,0.0,Sunny
2022-07-10,Wattala,28.6,81,15.7,Rainy
2022-07-10,Colombo,28.3,72,1.6,Drizzle
2022-07-10,Pelawatte,29.4,88,27.8,Rainy
2022-07-10,Malabe,30.1,81,26.7,Rainy
2022-07-11,Nugegoda,30.1,82,4.7,Drizzle
2022-07-11,Maharagama,28.3,81,0.0,Sunny
2022-07-11,Kandy,27.4,85,1.9,Drizzle
2022-07-11,Kirulapane,27.1,80,0.0,Sunny
2022-07-11,Wattala,27.9,77,22.8,Rainy
2022-07-11,Colombo,28.4,81,8.2,Drizzle
2022-07-11,Pelawatte,26.7,84,0.0,Sunny
2022-07-11,Malabe,27.1,76,0.0,Sunny
2022-07-12,Nugegoda,29.7,92,0.0,Cloudy
2022-07-12,Maharagama,26.0,82,0.0,Sunny
2022-07-12,Kandy,24.8,85,14.0,Rainy
2022-07-12,Kirulapane,29.3,71,32.6,Storm
2022-07-12,Wattala,29.0,79,0.0,Sunny
2022-07-12,Colombo,26.6,85,0.0,Sunny
2022-07-12,Pelawatte,30.1,83,0.0,Sunny
2022-07-12,Malabe,28.7,79,0.0,Sunny
2022-07-13,Nugegoda,27.7,78,0.0,Sunny
2022-07-13,Maharagama,28.5,79,3.4,Drizzle
2022-07-13,Kandy,25.7,82,21.7,Rainy
2022-07-13,Kirulapane,26.7,79,10.3,Rainy
2022-07-13,Wattala,29.8,85,26.5,Rainy
2022-07-13,Colombo,28.6,81,0.0,Sunny
2022-07-13,Pelawatte,29.0,81,0.0,Sunny
2022-07-13,Malabe,28.4,81,0.0,Sunny
2022-07-14,Nugegoda,28.4,81,5.6,Drizzle
2022-07-14,Maharagama,28.2,78,25.2,Rainy
2022-07-14,Kandy,23.5,79,0.0,Sunny
2022-07-14,Kirulapane,28.4,78,0.0,Sunny
2022-07-14,Wattala,30.1,76,8.1,Drizzle
2022-07-14,Colombo,28.5,78,4.6,Drizzle
2022-07-14,Pelawatte,29.5,80,0.0,Sunny
2022-07-14,Malabe,33.4,75,0.7,Drizzle
2022-07-15,Nugegoda,31.1,83,10.2,Rainy
2022-07-15,Maharagama,30.3,75,0.0,Sunny
2022-07-15,Kandy,24.8,96,0.0,Cloudy
2022-07-15,Kirulapane,29.9,83,0.0,Sunny
2022-07-15,Wattala,29.0,85,14.5,Rainy
2022-07-15,Colombo,28.8,87,0.0,Cloudy
2022-07-15,Pelawatte,28.4,80,12.9,Rainy
2022-07-15,Malabe,29.6,92,4.8,Drizzle
2022-07-16,Nugegoda,29.3,90,11.3,Rainy
2022-07-16,Maharagama,29.6,81,10.2,Rainy
2022-07-16,Kandy,28.5,84,0.0,Sunny
2022-07-16,Kirulapane,28.8,74,0.0,Sunny
2022-07-16,Wattala,25.5,84,0.0,Sunny
2022-07-16,Colombo,27.4,73,55.2,Storm
2022-07-16,Pelawatte,29.3,74,52.4,Storm
2022-07-16,Malabe,29.0,84,14.3,Rainy
2022-07-17,Nugegoda,28.8,77,19.9,Rainy
2022-07-17,Maharagama,31.8,82,16.4,Rainy
2022-07-17,Kandy,26.8,80,7.4,Drizzle
2022-07-17,Kirulapane,29.6,80,0.0,Sunny
2022-07-17,Wattala,29.5,90,5.8,Drizzle
2022-07-17,Colombo,29.5,88,0.0,Cloudy
2022-07-17,Pelawatte,31.0,75,30.6,Storm
2022-07-17,Malabe,29.3,76,17.3,Rainy
2022-07-18,Nugegoda,29.2,90,11.8,Rainy
2022-07-18,Maharagama,29.9,84,17.2,Rainy
2022-07-18,Kandy,25.4,81,5.4,Drizzle
2022-07-18,Kirulapane,28.8,81,0.0,Sunny
2022-07-18,Wattala,29.8,73,0.0,Sunny
2022-07-18,Colombo,28.2,78,0.0,Sunny
2022-07-18,Pelawatte,26.6,83,3.3,Drizzle
2022-07-18,Malabe,29.4,87,24.6,Rainy
2022-07-19,Nugegoda,29.7,82,4.0,Drizzle
2022-07-19,Maharagama,31.5,86,6.0,Drizzle
2022-07-19,Kandy,22.3,81,0.0,Sunny
2022-07-19,Kirulapane,29.6,86,0.0,Cloudy
2022-07-19,Wattala,28.5,82,18.1,Rainy
2022-07-19,Colombo,28.5,71,0.0,Sunny
2022-07-19,Pelawatte,26.9,79,0.0,Sunny
2022-07-19,Malabe,27.1,76,0.0,Sunny
2022-07-20,Nugegoda,29.8,86,3.2,Drizzle
2022-07-20,Maharagama,29.2,70,9.0,Drizzle
2022-07-20,Kandy,25.6,86,28.7,Rainy
2022-07-20,Kirulapane,31.4,80,32.0,Storm
2022-07-20,Wattala,28.8,74,6.8,Drizzle
2022-07-20,Colombo,29.8,82,0.0,Sunny
2022-07-20,Pelawatte,27.0,80,26.9,Rainy
2022-07-20,Malabe,29.0,84,1.3,Drizzle
2022-07-21,Nugegoda,30.0,86,5.3,Drizzle
2022-07-21,Maharagama,32.0,90,4.2,Drizzle
2022-07-21,Kandy,23.8,92,0.0,Cloudy
2022-07-21,Kirulapane,28.9,81,2.6,Drizzle
2022-07-21,Wattala,32.4,86,0.0,Cloudy
2022-07-21,Colombo,27.0,72,21.6,Rainy
2022-07-21,Pelawatte,29.5,81,6.9,Drizzle
2022-07-21,Malabe,28.3,82,0.0,Sunny
2022-07-22,Nugegoda,26.9,92,0.0,Cloudy
2022-07-22,Maharagama,29.2,81,0.0,Sunny
2022-07-22,Kandy,23.4,80,0.0,Sunny
2022-07-22,Kirulapane,27.3,87,0.0,Cloudy
2022-07-22,Wattala,30.7,88,0.0,Cloudy
2022-07-22,Colombo,31.7,83,0.0,Sunny
2022-07-22,Pelawatte,30.9,85,0.0,Sunny
2022-07-22,Malabe,27.9,85,44.5,Storm
2022-07-23,Nugegoda,28.8,83,0.0,Sunny
2022-07-23,Maharagama,29.3,81,1.3,Drizzle
2022-07-23,Kandy,21.8,81,0.0,Sunny
2022-07-23,Kirulapane,27.7,83,0.0,Sunny
2022-07-23,Wattala,28.4,86,0.0,Cloudy
2022-07-23,Colombo,28.1,82,34.9,Storm
2022-07-23,Pelawatte,27.5,86,15.0,Rainy
2022-07-23,Malabe,27.6,82,32.3,Storm
2022-07-24,Nugegoda,31.5,80,8.3,Drizzle
2022-07-24,Maharagama,26.6,86,0.0,Cloudy
2022-07-24,Kandy,22.6,90,5.9,Drizzle
2022-07-24,Kirulapane,30.8,87,0.0,Cloudy
2022-07-24,Wattala,27.6,73,0.0,Sunny
2022-07-24,Colombo,28.3,90,0.0,Cloudy
2022-07-24,Pelawatte,29.3,85,0.0,Sunny
2022-07-24,Malabe,31.6,85,0.0,Sunny
2022-07-25,Nugegoda,31.1,78,0.0,Sunny
2022-07-25,Maharagama,30.8,84,2.3,Drizzle
2022-07-25,Kandy,26.2,74,2.3,Drizzle
2022-07-25,Kirulapane,26.9,86,0.0,Cloudy
2022-07-25,Wattala,28.8,88,0.0,Cloudy
2022-07-25,Colombo,28.4,82,0.2,Drizzle
2022-07-25,Pelawatte,27.5,79,0.0,Sunny
2022-07-25,Malabe,28.3,85,4.7,Drizzle
2022-07-26,Nugegoda,29.4,81,0.0,Sunny
2022-07-26,Maharagama,27.5,90,12.0,Rainy
2022-07-26,Kandy,23.6,76,12.1,Rainy
2022-07-26,Kirulapane,26.6,85,1.9,Drizzle
2022-07-26,Wattala,27.2,72,0.0,Sunny
2022-07-26,Colombo,27.9,78,0.0,Sunny
2022-07-26,Pelawatte,31.5,79,3.3,Drizzle
2022-07-26,Malabe,30.4,83,0.0,Sunny
2022-07-27,Nugegoda,28.7,83,2.6,Drizzle
2022-07-27,Maharagama,31.0,85,0.0,Sunny
2022-07-27,Kandy,26.3,82,5.1,Drizzle
2022-07-27,Kirulapane,29.9,71,5.8,Drizzle
2022-07-27,Wattala,30.2,86,0.0,Cloudy
2022-07-27,Colombo,25.7,83,0.2,Drizzle
2022-07-27,Pelawatte,27.5,82,0.0,Sunny
2022-07-27,Malabe,29.0,84,0.0,Sunny
2022-07-28,Nugegoda,29.2,78,5.2,Drizzle
2022-07-28,Maharagama,28.4,87,3.6,Drizzle
2022-07-28,Kandy,25.5,86,0.0,Cloudy
2022-07-28,Kirulapane,31.4,76,3.5,Drizzle
2022-07-28,Wattala,28.0,81,10.6,Rainy
2022-07-28,Colombo,28.2,89,6.5,Drizzle
2022-07-28,Pelawatte,28.9,75,0.0,Sunny
2022-07-28,Malabe,30.0,94,8.7,Drizzle
2022-07-29,Nugegoda,28.6,83,0.0,Sunny
2022-07-29,Maharagama,27.2,88,0.0,Cloudy
2022-07-29,Kandy,24.8,76,0.0,Sunny
2022-07-29,Kirulapane,28.5,75,0.0,Sunny
2022-07-29,Wattala,29.7,81,0.6,Drizzle
2022-07-29,Colombo,29.2,84,0.0,Sunny
2022-07-29,Pelawatte,26.8,70,0.0,Sunny
2022-07-29,Malabe,28.6,83,2.7,Drizzle
2022-07-30,Nugegoda,30.4,81,4.7,Drizzle
2022-07-30,Maharagama,31.0,86,0.0,Cloudy
2022-07-30,Kandy,23.0,88,0.0,Cloudy
2022-07-30,Kirulapane,31.2,85,0.0,Sunny
2022-07-30,Wattala,27.2,86,3.4,Drizzle
2022-07-30,Colombo,29.3,91,13.8,Rainy
2022-07-30,Pelawatte,30.0,74,7.0,Drizzle
2022-07-30,Malabe,26.6,85,15.1,Rainy
2022-07-31,Nugegoda,28.1,85,0.0,Sunny
2022-07-31,Maharagama,30.9,87,0.0,Cloudy
2022-07-31,Kandy,24.6,89,0.0,Cloudy
2022-07-31,Kirulapane,28.0,79,14.2,Rainy
2022-07-31,Wattala,29.4,83,0.0,Sunny
2022-07-31,Colombo,30.7,80,0.0,Sunny
2022-07-31,Pelawatte,30.7,85,0.0,Sunny
2022-07-31,Malabe,28.6,82,21.8,Rainy
2022-08-01,Nugegoda,29.8,77,3.1,Drizzle
2022-08-01,Maharagama,29.0,78,2.2,Drizzle
2022-08-01,Kandy,24.6,85,0.0,Sunny
2022-08-01,Kirulapane,26.4,84,5.7,Drizzle
2022-08-01,Wattala,28.3,84,0.0,Sunny
2022-08-01,Colombo,27.8,72,0.0,Sunny
2022-08-01,Pelawatte,30.9,79,0.0,Sunny
2022-08-01,Malabe,26.0,76,0.0,Sunny
2022-08-02,Nugegoda,29.0,84,52.0,Storm
2022-08-02,Maharagama,28.5,76,0.0,Sunny
2022-08-02,Kandy,25.8,77,0.0,Sunny
2022-08-02,Kirulapane,28.4,78,0.0,Sunny
2022-08-02,Wattala,30.6,77,0.0,Sunny
2022-08-02,Colombo,26.7,79,5.5,Drizzle
2022-08-02,Pelawatte,26.4,87,0.0,Cloudy
2022-08-02,Malabe,32.1,77,8.1,Drizzle
2022-08-03,Nugegoda,29.2,87,7.9,Drizzle
2022-08-03,Maharagama,29.3,83,1.4,Drizzle
2022-08-03,Kandy,26.8,79,0.0,Sunny
2022-08-03,Kirulapane,32.2,90,12.0,Rainy
2022-08-03,Wattala,31.8,78,1.4,Drizzle
2022-08-03,Colombo,26.8,87,2.1,Drizzle
2022-08-03,Pelawatte,31.6,77,12.1,Rainy
2022-08-03,Malabe,31.2,74,0.0,Sunny
2022-08-04,Nugegoda,28.9,79,17.1,Rainy
2022-08-04,Maharagama,32.1,85,0.0,Sunny
2022-08-04,Kandy,24.7,81,0.0,Sunny
2022-08-04,Kirulapane,27.4,80,39.8,Storm
2022-08-04,Wattala,28.8,84,0.0,Sunny
2022-08-04,Colombo,31.0,82,0.0,Sunny
2022-08-04,Pelawatte,29.1,90,0.0,Cloudy
2022-08-04,Malabe,29.1,86,11.2,Rainy
2022-08-05,Nugegoda,27.5,79,0.0,Sunny
2022-08-05,Maharagama,28.3,83,0.0,Sunny
2022-08-05,Kandy,27.0,84,0.6,Drizzle
2022-08-05,Kirulapane,31.9,82,9.4,Drizzle
2022-08-05,Wattala,30.5,84,5.6,Drizzle
2022-08-05,Colombo,28.6,83,3.8,Drizzle
2022-08-05,Pelawatte,28.8,79,5.7,Drizzle
2022-08-05,Malabe,29.8,87,0.0,Cloudy
2022-08-06,Nugegoda,28.3,82,2.4,Drizzle
2022-08-06,Maharagama,31.2,88,17.9,Rainy
2022-08-06,Kandy,28.3,78,13.8,Rainy
2022-08-06,Kirulapane,32.3,87,79.3,Storm
2022-08-06,Wattala,29.2,74,5.1,Drizzle
2022-08-06,Colombo,26.6,82,0.6,Drizzle
2022-08-06,Pelawatte,26.2,86,0.0,Cloudy
2022-08-06,Malabe,28.5,81,36.1,Storm
2022-08-07,Nugegoda,30.9,83,0.0,Sunny
2022-08-07,Maharagama,28.9,86,0.0,Cloudy
2022-08-07,Kandy,28.6,81,0.0,Sunny
2022-08-07,Kirulapane,28.0,79,11.2,Rainy
2022-08-07,Wattala,27.6,81,0.0,Sunny
2022-08-07,Colombo,31.0,82,0.0,Sunny
2022-08-07,Pelawatte,30.6,79,0.0,Sunny
2022-08-07,Malabe,30.2,79,0.0,Sunny
2022-08-08,Nugegoda,29.7,81,35.3,Storm
2022-08-08,Maharagama,27.6,80,4.7,Drizzle
2022-08-08,Kandy,26.9,81,0.0,Sunny
2022-08-08,Kirulapane,33.2,84,0.0,Sunny
2022-08-08,Wattala,28.1,84,0.0,Sunny
2022-08-08,Colombo,27.1,85,2.1,Drizzle
2022-08-08,Pelawatte,30.2,83,15.2,Rainy
2022-08-08,Malabe,30.5,73,4.5,Drizzle
2022-08-09,Nugegoda,27.1,91,0.0,Cloudy
2022-08-09,Maharagama,28.8,81,6.0,Drizzle
2022-08-09,Kandy,26.3,85,1.1,Drizzle
2022-08-09,Kirulapane,28.5,84,0.0,Sunny
2022-08-09,Wattala,30.0,73,0.0,Sunny
2022-08-09,Colombo,31.7,81,0.0,Sunny
2022-08-09,Pelawatte,28.1,84,0.0,Sunny
2022-08-09,Malabe,30.9,87,7.9,Drizzle
2022-08-10,Nugegoda,28.1,83,22.9,Rainy
2022-08-10,Maharagama,31.4,84,0.0,Sunny
2022-08-10,Kandy,25.4,94,16.2,Rainy
2022-08-10,Kirulapane,28.9,71,29.7,Rainy
2022-08-10,Wattala,27.7,78,0.0,Sunny
2022-08-10,Colombo,26.2,79,0.0,Sunny
2022-08-10,Pelawatte,31.0,85,16.0,Rainy
2022-08-10,Malabe,32.7,87,0.6,Drizzle
2022-08-11,Nugegoda,30.1,75,0.0,Sunny
2022-08-11,Maharagama,29.0,86,9.5,Drizzle
2022-08-11,Kandy,26.2,88,0.0,Cloudy
2022-08-11,Kirulapane,29.1,82,0.0,Sunny
2022-08-11,Wattala,29.2,74,22.2,Rainy
2022-08-11,Colombo,29.3,80,0.0,Sunny
2022-08-11,Pelawatte,29.7,88,0.0,Cloudy
2022-08-11,Malabe,32.0,80,0.0,Sunny
2022-08-12,Nugegoda,30.3,81,8.8,Drizzle
2022-08-12,Maharagama,27.9,82,30.6,Storm
2022-08-12,Kandy,26.2,75,0.0,Sunny
2022-08-12,Kirulapane,29.2,74,0.0,Sunny
2022-08-12,Wattala,29.6,89,23.3,Rainy
2022-08-12,Colombo,29.4,85,15.5,Rainy
2022-08-12,Pelawatte,25.8,86,0.0,Cloudy
2022-08-12,Malabe,28.7,86,4.5,Drizzle
2022-08-13,Nugegoda,27.2,71,0.9,Drizzle
2022-08-13,Maharagama,22.9,76,10.7,Rainy
2022-08-13,Kandy,27.9,74,25.3,Rainy
2022-08-13,Kirulapane,29.2,84,0.5,Drizzle
2022-08-13,Wattala,27.6,79,1.9,Drizzle
2022-08-13,Colombo,29.1,86,14.4,Rainy
2022-08-13,Pelawatte,29.7,84,25.7,Rainy
2022-08-13,Malabe,28.9,84,0.0,Sunny
2022-08-14,Nugegoda,28.5,82,13.7,Rainy
2022-08-14,Maharagama,29.9,83,5.6,Drizzle
2022-08-14,Kandy,25.7,82,0.0,Sunny
2022-08-14,Kirulapane,29.1,78,20.4,Rainy
2022-08-14,Wattala,29.2,74,0.0,Sunny
2022-08-14,Colombo,29.0,76,0.0,Sunny
2022-08-14,Pelawatte,28.4,82,1.4,Drizzle
2022-08-14,Malabe,32.3,88,0.4,Drizzle
2022-08-15,Nugegoda,30.8,83,15.4,Rainy
2022-08-15,Maharagama,29.4,76,13.4,Rainy
2022-08-15,Kandy,26.8,85,0.0,Sunny
2022-08-15,Kirulapane,30.5,84,13.0,Rainy
2022-08-15,Wattala,27.4,74,0.0,Sunny
2022-08-15,Colombo,29.0,82,61.2,Storm
2022-08-15,Pelawatte,28.2,86,0.0,Cloudy
2022-08-15,Malabe,27.3,77,0.0,Sunny
2022-08-16,Nugegoda,31.2,75,20.1,Rainy
2022-08-16,Maharagama,27.5,78,13.2,Rainy
2022-08-16,Kandy,27.0,83,0.2,Drizzle
2022-08-16,Kirulapane,29.1,87,11.7,Rainy
2022-08-16,Wattala,28.8,77,0.0,Sunny
2022-08-16,Colombo,29.0,73,20.1,Rainy
2022-08-16,Pelawatte,29.8,89,0.0,Cloudy
2022-08-16,Malabe,29.6,81,9.9,Drizzle
2022-08-17,Nugegoda,27.8,78,11.3,Rainy
2022-08-17,Maharagama,28.6,82,0.0,Sunny
2022-08-17,Kandy,27.5,88,0.0,Cloudy
2022-08-17,Kirulapane,29.9,81,0.0,Sunny
2022-08-17,Wattala,27.8,79,7.2,Drizzle
2022-08-17,Colombo,31.1,76,40.7,Storm
2022-08-17,Pelawatte,28.2,81,0.0,Sunny
2022-08-17,Malabe,29.7,82,2.7,Drizzle
2022-08-18,Nugegoda,29.0,79,0.0,Sunny
2022-08-18,Maharagama,29.4,81,20.8,Rainy
2022-08-18,Kandy,24.5,84,15.9,Rainy
2022-08-18,Kirulapane,28.2,90,0.0,Cloudy
2022-08-18,Wattala,28.2,78,0.0,Sunny
2022-08-18,Colombo,29.8,88,0.0,Cloudy
2022-08-18,Pelawatte,28.7,75,0.0,Sunny
2022-08-18,Malabe,29.9,80,0.0,Sunny
2022-08-19,Nugegoda,28.5,70,2.5,Drizzle
2022-08-19,Maharagama,29.5,81,0.0,Sunny
2022-08-19,Kandy,26.3,82,0.0,Sunny
2022-08-19,Kirulapane,27.1,81,2.7,Drizzle
2022-08-19,Wattala,31.1,84,16.2,Rainy
2022-08-19,Colombo,30.5,84,13.9,Rainy
2022-08-19,Pelawatte,26.6,83,16.3,Rainy
2022-08-19,Malabe,26.2,80,19.4,Rainy
2022-08-20,Nugegoda,29.6,82,2.2,Drizzle
2022-08-20,Maharagama,27.1,85,0.0,Sunny
2022-08-20,Kandy,26.4,78,18.8,Rainy
2022-08-20,Kirulapane,29.6,81,22.8,Rainy
2022-08-20,Wattala,27.4,77,26.5,Rainy
2022-08-20,Colombo,32.8,74,0.0,Sunny
2022-08-20,Pelawatte,26.7,76,9.2,Drizzle
2022-08-20,Malabe,30.9,87,0.0,Cloudy
2022-08-21,Nugegoda,29.9,86,26.4,Rainy
2022-08-21,Maharagama,30.4,81,0.0,Sunny
2022-08-21,Kandy,22.9,76,32.4,Storm
2022-08-21,Kirulapane,29.6,82,19.1,Rainy
2022-08-21,Wattala,27.6,83,4.1,Drizzle
2022-08-21,Colombo,29.4,79,15.9,Rainy
2022-08-21,Pelawatte,27.5,76,7.6,Drizzle
2022-08-21,Malabe,30.3,79,0.0,Sunny
2022-08-22,Nugegoda,27.1,87,8.7,Drizzle
2022-08-22,Maharagama,26.1,78,22.6,Rainy
2022-08-22,Kandy,27.9,81,1.3,Drizzle
2022-08-22,Kirulapane,29.4,95,8.9,Drizzle
2022-08-22,Wattala,30.1,77,1.1,Drizzle
2022-08-22,Colombo,31.6,91,29.5,Rainy
2022-08-22,Pelawatte,27.3,82,10.2,Rainy
2022-08-22,Malabe,29.0,79,1.1,Drizzle
2022-08-23,Nugegoda,30.1,81,15.3,Rainy
2022-08-23,Maharagama,30.1,83,0.0,Sunny
2022-08-23,Kandy,26.4,88,9.5,Drizzle
2022-08-23,Kirulapane,28.4,86,9.7,Drizzle
2022-08-23,Wattala,26.7,87,10.1,Rainy
2022-08-23,Colombo,28.2,79,5.6,Drizzle
2022-08-23,Pelawatte,29.5,83,7.3,Drizzle
2022-08-23,Malabe,27.8,83,0.0,Sunny
2022-08-24,Nugegoda,31.2,83,19.0,Rainy
2022-08-24,Maharagama,29.3,73,0.0,Sunny
2022-08-24,Kandy,26.4,79,0.0,Sunny
2022-08-24,Kirulapane,30.1,79,32.6,Storm
2022-08-24,Wattala,27.8,85,4.9,Drizzle
2022-08-24,Colombo,29.6,87,0.0,Cloudy
2022-08-24,Pelawatte,29.2,80,0.0,Sunny
2022-08-24,Malabe,29.3,84,21.2,Rainy
2022-08-25,Nugegoda,30.1,88,6.7,Drizzle
2022-08-25,Maharagama,29.4,85,6.1,Drizzle
2022-08-25,Kandy,25.6,79,0.0,Sunny
2022-08-25,Kirulapane,27.6,78,0.0,Sunny
2022-08-25,Wattala,29.7,79,0.0,Sunny
2022-08-25,Colombo,27.3,83,0.0,Sunny
2022-08-25,Pelawatte,30.9,80,17.6,Rainy
2022-08-25,Malabe,29.8,75,0.0,Sunny
2022-08-26,Nugegoda,31.7,84,0.0,Sunny
2022-08-26,Maharagama,30.4,87,0.0,Cloudy
2022-08-26,Kandy,28.6,88,0.0,Cloudy
2022-08-26,Kirulapane,30.8,86,3.2,Drizzle
2022-08-26,Wattala,27.5,80,8.5,Drizzle
2022-08-26,Colombo,29.1,81,11.3,Rainy
2022-08-26,Pelawatte,28.0,87,21.4,Rainy
2022-08-26,Malabe,31.3,86,4.2,Drizzle
2022-08-27,Nugegoda,32.2,85,10.7,Rainy
2022-08-27,Maharagama,29.0,82,0.0,Sunny
2022-08-27,Kandy,25.2,85,6.7,Drizzle
2022-08-27,Kirulapane,28.2,90,0.0,Cloudy
2022-08-27,Wattala,30.0,84,44.4,Storm
2022-08-27,Colombo,28.1,92,4.4,Drizzle
2022-08-27,Pelawatte,28.0,78,0.0,Sunny
2022-08-27,Malabe,28.2,79,15.2,Rainy
2022-08-28,Nugegoda,28.1,71,0.0,Sunny
2022-08-28,Maharagama,27.7,80,9.1,Drizzle
2022-08-28,Kandy,26.2,81,0.0,Sunny
2022-08-28,Kirulapane,28.1,90,5.8,Drizzle
2022-08-28,Wattala,29.1,77,0.0,Sunny
2022-08-28,Colombo,31.5,80,21.4,Rainy
2022-08-28,Pelawatte,28.1,84,11.7,Rainy
2022-08-28,Malabe,29.4,79,0.0,Sunny
2022-08-29,Nugegoda,26.6,88,0.4,Drizzle
2022-08-29,Maharagama,30.2,82,10.9,Rainy
2022-08-29,Kandy,28.1,83,8.9,Drizzle
2022-08-29,Kirulapane,29.3,77,11.4,Rainy
2022-08-29,Wattala,30.4,85,17.7,Rainy
2022-08-29,Colombo,27.3,85,0.0,Sunny
2022-08-29,Pelawatte,29.1,77,0.0,Sunny
2022-08-29,Malabe,29.0,74,11.2,Rainy
2022-08-30,Nugegoda,29.5,75,6.7,Drizzle
2022-08-30,Maharagama,30.1,72,0.0,Sunny
2022-08-30,Kandy,26.9,85,0.0,Sunny
2022-08-30,Kirulapane,31.1,78,0.0,Sunny
2022-08-30,Wattala,29.7,73,4.6,Drizzle
2022-08-30,Colombo,28.6,68,23.3,Rainy
2022-08-30,Pelawatte,25.7,83,3.4,Drizzle
2022-08-30,Malabe,29.7,69,16.5,Rainy
2022-08-31,Nugegoda,28.6,80,0.0,Sunny
2022-08-31,Maharagama,27.1,73,18.9,Rainy
2022-08-31,Kandy,26.0,71,0.0,Sunny
2022-08-31,Kirulapane,30.2,77,9.5,Drizzle
2022-08-31,Wattala,31.0,80,3.3,Drizzle
2022-08-31,Colombo,29.2,86,11.3,Rainy
2022-08-31,Pelawatte,29.3,83,0.0,Sunny
2022-08-31,Malabe,28.4,89,9.5,Drizzle
2022-09-01,Nugegoda,30.7,79,0.0,Sunny
2022-09-01,Maharagama,30.9,73,0.0,Sunny
2022-09-01,Kandy,27.0,89,8.5,Drizzle
2022-09-01,Kirulapane,30.0,90,0.0,Cloudy
2022-09-01,Wattala,29.7,86,5.8,Drizzle
2022-09-01,Colombo,30.0,79,19.6,Rainy
2022-09-01,Pelawatte,27.5,83,0.0,Sunny
2022-09-01,Malabe,31.4,77,0.0,Sunny
2022-09-02,Nugegoda,31.4,87,0.0,Cloudy
2022-09-02,Maharagama,29.4,73,12.9,Rainy
2022-09-02,Kandy,29.7,79,12.1,Rainy
2022-09-02,Kirulapane,30.4,80,15.3,Rainy
2022-09-02,Wattala,28.6,84,0.0,Sunny
2022-09-02,Colombo,27.7,78,3.1,Drizzle
2022-09-02,Pelawatte,30.8,87,0.0,Cloudy
2022-09-02,Malabe,30.0,81,2.5,Drizzle
2022-09-03,Nugegoda,28.2,85,0.0,Sunny
2022-09-03,Maharagama,28.3,86,0.0,Cloudy
2022-09-03,Kandy,26.5,70,40.5,Storm
2022-09-03,Kirulapane,31.2,77,16.9,Rainy
2022-09-03,Wattala,30.0,74,5.2,Drizzle
2022-09-03,Colombo,30.9,88,7.8,Drizzle
2022-09-03,Pelawatte,28.9,85,16.8,Rainy
2022-09-03,Malabe,29.3,88,48.1,Storm
2022-09-04,Nugegoda,32.3,75,0.0,Sunny
2022-09-04,Maharagama,31.1,85,0.0,Sunny
2022-09-04,Kandy,26.9,72,1.4,Drizzle
2022-09-04,Kirulapane,27.6,81,0.0,Sunny
2022-09-04,Wattala,29.3,79,0.0,Sunny
2022-09-04,Colombo,30.1,86,0.0,Cloudy
2022-09-04,Pelawatte,33.3,85,30.6,Storm
2022-09-04,Malabe,29.2,77,0.0,Sunny
2022-09-05,Nugegoda,29.7,81,1.9,Drizzle
2022-09-05,Maharagama,30.6,81,65.9,Storm
2022-09-05,Kandy,26.4,82,0.0,Sunny
2022-09-05,Kirulapane,26.2,79,11.2,Rainy
2022-09-05,Wattala,31.1,81,0.0,Sunny
2022-09-05,Colombo,31.0,83,1.9,Drizzle
2022-09-05,Pelawatte,29.5,80,0.0,Sunny
2022-09-05,Malabe,27.0,82,6.6,Drizzle
2022-09-06,Nugegoda,28.6,82,0.0,Sunny
2022-09-06,Maharagama,31.0,82,6.0,Drizzle
2022-09-06,Kandy,26.8,78,0.0,Sunny
2022-09-06,Kirulapane,30.9,75,0.8,Drizzle
2022-09-06,Wattala,33.5,78,0.0,Sunny
2022-09-06,Colombo,31.9,79,4.7,Drizzle
2022-09-06,Pelawatte,26.4,79,0.0,Sunny
2022-09-06,Malabe,29.9,81,26.4,Rainy
2022-09-07,Nugegoda,28.8,84,0.0,Sunny
2022-09-07,Maharagama,30.5,85,1.9,Drizzle
2022-09-07,Kandy,26.4,85,0.0,Sunny
2022-09-07,Kirulapane,31.8,82,32.2,Storm
2022-09-07,Wattala,30.2,73,7.8,Drizzle
2022-09-07,Colombo,29.3,94,0.0,Cloudy
2022-09-07,Pelawatte,28.8,77,30.4,Storm
2022-09-07,Malabe,30.3,78,13.7,Rainy
2022-09-08,Nugegoda,32.9,82,2.3,Drizzle
2022-09-08,Maharagama,28.9,81,9.5,Drizzle
2022-09-08,Kandy,27.7,82,16.1,Rainy
2022-09-08,Kirulapane,31.1,82,0.0,Sunny
2022-09-08,Wattala,33.1,88,6.3,Drizzle
2022-09-08,Colombo,29.4,84,0.0,Sunny
2022-09-08,Pelawatte,30.7,83,0.0,Sunny
2022-09-08,Malabe,33.3,82,6.0,Drizzle
2022-09-09,Nugegoda,31.4,81,0.0,Sunny
2022-09-09,Maharagama,30.5,70,18.1,Rainy
2022-09-09,Kandy,27.2,82,0.0,Sunny
2022-09-09,Kirulapane,31.4,85,0.0,Sunny
2022-09-09,Wattala,30.2,87,6.4,Drizzle
2022-09-09,Colombo,29.6,77,15.9,Rainy
2022-09-09,Pelawatte,29.8,83,5.3,Drizzle
2022-09-09,Malabe,30.7,77,38.7,Storm
2022-09-10,Nugegoda,31.9,89,9.7,Drizzle
2022-09-10,Maharagama,30.4,79,0.0,Sunny
2022-09-10,Kandy,28.1,83,0.0,Sunny
2022-09-10,Kirulapane,30.0,82,0.0,Sunny
2022-09-10,Wattala,32.2,80,0.0,Sunny
2022-09-10,Colombo,30.0,90,0.0,Cloudy
2022-09-10,Pelawatte,30.5,79,0.0,Sunny
2022-09-10,Malabe,31.2,75,9.8,Drizzle
2022-09-11,Nugegoda,32.1,75,0.0,Sunny
2022-09-11,Maharagama,29.0,85,2.1,Drizzle
2022-09-11,Kandy,28.1,86,2.4,Drizzle
2022-09-11,Kirulapane,29.0,87,12.9,Rainy
2022-09-11,Wattala,30.0,76,0.2,Drizzle
2022-09-11,Colombo,28.9,81,7.7,Drizzle
2022-09-11,Pelawatte,27.8,71,0.0,Sunny
2022-09-11,Malabe,31.9,78,0.0,Sunny
2022-09-12,Nugegoda,28.7,89,0.0,Cloudy
2022-09-12,Maharagama,30.9,82,1.4,Drizzle
2022-09-12,Kandy,27.1,80,35.7,Storm
2022-09-12,Kirulapane,30.0,83,0.0,Sunny
2022-09-12,Wattala,31.2,92,0.0,Cloudy
2022-09-12,Colombo,30.5,84,8.2,Drizzle
2022-09-12,Pelawatte,33.2,79,7.3,Drizzle
2022-09-12,Malabe,29.5,81,0.0,Sunny
2022-09-13,Nugegoda,32.0,81,3.9,Drizzle
2022-09-13,Maharagama,26.8,83,1.3,Drizzle
2022-09-13,Kandy,27.3,80,0.0,Sunny
2022-09-13,Kirulapane,30.6,74,0.0,Sunny
2022-09-13,Wattala,30.9,77,0.8,Drizzle
2022-09-13,Colombo,30.0,86,7.1,Drizzle
2022-09-13,Pelawatte,28.7,83,8.5,Drizzle
2022-09-13,Malabe,32.2,96,0.0,Cloudy
2022-09-14,Nugegoda,29.1,83,10.1,Rainy
2022-09-14,Maharagama,32.7,85,1.1,Drizzle
2022-09-14,Kandy,24.9,86,0.0,Cloudy
2022-09-14,Kirulapane,31.1,86,1.5,Drizzle
2022-09-14,Wattala,30.6,82,0.0,Sunny
2022-09-14,Colombo,30.7,85,17.8,Rainy
2022-09-14,Pelawatte,28.5,76,28.4,Rainy
2022-09-14,Malabe,29.2,81,0.0,Sunny
2022-09-15,Nugegoda,30.4,80,12.3,Rainy
2022-09-15,Maharagama,30.4,83,1.4,Drizzle
2022-09-15,Kandy,29.0,79,0.0,Sunny
2022-09-15,Kirulapane,31.0,84,9.2,Drizzle
2022-09-15,Wattala,28.6,75,5.0,Drizzle
2022-09-15,Colombo,28.3,78,11.3,Rainy
2022-09-15,Pelawatte,29.6,85,2.5,Drizzle
2022-09-15,Malabe,30.7,85,32.1,Storm
2022-09-16,Nugegoda,29.7,80,9.4,Drizzle
2022-09-16,Maharagama,29.4,93,0.0,Cloudy
2022-09-16,Kandy,26.9,75,12.9,Rainy
2022-09-16,Kirulapane,32.8,78,7.2,Drizzle
2022-09-16,Wattala,28.1,76,6.3,Drizzle
2022-09-16,Colombo,29.4,86,0.6,Drizzle
2022-09-16,Pelawatte,29.5,77,16.1,Rainy
2022-09-16,Malabe,30.9,73,0.0,Sunny
2022-09-17,Nugegoda,29.5,78,0.0,Sunny
2022-09-17,Maharagama,28.6,83,0.0,Sunny
2022-09-17,Kandy,28.7,84,5.2,Drizzle
2022-09-17,Kirulapane,28.2,83,4.5,Drizzle
2022-09-17,Wattala,31.8,80,0.0,Sunny
2022-09-17,Colombo,29.2,86,0.0,Cloudy
2022-09-17,Pelawatte,31.9,78,0.0,Sunny
2022-09-17,Malabe,27.2,90,0.2,Drizzle
2022-09-18,Nugegoda,28.8,77,1.4,Drizzle
2022-09-18,Maharagama,28.0,85,3.9,Drizzle
2022-09-18,Kandy,26.9,86,6.0,Drizzle
2022-09-18,Kirulapane,30.7,83,0.3,Drizzle
2022-09-18,Wattala,33.2,76,4.6,Drizzle
2022-09-18,Colombo,27.8,80,0.0,Sunny
2022-09-18,Pelawatte,28.5,77,0.0,Sunny
2022-09-18,Malabe,31.0,74,0.0,Sunny
2022-09-19,Nugegoda,33.4,79,22.7,Rainy
2022-09-19,Maharagama,31.0,79,3.2,Drizzle
2022-09-19,Kandy,25.9,91,1.5,Drizzle
2022-09-19,Kirulapane,28.6,85,0.0,Sunny
2022-09-19,Wattala,32.1,75,0.0,Sunny
2022-09-19,Colombo,26.2,76,0.0,Sunny
2022-09-19,Pelawatte,29.9,78,0.0,Sunny
2022-09-19,Malabe,31.1,84,0.1,Drizzle
2022-09-20,Nugegoda,29.9,83,55.7,Storm
2022-09-20,Maharagama,29.7,73,5.2,Drizzle
2022-09-20,Kandy,28.5,79,16.5,Rainy
2022-09-20,Kirulapane,28.7,81,0.0,Sunny
2022-09-20,Wattala,32.7,84,6.3,Drizzle
2022-09-20,Colombo,31.0,82,0.0,Sunny
2022-09-20,Pelawatte,28.8,79,18.9,Rainy
2022-09-20,Malabe,30.2,72,6.3,Drizzle
2022-09-21,Nugegoda,30.8,90,0.0,Cloudy
2022-09-21,Maharagama,29.9,73,6.5,Drizzle
2022-09-21,Kandy,28.4,78,7.9,Drizzle
2022-09-21,Kirulapane,28.4,84,9.2,Drizzle
2022-09-21,Wattala,30.4,72,0.0,Sunny
2022-09-21,Colombo,29.0,88,14.2,Rainy
2022-09-21,Pelawatte,30.2,84,1.9,Drizzle
2022-09-21,Malabe,29.0,83,24.7,Rainy
2022-09-22,Nugegoda,26.4,83,0.0,Sunny
2022-09-22,Maharagama,31.2,80,0.3,Drizzle
2022-09-22,Kandy,28.1,81,0.0,Sunny
2022-09-22,Kirulapane,32.8,73,7.5,Drizzle
2022-09-22,Wattala,31.1,82,1.3,Drizzle
2022-09-22,Colombo,29.2,75,19.8,Rainy
2022-09-22,Pelawatte,30.9,80,0.7,Drizzle
2022-09-22,Malabe,30.1,85,0.0,Sunny
2022-09-23,Nugegoda,31.9,79,2.2,Drizzle
2022-09-23,Maharagama,29.8,79,23.1,Rainy
2022-09-23,Kandy,27.2,90,10.2,Rainy
2022-09-23,Kirulapane,30.9,87,0.0,Cloudy
2022-09-23,Wattala,28.1,89,11.5,Rainy
2022-09-23,Colombo,27.2,88,0.0,Cloudy
2022-09-23,Pelawatte,32.2,72,6.7,Drizzle
2022-09-23,Malabe,31.3,78,9.1,Drizzle
2022-09-24,Nugegoda,29.7,78,0.0,Sunny
2022-09-24,Maharagama,28.8,87,33.4,Storm
2022-09-24,Kandy,24.1,77,0.0,Sunny
2022-09-24,Kirulapane,30.7,84,6.2,Drizzle
2022-09-24,Wattala,28.3,80,0.0,Sunny
2022-09-24,Colombo,29.2,82,0.0,Sunny
2022-09-24,Pelawatte,27.9,82,0.0,Sunny
2022-09-24,Malabe,29.6,75,0.0,Sunny
2022-09-25,Nugegoda,28.2,81,0.0,Sunny
2022-09-25,Maharagama,30.9,78,7.8,Drizzle
2022-09-25,Kandy,28.7,81,0.0,Sunny
2022-09-25,Kirulapane,32.6,83,11.7,Rainy
2022-09-25,Wattala,31.2,86,14.1,Rainy
2022-09-25,Colombo,30.7,87,0.0,Cloudy
2022-09-25,Pelawatte,32.7,80,0.0,Sunny
2022-09-25,Malabe,28.7,75,0.0,Sunny
2022-09-26,Nugegoda,28.1,83,0.0,Sunny
2022-09-26,Maharagama,28.8,85,25.1,Rainy
2022-09-26,Kandy,28.5,82,4.8,Drizzle
2022-09-26,Kirulapane,29.9,78,0.0,Sunny
2022-09-26,Wattala,31.0,83,0.0,Sunny
2022-09-26,Colombo,30.9,84,0.0,Sunny
2022-09-26,Pelawatte,33.5,82,14.5,Rainy
2022-09-26,Malabe,31.1,78,36.0,Storm
2022-09-27,Nugegoda,32.8,80,16.0,Rainy
2022-09-27,Maharagama,30.9,92,0.0,Cloudy
2022-09-27,Kandy,26.0,81,0.0,Sunny
2022-09-27,Kirulapane,31.3,84,1.8,Drizzle
2022-09-27,Wattala,30.5,80,20.8,Rainy
2022-09-27,Colombo,28.9,84,13.2,Rainy
2022-09-27,Pelawatte,29.7,86,0.0,Cloudy
2022-09-27,Malabe,28.8,81,26.7,Rainy
2022-09-28,Nugegoda,32.3,84,0.0,Sunny
2022-09-28,Maharagama,31.8,88,27.8,Rainy
2022-09-28,Kandy,24.6,89,0.0,Cloudy
2022-09-28,Kirulapane,28.2,88,0.0,Cloudy
2022-09-28,Wattala,30.9,83,20.9,Rainy
2022-09-28,Colombo,26.7,77,3.3,Drizzle
2022-09-28,Pelawatte,28.7,80,0.0,Sunny
2022-09-28,Malabe,28.5,83,0.0,Sunny
2022-09-29,Nugegoda,32.5,94,0.0,Cloudy
2022-09-29,Maharagama,28.4,83,0.5,Drizzle
2022-09-29,Kandy,29.2,74,1.4,Drizzle
2022-09-29,Kirulapane,28.9,73,0.0,Sunny
2022-09-29,Wattala,28.7,82,0.6,Drizzle
2022-09-29,Colombo,27.5,82,0.0,Sunny
2022-09-29,Pelawatte,31.2,81,0.0,Sunny
2022-09-29,Malabe,30.4,83,0.0,Sunny
2022-09-30,Nugegoda,30.9,88,5.5,Drizzle
2022-09-30,Maharagama,30.8,77,0.0,Sunny
2022-09-30,Kandy,29.6,80,0.0,Sunny
2022-09-30,Kirulapane,27.1,74,0.0,Sunny
2022-09-30,Wattala,32.0,78,0.0,Sunny
2022-09-30,Colombo,29.6,84,0.0,Sunny
2022-09-30,Pelawatte,28.1,76,0.0,Sunny
2022-09-30,Malabe,29.6,81,0.0,Sunny
2022-10-01,Nugegoda,28.6,87,0.0,Cloudy
2022-10-01,Maharagama,31.9,86,0.0,Cloudy
2022-10-01,Kandy,25.2,80,0.0,Sunny
2022-10-01,Kirulapane,32.6,79,0.0,Sunny
2022-10-01,Wattala,31.6,78,13.3,Rainy
2022-10-01,Colombo,31.2,84,18.3,Rainy
2022-10-01,Pelawatte,29.1,91,49.3,Storm
2022-10-01,Malabe,27.9,83,0.0,Sunny
2022-10-02,Nugegoda,30.7,83,0.0,Sunny
2022-10-02,Maharagama,29.7,84,0.0,Sunny
2022-10-02,Kandy,25.1,87,0.0,Cloudy
2022-10-02,Kirulapane,29.0,77,1.4,Drizzle
2022-10-02,Wattala,32.2,76,0.0,Sunny
2022-10-02,Colombo,30.7,74,9.9,Drizzle
2022-10-02,Pelawatte,31.1,85,0.0,Sunny
2022-10-02,Malabe,31.5,81,0.0,Sunny
2022-10-03,Nugegoda,29.8,80,0.0,Sunny
2022-10-03,Maharagama,30.6,90,0.0,Cloudy
2022-10-03,Kandy,25.7,79,0.0,Sunny
2022-10-03,Kirulapane,32.7,85,0.0,Sunny
2022-10-03,Wattala,29.2,82,0.0,Sunny
2022-10-03,Colombo,28.6,89,13.4,Rainy
2022-10-03,Pelawatte,30.4,83,0.0,Sunny
2022-10-03,Malabe,32.6,81,0.0,Sunny
2022-10-04,Nugegoda,29.0,85,2.6,Drizzle
2022-10-04,Maharagama,32.3,84,0.0,Sunny
2022-10-04,Kandy,27.5,79,0.0,Sunny
2022-10-04,Kirulapane,29.6,80,4.5,Drizzle
2022-10-04,Wattala,27.4,87,0.0,Cloudy
2022-10-04,Colombo,29.6,79,0.0,Sunny
2022-10-04,Pelawatte,30.2,77,1.5,Drizzle
2022-10-04,Malabe,29.2,79,0.0,Sunny
2022-10-05,Nugegoda,29.4,92,21.3,Rainy
2022-10-05,Maharagama,31.6,78,0.0,Sunny
2022-10-05,Kandy,24.5,78,1.0,Drizzle
2022-10-05,Kirulapane,30.1,85,0.0,Sunny
2022-10-05,Wattala,30.3,92,1.1,Drizzle
2022-10-05,Colombo,28.5,84,6.4,Drizzle
2022-10-05,Pelawatte,31.9,84,0.0,Sunny
2022-10-05,Malabe,28.7,84,0.0,Sunny
2022-10-06,Nugegoda,29.9,77,23.3,Rainy
2022-10-06,Maharagama,29.1,82,43.9,Storm
2022-10-06,Kandy,26.7,82,0.0,Sunny
2022-10-06,Kirulapane,26.8,77,0.0,Sunny
2022-10-06,Wattala,30.7,86,0.7,Drizzle
2022-10-06,Colombo,31.1,88,0.0,Cloudy
2022-10-06,Pelawatte,30.2,81,6.5,Drizzle
2022-10-06,Malabe,30.1,92,0.0,Cloudy
2022-10-07,Nugegoda,27.2,81,0.0,Sunny
2022-10-07,Maharagama,29.8,87,0.0,Cloudy
2022-10-07,Kandy,25.7,84,0.0,Sunny
2022-10-07,Kirulapane,31.5,85,3.3,Drizzle
2022-10-07,Wattala,28.7,76,0.0,Sunny
2022-10-07,Colombo,31.6,85,0.0,Sunny
2022-10-07,Pelawatte,28.5,72,5.9,Drizzle
2022-10-07,Malabe,29.2,75,0.0,Sunny
2022-10-08,Nugegoda,29.0,93,19.9,Rainy
2022-10-08,Maharagama,30.0,89,23.1,Rainy
2022-10-08,Kandy,28.2,85,37.6,Storm
2022-10-08,Kirulapane,28.6,77,26.4,Rainy
2022-10-08,Wattala,30.3,79,0.0,Sunny
2022-10-08,Colombo,28.2,82,0.0,Sunny
2022-10-08,Pelawatte,28.8,80,0.0,Sunny
2022-10-08,Malabe,28.3,75,0.0,Sunny
2022-10-09,Nugegoda,32.0,86,12.1,Rainy
2022-10-09,Maharagama,32.6,86,12.6,Rainy
2022-10-09,Kandy,27.1,84,0.0,Sunny
2022-10-09,Kirulapane,30.2,89,0.0,Cloudy
2022-10-09,Wattala,31.3,86,2.2,Drizzle
2022-10-09,Colombo,28.5,81,0.0,Sunny
2022-10-09,Pelawatte,27.8,75,21.1,Rainy
2022-10-09,Malabe,30.4,82,10.7,Rainy
2022-10-10,Nugegoda,31.8,74,0.0,Sunny
2022-10-10,Maharagama,29.9,82,21.3,Rainy
2022-10-10,Kandy,25.8,82,0.0,Sunny
2022-10-10,Kirulapane,28.4,85,0.0,Sunny
2022-10-10,Wattala,27.5,88,5.6,Drizzle
2022-10-10,Colombo,31.2,86,0.0,Cloudy
2022-10-10,Pelawatte,32.0,73,0.0,Sunny
2022-10-10,Malabe,29.4,89,2.0,Drizzle
2022-10-11,Nugegoda,28.9,84,0.0,Sunny
2022-10-11,Maharagama,28.0,80,0.0,Sunny
2022-10-11,Kandy,27.3,76,13.1,Rainy
2022-10-11,Kirulapane,29.2,78,0.0,Sunny
2022-10-11,Wattala,29.9,65,0.0,Sunny
2022-10-11,Colombo,30.7,88,0.0,Cloudy
2022-10-11,Pelawatte,31.8,79,0.0,Sunny
2022-10-11,Malabe,29.6,77,3.3,Drizzle
2022-10-12,Nugegoda,31.8,82,6.9,Drizzle
2022-10-12,Maharagama,31.3,81,0.0,Sunny
2022-10-12,Kandy,24.6,84,11.2,Rainy
2022-10-12,Kirulapane,27.2,88,0.0,Cloudy
2022-10-12,Wattala,30.5,84,0.0,Sunny
2022-10-12,Colombo,28.0,81,4.4,Drizzle
2022-10-12,Pelawatte,29.6,89,25.7,Rainy
2022-10-12,Malabe,30.0,76,0.0,Sunny
2022-10-13,Nugegoda,31.5,82,0.0,Sunny
2022-10-13,Maharagama,30.6,78,0.0,Sunny
2022-10-13,Kandy,26.1,89,11.9,Rainy
2022-10-13,Kirulapane,30.4,89,0.0,Cloudy
2022-10-13,Wattala,29.7,77,0.0,Sunny
2022-10-13,Colombo,31.4,81,0.0,Sunny
2022-10-13,Pelawatte,29.3,87,15.2,Rainy
2022-10-13,Malabe,27.9,79,0.0,Sunny
2022-10-14,Nugegoda,29.7,79,7.4,Drizzle
2022-10-14,Maharagama,29.9,83,0.0,Sunny
2022-10-14,Kandy,26.0,79,8.8,Drizzle
2022-10-14,Kirulapane,29.5,82,0.0,Sunny
2022-10-14,Wattala,27.0,79,0.0,Sunny
2022-10-14,Colombo,28.1,82,27.0,Rainy
2022-10-14,Pelawatte,31.5,77,0.0,Sunny
2022-10-14,Malabe,30.0,84,11.5,Rainy
2022-10-15,Nugegoda,31.9,76,0.0,Sunny
2022-10-15,Maharagama,31.7,81,0.6,Drizzle
2022-10-15,Kandy,22.1,92,5.4,Drizzle
2022-10-15,Kirulapane,32.6,86,32.7,Storm
2022-10-15,Wattala,30.9,88,1.5,Drizzle
2022-10-15,Colombo,28.5,80,0.0,Sunny
2022-10-15,Pelawatte,31.2,86,0.0,Cloudy
2022-10-15,Malabe,28.2,82,0.0,Sunny
2022-10-16,Nugegoda,30.6,78,2.1,Drizzle
2022-10-16,Maharagama,31.6,87,0.0,Cloudy
2022-10-16,Kandy,26.4,78,4.6,Drizzle
2022-10-16,Kirulapane,29.0,83,21.2,Rainy
2022-10-16,Wattala,29.0,84,0.0,Sunny
2022-10-16,Colombo,31.8,86,2.5,Drizzle
2022-10-16,Pelawatte,29.3,78,0.0,Sunny
2022-10-16,Malabe,31.0,86,31.2,Storm
2022-10-17,Nugegoda,28.4,86,0.0,Cloudy
2022-10-17,Maharagama,28.6,82,12.3,Rainy
2022-10-17,Kandy,28.6,74,21.5,Rainy
2022-10-17,Kirulapane,31.2,82,2.8,Drizzle
2022-10-17,Wattala,27.7,90,0.0,Cloudy
2022-10-17,Colombo,29.8,94,29.3,Rainy
2022-10-17,Pelawatte,28.1,79,0.0,Sunny
2022-10-17,Malabe,28.5,92,8.0,Drizzle
2022-10-18,Nugegoda,29.7,80,44.5,Storm
2022-10-18,Maharagama,30.6,83,4.3,Drizzle
2022-10-18,Kandy,28.3,86,0.0,Cloudy
2022-10-18,Kirulapane,33.2,86,7.9,Drizzle
2022-10-18,Wattala,30.6,83,22.8,Rainy
2022-10-18,Colombo,29.9,89,5.8,Drizzle
2022-10-18,Pelawatte,29.9,88,3.4,Drizzle
2022-10-18,Malabe,28.3,82,14.1,Rainy
2022-10-19,Nugegoda,28.2,77,37.6,Storm
2022-10-19,Maharagama,31.0,85,11.7,Rainy
2022-10-19,Kandy,27.7,85,0.0,Sunny
2022-10-19,Kirulapane,29.8,85,9.0,Drizzle
2022-10-19,Wattala,30.2,76,11.3,Rainy
2022-10-19,Colombo,29.9,83,56.9,Storm
2022-10-19,Pelawatte,31.7,81,0.0,Sunny
2022-10-19,Malabe,30.8,82,0.0,Sunny
2022-10-20,Nugegoda,31.5,85,0.0,Sunny
2022-10-20,Maharagama,31.2,89,1.2,Drizzle
2022-10-20,Kandy,26.0,84,0.0,Sunny
2022-10-20,Kirulapane,31.1,71,14.7,Rainy
2022-10-20,Wattala,30.3,91,0.0,Cloudy
2022-10-20,Colombo,31.5,80,0.0,Sunny
2022-10-20,Pelawatte,31.3,77,0.0,Sunny
2022-10-20,Malabe,29.3,86,0.0,Cloudy
2022-10-21,Nugegoda,29.8,79,0.0,Sunny
2022-10-21,Maharagama,31.9,81,0.0,Sunny
2022-10-21,Kandy,27.3,79,0.0,Sunny
2022-10-21,Kirulapane,29.8,81,0.0,Sunny
2022-10-21,Wattala,31.0,82,8.3,Drizzle
2022-10-21,Colombo,29.8,86,0.0,Cloudy
2022-10-21,Pelawatte,29.7,85,8.4,Drizzle
2022-10-21,Malabe,31.8,75,0.0,Sunny
2022-10-22,Nugegoda,30.8,78,0.0,Sunny
2022-10-22,Maharagama,27.3,84,1.7,Drizzle
2022-10-22,Kandy,25.9,85,0.0,Sunny
2022-10-22,Kirulapane,30.9,74,12.9,Rainy
2022-10-22,Wattala,27.2,78,25.9,Rainy
2022-10-22,Colombo,30.8,88,5.0,Drizzle
2022-10-22,Pelawatte,31.2,84,10.8,Rainy
2022-10-22,Malabe,31.0,85,0.0,Sunny
2022-10-23,Nugegoda,31.7,77,2.8,Drizzle
2022-10-23,Maharagama,31.0,84,0.0,Sunny
2022-10-23,Kandy,24.9,81,1.3,Drizzle
2022-10-23,Kirulapane,30.8,83,0.0,Sunny
2022-10-23,Wattala,30.0,83,10.8,Rainy
2022-10-23,Colombo,31.1,86,41.2,Storm
2022-10-23,Pelawatte,30.3,77,0.0,Sunny
2022-10-23,Malabe,30.0,84,21.3,Rainy
2022-10-24,Nugegoda,27.3,73,3.5,Drizzle
2022-10-24,Maharagama,30.7,87,0.0,Cloudy
2022-10-24,Kandy,26.7,81,0.0,Sunny
2022-10-24,Kirulapane,29.7,80,0.0,Sunny
2022-10-24,Wattala,29.5,80,36.9,Storm
2022-10-24,Colombo,29.3,73,27.5,Rainy
2022-10-24,Pelawatte,31.5,89,14.7,Rainy
2022-10-24,Malabe,31.2,83,9.2,Drizzle
2022-10-25,Nugegoda,30.9,80,9.4,Drizzle
2022-10-25,Maharagama,30.9,81,0.0,Sunny
2022-10-25,Kandy,27.2,86,0.0,Cloudy
2022-10-25,Kirulapane,30.5,84,11.9,Rainy
2022-10-25,Wattala,29.8,76,5.8,Drizzle
2022-10-25,Colombo,29.2,84,44.8,Storm
2022-10-25,Pelawatte,29.0,73,0.0,Sunny
2022-10-25,Malabe,29.0,82,1.9,Drizzle
2022-10-26,Nugegoda,28.9,84,3.2,Drizzle
2022-10-26,Maharagama,29.4,81,5.1,Drizzle
2022-10-26,Kandy,26.2,83,0.0,Sunny
2022-10-26,Kirulapane,32.6,75,4.8,Drizzle
2022-10-26,Wattala,30.8,85,5.2,Drizzle
2022-10-26,Colombo,30.1,82,0.0,Sunny
2022-10-26,Pelawatte,29.5,72,0.0,Sunny
2022-10-26,Malabe,27.2,83,13.2,Rainy
2022-10-27,Nugegoda,31.5,91,0.0,Cloudy
2022-10-27,Maharagama,26.7,80,8.1,Drizzle
2022-10-27,Kandy,26.9,86,0.0,Cloudy
2022-10-27,Kirulapane,31.9,80,18.2,Rainy
2022-10-27,Wattala,27.5,82,7.5,Drizzle
2022-10-27,Colombo,32.1,87,0.0,Cloudy
2022-10-27,Pelawatte,31.7,79,8.2,Drizzle
2022-10-27,Malabe,30.0,82,0.8,Drizzle
2022-10-28,Nugegoda,29.6,82,3.5,Drizzle
2022-10-28,Maharagama,31.9,78,8.2,Drizzle
2022-10-28,Kandy,27.1,80,0.0,Sunny
2022-10-28,Kirulapane,30.0,86,0.0,Cloudy
2022-10-28,Wattala,31.1,78,15.3,Rainy
2022-10-28,Colombo,32.9,79,1.2,Drizzle
2022-10-28,Pelawatte,30.9,81,0.0,Sunny
2022-10-28,Malabe,30.9,90,0.0,Cloudy
2022-10-29,Nugegoda,30.5,85,0.0,Sunny
2022-10-29,Maharagama,29.8,86,20.2,Rainy
2022-10-29,Kandy,28.6,80,12.1,Rainy
2022-10-29,Kirulapane,30.6,77,0.0,Sunny
2022-10-29,Wattala,28.2,80,0.3,Drizzle
2022-10-29,Colombo,30.3,74,0.0,Sunny
2022-10-29,Pelawatte,27.5,82,0.0,Sunny
2022-10-29,Malabe,28.6,88,0.0,Cloudy
2022-10-30,Nugegoda,32.0,86,0.0,Cloudy
2022-10-30,Maharagama,29.8,82,0.0,Sunny
2022-10-30,Kandy,28.9,88,0.0,Cloudy
2022-10-30,Kirulapane,29.7,76,1.2,Drizzle
2022-10-30,Wattala,29.8,81,27.4,Rainy
2022-10-30,Colombo,31.8,82,0.7,Drizzle
2022-10-30,Pelawatte,28.9,77,0.0,Sunny
2022-10-30,Malabe,29.3,88,2.7,Drizzle
2022-10-31,Nugegoda,29.5,89,15.5,Rainy
2022-10-31,Maharagama,28.8,84,0.0,Sunny
2022-10-31,Kandy,28.2,86,5.7,Drizzle
2022-10-31,Kirulapane,29.4,74,0.0,Sunny
2022-10-31,Wattala,31.0,82,0.0,Sunny
2022-10-31,Colombo,28.4,85,11.6,Rainy
2022-10-31,Pelawatte,30.1,85,31.4,Storm
2022-10-31,Malabe,28.1,76,0.0,Sunny
2022-11-01,Nugegoda,30.8,82,0.0,Sunny
2022-11-01,Maharagama,28.5,71,0.0,Sunny
2022-11-01,Kandy,25.3,74,0.0,Sunny
2022-11-01,Kirulapane,27.5,65,0.0,Sunny
2022-11-01,Wattala,30.3,73,9.0,Drizzle
2022-11-01,Colombo,30.3,77,0.0,Sunny
2022-11-01,Pelawatte,29.8,78,0.4,Drizzle
2022-11-01,Malabe,29.5,67,1.0,Drizzle
2022-11-02,Nugegoda,29.7,67,3.3,Drizzle
2022-11-02,Maharagama,26.3,68,0.0,Sunny
2022-11-02,Kandy,29.4,74,0.0,Sunny
2022-11-02,Kirulapane,28.8,75,18.1,Rainy
2022-11-02,Wattala,31.0,77,0.0,Sunny
2022-11-02,Colombo,29.4,75,0.0,Sunny
2022-11-02,Pelawatte,27.6,76,0.0,Sunny
2022-11-02,Malabe,28.7,75,8.5,Drizzle
2022-11-03,Nugegoda,27.5,79,0.0,Sunny
2022-11-03,Maharagama,28.6,67,0.0,Sunny
2022-11-03,Kandy,27.1,74,0.0,Sunny
2022-11-03,Kirulapane,31.1,62,0.0,Sunny
2022-11-03,Wattala,29.2,63,2.6,Drizzle
2022-11-03,Colombo,30.3,67,0.0,Sunny
2022-11-03,Pelawatte,30.5,79,21.2,Rainy
2022-11-03,Malabe,30.5,73,2.8,Drizzle
2022-11-04,Nugegoda,31.0,67,0.0,Sunny
2022-11-04,Maharagama,27.8,78,7.7,Drizzle
2022-11-04,Kandy,27.9,83,0.0,Sunny
2022-11-04,Kirulapane,29.1,69,17.7,Rainy
2022-11-04,Wattala,32.7,74,0.9,Drizzle
2022-11-04,Colombo,28.6,68,0.0,Sunny
2022-11-04,Pelawatte,29.5,71,8.2,Drizzle
2022-11-04,Malabe,33.2,65,0.0,Sunny
2022-11-05,Nugegoda,30.9,77,0.2,Drizzle
2022-11-05,Maharagama,29.0,73,0.0,Sunny
2022-11-05,Kandy,27.7,75,2.2,Drizzle
2022-11-05,Kirulapane,28.0,73,3.7,Drizzle
2022-11-05,Wattala,29.0,74,0.0,Sunny
2022-11-05,Colombo,31.9,74,0.0,Sunny
2022-11-05,Pelawatte,30.5,80,0.0,Sunny
2022-11-05,Malabe,31.8,78,33.8,Storm
2022-11-06,Nugegoda,27.4,75,9.2,Drizzle
2022-11-06,Maharagama,30.7,64,0.0,Sunny
2022-11-06,Kandy,29.3,71,0.0,Sunny
2022-11-06,Kirulapane,29.9,75,0.0,Sunny
2022-11-06,Wattala,28.1,77,5.7,Drizzle
2022-11-06,Colombo,32.0,66,1.4,Drizzle
2022-11-06,Pelawatte,28.7,71,5.6,Drizzle
2022-11-06,Malabe,28.0,73,0.0,Sunny
2022-11-07,Nugegoda,28.3,71,0.0,Sunny
2022-11-07,Maharagama,32.5,76,5.3,Drizzle
2022-11-07,Kandy,25.3,74,0.0,Sunny
2022-11-07,Kirulapane,30.3,76,0.1,Drizzle
2022-11-07,Wattala,33.3,77,41.9,Storm
2022-11-07,Colombo,31.9,76,0.0,Sunny
2022-11-07,Pelawatte,29.4,64,0.0,Sunny
2022-11-07,Malabe,31.4,72,0.3,Drizzle
2022-11-08,Nugegoda,29.6,72,0.0,Sunny
2022-11-08,Maharagama,31.1,80,0.0,Sunny
2022-11-08,Kandy,27.4,73,0.4,Drizzle
2022-11-08,Kirulapane,29.2,67,4.8,Drizzle
2022-11-08,Wattala,30.2,77,0.0,Sunny
2022-11-08,Colombo,27.6,65,26.9,Rainy
2022-11-08,Pelawatte,32.5,80,0.0,Sunny
2022-11-08,Malabe,31.0,80,2.2,Drizzle
2022-11-09,Nugegoda,30.6,77,10.8,Rainy
2022-11-09,Maharagama,30.0,68,0.0,Sunny
2022-11-09,Kandy,28.4,71,11.5,Rainy
2022-11-09,Kirulapane,31.3,69,6.4,Drizzle
2022-11-09,Wattala,28.7,71,18.1,Rainy
2022-11-09,Colombo,31.8,75,0.0,Sunny
2022-11-09,Pelawatte,29.0,68,0.0,Sunny
2022-11-09,Malabe,30.0,74,0.0,Sunny
2022-11-10,Nugegoda,29.5,73,0.0,Sunny
2022-11-10,Maharagama,28.8,74,0.0,Sunny
2022-11-10,Kandy,28.3,74,0.0,Sunny
2022-11-10,Kirulapane,30.0,76,0.0,Sunny
2022-11-10,Wattala,29.2,87,0.0,Cloudy
2022-11-10,Colombo,31.7,76,12.3,Rainy
2022-11-10,Pelawatte,30.8,68,1.8,Drizzle
2022-11-10,Malabe,32.6,78,0.0,Sunny
2022-11-11,Nugegoda,29.7,70,13.8,Rainy
2022-11-11,Maharagama,30.7,77,0.0,Sunny
2022-11-11,Kandy,26.1,72,0.0,Sunny
2022-11-11,Kirulapane,30.7,77,0.0,Sunny
2022-11-11,Wattala,28.3,66,0.0,Sunny
2022-11-11,Colombo,29.9,73,10.9,Rainy
2022-11-11,Pelawatte,31.8,69,0.0,Sunny
2022-11-11,Malabe,32.3,74,0.0,Sunny
2022-11-12,Nugegoda,31.5,69,0.0,Sunny
2022-11-12,Maharagama,31.6,74,0.0,Sunny
2022-11-12,Kandy,27.6,59,0.0,Sunny
2022-11-12,Kirulapane,31.4,73,0.0,Sunny
2022-11-12,Wattala,30.4,69,44.0,Storm
2022-11-12,Colombo,32.0,76,11.7,Rainy
2022-11-12,Pelawatte,28.1,66,10.3,Rainy
2022-11-12,Malabe,34.2,73,0.0,Sunny
2022-11-13,Nugegoda,28.9,78,1.3,Drizzle
2022-11-13,Maharagama,30.1,64,3.4,Drizzle
2022-11-13,Kandy,26.1,74,5.7,Drizzle
2022-11-13,Kirulapane,30.9,62,0.0,Sunny
2022-11-13,Wattala,30.8,72,0.0,Sunny
2022-11-13,Colombo,30.8,75,6.2,Drizzle
2022-11-13,Pelawatte,25.4,71,0.0,Sunny
2022-11-13,Malabe,26.9,69,8.9,Drizzle
2022-11-14,Nugegoda,29.1,64,0.0,Sunny
2022-11-14,Maharagama,29.5,81,0.0,Sunny
2022-11-14,Kandy,28.0,75,5.8,Drizzle
2022-11-14,Kirulapane,28.2,75,0.0,Sunny
2022-11-14,Wattala,29.4,66,0.0,Sunny
2022-11-14,Colombo,27.9,74,0.0,Sunny
2022-11-14,Pelawatte,32.3,66,0.0,Sunny
2022-11-14,Malabe,31.8,63,2.2,Drizzle
2022-11-15,Nugegoda,29.5,72,3.3,Drizzle
2022-11-15,Maharagama,31.1,78,0.0,Sunny
2022-11-15,Kandy,26.3,77,0.0,Sunny
2022-11-15,Kirulapane,27.6,65,0.0,Sunny
2022-11-15,Wattala,29.4,69,0.0,Sunny
2022-11-15,Colombo,29.4,78,1.1,Drizzle
2022-11-15,Pelawatte,28.8,69,0.0,Sunny
2022-11-15,Malabe,30.1,67,2.2,Drizzle
2022-11-16,Nugegoda,29.1,78,0.0,Sunny
2022-11-16,Maharagama,30.6,72,0.0,Sunny
2022-11-16,Kandy,29.7,69,0.0,Sunny
2022-11-16,Kirulapane,33.0,69,0.0,Sunny
2022-11-16,Wattala,30.3,74,0.0,Sunny
2022-11-16,Colombo,30.6,82,0.0,Sunny
2022-11-16,Pelawatte,31.7,79,14.9,Rainy
2022-11-16,Malabe,31.1,75,0.0,Sunny
2022-11-17,Nugegoda,27.3,68,0.0,Sunny
2022-11-17,Maharagama,31.0,81,0.0,Sunny
2022-11-17,Kandy,27.1,77,12.5,Rainy
2022-11-17,Kirulapane,29.1,68,0.0,Sunny
2022-11-17,Wattala,30.0,70,0.0,Sunny
2022-11-17,Colombo,28.7,78,0.0,Sunny
2022-11-17,Pelawatte,30.2,77,0.0,Sunny
2022-11-17,Malabe,30.7,67,0.0,Sunny
2022-11-18,Nugegoda,30.5,76,7.3,Drizzle
2022-11-18,Maharagama,31.1,73,0.0,Sunny
2022-11-18,Kandy,26.3,74,10.9,Rainy
2022-11-18,Kirulapane,28.2,67,0.0,Sunny
2022-11-18,Wattala,29.5,72,3.2,Drizzle
2022-11-18,Colombo,29.6,78,0.0,Sunny
2022-11-18,Pelawatte,30.3,70,5.3,Drizzle
2022-11-18,Malabe,32.3,72,0.0,Sunny
2022-11-19,Nugegoda,28.8,74,3.4,Drizzle
2022-11-19,Maharagama,31.1,69,0.0,Sunny
2022-11-19,Kandy,27.2,82,0.0,Sunny
2022-11-19,Kirulapane,31.1,76,18.7,Rainy
2022-11-19,Wattala,32.3,76,11.2,Rainy
2022-11-19,Colombo,29.6,72,0.0,Sunny
2022-11-19,Pelawatte,29.6,64,0.0,Sunny
2022-11-19,Malabe,32.5,71,9.5,Drizzle
2022-11-20,Nugegoda,32.8,76,50.8,Storm
2022-11-20,Maharagama,31.2,72,0.0,Sunny
2022-11-20,Kandy,28.3,82,0.0,Sunny
2022-11-20,Kirulapane,32.0,70,1.5,Drizzle
2022-11-20,Wattala,27.7,77,12.8,Rainy
2022-11-20,Colombo,30.9,77,0.0,Sunny
2022-11-20,Pelawatte,31.3,70,0.0,Sunny
2022-11-20,Malabe,28.7,71,0.0,Sunny
2022-11-21,Nugegoda,31.6,80,0.0,Sunny
2022-11-21,Maharagama,26.1,75,0.0,Sunny
2022-11-21,Kandy,26.5,72,0.0,Sunny
2022-11-21,Kirulapane,28.9,70,17.8,Rainy
2022-11-21,Wattala,27.7,88,0.0,Cloudy
2022-11-21,Colombo,30.4,79,0.0,Sunny
2022-11-21,Pelawatte,29.8,64,0.0,Sunny
2022-11-21,Malabe,30.3,65,0.0,Sunny
2022-11-22,Nugegoda,31.7,73,16.3,Rainy
2022-11-22,Maharagama,30.7,73,0.6,Drizzle
2022-11-22,Kandy,29.5,80,5.2,Drizzle
2022-11-22,Kirulapane,29.9,73,0.0,Sunny
2022-11-22,Wattala,30.6,78,0.0,Sunny
2022-11-22,Colombo,28.0,76,4.5,Drizzle
2022-11-22,Pelawatte,30.5,83,0.0,Sunny
2022-11-22,Malabe,31.0,66,0.0,Sunny
2022-11-23,Nugegoda,30.0,69,0.0,Sunny
2022-11-23,Maharagama,31.7,72,3.8,Drizzle
2022-11-23,Kandy,26.8,71,0.0,Sunny
2022-11-23,Kirulapane,30.9,68,9.3,Drizzle
2022-11-23,Wattala,30.9,66,0.0,Sunny
2022-11-23,Colombo,26.9,71,7.7,Drizzle
2022-11-23,Pelawatte,29.9,75,0.0,Sunny
2022-11-23,Malabe,28.8,73,6.4,Drizzle
2022-11-24,Nugegoda,28.8,72,0.0,Sunny
2022-11-24,Maharagama,30.3,66,2.6,Drizzle
2022-11-24,Kandy,22.7,72,0.0,Sunny
2022-11-24,Kirulapane,28.9,75,0.0,Sunny
2022-11-24,Wattala,31.1,79,5.5,Drizzle
2022-11-24,Colombo,29.6,57,0.0,Sunny
2022-11-24,Pelawatte,30.0,61,0.0,Sunny
2022-11-24,Malabe,31.7,79,3.8,Drizzle
2022-11-25,Nugegoda,27.3,67,0.0,Sunny
2022-11-25,Maharagama,31.5,73,9.5,Drizzle
2022-11-25,Kandy,27.5,76,28.3,Rainy
2022-11-25,Kirulapane,30.5,74,0.0,Sunny
2022-11-25,Wattala,30.2,70,0.0,Sunny
2022-11-25,Colombo,27.9,72,0.0,Sunny
2022-11-25,Pelawatte,28.0,79,0.0,Sunny
2022-11-25,Malabe,28.5,67,0.0,Sunny
2022-11-26,Nugegoda,28.7,72,11.5,Rainy
2022-11-26,Maharagama,31.3,72,20.9,Rainy
2022-11-26,Kandy,27.3,83,0.0,Sunny
2022-11-26,Kirulapane,27.0,75,0.0,Sunny
2022-11-26,Wattala,30.3,70,0.0,Sunny
2022-11-26,Colombo,30.1,72,6.9,Drizzle
2022-11-26,Pelawatte,28.9,73,17.9,Rainy
2022-11-26,Malabe,28.6,75,0.0,Sunny
2022-11-27,Nugegoda,28.9,73,7.5,Drizzle
2022-11-27,Maharagama,30.9,77,0.0,Sunny
2022-11-27,Kandy,26.4,78,0.0,Sunny
2022-11-27,Kirulapane,30.0,70,0.0,Sunny
2022-11-27,Wattala,31.2,70,0.0,Sunny
2022-11-27,Colombo,30.1,72,5.4,Drizzle
2022-11-27,Pelawatte,29.5,76,0.0,Sunny
2022-11-27,Malabe,31.6,70,0.0,Sunny
2022-11-28,Nugegoda,31.7,71,5.5,Drizzle
2022-11-28,Maharagama,30.9,73,0.0,Sunny
2022-11-28,Kandy,30.0,72,0.0,Sunny
2022-11-28,Kirulapane,30.7,73,0.0,Sunny
2022-11-28,Wattala,29.2,77,6.3,Drizzle
2022-11-28,Colombo,30.1,67,3.9,Drizzle
2022-11-28,Pelawatte,30.0,74,0.0,Sunny
2022-11-28,Malabe,30.6,77,0.4,Drizzle
2022-11-29,Nugegoda,27.9,71,0.5,Drizzle
2022-11-29,Maharagama,27.4,75,12.7,Rainy
2022-11-29,Kandy,27.3,74,0.0,Sunny
2022-11-29,Kirulapane,28.8,80,6.3,Drizzle
2022-11-29,Wattala,31.8,81,9.8,Drizzle
2022-11-29,Colombo,29.7,70,4.6,Drizzle
2022-11-29,Pelawatte,28.9,71,0.0,Sunny
2022-11-29,Malabe,29.8,62,0.5,Drizzle
2022-11-30,Nugegoda,28.8,76,0.0,Sunny
2022-11-30,Maharagama,30.6,74,0.0,Sunny
2022-11-30,Kandy,28.7,75,0.0,Sunny
2022-11-30,Kirulapane,28.7,78,0.0,Sunny
2022-11-30,Wattala,29.6,76,0.0,Sunny
2022-11-30,Colombo,27.3,70,9.8,Drizzle
2022-11-30,Pelawatte,30.5,76,6.1,Drizzle
2022-11-30,Malabe,30.5,71,0.0,Sunny
2022-12-01,Nugegoda,26.8,70,16.4,Rainy
2022-12-01,Maharagama,28.1,77,0.0,Sunny
2022-12-01,Kandy,27.9,76,0.5,Drizzle
2022-12-01,Kirulapane,29.3,74,0.0,Sunny
2022-12-01,Wattala,29.9,69,0.0,Sunny
2022-12-01,Colombo,29.7,77,0.0,Sunny
2022-12-01,Pelawatte,29.8,76,3.6,Drizzle
2022-12-01,Malabe,29.0,74,0.0,Sunny
2022-12-02,Nugegoda,30.6,61,0.0,Sunny
2022-12-02,Maharagama,28.4,67,5.0,Drizzle
2022-12-02,Kandy,26.4,74,7.4,Drizzle
2022-12-02,Kirulapane,27.0,75,0.0,Sunny
2022-12-02,Wattala,29.1,75,0.0,Sunny
2022-12-02,Colombo,33.8,75,0.0,Sunny
2022-12-02,Pelawatte,29.4,75,1.4,Drizzle
2022-12-02,Malabe,28.8,72,0.0,Sunny
2022-12-03,Nugegoda,30.7,78,0.0,Sunny
2022-12-03,Maharagama,28.8,80,16.3,Rainy
2022-12-03,Kandy,26.3,75,0.0,Sunny
2022-12-03,Kirulapane,28.0,73,4.7,Drizzle
2022-12-03,Wattala,28.4,78,0.0,Sunny
2022-12-03,Colombo,26.7,67,18.1,Rainy
2022-12-03,Pelawatte,30.6,72,2.2,Drizzle
2022-12-03,Malabe,28.7,77,0.0,Sunny
2022-12-04,Nugegoda,28.5,69,0.0,Sunny
2022-12-04,Maharagama,27.7,64,0.0,Sunny
2022-12-04,Kandy,24.3,76,3.4,Drizzle
2022-12-04,Kirulapane,28.2,84,10.7,Rainy
2022-12-04,Wattala,27.0,77,4.3,Drizzle
2022-12-04,Colombo,26.8,67,18.4,Rainy
2022-12-04,Pelawatte,26.3,76,0.0,Sunny
2022-12-04,Malabe,26.8,68,0.0,Sunny
2022-12-05,Nugegoda,25.0,77,1.3,Drizzle
2022-12-05,Maharagama,28.8,72,1.0,Drizzle
2022-12-05,Kandy,24.4,81,0.6,Drizzle
2022-12-05,Kirulapane,29.0,80,0.0,Sunny
2022-12-05,Wattala,29.5,70,0.0,Sunny
2022-12-05,Colombo,28.0,73,0.0,Sunny
2022-12-05,Pelawatte,27.0,70,5.8,Drizzle
2022-12-05,Malabe,29.1,81,4.4,Drizzle
2022-12-06,Nugegoda,27.7,71,19.5,Rainy
2022-12-06,Maharagama,27.5,83,6.8,Drizzle
2022-12-06,Kandy,26.7,77,0.0,Sunny
2022-12-06,Kirulapane,25.9,70,8.2,Drizzle
2022-12-06,Wattala,31.1,66,4.4,Drizzle
2022-12-06,Colombo,28.3,68,0.0,Sunny
2022-12-06,Pelawatte,28.5,81,0.0,Sunny
2022-12-06,Malabe,30.6,71,0.0,Sunny
2022-12-07,Nugegoda,28.6,83,2.2,Drizzle
2022-12-07,Maharagama,26.3,74,0.0,Sunny
2022-12-07,Kandy,24.5,96,0.0,Cloudy
2022-12-07,Kirulapane,29.8,78,0.0,Sunny
2022-12-07,Wattala,30.1,83,4.4,Drizzle
2022-12-07,Colombo,29.4,74,0.0,Sunny
2022-12-07,Pelawatte,26.8,68,0.0,Sunny
2022-12-07,Malabe,29.2,79,4.9,Drizzle
2022-12-08,Nugegoda,31.4,73,6.7,Drizzle
2022-12-08,Maharagama,25.9,78,0.0,Sunny
2022-12-08,Kandy,25.2,70,0.0,Sunny
2022-12-08,Kirulapane,31.7,79,0.0,Sunny
2022-12-08,Wattala,27.8,74,0.0,Sunny
2022-12-08,Colombo,26.7,79,0.4,Drizzle
2022-12-08,Pelawatte,27.7,78,0.5,Drizzle
2022-12-08,Malabe,28.3,72,1.6,Drizzle
2022-12-09,Nugegoda,27.4,79,0.0,Sunny
2022-12-09,Maharagama,28.5,67,0.0,Sunny
2022-12-09,Kandy,27.2,82,20.7,Rainy
2022-12-09,Kirulapane,28.4,66,0.0,Sunny
2022-12-09,Wattala,29.5,67,2.4,Drizzle
2022-12-09,Colombo,28.2,67,7.6,Drizzle
2022-12-09,Pelawatte,27.3,68,0.0,Sunny
2022-12-09,Malabe,28.7,75,12.2,Rainy
2022-12-10,Nugegoda,26.4,69,0.0,Sunny
2022-12-10,Maharagama,28.2,80,15.0,Rainy
2022-12-10,Kandy,24.0,72,0.0,Sunny
2022-12-10,Kirulapane,29.4,75,0.0,Sunny
2022-12-10,Wattala,26.1,73,0.0,Sunny
2022-12-10,Colombo,29.6,69,0.0,Sunny
2022-12-10,Pelawatte,28.7,71,0.0,Sunny
2022-12-10,Malabe,26.8,81,13.1,Rainy
2022-12-11,Nugegoda,27.1,74,12.8,Rainy
2022-12-11,Maharagama,28.1,61,1.3,Drizzle
2022-12-11,Kandy,24.9,77,12.2,Rainy
2022-12-11,Kirulapane,29.9,82,1.7,Drizzle
2022-12-11,Wattala,27.4,67,0.0,Sunny
2022-12-11,Colombo,30.5,70,0.0,Sunny
2022-12-11,Pelawatte,29.3,72,7.8,Drizzle
2022-12-11,Malabe,29.3,79,4.4,Drizzle
2022-12-12,Nugegoda,28.9,74,10.7,Rainy
2022-12-12,Maharagama,30.0,71,0.0,Sunny
2022-12-12,Kandy,24.7,78,0.0,Sunny
2022-12-12,Kirulapane,29.3,80,2.2,Drizzle
2022-12-12,Wattala,26.1,74,0.0,Sunny
2022-12-12,Colombo,30.2,72,0.0,Sunny
2022-12-12,Pelawatte,27.7,78,0.0,Sunny
2022-12-12,Malabe,27.5,74,0.0,Sunny
2022-12-13,Nugegoda,28.9,87,0.0,Cloudy
2022-12-13,Maharagama,28.6,79,0.0,Sunny
2022-12-13,Kandy,22.9,79,5.0,Drizzle
2022-12-13,Kirulapane,27.1,65,13.8,Rainy
2022-12-13,Wattala,27.5,78,0.0,Sunny
2022-12-13,Colombo,29.9,71,0.2,Drizzle
2022-12-13,Pelawatte,28.9,73,0.0,Sunny
2022-12-13,Malabe,27.4,70,0.0,Sunny
2022-12-14,Nugegoda,28.1,76,4.4,Drizzle
2022-12-14,Maharagama,29.2,77,13.5,Rainy
2022-12-14,Kandy,26.8,74,3.2,Drizzle
2022-12-14,Kirulapane,29.2,70,0.0,Sunny
2022-12-14,Wattala,27.8,78,0.0,Sunny
2022-12-14,Colombo,28.7,71,10.1,Rainy
2022-12-14,Pelawatte,26.6,71,6.2,Drizzle
2022-12-14,Malabe,27.8,78,2.3,Drizzle
2022-12-15,Nugegoda,29.6,78,0.0,Sunny
2022-12-15,Maharagama,28.6,74,0.0,Sunny
2022-12-15,Kandy,26.7,72,0.0,Sunny
2022-12-15,Kirulapane,27.5,72,11.4,Rainy
2022-12-15,Wattala,31.0,81,0.0,Sunny
2022-12-15,Colombo,30.3,77,0.0,Sunny
2022-12-15,Pelawatte,27.7,79,0.0,Sunny
2022-12-15,Malabe,28.6,71,27.9,Rainy
2022-12-16,Nugegoda,27.4,73,16.5,Rainy
2022-12-16,Maharagama,25.5,79,1.0,Drizzle
2022-12-16,Kandy,25.6,77,2.7,Drizzle
2022-12-16,Kirulapane,26.6,69,0.0,Sunny
2022-12-16,Wattala,30.4,73,4.4,Drizzle
2022-12-16,Colombo,26.9,68,36.6,Storm
2022-12-16,Pelawatte,29.1,71,22.0,Rainy
2022-12-16,Malabe,28.3,74,3.8,Drizzle
2022-12-17,Nugegoda,28.2,69,12.5,Rainy
2022-12-17,Maharagama,25.6,65,6.5,Drizzle
2022-12-17,Kandy,27.1,75,2.9,Drizzle
2022-12-17,Kirulapane,28.9,80,2.9,Drizzle
2022-12-17,Wattala,27.1,67,7.8,Drizzle
2022-12-17,Colombo,28.6,73,0.0,Sunny
2022-12-17,Pelawatte,29.5,71,0.0,Sunny
2022-12-17,Malabe,27.0,73,4.3,Drizzle
2022-12-18,Nugegoda,29.1,79,10.7,Rainy
2022-12-18,Maharagama,29.2,73,0.0,Sunny
2022-12-18,Kandy,23.0,64,0.0,Sunny
2022-12-18,Kirulapane,31.0,77,4.3,Drizzle
2022-12-18,Wattala,29.6,69,0.0,Sunny
2022-12-18,Colombo,32.0,74,0.0,Sunny
2022-12-18,Pelawatte,28.0,77,0.0,Sunny
2022-12-18,Malabe,29.1,80,0.0,Sunny
2022-12-19,Nugegoda,28.6,77,5.8,Drizzle
2022-12-19,Maharagama,27.3,61,0.0,Sunny
2022-12-19,Kandy,27.8,81,2.8,Drizzle
2022-12-19,Kirulapane,28.0,75,0.0,Sunny
2022-12-19,Wattala,27.6,69,0.0,Sunny
2022-12-19,Colombo,26.8,77,9.0,Drizzle
2022-12-19,Pelawatte,29.7,74,0.0,Sunny
2022-12-19,Malabe,28.6,75,0.0,Sunny
2022-12-20,Nugegoda,30.7,81,1.3,Drizzle
2022-12-20,Maharagama,25.2,78,0.0,Sunny
2022-12-20,Kandy,23.9,74,0.0,Sunny
2022-12-20,Kirulapane,28.0,71,0.0,Sunny
2022-12-20,Wattala,26.8,73,0.0,Sunny
2022-12-20,Colombo,28.2,72,0.0,Sunny
2022-12-20,Pelawatte,30.5,72,0.0,Sunny
2022-12-20,Malabe,26.6,76,0.0,Sunny
2022-12-21,Nugegoda,28.4,79,0.0,Sunny
2022-12-21,Maharagama,26.8,67,11.1,Rainy
2022-12-21,Kandy,24.5,77,0.0,Sunny
2022-12-21,Kirulapane,30.8,77,25.9,Rainy
2022-12-21,Wattala,28.0,73,7.4,Drizzle
2022-12-21,Colombo,27.7,65,5.4,Drizzle
2022-12-21,Pelawatte,28.5,70,0.0,Sunny
2022-12-21,Malabe,29.9,80,1.6,Drizzle
2022-12-22,Nugegoda,27.5,70,0.0,Sunny
2022-12-22,Maharagama,30.2,82,4.2,Drizzle
2022-12-22,Kandy,26.4,72,0.0,Sunny
2022-12-22,Kirulapane,25.7,73,0.0,Sunny
2022-12-22,Wattala,29.0,71,0.0,Sunny
2022-12-22,Colombo,26.0,73,0.0,Sunny
2022-12-22,Pelawatte,26.5,72,0.0,Sunny
2022-12-22,Malabe,27.7,75,0.0,Sunny
2022-12-23,Nugegoda,27.7,74,0.0,Sunny
2022-12-23,Maharagama,28.6,72,12.0,Rainy
2022-12-23,Kandy,24.3,87,0.4,Drizzle
2022-12-23,Kirulapane,25.5,80,0.0,Sunny
2022-12-23,Wattala,31.0,69,0.0,Sunny
2022-12-23,Colombo,28.6,70,0.0,Sunny
2022-12-23,Pelawatte,30.4,83,0.0,Sunny
2022-12-23,Malabe,26.7,66,0.0,Sunny
2022-12-24,Nugegoda,27.3,76,0.0,Sunny
2022-12-24,Maharagama,29.4,74,0.0,Sunny
2022-12-24,Kandy,26.5,79,0.0,Sunny
2022-12-24,Kirulapane,29.7,76,0.0,Sunny
2022-12-24,Wattala,26.8,70,0.0,Sunny
2022-12-24,Colombo,28.0,78,0.0,Sunny
2022-12-24,Pelawatte,28.6,79,6.1,Drizzle
2022-12-24,Malabe,28.5,79,0.0,Sunny
2022-12-25,Nugegoda,28.3,61,27.0,Rainy
2022-12-25,Maharagama,28.6,73,9.4,Drizzle
2022-12-25,Kandy,27.8,69,0.0,Sunny
2022-12-25,Kirulapane,28.9,72,0.0,Sunny
2022-12-25,Wattala,28.5,62,18.8,Rainy
2022-12-25,Colombo,26.6,82,0.0,Sunny
2022-12-25,Pelawatte,26.8,61,0.0,Sunny
2022-12-25,Malabe,28.9,78,9.5,Drizzle
2022-12-26,Nugegoda,28.0,73,0.0,Sunny
2022-12-26,Maharagama,29.8,76,7.3,Drizzle
2022-12-26,Kandy,25.1,69,28.4,Rainy
2022-12-26,Kirulapane,29.8,72,0.0,Sunny
2022-12-26,Wattala,26.7,67,0.0,Sunny
2022-12-26,Colombo,28.2,72,0.0,Sunny
2022-12-26,Pelawatte,28.3,72,0.0,Sunny
2022-12-26,Malabe,29.9,81,8.3,Drizzle
2022-12-27,Nugegoda,26.6,71,0.0,Sunny
2022-12-27,Maharagama,28.0,75,5.3,Drizzle
2022-12-27,Kandy,24.5,71,0.0,Sunny
2022-12-27,Kirulapane,26.3,74,0.0,Sunny
2022-12-27,Wattala,28.3,79,7.8,Drizzle
2022-12-27,Colombo,27.5,72,4.1,Drizzle
2022-12-27,Pelawatte,26.1,77,0.0,Sunny
2022-12-27,Malabe,27.9,68,0.0,Sunny
2022-12-28,Nugegoda,27.8,73,0.0,Sunny
2022-12-28,Maharagama,27.7,61,0.0,Sunny
2022-12-28,Kandy,25.8,65,5.7,Drizzle
2022-12-28,Kirulapane,29.9,71,6.3,Drizzle
2022-12-28,Wattala,29.1,73,0.0,Sunny
2022-12-28,Colombo,26.3,69,0.0,Sunny
2022-12-28,Pelawatte,28.6,74,17.1,Rainy
2022-12-28,Malabe,27.1,65,18.9,Rainy
2022-12-29,Nugegoda,28.1,81,6.1,Drizzle
2022-12-29,Maharagama,28.7,78,2.4,Drizzle
2022-12-29,Kandy,26.5,60,0.8,Drizzle
2022-12-29,Kirulapane,27.8,75,4.2,Drizzle
2022-12-29,Wattala,28.3,80,0.0,Sunny
2022-12-29,Colombo,29.0,73,0.0,Sunny
2022-12-29,Pelawatte,27.3,77,0.0,Sunny
2022-12-29,Malabe,29.5,74,0.0,Sunny
2022-12-30,Nugegoda,24.6,66,3.3,Drizzle
2022-12-30,Maharagama,24.9,82,0.0,Sunny
2022-12-30,Kandy,24.3,70,0.0,Sunny
2022-12-30,Kirulapane,30.6,76,25.1,Rainy
2022-12-30,Wattala,27.1,71,0.0,Sunny
2022-12-30,Colombo,29.9,73,0.0,Sunny
2022-12-30,Pelawatte,30.0,69,0.0,Sunny
2022-12-30,Malabe,28.9,68,19.4,Rainy
2022-12-31,Nugegoda,28.9,79,3.8,Drizzle
2022-12-31,Maharagama,28.4,69,0.0,Sunny
2022-12-31,Kandy,23.6,70,0.0,Sunny
2022-12-31,Kirulapane,29.2,79,1.2,Drizzle
2022-12-31,Wattala,27.2,75,0.0,Sunny
2022-12-31,Colombo,31.2,72,22.1,Rainy
2022-12-31,Pelawatte,29.3,70,0.0,Sunny
2022-12-31,Malabe,28.5,68,0.0,Sunny
2023-01-01,Nugegoda,29.1,72,0.0,Sunny
2023-01-01,Maharagama,29.3,80,3.0,Drizzle
2023-01-01,Kandy,26.9,77,0.0,Sunny
2023-01-01,Kirulapane,30.7,68,7.4,Drizzle
2023-01-01,Wattala,30.0,74,0.0,Sunny
2023-01-01,Colombo,29.0,65,0.0,Sunny
2023-01-01,Pelawatte,28.9,77,0.0,Sunny
2023-01-01,Malabe,28.2,80,0.0,Sunny
2023-01-02,Nugegoda,29.1,70,0.0,Sunny
2023-01-02,Maharagama,28.0,64,0.0,Sunny
2023-01-02,Kandy,25.6,79,0.0,Sunny
2023-01-02,Kirulapane,29.5,65,40.2,Storm
2023-01-02,Wattala,28.6,79,37.1,Storm
2023-01-02,Colombo,27.1,77,0.0,Sunny
2023-01-02,Pelawatte,26.7,67,0.0,Sunny
2023-01-02,Malabe,27.8,74,16.8,Rainy
2023-01-03,Nugegoda,27.7,77,0.0,Sunny
2023-01-03,Maharagama,27.4,69,7.6,Drizzle
2023-01-03,Kandy,25.2,77,0.0,Sunny
2023-01-03,Kirulapane,30.0,73,9.3,Drizzle
2023-01-03,Wattala,27.9,65,4.5,Drizzle
2023-01-03,Colombo,31.7,74,0.0,Sunny
2023-01-03,Pelawatte,28.7,70,0.0,Sunny
2023-01-03,Malabe,29.2,73,0.0,Sunny
2023-01-04,Nugegoda,30.0,66,0.0,Sunny
2023-01-04,Maharagama,30.1,74,0.3,Drizzle
2023-01-04,Kandy,25.1,78,14.3,Rainy
2023-01-04,Kirulapane,27.0,76,20.0,Rainy
2023-01-04,Wattala,27.3,69,0.0,Sunny
2023-01-04,Colombo,28.2,72,0.0,Sunny
2023-01-04,Pelawatte,28.1,75,0.0,Sunny
2023-01-04,Malabe,29.6,76,0.0,Sunny
2023-01-05,Nugegoda,29.4,79,0.0,Sunny
2023-01-05,Maharagama,29.0,70,39.4,Storm
2023-01-05,Kandy,29.1,73,9.4,Drizzle
2023-01-05,Kirulapane,29.2,82,0.0,Sunny
2023-01-05,Wattala,28.7,75,2.2,Drizzle
2023-01-05,Colombo,29.3,72,17.5,Rainy
2023-01-05,Pelawatte,27.8,73,0.0,Sunny
2023-01-05,Malabe,29.8,66,0.0,Sunny
2023-01-06,Nugegoda,30.6,78,0.0,Sunny
2023-01-06,Maharagama,28.1,70,1.3,Drizzle
2023-01-06,Kandy,25.8,70,13.5,Rainy
2023-01-06,Kirulapane,29.6,76,0.0,Sunny
2023-01-06,Wattala,27.1,78,0.0,Sunny
2023-01-06,Colombo,27.7,71,0.0,Sunny
2023-01-06,Pelawatte,29.3,80,0.0,Sunny
2023-01-06,Malabe,28.3,75,3.2,Drizzle
2023-01-07,Nugegoda,28.4,74,23.3,Rainy
2023-01-07,Maharagama,29.7,74,3.3,Drizzle
2023-01-07,Kandy,25.3,83,0.0,Sunny
2023-01-07,Kirulapane,29.3,74,0.0,Sunny
2023-01-07,Wattala,29.0,72,0.0,Sunny
2023-01-07,Colombo,27.3,72,18.4,Rainy
2023-01-07,Pelawatte,27.0,69,0.0,Sunny
2023-01-07,Malabe,27.9,75,11.7,Rainy
2023-01-08,Nugegoda,28.8,80,8.8,Drizzle
2023-01-08,Maharagama,31.4,73,0.3,Drizzle
2023-01-08,Kandy,23.7,73,0.0,Sunny
2023-01-08,Kirulapane,27.8,64,4.5,Drizzle
2023-01-08,Wattala,28.3,81,0.0,Sunny
2023-01-08,Colombo,29.5,74,0.6,Drizzle
2023-01-08,Pelawatte,26.7,82,0.0,Sunny
2023-01-08,Malabe,29.9,66,9.2,Drizzle
2023-01-09,Nugegoda,30.4,69,5.9,Drizzle
2023-01-09,Maharagama,29.3,71,13.6,Rainy
2023-01-09,Kandy,27.7,65,2.4,Drizzle
2023-01-09,Kirulapane,26.8,79,14.9,Rainy
2023-01-09,Wattala,27.3,70,5.7,Drizzle
2023-01-09,Colombo,29.5,70,0.0,Sunny
2023-01-09,Pelawatte,29.5,82,0.0,Sunny
2023-01-09,Malabe,27.6,80,0.0,Sunny
2023-01-10,Nugegoda,26.3,75,0.0,Sunny
2023-01-10,Maharagama,32.2,68,0.0,Sunny
2023-01-10,Kandy,25.6,76,15.0,Rainy
2023-01-10,Kirulapane,27.5,64,0.0,Sunny
2023-01-10,Wattala,27.3,66,0.0,Sunny
2023-01-10,Colombo,31.3,79,3.5,Drizzle
2023-01-10,Pelawatte,29.9,66,1.1,Drizzle
2023-01-10,Malabe,28.4,73,0.2,Drizzle
2023-01-11,Nugegoda,29.6,67,0.5,Drizzle
2023-01-11,Maharagama,29.8,73,12.5,Rainy
2023-01-11,Kandy,26.2,72,3.2,Drizzle
2023-01-11,Kirulapane,28.4,79,0.0,Sunny
2023-01-11,Wattala,26.9,76,1.8,Drizzle
2023-01-11,Colombo,29.8,73,0.0,Sunny
2023-01-11,Pelawatte,31.8,72,0.0,Sunny
2023-01-11,Malabe,28.3,70,0.0,Sunny
2023-01-12,Nugegoda,28.9,84,0.0,Sunny
2023-01-12,Maharagama,29.8,74,0.0,Sunny
2023-01-12,Kandy,24.6,75,0.1,Drizzle
2023-01-12,Kirulapane,28.1,68,0.0,Sunny
2023-01-12,Wattala,29.7,66,0.0,Sunny
2023-01-12,Colombo,28.6,66,12.8,Rainy
2023-01-12,Pelawatte,28.9,75,0.0,Sunny
2023-01-12,Malabe,27.6,77,10.7,Rainy
2023-01-13,Nugegoda,31.5,69,9.7,Drizzle
2023-01-13,Maharagama,26.8,75,0.0,Sunny
2023-01-13,Kandy,25.8,68,0.0,Sunny
2023-01-13,Kirulapane,27.1,81,0.0,Sunny
2023-01-13,Wattala,29.1,74,0.0,Sunny
2023-01-13,Colombo,26.9,77,0.0,Sunny
2023-01-13,Pelawatte,31.2,76,0.0,Sunny
2023-01-13,Malabe,28.7,72,1.2,Drizzle
2023-01-14,Nugegoda,26.2,79,0.0,Sunny
2023-01-14,Maharagama,29.2,72,7.1,Drizzle
2023-01-14,Kandy,25.7,77,1.1,Drizzle
2023-01-14,Kirulapane,27.4,82,2.9,Drizzle
2023-01-14,Wattala,28.9,72,0.0,Sunny
2023-01-14,Colombo,27.0,68,0.0,Sunny
2023-01-14,Pelawatte,28.0,74,0.0,Sunny
2023-01-14,Malabe,28.2,76,3.6,Drizzle
2023-01-15,Nugegoda,32.4,68,13.2,Rainy
2023-01-15,Maharagama,28.9,72,11.3,Rainy
2023-01-15,Kandy,24.8,75,0.0,Sunny
2023-01-15,Kirulapane,30.1,75,0.0,Sunny
2023-01-15,Wattala,28.5,73,9.6,Drizzle
2023-01-15,Colombo,27.3,76,0.2,Drizzle
2023-01-15,Pelawatte,30.9,65,9.8,Drizzle
2023-01-15,Malabe,29.2,80,0.0,Sunny
2023-01-16,Nugegoda,30.1,69,0.0,Sunny
2023-01-16,Maharagama,26.8,78,0.0,Sunny
2023-01-16,Kandy,23.9,73,0.9,Drizzle
2023-01-16,Kirulapane,27.3,83,0.0,Sunny
2023-01-16,Wattala,29.7,77,0.0,Sunny
2023-01-16,Colombo,29.5,69,0.0,Sunny
2023-01-16,Pelawatte,27.2,65,14.4,Rainy
2023-01-16,Malabe,28.5,62,0.0,Sunny
2023-01-17,Nugegoda,27.9,72,0.0,Sunny
2023-01-17,Maharagama,26.1,75,0.0,Sunny
2023-01-17,Kandy,23.5,69,5.7,Drizzle
2023-01-17,Kirulapane,29.4,73,0.0,Sunny
2023-01-17,Wattala,30.9,69,0.0,Sunny
2023-01-17,Colombo,28.3,90,1.7,Drizzle
2023-01-17,Pelawatte,30.3,82,0.0,Sunny
2023-01-17,Malabe,28.6,71,0.0,Sunny
2023-01-18,Nugegoda,27.6,70,2.6,Drizzle
2023-01-18,Maharagama,29.7,81,15.0,Rainy
2023-01-18,Kandy,26.3,72,0.0,Sunny
2023-01-18,Kirulapane,27.3,72,2.4,Drizzle
2023-01-18,Wattala,28.4,74,3.2,Drizzle
2023-01-18,Colombo,29.3,71,2.6,Drizzle
2023-01-18,Pelawatte,27.2,65,4.5,Drizzle
2023-01-18,Malabe,28.7,60,13.5,Rainy
2023-01-19,Nugegoda,29.3,76,0.9,Drizzle
2023-01-19,Maharagama,28.1,75,1.1,Drizzle
2023-01-19,Kandy,27.1,74,0.0,Sunny
2023-01-19,Kirulapane,30.8,81,11.2,Rainy
2023-01-19,Wattala,27.6,71,11.4,Rainy
2023-01-19,Colombo,27.2,72,0.0,Sunny
2023-01-19,Pelawatte,29.0,73,0.0,Sunny
2023-01-19,Malabe,29.2,74,0.0,Sunny
2023-01-20,Nugegoda,29.9,74,4.1,Drizzle
2023-01-20,Maharagama,27.4,70,0.0,Sunny
2023-01-20,Kandy,28.7,74,0.0,Sunny
2023-01-20,Kirulapane,26.4,74,8.0,Drizzle
2023-01-20,Wattala,31.7,80,2.9,Drizzle
2023-01-20,Colombo,30.1,76,50.0,Storm
2023-01-20,Pelawatte,28.8,80,1.7,Drizzle
2023-01-20,Malabe,29.1,74,0.0,Sunny
2023-01-21,Nugegoda,27.5,71,10.7,Rainy
2023-01-21,Maharagama,27.5,73,0.0,Sunny
2023-01-21,Kandy,22.6,77,3.4,Drizzle
2023-01-21,Kirulapane,27.9,64,0.0,Sunny
2023-01-21,Wattala,30.8,75,0.0,Sunny
2023-01-21,Colombo,28.9,64,14.7,Rainy
2023-01-21,Pelawatte,31.6,78,0.0,Sunny
2023-01-21,Malabe,29.7,80,20.5,Rainy
2023-01-22,Nugegoda,29.3,70,0.7,Drizzle
2023-01-22,Maharagama,31.0,84,3.9,Drizzle
2023-01-22,Kandy,23.2,74,10.9,Rainy
2023-01-22,Kirulapane,29.0,75,0.0,Sunny
2023-01-22,Wattala,29.2,77,0.0,Sunny
2023-01-22,Colombo,27.8,75,6.0,Drizzle
2023-01-22,Pelawatte,29.2,77,21.7,Rainy
2023-01-22,Malabe,29.6,72,0.0,Sunny
2023-01-23,Nugegoda,29.9,78,0.0,Sunny
2023-01-23,Maharagama,30.7,75,0.0,Sunny
2023-01-23,Kandy,29.2,72,0.0,Sunny
2023-01-23,Kirulapane,27.4,78,1.9,Drizzle
2023-01-23,Wattala,25.4,80,0.0,Sunny
2023-01-23,Colombo,28.4,79,3.6,Drizzle
2023-01-23,Pelawatte,26.7,69,6.3,Drizzle
2023-01-23,Malabe,27.6,78,1.7,Drizzle
2023-01-24,Nugegoda,27.4,73,0.0,Sunny
2023-01-24,Maharagama,27.4,91,0.0,Cloudy
2023-01-24,Kandy,25.0,78,17.0,Rainy
2023-01-24,Kirulapane,27.7,75,0.0,Sunny
2023-01-24,Wattala,29.0,69,0.0,Sunny
2023-01-24,Colombo,29.8,78,0.0,Sunny
2023-01-24,Pelawatte,29.1,81,2.4,Drizzle
2023-01-24,Malabe,30.6,69,0.0,Sunny
2023-01-25,Nugegoda,28.9,74,6.4,Drizzle
2023-01-25,Maharagama,25.5,74,2.4,Drizzle
2023-01-25,Kandy,23.4,72,0.7,Drizzle
2023-01-25,Kirulapane,29.3,75,0.0,Sunny
2023-01-25,Wattala,27.7,74,0.0,Sunny
2023-01-25,Colombo,29.0,70,12.1,Rainy
2023-01-25,Pelawatte,29.8,79,2.4,Drizzle
2023-01-25,Malabe,28.1,77,1.1,Drizzle
2023-01-26,Nugegoda,27.7,77,17.3,Rainy
2023-01-26,Maharagama,30.1,80,0.0,Sunny
2023-01-26,Kandy,24.9,68,7.3,Drizzle
2023-01-26,Kirulapane,26.4,73,0.0,Sunny
2023-01-26,Wattala,28.2,73,6.9,Drizzle
2023-01-26,Colombo,28.8,70,15.2,Rainy
2023-01-26,Pelawatte,26.8,72,1.5,Drizzle
2023-01-26,Malabe,28.7,79,0.0,Sunny
2023-01-27,Nugegoda,30.5,73,0.0,Sunny
2023-01-27,Maharagama,30.2,73,0.0,Sunny
2023-01-27,Kandy,26.8,76,0.0,Sunny
2023-01-27,Kirulapane,29.5,83,3.5,Drizzle
2023-01-27,Wattala,26.1,76,4.6,Drizzle
2023-01-27,Colombo,27.5,72,0.0,Sunny
2023-01-27,Pelawatte,28.0,79,0.0,Sunny
2023-01-27,Malabe,28.1,67,0.0,Sunny
2023-01-28,Nugegoda,29.0,69,7.5,Drizzle
2023-01-28,Maharagama,28.3,66,15.9,Rainy
2023-01-28,Kandy,24.8,74,0.0,Sunny
2023-01-28,Kirulapane,27.5,85,4.5,Drizzle
2023-01-28,Wattala,27.2,74,21.3,Rainy
2023-01-28,Colombo,26.8,76,0.0,Sunny
2023-01-28,Pelawatte,30.7,80,0.0,Sunny
2023-01-28,Malabe,29.1,67,0.0,Sunny
2023-01-29,Nugegoda,30.1,84,0.0,Sunny
2023-01-29,Maharagama,29.1,77,0.0,Sunny
2023-01-29,Kandy,27.5,73,3.0,Drizzle
2023-01-29,Kirulapane,30.9,69,19.8,Rainy
2023-01-29,Wattala,27.5,79,3.5,Drizzle
2023-01-29,Colombo,27.1,73,0.0,Sunny
2023-01-29,Pelawatte,28.9,79,0.0,Sunny
2023-01-29,Malabe,29.2,71,0.0,Sunny
2023-01-30,Nugegoda,29.8,74,0.0,Sunny
2023-01-30,Maharagama,29.9,78,0.9,Drizzle
2023-01-30,Kandy,25.1,73,0.1,Drizzle
2023-01-30,Kirulapane,26.4,76,0.0,Sunny
2023-01-30,Wattala,28.5,74,0.7,Drizzle
2023-01-30,Colombo,30.2,80,0.0,Sunny
2023-01-30,Pelawatte,28.1,74,5.4,Drizzle
2023-01-30,Malabe,27.5,76,3.3,Drizzle
2023-01-31,Nugegoda,29.2,70,0.5,Drizzle
2023-01-31,Maharagama,26.9,77,0.0,Sunny
2023-01-31,Kandy,29.1,71,8.8,Drizzle
2023-01-31,Kirulapane,25.5,77,0.0,Sunny
2023-01-31,Wattala,28.4,69,12.0,Rainy
2023-01-31,Colombo,28.7,72,13.7,Rainy
2023-01-31,Pelawatte,27.7,68,0.0,Sunny
2023-01-31,Malabe,28.7,75,2.8,Drizzle
2023-02-01,Nugegoda,30.2,75,0.0,Sunny
2023-02-01,Maharagama,28.2,71,14.2,Rainy
2023-02-01,Kandy,28.4,74,0.0,Sunny
2023-02-01,Kirulapane,31.9,70,5.6,Drizzle
2023-02-01,Wattala,29.6,77,0.0,Sunny
2023-02-01,Colombo,30.5,76,0.0,Sunny
2023-02-01,Pelawatte,29.0,77,0.0,Sunny
2023-02-01,Malabe,25.5,71,0.0,Sunny
2023-02-02,Nugegoda,27.0,76,0.0,Sunny
2023-02-02,Maharagama,29.2,80,0.0,Sunny
2023-02-02,Kandy,28.1,75,4.9,Drizzle
2023-02-02,Kirulapane,30.0,75,14.0,Rainy
2023-02-02,Wattala,27.2,84,1.6,Drizzle
2023-02-02,Colombo,28.2,77,0.4,Drizzle
2023-02-02,Pelawatte,31.6,63,0.0,Sunny
2023-02-02,Malabe,28.6,73,0.0,Sunny
2023-02-03,Nugegoda,30.1,70,5.6,Drizzle
2023-02-03,Maharagama,29.2,68,0.0,Sunny
2023-02-03,Kandy,27.7,76,0.0,Sunny
2023-02-03,Kirulapane,30.7,73,0.0,Sunny
2023-02-03,Wattala,26.7,75,0.0,Sunny
2023-02-03,Colombo,29.3,80,0.0,Sunny
2023-02-03,Pelawatte,29.3,82,0.0,Sunny
2023-02-03,Malabe,30.5,74,0.0,Sunny
2023-02-04,Nugegoda,31.0,72,0.0,Sunny
2023-02-04,Maharagama,33.1,80,3.1,Drizzle
2023-02-04,Kandy,26.0,82,0.0,Sunny
2023-02-04,Kirulapane,29.5,71,0.0,Sunny
2023-02-04,Wattala,30.1,78,0.0,Sunny
2023-02-04,Colombo,30.3,76,0.0,Sunny
2023-02-04,Pelawatte,27.9,83,0.0,Sunny
2023-02-04,Malabe,28.7,71,1.0,Drizzle
2023-02-05,Nugegoda,29.8,73,0.0,Sunny
2023-02-05,Maharagama,28.7,74,0.0,Sunny
2023-02-05,Kandy,26.2,73,0.0,Sunny
2023-02-05,Kirulapane,30.4,63,0.0,Sunny
2023-02-05,Wattala,28.8,78,0.0,Sunny
2023-02-05,Colombo,28.5,66,0.0,Sunny
2023-02-05,Pelawatte,28.8,82,0.0,Sunny
2023-02-05,Malabe,26.0,72,0.0,Sunny
2023-02-06,Nugegoda,27.2,72,6.0,Drizzle
2023-02-06,Maharagama,29.6,79,0.0,Sunny
2023-02-06,Kandy,27.1,70,0.0,Sunny
2023-02-06,Kirulapane,30.1,72,1.4,Drizzle
2023-02-06,Wattala,30.7,75,0.0,Sunny
2023-02-06,Colombo,30.2,82,0.5,Drizzle
2023-02-06,Pelawatte,31.7,82,0.0,Sunny
2023-02-06,Malabe,30.1,77,0.0,Sunny
2023-02-07,Nugegoda,28.5,74,0.0,Sunny
2023-02-07,Maharagama,30.6,67,0.0,Sunny
2023-02-07,Kandy,25.6,73,2.5,Drizzle
2023-02-07,Kirulapane,30.4,71,0.0,Sunny
2023-02-07,Wattala,33.7,79,0.0,Sunny
2023-02-07,Colombo,28.5,75,0.0,Sunny
2023-02-07,Pelawatte,32.0,79,0.0,Sunny
2023-02-07,Malabe,30.6,78,0.0,Sunny
2023-02-08,Nugegoda,27.8,75,7.9,Drizzle
2023-02-08,Maharagama,32.7,71,4.2,Drizzle
2023-02-08,Kandy,25.3,70,0.0,Sunny
2023-02-08,Kirulapane,30.6,80,1.2,Drizzle
2023-02-08,Wattala,29.2,82,0.0,Sunny
2023-02-08,Colombo,30.1,74,2.3,Drizzle
2023-02-08,Pelawatte,30.5,71,0.0,Sunny
2023-02-08,Malabe,30.3,72,0.0,Sunny
2023-02-09,Nugegoda,27.3,73,0.0,Sunny
2023-02-09,Maharagama,31.6,77,0.0,Sunny
2023-02-09,Kandy,25.7,73,0.0,Sunny
2023-02-09,Kirulapane,30.8,77,0.0,Sunny
2023-02-09,Wattala,30.1,77,0.0,Sunny
2023-02-09,Colombo,31.1,83,0.0,Sunny
2023-02-09,Pelawatte,31.2,75,0.0,Sunny
2023-02-09,Malabe,31.7,79,0.0,Sunny
2023-02-10,Nugegoda,29.8,70,0.0,Sunny
2023-02-10,Maharagama,31.8,76,0.0,Sunny
2023-02-10,Kandy,29.2,72,10.0,Drizzle
2023-02-10,Kirulapane,28.3,77,0.0,Sunny
2023-02-10,Wattala,31.2,75,0.0,Sunny
2023-02-10,Colombo,29.6,72,0.0,Sunny
2023-02-10,Pelawatte,32.6,81,0.0,Sunny
2023-02-10,Malabe,28.2,63,0.0,Sunny
2023-02-11,Nugegoda,28.3,81,0.0,Sunny
2023-02-11,Maharagama,28.2,70,0.0,Sunny
2023-02-11,Kandy,28.7,78,0.0,Sunny
2023-02-11,Kirulapane,32.0,70,0.0,Sunny
2023-02-11,Wattala,32.2,73,4.0,Drizzle
2023-02-11,Colombo,33.3,72,0.0,Sunny
2023-02-11,Pelawatte,32.0,75,15.8,Rainy
2023-02-11,Malabe,30.9,82,0.0,Sunny
2023-02-12,Nugegoda,31.6,64,0.0,Sunny
2023-02-12,Maharagama,30.8,73,1.3,Drizzle
2023-02-12,Kandy,26.2,81,2.7,Drizzle
2023-02-12,Kirulapane,29.1,78,0.0,Sunny
2023-02-12,Wattala,34.0,83,6.4,Drizzle
2023-02-12,Colombo,32.5,78,0.0,Sunny
2023-02-12,Pelawatte,30.2,75,0.0,Sunny
2023-02-12,Malabe,29.4,68,0.0,Sunny
2023-02-13,Nugegoda,31.2,80,0.0,Sunny
2023-02-13,Maharagama,32.5,71,0.0,Sunny
2023-02-13,Kandy,26.5,72,0.0,Sunny
2023-02-13,Kirulapane,29.7,66,0.0,Sunny
2023-02-13,Wattala,28.0,76,0.0,Sunny
2023-02-13,Colombo,29.8,77,3.5,Drizzle
2023-02-13,Pelawatte,26.7,70,0.0,Sunny
2023-02-13,Malabe,31.7,78,0.0,Sunny
2023-02-14,Nugegoda,30.7,75,10.1,Rainy
2023-02-14,Maharagama,29.3,69,0.0,Sunny
2023-02-14,Kandy,26.4,78,0.0,Sunny
2023-02-14,Kirulapane,31.8,73,0.0,Sunny
2023-02-14,Wattala,30.4,78,3.0,Drizzle
2023-02-14,Colombo,28.3,70,0.0,Sunny
2023-02-14,Pelawatte,31.3,73,0.0,Sunny
2023-02-14,Malabe,26.0,75,0.0,Sunny
2023-02-15,Nugegoda,27.6,71,0.0,Sunny
2023-02-15,Maharagama,32.4,82,3.8,Drizzle
2023-02-15,Kandy,25.6,79,0.1,Drizzle
2023-02-15,Kirulapane,29.6,75,5.1,Drizzle
2023-02-15,Wattala,29.7,70,0.3,Drizzle
2023-02-15,Colombo,33.2,75,0.0,Sunny
2023-02-15,Pelawatte,30.9,73,2.3,Drizzle
2023-02-15,Malabe,30.2,73,0.0,Sunny
2023-02-16,Nugegoda,29.8,74,0.0,Sunny
2023-02-16,Maharagama,30.0,76,2.0,Drizzle
2023-02-16,Kandy,24.3,67,0.0,Sunny
2023-02-16,Kirulapane,28.5,70,0.0,Sunny
2023-02-16,Wattala,31.0,75,0.0,Sunny
2023-02-16,Colombo,28.8,71,0.0,Sunny
2023-02-16,Pelawatte,29.9,74,1.4,Drizzle
2023-02-16,Malabe,32.1,76,0.0,Sunny
2023-02-17,Nugegoda,32.1,78,0.0,Sunny
2023-02-17,Maharagama,32.3,70,0.0,Sunny
2023-02-17,Kandy,29.9,73,0.0,Sunny
2023-02-17,Kirulapane,30.0,68,0.0,Sunny
2023-02-17,Wattala,29.3,66,0.0,Sunny
2023-02-17,Colombo,27.1,75,0.0,Sunny
2023-02-17,Pelawatte,30.9,80,1.7,Drizzle
2023-02-17,Malabe,26.8,72,5.4,Drizzle
2023-02-18,Nugegoda,29.5,78,0.0,Sunny
2023-02-18,Maharagama,31.2,73,0.0,Sunny
2023-02-18,Kandy,25.9,71,0.0,Sunny
2023-02-18,Kirulapane,28.7,70,0.0,Sunny
2023-02-18,Wattala,29.6,69,0.0,Sunny
2023-02-18,Colombo,29.5,73,0.0,Sunny
2023-02-18,Pelawatte,29.2,74,0.0,Sunny
2023-02-18,Malabe,30.9,65,0.0,Sunny
2023-02-19,Nugegoda,27.0,72,0.0,Sunny
2023-02-19,Maharagama,30.8,75,0.0,Sunny
2023-02-19,Kandy,28.3,69,0.0,Sunny
2023-02-19,Kirulapane,27.8,80,0.0,Sunny
2023-02-19,Wattala,29.5,78,0.0,Sunny
2023-02-19,Colombo,29.7,69,0.0,Sunny
2023-02-19,Pelawatte,30.6,69,8.8,Drizzle
2023-02-19,Malabe,30.7,71,0.0,Sunny
2023-02-20,Nugegoda,30.3,76,0.0,Sunny
2023-02-20,Maharagama,30.2,69,0.0,Sunny
2023-02-20,Kandy,29.3,78,0.0,Sunny
2023-02-20,Kirulapane,28.7,72,0.0,Sunny
2023-02-20,Wattala,30.4,79,0.0,Sunny
2023-02-20,Colombo,33.0,77,0.0,Sunny
2023-02-20,Pelawatte,28.5,73,0.0,Sunny
2023-02-20,Malabe,33.3,78,0.0,Sunny
2023-02-21,Nugegoda,30.2,77,0.0,Sunny
2023-02-21,Maharagama,32.0,63,2.2,Drizzle
2023-02-21,Kandy,26.9,79,6.9,Drizzle
2023-02-21,Kirulapane,30.5,75,0.0,Sunny
2023-02-21,Wattala,29.5,79,0.0,Sunny
2023-02-21,Colombo,30.0,80,0.5,Drizzle
2023-02-21,Pelawatte,31.3,78,0.0,Sunny
2023-02-21,Malabe,29.3,77,0.0,Sunny
2023-02-22,Nugegoda,32.6,73,1.9,Drizzle
2023-02-22,Maharagama,31.5,71,0.0,Sunny
2023-02-22,Kandy,27.1,74,0.0,Sunny
2023-02-22,Kirulapane,28.6,75,0.0,Sunny
2023-02-22,Wattala,29.3,82,4.2,Drizzle
2023-02-22,Colombo,29.8,66,0.0,Sunny
2023-02-22,Pelawatte,30.8,68,3.4,Drizzle
2023-02-22,Malabe,33.0,79,0.0,Sunny
2023-02-23,Nugegoda,29.4,76,2.1,Drizzle
2023-02-23,Maharagama,29.6,78,2.0,Drizzle
2023-02-23,Kandy,30.1,71,0.0,Sunny
2023-02-23,Kirulapane,27.4,71,0.0,Sunny
2023-02-23,Wattala,29.3,75,0.0,Sunny
2023-02-23,Colombo,31.4,65,0.0,Sunny
2023-02-23,Pelawatte,30.2,75,0.0,Sunny
2023-02-23,Malabe,33.5,70,0.0,Sunny
2023-02-24,Nugegoda,30.2,79,0.0,Sunny
2023-02-24,Maharagama,30.0,78,8.1,Drizzle
2023-02-24,Kandy,27.4,75,0.0,Sunny
2023-02-24,Kirulapane,30.8,72,0.0,Sunny
2023-02-24,Wattala,26.6,66,0.0,Sunny
2023-02-24,Colombo,30.8,68,0.0,Sunny
2023-02-24,Pelawatte,30.0,72,0.0,Sunny
2023-02-24,Malabe,30.0,67,0.0,Sunny
2023-02-25,Nugegoda,30.1,75,0.7,Drizzle
2023-02-25,Maharagama,30.1,70,1.1,Drizzle
2023-02-25,Kandy,25.4,69,0.0,Sunny
2023-02-25,Kirulapane,28.8,74,0.0,Sunny
2023-02-25,Wattala,30.3,78,0.0,Sunny
2023-02-25,Colombo,31.4,83,0.0,Sunny
2023-02-25,Pelawatte,28.9,75,0.0,Sunny
2023-02-25,Malabe,30.2,71,0.0,Sunny
2023-02-26,Nugegoda,27.1,73,0.0,Sunny
2023-02-26,Maharagama,29.4,74,1.3,Drizzle
2023-02-26,Kandy,28.1,72,0.0,Sunny
2023-02-26,Kirulapane,27.8,72,0.0,Sunny
2023-02-26,Wattala,29.7,75,0.8,Drizzle
2023-02-26,Colombo,28.7,78,0.0,Sunny
2023-02-26,Pelawatte,31.6,72,0.0,Sunny
2023-02-26,Malabe,27.6,77,0.0,Sunny
2023-02-27,Nugegoda,30.3,74,0.0,Sunny
2023-02-27,Maharagama,30.7,76,0.0,Sunny
2023-02-27,Kandy,28.8,67,0.0,Sunny
2023-02-27,Kirulapane,30.8,75,3.7,Drizzle
2023-02-27,Wattala,29.1,78,0.0,Sunny
2023-02-27,Colombo,32.7,70,0.0,Sunny
2023-02-27,Pelawatte,28.6,82,0.0,Sunny
2023-02-27,Malabe,30.1,72,0.0,Sunny
2023-02-28,Nugegoda,30.2,75,0.0,Sunny
2023-02-28,Maharagama,30.4,77,1.4,Drizzle
2023-02-28,Kandy,27.6,76,0.0,Sunny
2023-02-28,Kirulapane,31.1,76,0.0,Sunny
2023-02-28,Wattala,29.8,75,0.0,Sunny
2023-02-28,Colombo,29.6,71,0.0,Sunny
2023-02-28,Pelawatte,32.0,66,0.0,Sunny
2023-02-28,Malabe,29.1,76,0.0,Sunny
2023-03-01,Nugegoda,29.4,70,0.0,Sunny
2023-03-01,Maharagama,32.4,80,8.5,Drizzle
2023-03-01,Kandy,31.2,70,0.0,Sunny
2023-03-01,Kirulapane,32.1,81,0.0,Sunny
2023-03-01,Wattala,31.5,66,5.5,Drizzle
2023-03-01,Colombo,32.8,71,0.0,Sunny
2023-03-01,Pelawatte,34.3,77,0.0,Sunny
2023-03-01,Malabe,33.5,74,3.8,Drizzle
2023-03-02,Nugegoda,34.7,77,1.6,Drizzle
2023-03-02,Maharagama,33.3,75,0.0,Sunny
2023-03-02,Kandy,29.0,76,2.4,Drizzle
2023-03-02,Kirulapane,32.9,75,8.9,Drizzle
2023-03-02,Wattala,32.4,77,0.0,Sunny
2023-03-02,Colombo,30.1,68,0.0,Sunny
2023-03-02,Pelawatte,32.5,82,0.0,Sunny
2023-03-02,Malabe,31.0,84,0.0,Sunny
2023-03-03,Nugegoda,32.8,80,0.0,Sunny
2023-03-03,Maharagama,33.2,82,0.0,Sunny
2023-03-03,Kandy,29.3,69,1.1,Drizzle
2023-03-03,Kirulapane,32.5,75,0.0,Sunny
2023-03-03,Wattala,31.1,68,0.0,Sunny
2023-03-03,Colombo,32.1,83,0.0,Sunny
2023-03-03,Pelawatte,34.6,76,0.4,Drizzle
2023-03-03,Malabe,33.0,81,0.0,Sunny
2023-03-04,Nugegoda,31.1,65,0.0,Sunny
2023-03-04,Maharagama,32.5,76,0.0,Sunny
2023-03-04,Kandy,27.2,73,0.0,Sunny
2023-03-04,Kirulapane,33.4,78,0.0,Sunny
2023-03-04,Wattala,33.9,70,3.5,Drizzle
2023-03-04,Colombo,32.5,66,0.0,Sunny
2023-03-04,Pelawatte,30.1,74,0.0,Sunny
2023-03-04,Malabe,33.2,69,0.0,Sunny
2023-03-05,Nugegoda,33.3,73,0.0,Sunny
2023-03-05,Maharagama,35.9,74,0.0,Sunny
2023-03-05,Kandy,28.9,74,0.0,Sunny
2023-03-05,Kirulapane,32.2,76,0.0,Sunny
2023-03-05,Wattala,31.6,75,0.0,Sunny
2023-03-05,Colombo,32.3,68,3.2,Drizzle
2023-03-05,Pelawatte,31.4,83,0.0,Sunny
2023-03-05,Malabe,35.1,59,7.7,Drizzle
2023-03-06,Nugegoda,32.0,74,0.0,Sunny
2023-03-06,Maharagama,31.4,72,0.0,Sunny
2023-03-06,Kandy,29.5,75,0.0,Sunny
2023-03-06,Kirulapane,33.8,76,0.0,Sunny
2023-03-06,Wattala,33.2,75,0.0,Sunny
2023-03-06,Colombo,32.8,73,0.0,Sunny
2023-03-06,Pelawatte,33.3,65,0.0,Sunny
2023-03-06,Malabe,29.2,73,0.0,Sunny
2023-03-07,Nugegoda,34.1,77,0.0,Sunny
2023-03-07,Maharagama,33.0,72,0.0,Sunny
2023-03-07,Kandy,30.8,73,0.0,Sunny
2023-03-07,Kirulapane,31.8,71,2.6,Drizzle
2023-03-07,Wattala,33.1,75,5.5,Drizzle
2023-03-07,Colombo,32.3,77,0.0,Sunny
2023-03-07,Pelawatte,32.8,72,0.0,Sunny
2023-03-07,Malabe,34.0,63,0.0,Sunny
2023-03-08,Nugegoda,31.6,70,0.0,Sunny
2023-03-08,Maharagama,33.8,74,9.8,Drizzle
2023-03-08,Kandy,28.3,69,0.0,Sunny
2023-03-08,Kirulapane,34.6,65,0.0,Sunny
2023-03-08,Wattala,29.5,76,4.9,Drizzle
2023-03-08,Colombo,31.8,79,0.0,Sunny
2023-03-08,Pelawatte,31.4,71,0.0,Sunny
2023-03-08,Malabe,32.3,67,1.0,Drizzle
2023-03-09,Nugegoda,30.6,75,0.0,Sunny
2023-03-09,Maharagama,33.1,78,0.0,Sunny
2023-03-09,Kandy,31.1,81,0.0,Sunny
2023-03-09,Kirulapane,33.9,73,0.0,Sunny
2023-03-09,Wattala,30.0,69,5.9,Drizzle
2023-03-09,Colombo,34.1,78,16.3,Rainy
2023-03-09,Pelawatte,33.0,74,8.6,Drizzle
2023-03-09,Malabe,32.2,74,0.0,Sunny
2023-03-10,Nugegoda,29.1,81,2.4,Drizzle
2023-03-10,Maharagama,33.6,73,1.8,Drizzle
2023-03-10,Kandy,25.0,73,0.0,Sunny
2023-03-10,Kirulapane,31.0,80,0.4,Drizzle
2023-03-10,Wattala,31.6,72,0.0,Sunny
2023-03-10,Colombo,33.7,67,0.0,Sunny
2023-03-10,Pelawatte,33.2,75,6.1,Drizzle
2023-03-10,Malabe,31.6,81,0.0,Sunny
2023-03-11,Nugegoda,32.2,73,0.0,Sunny
2023-03-11,Maharagama,32.6,81,0.0,Sunny
2023-03-11,Kandy,29.6,78,0.0,Sunny
2023-03-11,Kirulapane,31.0,68,0.0,Sunny
2023-03-11,Wattala,30.7,73,0.4,Drizzle
2023-03-11,Colombo,28.8,64,0.0,Sunny
2023-03-11,Pelawatte,30.8,73,0.0,Sunny
2023-03-11,Malabe,33.7,82,0.0,Sunny
2023-03-12,Nugegoda,34.1,75,0.0,Sunny
2023-03-12,Maharagama,33.8,77,0.0,Sunny
2023-03-12,Kandy,31.8,68,0.0,Sunny
2023-03-12,Kirulapane,33.3,68,0.0,Sunny
2023-03-12,Wattala,34.2,76,0.0,Sunny
2023-03-12,Colombo,33.5,71,0.0,Sunny
2023-03-12,Pelawatte,34.6,63,0.0,Sunny
2023-03-12,Malabe,30.1,80,6.0,Drizzle
2023-03-13,Nugegoda,30.7,77,0.6,Drizzle
2023-03-13,Maharagama,31.3,84,0.0,Sunny
2023-03-13,Kandy,27.7,68,0.0,Sunny
2023-03-13,Kirulapane,34.8,75,0.0,Sunny
2023-03-13,Wattala,32.3,74,0.0,Sunny
2023-03-13,Colombo,34.9,78,0.0,Sunny
2023-03-13,Pelawatte,33.8,80,0.0,Sunny
2023-03-13,Malabe,34.1,78,0.0,Sunny
2023-03-14,Nugegoda,34.1,79,0.0,Sunny
2023-03-14,Maharagama,33.3,80,0.0,Sunny
2023-03-14,Kandy,30.9,79,0.0,Sunny
2023-03-14,Kirulapane,33.0,69,0.0,Sunny
2023-03-14,Wattala,31.3,77,0.0,Sunny
2023-03-14,Colombo,31.2,75,0.0,Sunny
2023-03-14,Pelawatte,33.5,71,1.7,Drizzle
2023-03-14,Malabe,32.7,74,0.0,Sunny
2023-03-15,Nugegoda,29.9,69,0.0,Sunny
2023-03-15,Maharagama,35.0,69,0.0,Sunny
2023-03-15,Kandy,32.0,71,0.0,Sunny
2023-03-15,Kirulapane,30.9,68,0.0,Sunny
2023-03-15,Wattala,32.5,67,0.0,Sunny
2023-03-15,Colombo,35.7,73,0.0,Sunny
2023-03-15,Pelawatte,33.9,75,0.0,Sunny
2023-03-15,Malabe,32.1,75,2.1,Drizzle
2023-03-16,Nugegoda,33.8,65,0.0,Sunny
2023-03-16,Maharagama,30.5,81,0.0,Sunny
2023-03-16,Kandy,27.7,76,0.0,Sunny
2023-03-16,Kirulapane,32.0,79,0.0,Sunny
2023-03-16,Wattala,30.5,80,1.4,Drizzle
2023-03-16,Colombo,30.3,73,0.0,Sunny
2023-03-16,Pelawatte,32.3,72,0.0,Sunny
2023-03-16,Malabe,32.6,76,0.0,Sunny
2023-03-17,Nugegoda,33.2,79,0.8,Drizzle
2023-03-17,Maharagama,33.9,62,0.0,Sunny
2023-03-17,Kandy,29.7,70,0.0,Sunny
2023-03-17,Kirulapane,33.9,68,0.0,Sunny
2023-03-17,Wattala,33.7,76,0.0,Sunny
2023-03-17,Colombo,31.5,77,0.0,Sunny
2023-03-17,Pelawatte,34.3,72,0.0,Sunny
2023-03-17,Malabe,32.0,70,0.0,Sunny
2023-03-18,Nugegoda,31.3,77,3.0,Drizzle
2023-03-18,Maharagama,31.6,69,2.9,Drizzle
2023-03-18,Kandy,28.8,75,0.0,Sunny
2023-03-18,Kirulapane,32.3,77,11.2,Rainy
2023-03-18,Wattala,32.5,75,0.0,Sunny
2023-03-18,Colombo,31.7,76,0.0,Sunny
2023-03-18,Pelawatte,32.0,81,0.0,Sunny
2023-03-18,Malabe,34.4,78,0.0,Sunny
2023-03-19,Nugegoda,31.1,70,1.9,Drizzle
2023-03-19,Maharagama,33.7,78,0.0,Sunny
2023-03-19,Kandy,28.4,69,0.0,Sunny
2023-03-19,Kirulapane,31.4,73,0.0,Sunny
2023-03-19,Wattala,33.0,80,0.4,Drizzle
2023-03-19,Colombo,33.5,69,0.0,Sunny
2023-03-19,Pelawatte,29.6,76,0.0,Sunny
2023-03-19,Malabe,28.7,75,0.0,Sunny
2023-03-20,Nugegoda,31.2,78,3.5,Drizzle
2023-03-20,Maharagama,31.3,76,0.0,Sunny
2023-03-20,Kandy,29.7,78,1.0,Drizzle
2023-03-20,Kirulapane,32.6,68,0.0,Sunny
2023-03-20,Wattala,34.2,66,0.0,Sunny
2023-03-20,Colombo,32.7,68,0.0,Sunny
2023-03-20,Pelawatte,31.0,82,2.0,Drizzle
2023-03-20,Malabe,32.5,81,0.0,Sunny
2023-03-21,Nugegoda,36.4,74,0.0,Sunny
2023-03-21,Maharagama,34.9,81,6.2,Drizzle
2023-03-21,Kandy,29.3,76,0.0,Sunny
2023-03-21,Kirulapane,32.1,70,0.0,Sunny
2023-03-21,Wattala,32.6,80,0.0,Sunny
2023-03-21,Colombo,32.5,72,0.0,Sunny
2023-03-21,Pelawatte,35.1,71,0.0,Sunny
2023-03-21,Malabe,35.5,71,0.0,Sunny
2023-03-22,Nugegoda,31.5,76,0.0,Sunny
2023-03-22,Maharagama,34.0,76,0.0,Sunny
2023-03-22,Kandy,28.2,80,0.0,Sunny
2023-03-22,Kirulapane,33.2,72,7.8,Drizzle
2023-03-22,Wattala,35.7,76,0.0,Sunny
2023-03-22,Colombo,34.4,77,0.0,Sunny
2023-03-22,Pelawatte,31.7,71,0.0,Sunny
2023-03-22,Malabe,31.4,72,0.0,Sunny
2023-03-23,Nugegoda,33.7,75,0.0,Sunny
2023-03-23,Maharagama,31.6,72,0.0,Sunny
2023-03-23,Kandy,29.6,76,0.0,Sunny
2023-03-23,Kirulapane,32.0,79,0.0,Sunny
2023-03-23,Wattala,31.5,66,0.0,Sunny
2023-03-23,Colombo,30.3,75,0.0,Sunny
2023-03-23,Pelawatte,32.6,75,0.0,Sunny
2023-03-23,Malabe,34.9,61,0.0,Sunny
2023-03-24,Nugegoda,33.7,76,0.0,Sunny
2023-03-24,Maharagama,29.3,72,0.0,Sunny
2023-03-24,Kandy,29.2,76,6.5,Drizzle
2023-03-24,Kirulapane,33.9,77,0.0,Sunny
2023-03-24,Wattala,33.7,75,0.0,Sunny
2023-03-24,Colombo,34.4,77,1.3,Drizzle
2023-03-24,Pelawatte,33.8,77,7.1,Drizzle
2023-03-24,Malabe,34.2,68,0.0,Sunny
2023-03-25,Nugegoda,32.1,82,0.0,Sunny
2023-03-25,Maharagama,30.7,72,0.0,Sunny
2023-03-25,Kandy,29.8,70,0.0,Sunny
2023-03-25,Kirulapane,35.0,72,0.0,Sunny
2023-03-25,Wattala,31.1,70,0.0,Sunny
2023-03-25,Colombo,31.5,67,5.2,Drizzle
2023-03-25,Pelawatte,31.4,74,0.0,Sunny
2023-03-25,Malabe,33.6,73,0.0,Sunny
2023-03-26,Nugegoda,33.9,78,1.0,Drizzle
2023-03-26,Maharagama,32.5,78,0.0,Sunny
2023-03-26,Kandy,28.8,70,0.0,Sunny
2023-03-26,Kirulapane,32.5,63,0.0,Sunny
2023-03-26,Wattala,32.2,85,0.0,Sunny
2023-03-26,Colombo,31.1,83,1.7,Drizzle
2023-03-26,Pelawatte,32.3,73,0.0,Sunny
2023-03-26,Malabe,32.3,77,0.0,Sunny
2023-03-27,Nugegoda,30.6,75,2.8,Drizzle
2023-03-27,Maharagama,34.3,71,1.5,Drizzle
2023-03-27,Kandy,32.1,72,2.3,Drizzle
2023-03-27,Kirulapane,33.4,79,0.0,Sunny
2023-03-27,Wattala,33.3,74,0.0,Sunny
2023-03-27,Colombo,33.8,73,0.0,Sunny
2023-03-27,Pelawatte,32.3,78,0.0,Sunny
2023-03-27,Malabe,32.0,76,0.0,Sunny
2023-03-28,Nugegoda,33.1,69,0.0,Sunny
2023-03-28,Maharagama,32.4,69,0.0,Sunny
2023-03-28,Kandy,28.7,75,0.0,Sunny
2023-03-28,Kirulapane,32.9,67,0.0,Sunny
2023-03-28,Wattala,31.4,74,0.0,Sunny
2023-03-28,Colombo,32.0,75,0.0,Sunny
2023-03-28,Pelawatte,33.4,70,3.6,Drizzle
2023-03-28,Malabe,30.1,75,1.6,Drizzle
2023-03-29,Nugegoda,32.8,78,0.0,Sunny
2023-03-29,Maharagama,33.5,73,2.2,Drizzle
2023-03-29,Kandy,28.9,77,0.0,Sunny
2023-03-29,Kirulapane,35.9,72,0.0,Sunny
2023-03-29,Wattala,31.2,69,0.0,Sunny
2023-03-29,Colombo,31.1,68,0.0,Sunny
2023-03-29,Pelawatte,31.3,83,0.0,Sunny
2023-03-29,Malabe,32.4,67,0.0,Sunny
2023-03-30,Nugegoda,32.6,73,0.0,Sunny
2023-03-30,Maharagama,32.3,73,10.6,Rainy
2023-03-30,Kandy,31.2,80,0.0,Sunny
2023-03-30,Kirulapane,33.8,66,0.0,Sunny
2023-03-30,Wattala,33.2,69,0.6,Drizzle
2023-03-30,Colombo,33.2,71,0.0,Sunny
2023-03-30,Pelawatte,30.8,83,0.0,Sunny
2023-03-30,Malabe,34.1,78,0.0,Sunny
2023-03-31,Nugegoda,34.3,72,0.0,Sunny
2023-03-31,Maharagama,31.5,74,0.0,Sunny
2023-03-31,Kandy,29.8,75,6.2,Drizzle
2023-03-31,Kirulapane,31.9,68,0.0,Sunny
2023-03-31,Wattala,33.6,65,1.8,Drizzle
2023-03-31,Colombo,29.7,83,0.0,Sunny
2023-03-31,Pelawatte,32.9,80,0.0,Sunny
2023-03-31,Malabe,32.1,74,0.0,Sunny
2023-04-01,Nugegoda,33.4,69,0.0,Sunny
2023-04-01,Maharagama,31.3,74,5.8,Drizzle
2023-04-01,Kandy,28.3,74,0.0,Sunny
2023-04-01,Kirulapane,33.7,74,0.0,Sunny
2023-04-01,Wattala,30.1,73,0.0,Sunny
2023-04-01,Colombo,33.9,69,0.0,Sunny
2023-04-01,Pelawatte,31.4,78,0.0,Sunny
2023-04-01,Malabe,32.1,60,0.7,Drizzle
2023-04-02,Nugegoda,33.5,59,0.0,Sunny
2023-04-02,Maharagama,32.6,80,1.0,Drizzle
2023-04-02,Kandy,31.1,76,0.0,Sunny
2023-04-02,Kirulapane,31.1,75,0.0,Sunny
2023-04-02,Wattala,35.1,77,7.7,Drizzle
2023-04-02,Colombo,32.5,76,0.0,Sunny
2023-04-02,Pelawatte,31.4,73,2.2,Drizzle
2023-04-02,Malabe,33.4,76,0.0,Sunny
2023-04-03,Nugegoda,32.6,70,0.0,Sunny
2023-04-03,Maharagama,32.6,73,2.7,Drizzle
2023-04-03,Kandy,32.1,69,0.0,Sunny
2023-04-03,Kirulapane,31.8,73,0.0,Sunny
2023-04-03,Wattala,32.9,79,0.0,Sunny
2023-04-03,Colombo,34.3,72,0.0,Sunny
2023-04-03,Pelawatte,31.2,79,4.8,Drizzle
2023-04-03,Malabe,31.7,77,0.0,Sunny
2023-04-04,Nugegoda,31.6,77,0.0,Sunny
2023-04-04,Maharagama,31.6,71,0.0,Sunny
2023-04-04,Kandy,28.3,81,0.0,Sunny
2023-04-04,Kirulapane,32.0,65,0.0,Sunny
2023-04-04,Wattala,32.6,79,0.0,Sunny
2023-04-04,Colombo,31.9,77,0.0,Sunny
2023-04-04,Pelawatte,34.7,72,0.1,Drizzle
2023-04-04,Malabe,35.1,81,0.0,Sunny
2023-04-05,Nugegoda,31.0,69,0.0,Sunny
2023-04-05,Maharagama,34.5,70,0.0,Sunny
2023-04-05,Kandy,30.5,76,0.0,Sunny
2023-04-05,Kirulapane,32.9,73,0.0,Sunny
2023-04-05,Wattala,32.9,83,0.0,Sunny
2023-04-05,Colombo,34.7,73,0.0,Sunny
2023-04-05,Pelawatte,33.8,77,0.3,Drizzle
2023-04-05,Malabe,33.4,83,0.0,Sunny
2023-04-06,Nugegoda,32.3,71,0.0,Sunny
2023-04-06,Maharagama,31.7,71,0.0,Sunny
2023-04-06,Kandy,27.3,76,0.0,Sunny
2023-04-06,Kirulapane,32.4,78,0.0,Sunny
2023-04-06,Wattala,32.4,69,0.0,Sunny
2023-04-06,Colombo,29.8,70,4.1,Drizzle
2023-04-06,Pelawatte,32.7,73,0.5,Drizzle
2023-04-06,Malabe,31.3,70,0.0,Sunny
2023-04-07,Nugegoda,33.1,78,1.8,Drizzle
2023-04-07,Maharagama,35.3,65,0.0,Sunny
2023-04-07,Kandy,29.4,75,7.5,Drizzle
2023-04-07,Kirulapane,31.1,66,0.0,Sunny
2023-04-07,Wattala,33.4,68,0.0,Sunny
2023-04-07,Colombo,31.7,66,0.0,Sunny
2023-04-07,Pelawatte,33.6,72,0.0,Sunny
2023-04-07,Malabe,32.8,74,0.0,Sunny
2023-04-08,Nugegoda,30.7,79,0.0,Sunny
2023-04-08,Maharagama,33.0,74,0.0,Sunny
2023-04-08,Kandy,28.6,66,0.0,Sunny
2023-04-08,Kirulapane,31.1,74,0.0,Sunny
2023-04-08,Wattala,31.9,81,3.9,Drizzle
2023-04-08,Colombo,32.5,69,0.0,Sunny
2023-04-08,Pelawatte,32.1,77,0.0,Sunny
2023-04-08,Malabe,30.9,80,0.0,Sunny
2023-04-09,Nugegoda,36.3,74,0.0,Sunny
2023-04-09,Maharagama,32.4,73,0.0,Sunny
2023-04-09,Kandy,26.8,75,0.0,Sunny
2023-04-09,Kirulapane,33.4,73,0.0,Sunny
2023-04-09,Wattala,31.7,82,0.0,Sunny
2023-04-09,Colombo,34.4,81,0.5,Drizzle
2023-04-09,Pelawatte,33.8,73,0.0,Sunny
2023-04-09,Malabe,29.3,63,0.0,Sunny
2023-04-10,Nugegoda,33.3,77,0.0,Sunny
2023-04-10,Maharagama,32.2,71,4.6,Drizzle
2023-04-10,Kandy,32.7,70,3.1,Drizzle
2023-04-10,Kirulapane,32.3,68,0.0,Sunny
2023-04-10,Wattala,32.3,76,0.0,Sunny
2023-04-10,Colombo,30.1,75,0.0,Sunny
2023-04-10,Pelawatte,32.3,68,0.1,Drizzle
2023-04-10,Malabe,32.9,73,0.0,Sunny
2023-04-11,Nugegoda,31.8,75,0.0,Sunny
2023-04-11,Maharagama,33.4,72,0.0,Sunny
2023-04-11,Kandy,33.0,68,2.9,Drizzle
2023-04-11,Kirulapane,31.7,77,1.9,Drizzle
2023-04-11,Wattala,32.7,81,0.0,Sunny
2023-04-11,Colombo,32.6,75,0.0,Sunny
2023-04-11,Pelawatte,30.1,74,0.1,Drizzle
2023-04-11,Malabe,32.4,84,0.0,Sunny
2023-04-12,Nugegoda,28.4,75,0.0,Sunny
2023-04-12,Maharagama,34.1,73,0.2,Drizzle
2023-04-12,Kandy,27.0,78,0.0,Sunny
2023-04-12,Kirulapane,31.5,73,0.0,Sunny
2023-04-12,Wattala,30.7,71,3.1,Drizzle
2023-04-12,Colombo,34.8,73,0.0,Sunny
2023-04-12,Pelawatte,32.3,75,7.8,Drizzle
2023-04-12,Malabe,33.0,73,0.0,Sunny
2023-04-13,Nugegoda,32.7,73,0.0,Sunny
2023-04-13,Maharagama,35.3,76,13.8,Rainy
2023-04-13,Kandy,28.5,77,0.0,Sunny
2023-04-13,Kirulapane,32.9,70,0.0,Sunny
2023-04-13,Wattala,33.3,72,0.0,Sunny
2023-04-13,Colombo,29.5,80,0.0,Sunny
2023-04-13,Pelawatte,30.7,65,0.0,Sunny
2023-04-13,Malabe,30.9,66,0.0,Sunny
2023-04-14,Nugegoda,33.6,77,0.0,Sunny
2023-04-14,Maharagama,31.9,80,0.0,Sunny
2023-04-14,Kandy,26.8,74,0.0,Sunny
2023-04-14,Kirulapane,31.7,72,0.0,Sunny
2023-04-14,Wattala,32.7,77,0.0,Sunny
2023-04-14,Colombo,31.4,74,0.0,Sunny
2023-04-14,Pelawatte,32.2,73,1.5,Drizzle
2023-04-14,Malabe,31.4,70,0.0,Sunny
2023-04-15,Nugegoda,32.0,79,0.0,Sunny
2023-04-15,Maharagama,30.9,71,0.0,Sunny
2023-04-15,Kandy,27.1,80,0.0,Sunny
2023-04-15,Kirulapane,33.7,68,0.0,Sunny
2023-04-15,Wattala,35.8,65,0.0,Sunny
2023-04-15,Colombo,33.5,71,5.1,Drizzle
2023-04-15,Pelawatte,31.6,83,0.0,Sunny
2023-04-15,Malabe,30.6,74,0.0,Sunny
2023-04-16,Nugegoda,34.9,70,0.9,Drizzle
2023-04-16,Maharagama,31.7,78,0.0,Sunny
2023-04-16,Kandy,30.4,80,1.5,Drizzle
2023-04-16,Kirulapane,30.2,69,0.0,Sunny
2023-04-16,Wattala,34.3,69,0.0,Sunny
2023-04-16,Colombo,31.8,69,1.0,Drizzle
2023-04-16,Pelawatte,33.0,61,0.0,Sunny
2023-04-16,Malabe,31.4,76,0.0,Sunny
2023-04-17,Nugegoda,30.6,68,0.0,Sunny
2023-04-17,Maharagama,31.8,80,0.0,Sunny
2023-04-17,Kandy,29.9,76,0.1,Drizzle
2023-04-17,Kirulapane,33.3,77,0.0,Sunny
2023-04-17,Wattala,31.4,73,2.5,Drizzle
2023-04-17,Colombo,32.4,73,0.0,Sunny
2023-04-17,Pelawatte,34.2,68,0.0,Sunny
2023-04-17,Malabe,33.8,73,0.0,Sunny
2023-04-18,Nugegoda,33.0,75,0.0,Sunny
2023-04-18,Maharagama,30.9,68,0.0,Sunny
2023-04-18,Kandy,28.8,78,0.0,Sunny
2023-04-18,Kirulapane,32.4,68,0.0,Sunny
2023-04-18,Wattala,31.7,71,0.0,Sunny
2023-04-18,Colombo,33.8,80,0.0,Sunny
2023-04-18,Pelawatte,31.5,78,0.0,Sunny
2023-04-18,Malabe,31.2,73,1.2,Drizzle
2023-04-19,Nugegoda,34.0,72,0.0,Sunny
2023-04-19,Maharagama,35.0,71,0.0,Sunny
2023-04-19,Kandy,31.4,69,4.6,Drizzle
2023-04-19,Kirulapane,34.7,81,0.0,Sunny
2023-04-19,Wattala,34.0,72,0.0,Sunny
2023-04-19,Colombo,32.0,77,0.0,Sunny
2023-04-19,Pelawatte,30.0,80,6.8,Drizzle
2023-04-19,Malabe,35.3,70,0.0,Sunny
2023-04-20,Nugegoda,31.8,67,0.0,Sunny
2023-04-20,Maharagama,33.9,83,0.0,Sunny
2023-04-20,Kandy,30.2,74,0.5,Drizzle
2023-04-20,Kirulapane,32.2,72,0.0,Sunny
2023-04-20,Wattala,35.4,87,3.4,Drizzle
2023-04-20,Colombo,30.7,69,0.8,Drizzle
2023-04-20,Pelawatte,35.7,83,0.0,Sunny
2023-04-20,Malabe,34.0,78,0.0,Sunny
2023-04-21,Nugegoda,33.8,72,0.0,Sunny
2023-04-21,Maharagama,30.6,70,0.0,Sunny
2023-04-21,Kandy,29.1,71,0.0,Sunny
2023-04-21,Kirulapane,33.5,65,0.0,Sunny
2023-04-21,Wattala,31.0,69,0.0,Sunny
2023-04-21,Colombo,32.4,74,0.0,Sunny
2023-04-21,Pelawatte,34.7,75,0.0,Sunny
2023-04-21,Malabe,32.3,81,0.0,Sunny
2023-04-22,Nugegoda,34.2,93,3.8,Drizzle
2023-04-22,Maharagama,33.3,68,2.4,Drizzle
2023-04-22,Kandy,27.5,77,0.0,Sunny
2023-04-22,Kirulapane,33.0,72,2.7,Drizzle
2023-04-22,Wattala,30.9,77,0.0,Sunny
2023-04-22,Colombo,29.8,75,0.0,Sunny
2023-04-22,Pelawatte,33.7,71,0.0,Sunny
2023-04-22,Malabe,32.5,74,0.0,Sunny
2023-04-23,Nugegoda,32.2,71,0.0,Sunny
2023-04-23,Maharagama,30.9,76,0.0,Sunny
2023-04-23,Kandy,30.5,66,0.0,Sunny
2023-04-23,Kirulapane,31.0,70,0.0,Sunny
2023-04-23,Wattala,29.6,68,0.0,Sunny
2023-04-23,Colombo,34.6,79,0.0,Sunny
2023-04-23,Pelawatte,32.4,75,0.0,Sunny
2023-04-23,Malabe,29.6,71,0.3,Drizzle
2023-04-24,Nugegoda,34.5,73,0.0,Sunny
2023-04-24,Maharagama,34.0,75,0.0,Sunny
2023-04-24,Kandy,30.3,70,1.2,Drizzle
2023-04-24,Kirulapane,31.8,68,2.0,Drizzle
2023-04-24,Wattala,32.9,78,0.0,Sunny
2023-04-24,Colombo,33.4,74,0.5,Drizzle
2023-04-24,Pelawatte,32.1,68,0.2,Drizzle
2023-04-24,Malabe,31.6,75,0.0,Sunny
2023-04-25,Nugegoda,33.4,73,2.2,Drizzle
2023-04-25,Maharagama,29.1,76,0.0,Sunny
2023-04-25,Kandy,29.6,66,0.0,Sunny
2023-04-25,Kirulapane,31.4,71,0.0,Sunny
2023-04-25,Wattala,31.4,74,0.7,Drizzle
2023-04-25,Colombo,32.6,77,0.0,Sunny
2023-04-25,Pelawatte,31.9,74,0.0,Sunny
2023-04-25,Malabe,33.6,80,0.0,Sunny
2023-04-26,Nugegoda,32.9,71,0.0,Sunny
2023-04-26,Maharagama,33.2,73,0.0,Sunny
2023-04-26,Kandy,28.4,73,0.0,Sunny
2023-04-26,Kirulapane,33.8,69,0.0,Sunny
2023-04-26,Wattala,32.4,71,0.0,Sunny
2023-04-26,Colombo,31.3,79,5.1,Drizzle
2023-04-26,Pelawatte,32.2,66,1.2,Drizzle
2023-04-26,Malabe,34.8,72,0.0,Sunny
2023-04-27,Nugegoda,33.7,74,0.0,Sunny
2023-04-27,Maharagama,33.4,67,0.0,Sunny
2023-04-27,Kandy,29.7,71,0.0,Sunny
2023-04-27,Kirulapane,33.6,77,0.0,Sunny
2023-04-27,Wattala,31.2,78,2.5,Drizzle
2023-04-27,Colombo,31.5,70,0.0,Sunny
2023-04-27,Pelawatte,32.7,76,0.0,Sunny
2023-04-27,Malabe,34.5,81,0.0,Sunny
2023-04-28,Nugegoda,33.1,68,0.0,Sunny
2023-04-28,Maharagama,32.5,72,18.1,Rainy
2023-04-28,Kandy,29.9,73,0.0,Sunny
2023-04-28,Kirulapane,31.7,75,1.3,Drizzle
2023-04-28,Wattala,35.4,81,0.0,Sunny
2023-04-28,Colombo,34.6,82,0.0,Sunny
2023-04-28,Pelawatte,30.2,72,0.0,Sunny
2023-04-28,Malabe,34.9,70,0.0,Sunny
2023-04-29,Nugegoda,30.3,76,0.0,Sunny
2023-04-29,Maharagama,34.7,76,1.6,Drizzle
2023-04-29,Kandy,28.2,74,0.0,Sunny
2023-04-29,Kirulapane,32.6,72,0.0,Sunny
2023-04-29,Wattala,32.8,75,0.0,Sunny
2023-04-29,Colombo,33.2,86,0.0,Cloudy
2023-04-29,Pelawatte,31.5,62,0.0,Sunny
2023-04-29,Malabe,32.7,77,7.8,Drizzle
2023-04-30,Nugegoda,32.6,79,1.7,Drizzle
2023-04-30,Maharagama,31.3,84,0.0,Sunny
2023-04-30,Kandy,29.6,72,7.4,Drizzle
2023-04-30,Kirulapane,33.8,83,0.0,Sunny
2023-04-30,Wattala,31.2,73,0.0,Sunny
2023-04-30,Colombo,35.3,70,3.0,Drizzle
2023-04-30,Pelawatte,31.8,75,0.0,Sunny
2023-04-30,Malabe,32.2,82,0.0,Sunny
2023-05-01,Nugegoda,32.7,77,0.0,Sunny
2023-05-01,Maharagama,35.7,91,0.0,Cloudy
2023-05-01,Kandy,28.1,86,0.0,Cloudy
2023-05-01,Kirulapane,35.4,88,2.2,Drizzle
2023-05-01,Wattala,33.7,79,8.1,Drizzle
2023-05-01,Colombo,33.2,77,13.8,Rainy
2023-05-01,Pelawatte,31.9,75,0.0,Sunny
2023-05-01,Malabe,31.8,75,39.2,Storm
2023-05-02,Nugegoda,31.4,87,0.0,Cloudy
2023-05-02,Maharagama,31.5,92,0.0,Cloudy
2023-05-02,Kandy,27.3,79,5.9,Drizzle
2023-05-02,Kirulapane,35.9,93,17.2,Rainy
2023-05-02,Wattala,34.5,77,10.4,Rainy
2023-05-02,Colombo,32.3,84,0.0,Sunny
2023-05-02,Pelawatte,33.2,87,0.0,Cloudy
2023-05-02,Malabe,32.7,77,4.8,Drizzle
2023-05-03,Nugegoda,35.4,75,28.7,Rainy
2023-05-03,Maharagama,32.9,81,10.8,Rainy
2023-05-03,Kandy,28.9,79,0.0,Sunny
2023-05-03,Kirulapane,32.5,78,0.0,Sunny
2023-05-03,Wattala,34.9,79,7.4,Drizzle
2023-05-03,Colombo,31.7,78,5.5,Drizzle
2023-05-03,Pelawatte,32.7,78,0.0,Sunny
2023-05-03,Malabe,32.3,78,6.4,Drizzle
2023-05-04,Nugegoda,33.5,72,5.1,Drizzle
2023-05-04,Maharagama,34.5,80,0.0,Sunny
2023-05-04,Kandy,29.7,93,0.0,Cloudy
2023-05-04,Kirulapane,33.1,90,0.0,Cloudy
2023-05-04,Wattala,34.1,84,0.0,Sunny
2023-05-04,Colombo,33.9,83,0.0,Sunny
2023-05-04,Pelawatte,30.3,82,1.2,Drizzle
2023-05-04,Malabe,35.0,83,6.4,Drizzle
2023-05-05,Nugegoda,32.3,92,0.0,Cloudy
2023-05-05,Maharagama,31.2,74,0.0,Sunny
2023-05-05,Kandy,28.3,83,1.2,Drizzle
2023-05-05,Kirulapane,33.4,92,6.7,Drizzle
2023-05-05,Wattala,32.1,76,18.7,Rainy
2023-05-05,Colombo,33.0,85,0.7,Drizzle
2023-05-05,Pelawatte,30.8,85,4.5,Drizzle
2023-05-05,Malabe,33.4,78,0.0,Sunny
2023-05-06,Nugegoda,34.9,87,0.0,Cloudy
2023-05-06,Maharagama,35.6,77,12.1,Rainy
2023-05-06,Kandy,28.5,86,0.0,Cloudy
2023-05-06,Kirulapane,35.4,78,0.0,Sunny
2023-05-06,Wattala,33.7,90,2.3,Drizzle
2023-05-06,Colombo,31.9,79,46.0,Storm
2023-05-06,Pelawatte,31.0,86,0.0,Cloudy
2023-05-06,Malabe,34.3,82,15.7,Rainy
2023-05-07,Nugegoda,31.8,84,0.0,Sunny
2023-05-07,Maharagama,34.2,83,5.7,Drizzle
2023-05-07,Kandy,29.8,83,10.4,Rainy
2023-05-07,Kirulapane,30.9,85,0.0,Sunny
2023-05-07,Wattala,35.6,70,0.0,Sunny
2023-05-07,Colombo,33.4,88,0.0,Cloudy
2023-05-07,Pelawatte,33.3,86,13.1,Rainy
2023-05-07,Malabe,32.1,79,0.1,Drizzle
2023-05-08,Nugegoda,32.2,76,0.0,Sunny
2023-05-08,Maharagama,32.4,81,20.5,Rainy
2023-05-08,Kandy,27.3,79,17.0,Rainy
2023-05-08,Kirulapane,33.9,78,0.0,Sunny
2023-05-08,Wattala,31.5,86,0.0,Cloudy
2023-05-08,Colombo,33.5,82,0.0,Sunny
2023-05-08,Pelawatte,33.8,85,11.2,Rainy
2023-05-08,Malabe,31.4,79,0.0,Sunny
2023-05-09,Nugegoda,31.2,85,11.5,Rainy
2023-05-09,Maharagama,30.7,81,0.0,Sunny
2023-05-09,Kandy,28.7,80,7.5,Drizzle
2023-05-09,Kirulapane,31.7,82,0.0,Sunny
2023-05-09,Wattala,33.2,79,0.0,Sunny
2023-05-09,Colombo,33.9,78,5.4,Drizzle
2023-05-09,Pelawatte,32.0,76,0.0,Sunny
2023-05-09,Malabe,32.6,80,0.0,Sunny
2023-05-10,Nugegoda,33.8,89,0.0,Cloudy
2023-05-10,Maharagama,29.0,85,0.0,Sunny
2023-05-10,Kandy,28.3,82,12.4,Rainy
2023-05-10,Kirulapane,31.0,89,25.0,Rainy
2023-05-10,Wattala,32.0,83,0.0,Sunny
2023-05-10,Colombo,35.0,79,0.0,Sunny
2023-05-10,Pelawatte,28.7,82,29.6,Rainy
2023-05-10,Malabe,31.4,77,0.0,Sunny
2023-05-11,Nugegoda,33.2,80,0.0,Sunny
2023-05-11,Maharagama,32.6,83,0.1,Drizzle
2023-05-11,Kandy,30.4,78,3.0,Drizzle
2023-05-11,Kirulapane,32.6,83,14.2,Rainy
2023-05-11,Wattala,32.9,80,13.2,Rainy
2023-05-11,Colombo,33.0,83,10.5,Rainy
2023-05-11,Pelawatte,34.6,75,4.4,Drizzle
2023-05-11,Malabe,32.4,73,0.0,Sunny
2023-05-12,Nugegoda,33.4,81,22.0,Rainy
2023-05-12,Maharagama,34.2,79,30.8,Storm
2023-05-12,Kandy,29.7,83,0.0,Sunny
2023-05-12,Kirulapane,32.4,84,0.0,Sunny
2023-05-12,Wattala,35.6,79,0.3,Drizzle
2023-05-12,Colombo,31.9,74,12.0,Rainy
2023-05-12,Pelawatte,33.3,78,0.0,Sunny
2023-05-12,Malabe,30.7,87,0.0,Cloudy
2023-05-13,Nugegoda,35.0,77,32.7,Storm
2023-05-13,Maharagama,33.5,88,0.0,Cloudy
2023-05-13,Kandy,28.6,81,0.0,Sunny
2023-05-13,Kirulapane,34.3,80,0.0,Sunny
2023-05-13,Wattala,34.0,83,4.4,Drizzle
2023-05-13,Colombo,33.6,84,0.0,Sunny
2023-05-13,Pelawatte,32.3,80,0.0,Sunny
2023-05-13,Malabe,35.6,76,0.0,Sunny
2023-05-14,Nugegoda,33.9,79,1.2,Drizzle
2023-05-14,Maharagama,32.5,79,0.7,Drizzle
2023-05-14,Kandy,30.8,80,3.3,Drizzle
2023-05-14,Kirulapane,30.9,87,0.0,Cloudy
2023-05-14,Wattala,34.3,83,6.3,Drizzle
2023-05-14,Colombo,33.7,83,0.0,Sunny
2023-05-14,Pelawatte,33.4,77,8.4,Drizzle
2023-05-14,Malabe,32.4,90,0.0,Cloudy
2023-05-15,Nugegoda,32.0,95,0.0,Cloudy
2023-05-15,Maharagama,29.5,71,0.0,Sunny
2023-05-15,Kandy,30.5,82,12.6,Rainy
2023-05-15,Kirulapane,32.9,73,0.0,Sunny
2023-05-15,Wattala,34.2,91,2.3,Drizzle
2023-05-15,Colombo,32.4,80,6.7,Drizzle
2023-05-15,Pelawatte,33.5,80,0.0,Sunny
2023-05-15,Malabe,32.5,78,2.5,Drizzle
2023-05-16,Nugegoda,33.6,81,5.8,Drizzle
2023-05-16,Maharagama,32.1,79,8.3,Drizzle
2023-05-16,Kandy,29.3,75,0.0,Sunny
2023-05-16,Kirulapane,31.7,78,10.8,Rainy
2023-05-16,Wattala,34.0,79,0.0,Sunny
2023-05-16,Colombo,32.9,77,1.4,Drizzle
2023-05-16,Pelawatte,31.4,79,0.0,Sunny
2023-05-16,Malabe,34.2,92,2.3,Drizzle
2023-05-17,Nugegoda,32.5,82,0.0,Sunny
2023-05-17,Maharagama,32.8,77,46.4,Storm
2023-05-17,Kandy,30.4,82,0.0,Sunny
2023-05-17,Kirulapane,32.5,67,0.0,Sunny
2023-05-17,Wattala,33.9,80,0.4,Drizzle
2023-05-17,Colombo,33.3,67,0.0,Sunny
2023-05-17,Pelawatte,31.7,73,8.0,Drizzle
2023-05-17,Malabe,34.1,85,16.1,Rainy
2023-05-18,Nugegoda,31.8,85,0.0,Sunny
2023-05-18,Maharagama,31.8,72,0.0,Sunny
2023-05-18,Kandy,30.3,84,3.8,Drizzle
2023-05-18,Kirulapane,30.1,85,0.0,Sunny
2023-05-18,Wattala,31.3,84,13.2,Rainy
2023-05-18,Colombo,34.2,84,1.8,Drizzle
2023-05-18,Pelawatte,33.2,85,13.0,Rainy
2023-05-18,Malabe,34.9,79,0.0,Sunny
2023-05-19,Nugegoda,34.3,84,7.1,Drizzle
2023-05-19,Maharagama,32.7,76,3.7,Drizzle
2023-05-19,Kandy,29.2,81,5.8,Drizzle
2023-05-19,Kirulapane,32.8,88,0.0,Cloudy
2023-05-19,Wattala,29.7,80,7.8,Drizzle
2023-05-19,Colombo,33.5,81,0.0,Sunny
2023-05-19,Pelawatte,33.8,84,0.0,Sunny
2023-05-19,Malabe,32.7,75,0.5,Drizzle
2023-05-20,Nugegoda,30.9,81,21.8,Rainy
2023-05-20,Maharagama,32.6,76,8.8,Drizzle
2023-05-20,Kandy,29.6,82,0.0,Sunny
2023-05-20,Kirulapane,31.7,80,0.0,Sunny
2023-05-20,Wattala,33.9,89,0.5,Drizzle
2023-05-20,Colombo,33.5,88,0.0,Cloudy
2023-05-20,Pelawatte,30.0,85,0.0,Sunny
2023-05-20,Malabe,33.3,77,14.8,Rainy
2023-05-21,Nugegoda,31.8,79,1.0,Drizzle
2023-05-21,Maharagama,32.3,83,5.1,Drizzle
2023-05-21,Kandy,28.5,73,15.0,Rainy
2023-05-21,Kirulapane,32.2,83,0.0,Sunny
2023-05-21,Wattala,30.7,82,0.0,Sunny
2023-05-21,Colombo,34.1,86,0.0,Cloudy
2023-05-21,Pelawatte,33.1,91,11.9,Rainy
2023-05-21,Malabe,35.0,86,2.7,Drizzle
2023-05-22,Nugegoda,31.9,73,7.1,Drizzle
2023-05-22,Maharagama,31.6,88,2.1,Drizzle
2023-05-22,Kandy,28.3,78,0.0,Sunny
2023-05-22,Kirulapane,35.3,80,0.0,Sunny
2023-05-22,Wattala,33.8,83,0.0,Sunny
2023-05-22,Colombo,32.8,89,3.6,Drizzle
2023-05-22,Pelawatte,33.7,80,0.0,Sunny
2023-05-22,Malabe,29.9,88,0.0,Cloudy
2023-05-23,Nugegoda,30.2,85,0.0,Sunny
2023-05-23,Maharagama,29.9,76,0.0,Sunny
2023-05-23,Kandy,26.7,84,0.0,Sunny
2023-05-23,Kirulapane,31.5,72,0.6,Drizzle
2023-05-23,Wattala,32.5,83,0.0,Sunny
2023-05-23,Colombo,34.1,82,17.8,Rainy
2023-05-23,Pelawatte,31.4,84,12.9,Rainy
2023-05-23,Malabe,33.1,89,26.8,Rainy
2023-05-24,Nugegoda,31.1,77,0.0,Sunny
2023-05-24,Maharagama,33.9,80,0.0,Sunny
2023-05-24,Kandy,33.7,86,4.8,Drizzle
2023-05-24,Kirulapane,33.6,79,0.0,Sunny
2023-05-24,Wattala,35.9,80,0.0,Sunny
2023-05-24,Colombo,36.4,85,16.3,Rainy
2023-05-24,Pelawatte,31.3,77,0.0,Sunny
2023-05-24,Malabe,32.0,81,5.6,Drizzle
2023-05-25,Nugegoda,32.3,82,15.0,Rainy
2023-05-25,Maharagama,32.0,80,4.9,Drizzle
2023-05-25,Kandy,29.0,83,3.1,Drizzle
2023-05-25,Kirulapane,34.9,85,12.6,Rainy
2023-05-25,Wattala,32.9,76,1.7,Drizzle
2023-05-25,Colombo,34.5,72,0.0,Sunny
2023-05-25,Pelawatte,33.5,86,1.0,Drizzle
2023-05-25,Malabe,32.4,73,0.0,Sunny
2023-05-26,Nugegoda,31.2,83,0.0,Sunny
2023-05-26,Maharagama,32.8,79,8.2,Drizzle
2023-05-26,Kandy,30.9,83,16.2,Rainy
2023-05-26,Kirulapane,33.0,81,0.0,Sunny
2023-05-26,Wattala,32.6,79,0.0,Sunny
2023-05-26,Colombo,36.9,82,3.3,Drizzle
2023-05-26,Pelawatte,34.9,83,3.7,Drizzle
2023-05-26,Malabe,30.3,78,0.0,Sunny
2023-05-27,Nugegoda,33.5,83,2.2,Drizzle
2023-05-27,Maharagama,32.7,75,0.0,Sunny
2023-05-27,Kandy,30.1,81,0.5,Drizzle
2023-05-27,Kirulapane,32.4,72,0.0,Sunny
2023-05-27,Wattala,34.8,85,0.0,Sunny
2023-05-27,Colombo,31.3,92,0.0,Cloudy
2023-05-27,Pelawatte,34.9,77,3.1,Drizzle
2023-05-27,Malabe,31.4,75,4.3,Drizzle
2023-05-28,Nugegoda,32.7,78,8.4,Drizzle
2023-05-28,Maharagama,36.6,80,0.0,Sunny
2023-05-28,Kandy,29.5,92,0.0,Cloudy
2023-05-28,Kirulapane,33.3,85,6.0,Drizzle
2023-05-28,Wattala,30.3,82,0.0,Sunny
2023-05-28,Colombo,34.3,77,0.0,Sunny
2023-05-28,Pelawatte,33.2,82,0.0,Sunny
2023-05-28,Malabe,32.7,78,40.6,Storm
2023-05-29,Nugegoda,31.5,82,3.0,Drizzle
2023-05-29,Maharagama,31.4,76,0.5,Drizzle
2023-05-29,Kandy,29.6,86,0.0,Cloudy
2023-05-29,Kirulapane,33.9,83,0.0,Sunny
2023-05-29,Wattala,32.8,83,0.9,Drizzle
2023-05-29,Colombo,33.4,76,0.0,Sunny
2023-05-29,Pelawatte,31.5,73,0.0,Sunny
2023-05-29,Malabe,33.0,73,14.4,Rainy
2023-05-30,Nugegoda,33.3,82,19.1,Rainy
2023-05-30,Maharagama,30.3,83,7.2,Drizzle
2023-05-30,Kandy,30.8,84,38.5,Storm
2023-05-30,Kirulapane,33.4,93,0.0,Cloudy
2023-05-30,Wattala,32.3,79,0.0,Sunny
2023-05-30,Colombo,33.3,92,10.9,Rainy
2023-05-30,Pelawatte,29.8,80,36.6,Storm
2023-05-30,Malabe,32.7,72,1.4,Drizzle
2023-05-31,Nugegoda,32.3,78,16.2,Rainy
2023-05-31,Maharagama,33.2,73,0.0,Sunny
2023-05-31,Kandy,30.7,80,0.0,Sunny
2023-05-31,Kirulapane,30.1,82,0.0,Sunny
2023-05-31,Wattala,31.8,87,50.9,Storm
2023-05-31,Colombo,30.3,75,12.2,Rainy
2023-05-31,Pelawatte,34.0,86,0.0,Cloudy
2023-05-31,Malabe,33.4,84,8.0,Drizzle
2023-06-01,Nugegoda,30.0,93,0.0,Cloudy
2023-06-01,Maharagama,28.6,86,2.8,Drizzle
2023-06-01,Kandy,23.8,80,8.3,Drizzle
2023-06-01,Kirulapane,29.3,86,23.2,Rainy
2023-06-01,Wattala,28.4,82,12.0,Rainy
2023-06-01,Colombo,30.2,82,0.1,Drizzle
2023-06-01,Pelawatte,28.4,93,5.1,Drizzle
2023-06-01,Malabe,28.2,82,16.8,Rainy
2023-06-02,Nugegoda,25.4,82,4.4,Drizzle
2023-06-02,Maharagama,29.1,87,25.9,Rainy
2023-06-02,Kandy,25.8,85,0.0,Sunny
2023-06-02,Kirulapane,28.9,77,0.0,Sunny
2023-06-02,Wattala,31.9,85,0.0,Sunny
2023-06-02,Colombo,28.8,76,0.0,Sunny
2023-06-02,Pelawatte,30.3,80,1.5,Drizzle
2023-06-02,Malabe,31.1,90,23.6,Rainy
2023-06-03,Nugegoda,32.0,93,0.0,Cloudy
2023-06-03,Maharagama,29.1,85,31.9,Storm
2023-06-03,Kandy,24.6,86,31.6,Storm
2023-06-03,Kirulapane,27.6,90,0.0,Cloudy
2023-06-03,Wattala,27.6,80,0.0,Sunny
2023-06-03,Colombo,29.8,85,0.0,Sunny
2023-06-03,Pelawatte,27.2,77,0.0,Sunny
2023-06-03,Malabe,31.6,75,25.7,Rainy
2023-06-04,Nugegoda,31.6,80,22.3,Rainy
2023-06-04,Maharagama,31.2,81,7.9,Drizzle
2023-06-04,Kandy,26.8,70,13.5,Rainy
2023-06-04,Kirulapane,27.7,88,10.2,Rainy
2023-06-04,Wattala,28.0,79,13.5,Rainy
2023-06-04,Colombo,28.5,81,5.1,Drizzle
2023-06-04,Pelawatte,29.8,84,8.2,Drizzle
2023-06-04,Malabe,32.8,77,3.0,Drizzle
2023-06-05,Nugegoda,28.6,82,0.0,Sunny
2023-06-05,Maharagama,30.9,76,12.2,Rainy
2023-06-05,Kandy,27.1,75,0.9,Drizzle
2023-06-05,Kirulapane,29.4,78,16.9,Rainy
2023-06-05,Wattala,28.8,71,35.0,Storm
2023-06-05,Colombo,28.8,83,19.9,Rainy
2023-06-05,Pelawatte,29.5,82,0.0,Sunny
2023-06-05,Malabe,30.1,85,0.0,Sunny
2023-06-06,Nugegoda,28.0,86,1.6,Drizzle
2023-06-06,Maharagama,30.0,81,8.3,Drizzle
2023-06-06,Kandy,28.0,89,0.0,Cloudy
2023-06-06,Kirulapane,31.3,77,42.9,Storm
2023-06-06,Wattala,28.5,76,1.2,Drizzle
2023-06-06,Colombo,28.0,75,0.0,Sunny
2023-06-06,Pelawatte,27.9,78,0.0,Sunny
2023-06-06,Malabe,28.9,82,0.0,Sunny
2023-06-07,Nugegoda,29.3,81,0.0,Sunny
2023-06-07,Maharagama,30.0,94,0.0,Cloudy
2023-06-07,Kandy,26.8,74,14.7,Rainy
2023-06-07,Kirulapane,29.1,79,2.2,Drizzle
2023-06-07,Wattala,29.5,77,4.5,Drizzle
2023-06-07,Colombo,26.0,77,0.0,Sunny
2023-06-07,Pelawatte,29.8,81,0.0,Sunny
2023-06-07,Malabe,27.7,86,8.5,Drizzle
2023-06-08,Nugegoda,26.1,84,0.0,Sunny
2023-06-08,Maharagama,30.0,77,17.7,Rainy
2023-06-08,Kandy,25.0,74,0.5,Drizzle
2023-06-08,Kirulapane,30.1,78,11.2,Rainy
2023-06-08,Wattala,28.0,77,0.0,Sunny
2023-06-08,Colombo,28.1,76,0.0,Sunny
2023-06-08,Pelawatte,26.8,93,27.6,Rainy
2023-06-08,Malabe,30.1,77,0.0,Sunny
2023-06-09,Nugegoda,30.4,83,7.3,Drizzle
2023-06-09,Maharagama,30.2,84,1.8,Drizzle
2023-06-09,Kandy,26.7,83,0.0,Sunny
2023-06-09,Kirulapane,28.6,80,3.6,Drizzle
2023-06-09,Wattala,29.0,77,0.9,Drizzle
2023-06-09,Colombo,28.5,74,0.0,Sunny
2023-06-09,Pelawatte,31.6,84,0.0,Sunny
2023-06-09,Malabe,28.2,81,0.0,Sunny
2023-06-10,Nugegoda,24.7,78,18.2,Rainy
2023-06-10,Maharagama,30.2,89,32.8,Storm
2023-06-10,Kandy,28.0,80,5.7,Drizzle
2023-06-10,Kirulapane,28.3,85,4.1,Drizzle
2023-06-10,Wattala,27.4,85,3.1,Drizzle
2023-06-10,Colombo,30.6,76,26.4,Rainy
2023-06-10,Pelawatte,30.4,84,9.4,Drizzle
2023-06-10,Malabe,26.1,85,0.0,Sunny
2023-06-11,Nugegoda,32.1,79,0.0,Sunny
2023-06-11,Maharagama,29.9,86,0.0,Cloudy
2023-06-11,Kandy,27.4,83,10.4,Rainy
2023-06-11,Kirulapane,28.4,88,10.7,Rainy
2023-06-11,Wattala,29.5,83,14.2,Rainy
2023-06-11,Colombo,28.6,87,0.0,Cloudy
2023-06-11,Pelawatte,26.0,89,0.0,Cloudy
2023-06-11,Malabe,31.9,81,23.0,Rainy
2023-06-12,Nugegoda,28.1,76,6.9,Drizzle
2023-06-12,Maharagama,28.8,83,5.8,Drizzle
2023-06-12,Kandy,24.6,91,0.0,Cloudy
2023-06-12,Kirulapane,29.0,86,12.4,Rainy
2023-06-12,Wattala,29.2,80,0.0,Sunny
2023-06-12,Colombo,27.2,78,0.0,Sunny
2023-06-12,Pelawatte,31.8,77,0.0,Sunny
2023-06-12,Malabe,30.9,80,0.0,Sunny
2023-06-13,Nugegoda,27.0,84,6.5,Drizzle
2023-06-13,Maharagama,29.2,85,0.0,Sunny
2023-06-13,Kandy,27.8,74,0.0,Sunny
2023-06-13,Kirulapane,29.0,79,7.0,Drizzle
2023-06-13,Wattala,27.8,86,2.9,Drizzle
2023-06-13,Colombo,27.7,76,0.0,Sunny
2023-06-13,Pelawatte,25.9,80,5.6,Drizzle
2023-06-13,Malabe,29.4,81,0.0,Sunny
2023-06-14,Nugegoda,29.9,86,0.0,Cloudy
2023-06-14,Maharagama,27.7,90,0.0,Cloudy
2023-06-14,Kandy,26.7,79,16.2,Rainy
2023-06-14,Kirulapane,28.5,75,0.0,Sunny
2023-06-14,Wattala,30.0,84,0.0,Sunny
2023-06-14,Colombo,31.3,83,0.0,Sunny
2023-06-14,Pelawatte,29.1,76,0.0,Sunny
2023-06-14,Malabe,27.9,73,19.6,Rainy
2023-06-15,Nugegoda,28.6,81,1.2,Drizzle
2023-06-15,Maharagama,27.5,85,32.8,Storm
2023-06-15,Kandy,21.7,87,0.0,Cloudy
2023-06-15,Kirulapane,28.3,91,1.7,Drizzle
2023-06-15,Wattala,28.7,86,0.9,Drizzle
2023-06-15,Colombo,32.2,84,3.9,Drizzle
2023-06-15,Pelawatte,29.9,87,0.0,Cloudy
2023-06-15,Malabe,29.8,81,0.0,Sunny
2023-06-16,Nugegoda,26.4,85,0.0,Sunny
2023-06-16,Maharagama,28.6,88,0.0,Cloudy
2023-06-16,Kandy,28.3,86,2.7,Drizzle
2023-06-16,Kirulapane,26.4,89,0.0,Cloudy
2023-06-16,Wattala,26.6,82,0.0,Sunny
2023-06-16,Colombo,30.6,80,0.8,Drizzle
2023-06-16,Pelawatte,29.4,80,1.6,Drizzle
2023-06-16,Malabe,27.1,84,0.0,Sunny
2023-06-17,Nugegoda,27.8,80,0.0,Sunny
2023-06-17,Maharagama,30.7,87,12.2,Rainy
2023-06-17,Kandy,31.4,82,12.1,Rainy
2023-06-17,Kirulapane,30.6,88,0.0,Cloudy
2023-06-17,Wattala,28.4,79,0.0,Sunny
2023-06-17,Colombo,29.2,82,9.7,Drizzle
2023-06-17,Pelawatte,28.3,80,27.5,Rainy
2023-06-17,Malabe,28.6,88,0.0,Cloudy
2023-06-18,Nugegoda,30.0,89,0.0,Cloudy
2023-06-18,Maharagama,28.7,79,0.0,Sunny
2023-06-18,Kandy,26.0,71,0.0,Sunny
2023-06-18,Kirulapane,25.9,77,15.9,Rainy
2023-06-18,Wattala,31.5,87,0.0,Cloudy
2023-06-18,Colombo,28.5,79,0.0,Sunny
2023-06-18,Pelawatte,29.5,78,0.0,Sunny
2023-06-18,Malabe,28.1,80,6.3,Drizzle
2023-06-19,Nugegoda,29.1,82,0.0,Sunny
2023-06-19,Maharagama,30.5,82,7.2,Drizzle
2023-06-19,Kandy,26.3,80,3.9,Drizzle
2023-06-19,Kirulapane,31.3,89,0.0,Cloudy
2023-06-19,Wattala,30.3,85,30.4,Storm
2023-06-19,Colombo,31.1,84,16.8,Rainy
2023-06-19,Pelawatte,27.7,76,7.8,Drizzle
2023-06-19,Malabe,27.5,81,1.6,Drizzle
2023-06-20,Nugegoda,31.6,80,0.0,Sunny
2023-06-20,Maharagama,26.8,95,0.0,Cloudy
2023-06-20,Kandy,25.4,80,0.0,Sunny
2023-06-20,Kirulapane,31.2,81,0.0,Sunny
2023-06-20,Wattala,29.1,75,7.0,Drizzle
2023-06-20,Colombo,30.9,70,48.3,Storm
2023-06-20,Pelawatte,28.7,80,0.0,Sunny
2023-06-20,Malabe,29.0,93,0.0,Cloudy
2023-06-21,Nugegoda,28.9,87,7.2,Drizzle
2023-06-21,Maharagama,28.8,82,25.7,Rainy
2023-06-21,Kandy,27.2,83,0.0,Sunny
2023-06-21,Kirulapane,27.6,82,2.2,Drizzle
2023-06-21,Wattala,28.0,80,20.3,Rainy
2023-06-21,Colombo,27.7,84,0.0,Sunny
2023-06-21,Pelawatte,27.9,66,9.2,Drizzle
2023-06-21,Malabe,31.2,81,20.3,Rainy
2023-06-22,Nugegoda,26.5,80,2.0,Drizzle
2023-06-22,Maharagama,27.5,75,0.0,Sunny
2023-06-22,Kandy,24.1,86,0.0,Cloudy
2023-06-22,Kirulapane,30.5,80,0.0,Sunny
2023-06-22,Wattala,29.0,84,0.0,Sunny
2023-06-22,Colombo,29.9,77,0.0,Sunny
2023-06-22,Pelawatte,31.1,84,15.5,Rainy
2023-06-22,Malabe,25.5,85,0.0,Sunny
2023-06-23,Nugegoda,27.4,83,0.0,Sunny
2023-06-23,Maharagama,27.2,75,1.1,Drizzle
2023-06-23,Kandy,25.6,80,5.6,Drizzle
2023-06-23,Kirulapane,28.8,83,6.5,Drizzle
2023-06-23,Wattala,30.5,78,0.6,Drizzle
2023-06-23,Colombo,28.1,78,59.5,Storm
2023-06-23,Pelawatte,27.4,83,0.0,Sunny
2023-06-23,Malabe,29.0,89,12.0,Rainy
2023-06-24,Nugegoda,29.9,72,3.6,Drizzle
2023-06-24,Maharagama,30.6,75,2.0,Drizzle
2023-06-24,Kandy,27.6,83,0.0,Sunny
2023-06-24,Kirulapane,30.8,73,0.0,Sunny
2023-06-24,Wattala,29.2,86,33.0,Storm
2023-06-24,Colombo,29.7,79,0.7,Drizzle
2023-06-24,Pelawatte,29.5,85,5.5,Drizzle
2023-06-24,Malabe,29.7,79,11.1,Rainy
2023-06-25,Nugegoda,27.8,71,0.0,Sunny
2023-06-25,Maharagama,28.0,80,29.1,Rainy
2023-06-25,Kandy,23.6,76,2.7,Drizzle
2023-06-25,Kirulapane,28.7,83,12.1,Rainy
2023-06-25,Wattala,28.5,87,12.9,Rainy
2023-06-25,Colombo,31.2,77,3.5,Drizzle
2023-06-25,Pelawatte,28.4,76,20.7,Rainy
2023-06-25,Malabe,29.6,80,0.0,Sunny
2023-06-26,Nugegoda,31.2,76,0.0,Sunny
2023-06-26,Maharagama,30.9,77,4.4,Drizzle
2023-06-26,Kandy,26.8,79,0.0,Sunny
2023-06-26,Kirulapane,34.1,80,14.3,Rainy
2023-06-26,Wattala,25.0,83,0.0,Sunny
2023-06-26,Colombo,29.4,76,26.0,Rainy
2023-06-26,Pelawatte,30.1,83,0.0,Sunny
2023-06-26,Malabe,30.1,79,6.0,Drizzle
2023-06-27,Nugegoda,27.9,84,16.9,Rainy
2023-06-27,Maharagama,26.5,83,0.0,Sunny
2023-06-27,Kandy,27.0,92,3.0,Drizzle
2023-06-27,Kirulapane,27.8,87,0.0,Cloudy
2023-06-27,Wattala,32.0,80,31.7,Storm
2023-06-27,Colombo,28.6,76,0.8,Drizzle
2023-06-27,Pelawatte,28.5,89,0.0,Cloudy
2023-06-27,Malabe,30.3,79,9.2,Drizzle
2023-06-28,Nugegoda,31.4,82,0.0,Sunny
2023-06-28,Maharagama,27.4,77,8.0,Drizzle
2023-06-28,Kandy,28.3,83,6.0,Drizzle
2023-06-28,Kirulapane,31.1,69,6.0,Drizzle
2023-06-28,Wattala,28.1,79,0.0,Sunny
2023-06-28,Colombo,29.5,88,37.5,Storm
2023-06-28,Pelawatte,28.9,74,45.5,Storm
2023-06-28,Malabe,29.8,85,2.5,Drizzle
2023-06-29,Nugegoda,28.0,88,9.1,Drizzle
2023-06-29,Maharagama,31.3,89,0.0,Cloudy
2023-06-29,Kandy,25.2,83,7.3,Drizzle
2023-06-29,Kirulapane,27.1,87,0.0,Cloudy
2023-06-29,Wattala,28.7,76,0.0,Sunny
2023-06-29,Colombo,29.4,72,0.0,Sunny
2023-06-29,Pelawatte,30.5,80,0.5,Drizzle
2023-06-29,Malabe,28.4,77,0.0,Sunny
2023-06-30,Nugegoda,27.6,83,0.0,Sunny
2023-06-30,Maharagama,29.0,89,0.0,Cloudy
2023-06-30,Kandy,24.5,84,0.0,Sunny
2023-06-30,Kirulapane,29.3,86,9.3,Drizzle
2023-06-30,Wattala,30.3,81,0.0,Sunny
2023-06-30,Colombo,29.4,78,0.0,Sunny
2023-06-30,Pelawatte,27.3,72,9.5,Drizzle
2023-06-30,Malabe,27.6,80,0.0,Sunny
2023-07-01,Nugegoda,28.8,90,0.0,Cloudy
2023-07-01,Maharagama,30.1,93,2.3,Drizzle
2023-07-01,Kandy,23.9,71,48.6,Storm
2023-07-01,Kirulapane,29.7,85,26.4,Rainy
2023-07-01,Wattala,29.7,83,0.0,Sunny
2023-07-01,Colombo,31.5,80,10.5,Rainy
2023-07-01,Pelawatte,28.2,76,0.0,Sunny
2023-07-01,Malabe,27.8,75,0.0,Sunny
2023-07-02,Nugegoda,29.7,85,0.0,Sunny
2023-07-02,Maharagama,28.7,86,0.0,Cloudy
2023-07-02,Kandy,26.1,81,5.7,Drizzle
2023-07-02,Kirulapane,28.8,84,20.4,Rainy
2023-07-02,Wattala,27.5,76,10.9,Rainy
2023-07-02,Colombo,29.0,82,33.0,Storm
2023-07-02,Pelawatte,30.0,85,6.9,Drizzle
2023-07-02,Malabe,27.2,79,39.9,Storm
2023-07-03,Nugegoda,27.5,77,53.7,Storm
2023-07-03,Maharagama,27.5,72,0.0,Sunny
2023-07-03,Kandy,25.6,78,36.4,Storm
2023-07-03,Kirulapane,30.6,86,17.0,Rainy
2023-07-03,Wattala,25.5,81,6.4,Drizzle
2023-07-03,Colombo,28.8,78,22.1,Rainy
2023-07-03,Pelawatte,29.3,76,13.6,Rainy
2023-07-03,Malabe,29.1,74,0.0,Sunny
2023-07-04,Nugegoda,27.2,82,0.0,Sunny
2023-07-04,Maharagama,28.4,82,1.1,Drizzle
2023-07-04,Kandy,25.5,73,5.6,Drizzle
2023-07-04,Kirulapane,29.4,86,0.0,Cloudy
2023-07-04,Wattala,27.7,82,7.5,Drizzle
2023-07-04,Colombo,28.3,84,0.0,Sunny
2023-07-04,Pelawatte,27.4,74,0.0,Sunny
2023-07-04,Malabe,28.4,79,13.8,Rainy
2023-07-05,Nugegoda,31.3,75,9.2,Drizzle
2023-07-05,Maharagama,26.6,83,0.0,Sunny
2023-07-05,Kandy,25.9,80,0.0,Sunny
2023-07-05,Kirulapane,28.1,78,3.0,Drizzle
2023-07-05,Wattala,28.7,79,0.0,Sunny
2023-07-05,Colombo,28.1,71,0.0,Sunny
2023-07-05,Pelawatte,29.7,82,0.0,Sunny
2023-07-05,Malabe,29.9,75,0.0,Sunny
2023-07-06,Nugegoda,29.3,82,1.3,Drizzle
2023-07-06,Maharagama,29.6,81,0.0,Sunny
2023-07-06,Kandy,26.6,82,5.8,Drizzle
2023-07-06,Kirulapane,29.5,84,1.4,Drizzle
2023-07-06,Wattala,28.7,82,4.3,Drizzle
2023-07-06,Colombo,29.2,89,0.0,Cloudy
2023-07-06,Pelawatte,32.0,80,8.6,Drizzle
2023-07-06,Malabe,28.8,85,0.0,Sunny
2023-07-07,Nugegoda,30.3,79,8.3,Drizzle
2023-07-07,Maharagama,30.0,71,0.0,Sunny
2023-07-07,Kandy,28.3,85,0.0,Sunny
2023-07-07,Kirulapane,28.8,85,16.2,Rainy
2023-07-07,Wattala,28.8,76,0.0,Sunny
2023-07-07,Colombo,30.4,75,5.3,Drizzle
2023-07-07,Pelawatte,25.9,88,0.0,Cloudy
2023-07-07,Malabe,29.2,79,19.1,Rainy
2023-07-08,Nugegoda,27.3,74,20.3,Rainy
2023-07-08,Maharagama,28.4,80,0.0,Sunny
2023-07-08,Kandy,27.7,90,15.0,Rainy
2023-07-08,Kirulapane,28.8,78,3.3,Drizzle
2023-07-08,Wattala,29.8,83,4.0,Drizzle
2023-07-08,Colombo,28.6,80,0.0,Sunny
2023-07-08,Pelawatte,29.6,72,0.0,Sunny
2023-07-08,Malabe,27.0,79,2.2,Drizzle
2023-07-09,Nugegoda,28.3,79,17.2,Rainy
2023-07-09,Maharagama,33.1,88,5.3,Drizzle
2023-07-09,Kandy,25.6,91,0.0,Cloudy
2023-07-09,Kirulapane,29.4,81,4.1,Drizzle
2023-07-09,Wattala,26.1,77,0.0,Sunny
2023-07-09,Colombo,28.3,79,0.0,Sunny
2023-07-09,Pelawatte,31.1,79,0.0,Sunny
2023-07-09,Malabe,29.4,75,16.3,Rainy
2023-07-10,Nugegoda,30.9,90,0.0,Cloudy
2023-07-10,Maharagama,29.0,81,3.8,Drizzle
2023-07-10,Kandy,23.7,84,21.9,Rainy
2023-07-10,Kirulapane,32.3,80,19.0,Rainy
2023-07-10,Wattala,29.4,84,1.9,Drizzle
2023-07-10,Colombo,29.5,87,11.3,Rainy
2023-07-10,Pelawatte,28.8,83,0.0,Sunny
2023-07-10,Malabe,31.5,82,7.1,Drizzle
2023-07-11,Nugegoda,27.9,92,11.3,Rainy
2023-07-11,Maharagama,28.3,84,0.0,Sunny
2023-07-11,Kandy,25.6,89,0.0,Cloudy
2023-07-11,Kirulapane,27.3,75,4.9,Drizzle
2023-07-11,Wattala,31.9,81,0.0,Sunny
2023-07-11,Colombo,31.4,76,0.0,Sunny
2023-07-11,Pelawatte,28.1,80,27.0,Rainy
2023-07-11,Malabe,30.7,88,0.0,Cloudy
2023-07-12,Nugegoda,29.4,88,22.6,Rainy
2023-07-12,Maharagama,28.3,85,11.3,Rainy
2023-07-12,Kandy,25.7,77,20.4,Rainy
2023-07-12,Kirulapane,28.2,81,13.4,Rainy
2023-07-12,Wattala,29.1,83,3.0,Drizzle
2023-07-12,Colombo,29.2,81,3.0,Drizzle
2023-07-12,Pelawatte,25.9,88,17.5,Rainy
2023-07-12,Malabe,28.4,86,0.0,Cloudy
2023-07-13,Nugegoda,26.4,83,3.8,Drizzle
2023-07-13,Maharagama,27.2,82,20.0,Rainy
2023-07-13,Kandy,24.8,80,7.7,Drizzle
2023-07-13,Kirulapane,31.3,78,0.0,Sunny
2023-07-13,Wattala,27.9,84,32.9,Storm
2023-07-13,Colombo,28.1,70,0.0,Sunny
2023-07-13,Pelawatte,29.8,80,4.8,Drizzle
2023-07-13,Malabe,26.8,84,19.2,Rainy
2023-07-14,Nugegoda,27.9,86,13.7,Rainy
2023-07-14,Maharagama,29.8,90,0.0,Cloudy
2023-07-14,Kandy,24.8,82,13.3,Rainy
2023-07-14,Kirulapane,25.2,75,23.6,Rainy
2023-07-14,Wattala,30.3,75,1.5,Drizzle
2023-07-14,Colombo,29.3,82,4.1,Drizzle
2023-07-14,Pelawatte,26.5,85,0.0,Sunny
2023-07-14,Malabe,28.5,83,0.0,Sunny
2023-07-15,Nugegoda,27.3,77,23.7,Rainy
2023-07-15,Maharagama,26.3,77,11.1,Rainy
2023-07-15,Kandy,25.0,78,0.0,Sunny
2023-07-15,Kirulapane,26.5,78,0.7,Drizzle
2023-07-15,Wattala,31.0,82,0.0,Sunny
2023-07-15,Colombo,29.8,74,23.2,Rainy
2023-07-15,Pelawatte,30.0,81,0.0,Sunny
2023-07-15,Malabe,28.0,77,2.4,Drizzle
2023-07-16,Nugegoda,31.1,92,0.0,Cloudy
2023-07-16,Maharagama,29.8,82,2.2,Drizzle
2023-07-16,Kandy,23.9,76,0.0,Sunny
2023-07-16,Kirulapane,31.4,82,6.0,Drizzle
2023-07-16,Wattala,30.5,79,22.7,Rainy
2023-07-16,Colombo,27.9,76,20.9,Rainy
2023-07-16,Pelawatte,28.6,79,7.1,Drizzle
2023-07-16,Malabe,28.3,79,6.6,Drizzle
2023-07-17,Nugegoda,30.0,84,46.5,Storm
2023-07-17,Maharagama,29.4,89,0.0,Cloudy
2023-07-17,Kandy,25.0,77,0.0,Sunny
2023-07-17,Kirulapane,28.6,87,16.2,Rainy
2023-07-17,Wattala,27.4,85,0.0,Sunny
2023-07-17,Colombo,32.4,83,9.4,Drizzle
2023-07-17,Pelawatte,25.1,75,0.0,Sunny
2023-07-17,Malabe,31.2,70,26.3,Rainy
2023-07-18,Nugegoda,31.1,86,10.9,Rainy
2023-07-18,Maharagama,30.5,91,0.0,Cloudy
2023-07-18,Kandy,24.7,80,1.2,Drizzle
2023-07-18,Kirulapane,28.5,88,19.4,Rainy
2023-07-18,Wattala,27.6,77,3.5,Drizzle
2023-07-18,Colombo,30.8,84,7.2,Drizzle
2023-07-18,Pelawatte,29.4,81,1.5,Drizzle
2023-07-18,Malabe,25.1,80,1.2,Drizzle
2023-07-19,Nugegoda,29.4,86,0.0,Cloudy
2023-07-19,Maharagama,32.7,84,14.5,Rainy
2023-07-19,Kandy,27.8,77,0.0,Sunny
2023-07-19,Kirulapane,28.6,81,0.0,Sunny
2023-07-19,Wattala,27.0,80,0.0,Sunny
2023-07-19,Colombo,29.5,79,11.8,Rainy
2023-07-19,Pelawatte,28.6,78,1.9,Drizzle
2023-07-19,Malabe,28.2,94,0.0,Cloudy
2023-07-20,Nugegoda,29.0,82,0.0,Sunny
2023-07-20,Maharagama,28.2,79,84.7,Storm
2023-07-20,Kandy,24.9,73,0.0,Sunny
2023-07-20,Kirulapane,27.0,89,27.4,Rainy
2023-07-20,Wattala,27.8,85,12.4,Rainy
2023-07-20,Colombo,29.0,86,0.0,Cloudy
2023-07-20,Pelawatte,28.6,80,10.8,Rainy
2023-07-20,Malabe,27.5,70,0.0,Sunny
2023-07-21,Nugegoda,25.5,84,0.0,Sunny
2023-07-21,Maharagama,30.5,83,0.0,Sunny
2023-07-21,Kandy,24.6,80,20.3,Rainy
2023-07-21,Kirulapane,28.8,84,15.7,Rainy
2023-07-21,Wattala,29.1,68,21.7,Rainy
2023-07-21,Colombo,29.1,77,0.0,Sunny
2023-07-21,Pelawatte,30.8,75,0.0,Sunny
2023-07-21,Malabe,26.6,85,13.3,Rainy
2023-07-22,Nugegoda,29.6,78,12.4,Rainy
2023-07-22,Maharagama,30.6,90,0.3,Drizzle
2023-07-22,Kandy,26.3,77,29.1,Rainy
2023-07-22,Kirulapane,28.3,81,7.6,Drizzle
2023-07-22,Wattala,30.2,85,0.0,Sunny
2023-07-22,Colombo,28.7,78,32.3,Storm
2023-07-22,Pelawatte,27.9,76,0.0,Sunny
2023-07-22,Malabe,29.6,83,0.0,Sunny
2023-07-23,Nugegoda,24.6,88,0.0,Cloudy
2023-07-23,Maharagama,29.9,84,1.7,Drizzle
2023-07-23,Kandy,25.5,88,0.0,Cloudy
2023-07-23,Kirulapane,29.3,79,0.0,Sunny
2023-07-23,Wattala,29.6,85,0.3,Drizzle
2023-07-23,Colombo,27.5,84,0.0,Sunny
2023-07-23,Pelawatte,30.4,83,0.0,Sunny
2023-07-23,Malabe,29.9,85,6.4,Drizzle
2023-07-24,Nugegoda,31.9,82,0.4,Drizzle
2023-07-24,Maharagama,29.4,83,3.4,Drizzle
2023-07-24,Kandy,25.6,84,17.3,Rainy
2023-07-24,Kirulapane,31.5,80,2.0,Drizzle
2023-07-24,Wattala,28.3,80,24.0,Rainy
2023-07-24,Colombo,30.6,76,0.0,Sunny
2023-07-24,Pelawatte,28.8,82,16.0,Rainy
2023-07-24,Malabe,28.9,74,0.0,Sunny
2023-07-25,Nugegoda,28.7,85,33.2,Storm
2023-07-25,Maharagama,29.8,81,16.0,Rainy
2023-07-25,Kandy,24.4,83,0.0,Sunny
2023-07-25,Kirulapane,31.1,85,0.0,Sunny
2023-07-25,Wattala,32.8,87,0.0,Cloudy
2023-07-25,Colombo,31.8,82,0.7,Drizzle
2023-07-25,Pelawatte,29.7,89,21.5,Rainy
2023-07-25,Malabe,29.8,79,1.2,Drizzle
2023-07-26,Nugegoda,27.1,79,25.1,Rainy
2023-07-26,Maharagama,29.5,77,0.0,Sunny
2023-07-26,Kandy,26.3,70,8.3,Drizzle
2023-07-26,Kirulapane,29.7,82,26.0,Rainy
2023-07-26,Wattala,28.5,79,21.5,Rainy
2023-07-26,Colombo,28.2,86,15.7,Rainy
2023-07-26,Pelawatte,28.5,92,2.7,Drizzle
2023-07-26,Malabe,29.5,85,0.0,Sunny
2023-07-27,Nugegoda,30.5,86,26.2,Rainy
2023-07-27,Maharagama,29.5,76,12.8,Rainy
2023-07-27,Kandy,24.8,69,26.6,Rainy
2023-07-27,Kirulapane,28.9,93,1.6,Drizzle
2023-07-27,Wattala,28.6,82,18.3,Rainy
2023-07-27,Colombo,27.8,80,10.1,Rainy
2023-07-27,Pelawatte,30.4,75,0.0,Sunny
2023-07-27,Malabe,27.9,70,19.6,Rainy
2023-07-28,Nugegoda,28.3,82,0.0,Sunny
2023-07-28,Maharagama,26.6,80,0.0,Sunny
2023-07-28,Kandy,24.2,85,0.2,Drizzle
2023-07-28,Kirulapane,26.4,78,4.6,Drizzle
2023-07-28,Wattala,31.9,78,0.0,Sunny
2023-07-28,Colombo,29.0,85,0.0,Sunny
2023-07-28,Pelawatte,30.0,78,0.0,Sunny
2023-07-28,Malabe,25.0,80,0.0,Sunny
2023-07-29,Nugegoda,28.2,78,20.0,Rainy
2023-07-29,Maharagama,24.8,87,14.9,Rainy
2023-07-29,Kandy,26.6,82,0.0,Sunny
2023-07-29,Kirulapane,32.5,72,0.0,Sunny
2023-07-29,Wattala,31.4,88,0.0,Cloudy
2023-07-29,Colombo,26.8,89,0.0,Cloudy
2023-07-29,Pelawatte,31.5,80,0.0,Sunny
2023-07-29,Malabe,28.6,89,49.1,Storm
2023-07-30,Nugegoda,28.2,80,6.7,Drizzle
2023-07-30,Maharagama,25.9,84,3.3,Drizzle
2023-07-30,Kandy,24.4,89,0.0,Cloudy
2023-07-30,Kirulapane,30.1,85,5.6,Drizzle
2023-07-30,Wattala,26.6,92,0.0,Cloudy
2023-07-30,Colombo,28.5,86,0.0,Cloudy
2023-07-30,Pelawatte,28.4,76,10.0,Drizzle
2023-07-30,Malabe,27.1,87,13.2,Rainy
2023-07-31,Nugegoda,29.3,84,2.1,Drizzle
2023-07-31,Maharagama,30.8,93,24.5,Rainy
2023-07-31,Kandy,24.6,72,11.0,Rainy
2023-07-31,Kirulapane,31.7,83,0.0,Sunny
2023-07-31,Wattala,27.5,82,0.0,Sunny
2023-07-31,Colombo,27.6,84,0.0,Sunny
2023-07-31,Pelawatte,30.5,88,0.0,Cloudy
2023-07-31,Malabe,27.3,83,3.5,Drizzle
2023-08-01,Nugegoda,27.5,81,60.7,Storm
2023-08-01,Maharagama,29.7,79,21.3,Rainy
2023-08-01,Kandy,26.0,82,24.9,Rainy
2023-08-01,Kirulapane,27.9,81,11.6,Rainy
2023-08-01,Wattala,27.0,83,19.2,Rainy
2023-08-01,Colombo,29.0,81,1.0,Drizzle
2023-08-01,Pelawatte,30.3,77,0.0,Sunny
2023-08-01,Malabe,30.3,82,0.0,Sunny
2023-08-02,Nugegoda,31.3,75,18.1,Rainy
2023-08-02,Maharagama,27.3,80,6.8,Drizzle
2023-08-02,Kandy,27.1,85,0.0,Sunny
2023-08-02,Kirulapane,28.6,84,0.0,Sunny
2023-08-02,Wattala,26.2,81,6.5,Drizzle
2023-08-02,Colombo,27.3,85,5.3,Drizzle
2023-08-02,Pelawatte,29.9,88,4.7,Drizzle
2023-08-02,Malabe,30.8,85,0.0,Sunny
2023-08-03,Nugegoda,29.8,84,14.4,Rainy
2023-08-03,Maharagama,29.2,78,20.6,Rainy
2023-08-03,Kandy,24.1,79,0.0,Sunny
2023-08-03,Kirulapane,31.6,87,0.0,Cloudy
2023-08-03,Wattala,30.9,89,0.0,Cloudy
2023-08-03,Colombo,29.9,75,0.2,Drizzle
2023-08-03,Pelawatte,31.1,87,3.3,Drizzle
2023-08-03,Malabe,30.2,93,3.6,Drizzle
2023-08-04,Nugegoda,30.3,81,0.0,Sunny
2023-08-04,Maharagama,28.5,82,0.0,Sunny
2023-08-04,Kandy,24.2,78,0.0,Sunny
2023-08-04,Kirulapane,28.2,78,6.8,Drizzle
2023-08-04,Wattala,30.3,73,0.0,Sunny
2023-08-04,Colombo,30.5,80,0.0,Sunny
2023-08-04,Pelawatte,29.3,82,0.0,Sunny
2023-08-04,Malabe,30.2,92,0.0,Cloudy
2023-08-05,Nugegoda,27.5,82,19.9,Rainy
2023-08-05,Maharagama,30.0,84,2.5,Drizzle
2023-08-05,Kandy,24.6,76,8.5,Drizzle
2023-08-05,Kirulapane,28.5,77,2.4,Drizzle
2023-08-05,Wattala,30.4,76,0.0,Sunny
2023-08-05,Colombo,29.1,80,0.4,Drizzle
2023-08-05,Pelawatte,29.4,79,0.0,Sunny
2023-08-05,Malabe,28.8,88,0.0,Cloudy
2023-08-06,Nugegoda,28.2,78,1.7,Drizzle
2023-08-06,Maharagama,28.1,85,0.0,Sunny
2023-08-06,Kandy,25.0,82,0.6,Drizzle
2023-08-06,Kirulapane,29.8,90,2.8,Drizzle
2023-08-06,Wattala,30.0,79,8.4,Drizzle
2023-08-06,Colombo,28.3,91,3.3,Drizzle
2023-08-06,Pelawatte,29.1,84,1.7,Drizzle
2023-08-06,Malabe,26.4,77,2.9,Drizzle
2023-08-07,Nugegoda,28.2,76,17.2,Rainy
2023-08-07,Maharagama,29.6,75,0.0,Sunny
2023-08-07,Kandy,28.0,86,0.0,Cloudy
2023-08-07,Kirulapane,28.9,83,0.0,Sunny
2023-08-07,Wattala,29.2,79,0.0,Sunny
2023-08-07,Colombo,29.6,86,0.0,Cloudy
2023-08-07,Pelawatte,30.1,84,13.0,Rainy
2023-08-07,Malabe,27.9,89,4.8,Drizzle
2023-08-08,Nugegoda,30.7,81,3.5,Drizzle
2023-08-08,Maharagama,29.1,72,0.0,Sunny
2023-08-08,Kandy,26.4,83,0.0,Sunny
2023-08-08,Kirulapane,27.5,84,4.4,Drizzle
2023-08-08,Wattala,32.7,80,0.0,Sunny
2023-08-08,Colombo,31.3,77,0.0,Sunny
2023-08-08,Pelawatte,31.4,79,4.2,Drizzle
2023-08-08,Malabe,30.6,83,0.0,Sunny
2023-08-09,Nugegoda,31.4,76,1.4,Drizzle
2023-08-09,Maharagama,24.7,79,0.0,Sunny
2023-08-09,Kandy,24.6,78,9.2,Drizzle
2023-08-09,Kirulapane,30.8,86,16.8,Rainy
2023-08-09,Wattala,28.8,79,0.0,Sunny
2023-08-09,Colombo,29.3,86,0.6,Drizzle
2023-08-09,Pelawatte,27.9,81,16.6,Rainy
2023-08-09,Malabe,27.4,70,0.0,Sunny
2023-08-10,Nugegoda,31.7,80,0.0,Sunny
2023-08-10,Maharagama,26.2,84,5.2,Drizzle
2023-08-10,Kandy,25.7,94,15.4,Rainy
2023-08-10,Kirulapane,31.0,83,0.0,Sunny
2023-08-10,Wattala,32.1,81,3.0,Drizzle
2023-08-10,Colombo,31.3,74,0.0,Sunny
2023-08-10,Pelawatte,32.0,75,0.0,Sunny
2023-08-10,Malabe,28.4,85,0.0,Sunny
2023-08-11,Nugegoda,28.4,83,0.0,Sunny
2023-08-11,Maharagama,29.7,83,16.6,Rainy
2023-08-11,Kandy,26.1,76,0.0,Sunny
2023-08-11,Kirulapane,30.3,79,0.0,Sunny
2023-08-11,Wattala,28.8,81,0.0,Sunny
2023-08-11,Colombo,29.5,86,9.9,Drizzle
2023-08-11,Pelawatte,32.3,82,16.9,Rainy
2023-08-11,Malabe,30.0,82,45.2,Storm
2023-08-12,Nugegoda,28.8,85,0.0,Sunny
2023-08-12,Maharagama,28.5,87,2.1,Drizzle
2023-08-12,Kandy,27.7,78,0.0,Sunny
2023-08-12,Kirulapane,33.0,77,11.1,Rainy
2023-08-12,Wattala,29.3,84,0.0,Sunny
2023-08-12,Colombo,30.8,83,3.7,Drizzle
2023-08-12,Pelawatte,30.6,88,0.0,Cloudy
2023-08-12,Malabe,30.4,71,0.0,Sunny
2023-08-13,Nugegoda,26.0,71,9.3,Drizzle
2023-08-13,Maharagama,29.6,82,12.7,Rainy
2023-08-13,Kandy,26.2,86,0.0,Cloudy
2023-08-13,Kirulapane,26.2,89,19.2,Rainy
2023-08-13,Wattala,30.5,82,0.0,Sunny
2023-08-13,Colombo,28.5,76,0.0,Sunny
2023-08-13,Pelawatte,27.4,77,0.0,Sunny
2023-08-13,Malabe,25.0,87,9.3,Drizzle
2023-08-14,Nugegoda,29.4,65,2.7,Drizzle
2023-08-14,Maharagama,29.3,83,13.7,Rainy
2023-08-14,Kandy,25.9,82,1.0,Drizzle
2023-08-14,Kirulapane,28.0,82,18.2,Rainy
2023-08-14,Wattala,29.1,78,0.0,Sunny
2023-08-14,Colombo,28.9,86,27.4,Rainy
2023-08-14,Pelawatte,27.7,74,35.3,Storm
2023-08-14,Malabe,29.5,75,5.9,Drizzle
2023-08-15,Nugegoda,28.3,83,0.0,Sunny
2023-08-15,Maharagama,27.8,90,0.7,Drizzle
2023-08-15,Kandy,26.0,91,0.0,Cloudy
2023-08-15,Kirulapane,30.1,82,1.4,Drizzle
2023-08-15,Wattala,31.3,85,0.0,Sunny
2023-08-15,Colombo,29.0,79,0.0,Sunny
2023-08-15,Pelawatte,29.4,80,12.8,Rainy
2023-08-15,Malabe,29.3,71,0.0,Sunny
2023-08-16,Nugegoda,29.0,74,0.0,Sunny
2023-08-16,Maharagama,28.4,81,0.0,Sunny
2023-08-16,Kandy,24.5,73,33.7,Storm
2023-08-16,Kirulapane,28.9,69,3.4,Drizzle
2023-08-16,Wattala,29.4,77,0.0,Sunny
2023-08-16,Colombo,28.7,76,18.2,Rainy
2023-08-16,Pelawatte,28.8,81,0.0,Sunny
2023-08-16,Malabe,29.1,79,0.0,Sunny
2023-08-17,Nugegoda,27.6,80,16.6,Rainy
2023-08-17,Maharagama,26.5,88,2.3,Drizzle
2023-08-17,Kandy,28.1,84,0.0,Sunny
2023-08-17,Kirulapane,28.7,79,0.0,Sunny
2023-08-17,Wattala,28.2,88,0.0,Cloudy
2023-08-17,Colombo,28.1,82,35.1,Storm
2023-08-17,Pelawatte,29.3,78,25.2,Rainy
2023-08-17,Malabe,29.2,77,20.9,Rainy
2023-08-18,Nugegoda,30.4,76,0.0,Sunny
2023-08-18,Maharagama,30.2,84,1.1,Drizzle
2023-08-18,Kandy,26.4,77,36.9,Storm
2023-08-18,Kirulapane,29.8,81,33.4,Storm
2023-08-18,Wattala,29.4,85,4.5,Drizzle
2023-08-18,Colombo,28.9,89,1.8,Drizzle
2023-08-18,Pelawatte,28.5,85,0.0,Sunny
2023-08-18,Malabe,29.0,72,0.0,Sunny
2023-08-19,Nugegoda,29.1,78,29.7,Rainy
2023-08-19,Maharagama,29.7,78,0.0,Sunny
2023-08-19,Kandy,28.2,81,0.0,Sunny
2023-08-19,Kirulapane,28.9,75,0.0,Sunny
2023-08-19,Wattala,31.2,85,0.0,Sunny
2023-08-19,Colombo,28.1,78,0.0,Sunny
2023-08-19,Pelawatte,29.5,73,14.8,Rainy
2023-08-19,Malabe,27.9,84,0.0,Sunny
2023-08-20,Nugegoda,29.3,79,5.8,Drizzle
2023-08-20,Maharagama,29.3,90,0.0,Cloudy
2023-08-20,Kandy,28.2,85,0.0,Sunny
2023-08-20,Kirulapane,27.4,83,6.2,Drizzle
2023-08-20,Wattala,28.7,78,22.2,Rainy
2023-08-20,Colombo,30.7,79,12.8,Rainy
2023-08-20,Pelawatte,26.6,82,0.0,Sunny
2023-08-20,Malabe,29.2,80,11.7,Rainy
2023-08-21,Nugegoda,26.7,80,6.8,Drizzle
2023-08-21,Maharagama,28.8,83,5.9,Drizzle
2023-08-21,Kandy,24.6,73,28.6,Rainy
2023-08-21,Kirulapane,32.9,87,0.0,Cloudy
2023-08-21,Wattala,30.3,81,0.0,Sunny
2023-08-21,Colombo,30.2,72,0.5,Drizzle
2023-08-21,Pelawatte,29.8,93,18.4,Rainy
2023-08-21,Malabe,25.6,83,40.4,Storm
2023-08-22,Nugegoda,29.2,75,0.0,Sunny
2023-08-22,Maharagama,32.9,88,0.0,Cloudy
2023-08-22,Kandy,27.8,89,17.6,Rainy
2023-08-22,Kirulapane,28.6,79,0.0,Sunny
2023-08-22,Wattala,29.6,77,0.0,Sunny
2023-08-22,Colombo,30.4,79,17.9,Rainy
2023-08-22,Pelawatte,30.3,83,0.0,Sunny
2023-08-22,Malabe,29.6,82,14.2,Rainy
2023-08-23,Nugegoda,26.7,90,0.0,Cloudy
2023-08-23,Maharagama,28.7,81,0.0,Sunny
2023-08-23,Kandy,26.7,87,2.2,Drizzle
2023-08-23,Kirulapane,29.0,89,8.6,Drizzle
2023-08-23,Wattala,30.4,80,0.0,Sunny
2023-08-23,Colombo,28.6,79,15.1,Rainy
2023-08-23,Pelawatte,27.4,84,1.4,Drizzle
2023-08-23,Malabe,30.9,87,0.0,Cloudy
2023-08-24,Nugegoda,29.5,75,0.1,Drizzle
2023-08-24,Maharagama,28.0,90,0.0,Cloudy
2023-08-24,Kandy,27.1,84,0.0,Sunny
2023-08-24,Kirulapane,28.8,80,11.8,Rainy
2023-08-24,Wattala,29.3,89,0.0,Cloudy
2023-08-24,Colombo,29.2,89,0.0,Cloudy
2023-08-24,Pelawatte,30.6,82,0.0,Sunny
2023-08-24,Malabe,28.1,80,20.5,Rainy
2023-08-25,Nugegoda,26.3,76,0.0,Sunny
2023-08-25,Maharagama,29.3,69,0.0,Sunny
2023-08-25,Kandy,28.0,82,5.7,Drizzle
2023-08-25,Kirulapane,27.0,75,0.0,Sunny
2023-08-25,Wattala,28.9,78,0.0,Sunny
2023-08-25,Colombo,26.5,73,26.3,Rainy
2023-08-25,Pelawatte,29.9,76,1.7,Drizzle
2023-08-25,Malabe,29.2,84,11.8,Rainy
2023-08-26,Nugegoda,26.1,77,0.0,Sunny
2023-08-26,Maharagama,29.8,82,0.0,Sunny
2023-08-26,Kandy,25.7,84,5.7,Drizzle
2023-08-26,Kirulapane,31.7,80,0.0,Sunny
2023-08-26,Wattala,32.8,70,0.4,Drizzle
2023-08-26,Colombo,27.5,75,9.8,Drizzle
2023-08-26,Pelawatte,31.6,84,0.0,Sunny
2023-08-26,Malabe,30.1,78,0.2,Drizzle
2023-08-27,Nugegoda,28.2,83,15.7,Rainy
2023-08-27,Maharagama,25.1,87,14.1,Rainy
2023-08-27,Kandy,27.6,83,0.0,Sunny
2023-08-27,Kirulapane,29.2,73,0.0,Sunny
2023-08-27,Wattala,30.5,80,0.0,Sunny
2023-08-27,Colombo,31.8,79,0.0,Sunny
2023-08-27,Pelawatte,28.4,82,25.9,Rainy
2023-08-27,Malabe,28.1,84,32.5,Storm
2023-08-28,Nugegoda,30.7,76,20.5,Rainy
2023-08-28,Maharagama,29.5,82,24.0,Rainy
2023-08-28,Kandy,27.5,74,0.0,Sunny
2023-08-28,Kirulapane,27.8,82,22.1,Rainy
2023-08-28,Wattala,28.9,84,3.1,Drizzle
2023-08-28,Colombo,29.8,83,1.2,Drizzle
2023-08-28,Pelawatte,31.8,84,0.0,Sunny
2023-08-28,Malabe,31.5,84,21.8,Rainy
2023-08-29,Nugegoda,31.4,80,4.3,Drizzle
2023-08-29,Maharagama,28.1,79,0.0,Sunny
2023-08-29,Kandy,27.9,88,0.0,Cloudy
2023-08-29,Kirulapane,29.8,73,4.6,Drizzle
2023-08-29,Wattala,31.5,78,0.1,Drizzle
2023-08-29,Colombo,28.0,79,1.6,Drizzle
2023-08-29,Pelawatte,28.8,84,0.0,Sunny
2023-08-29,Malabe,30.0,79,23.8,Rainy
2023-08-30,Nugegoda,26.9,74,17.0,Rainy
2023-08-30,Maharagama,28.0,80,3.6,Drizzle
2023-08-30,Kandy,25.2,81,7.8,Drizzle
2023-08-30,Kirulapane,29.1,90,0.9,Drizzle
2023-08-30,Wattala,31.6,79,0.0,Sunny
2023-08-30,Colombo,28.8,79,0.0,Sunny
2023-08-30,Pelawatte,29.2,85,0.0,Sunny
2023-08-30,Malabe,27.7,89,1.7,Drizzle
2023-08-31,Nugegoda,30.0,75,0.0,Sunny
2023-08-31,Maharagama,27.7,78,0.0,Sunny
2023-08-31,Kandy,27.4,84,0.0,Sunny
2023-08-31,Kirulapane,30.0,83,0.7,Drizzle
2023-08-31,Wattala,28.5,76,5.6,Drizzle
2023-08-31,Colombo,27.0,80,0.0,Sunny
2023-08-31,Pelawatte,30.2,82,0.0,Sunny
2023-08-31,Malabe,27.5,77,0.0,Sunny
2023-09-01,Nugegoda,31.2,84,10.6,Rainy
2023-09-01,Maharagama,28.2,76,0.0,Sunny
2023-09-01,Kandy,27.3,84,0.3,Drizzle
2023-09-01,Kirulapane,29.0,91,0.0,Cloudy
2023-09-01,Wattala,29.4,84,0.0,Sunny
2023-09-01,Colombo,28.0,81,14.4,Rainy
2023-09-01,Pelawatte,29.3,82,12.5,Rainy
2023-09-01,Malabe,28.5,83,0.0,Sunny
2023-09-02,Nugegoda,28.4,83,23.0,Rainy
2023-09-02,Maharagama,30.1,76,11.6,Rainy
2023-09-02,Kandy,24.6,78,0.0,Sunny
2023-09-02,Kirulapane,29.8,80,0.5,Drizzle
2023-09-02,Wattala,29.1,77,0.0,Sunny
2023-09-02,Colombo,30.7,79,13.5,Rainy
2023-09-02,Pelawatte,30.8,72,0.0,Sunny
2023-09-02,Malabe,31.5,82,0.0,Sunny
2023-09-03,Nugegoda,30.4,80,23.8,Rainy
2023-09-03,Maharagama,28.6,82,0.0,Sunny
2023-09-03,Kandy,26.9,81,0.0,Sunny
2023-09-03,Kirulapane,33.4,81,6.4,Drizzle
2023-09-03,Wattala,28.2,78,0.0,Sunny
2023-09-03,Colombo,28.5,88,4.6,Drizzle
2023-09-03,Pelawatte,30.4,93,0.0,Cloudy
2023-09-03,Malabe,30.0,88,0.0,Cloudy
2023-09-04,Nugegoda,30.5,80,0.0,Sunny
2023-09-04,Maharagama,30.4,78,0.0,Sunny
2023-09-04,Kandy,29.3,85,0.0,Sunny
2023-09-04,Kirulapane,32.3,83,0.0,Sunny
2023-09-04,Wattala,31.3,83,0.0,Sunny
2023-09-04,Colombo,30.4,78,20.8,Rainy
2023-09-04,Pelawatte,30.6,86,0.0,Cloudy
2023-09-04,Malabe,29.2,83,17.2,Rainy
2023-09-05,Nugegoda,29.2,78,6.0,Drizzle
2023-09-05,Maharagama,28.3,76,0.0,Sunny
2023-09-05,Kandy,29.3,81,0.0,Sunny
2023-09-05,Kirulapane,29.5,88,0.0,Cloudy
2023-09-05,Wattala,29.7,81,13.5,Rainy
2023-09-05,Colombo,31.7,84,0.0,Sunny
2023-09-05,Pelawatte,30.3,81,0.0,Sunny
2023-09-05,Malabe,30.9,85,4.2,Drizzle
2023-09-06,Nugegoda,29.7,80,0.0,Sunny
2023-09-06,Maharagama,31.9,76,0.0,Sunny
2023-09-06,Kandy,29.0,77,1.9,Drizzle
2023-09-06,Kirulapane,30.7,78,0.0,Sunny
2023-09-06,Wattala,29.5,93,13.5,Rainy
2023-09-06,Colombo,30.3,83,0.0,Sunny
2023-09-06,Pelawatte,28.5,82,2.2,Drizzle
2023-09-06,Malabe,30.7,84,11.4,Rainy
2023-09-07,Nugegoda,29.4,81,0.0,Sunny
2023-09-07,Maharagama,29.3,68,31.8,Storm
2023-09-07,Kandy,27.1,77,5.5,Drizzle
2023-09-07,Kirulapane,28.1,82,9.7,Drizzle
2023-09-07,Wattala,30.9,75,33.3,Storm
2023-09-07,Colombo,29.0,86,4.2,Drizzle
2023-09-07,Pelawatte,29.7,80,0.0,Sunny
2023-09-07,Malabe,32.8,81,0.0,Sunny
2023-09-08,Nugegoda,29.7,79,0.0,Sunny
2023-09-08,Maharagama,29.6,78,0.0,Sunny
2023-09-08,Kandy,28.3,83,7.3,Drizzle
2023-09-08,Kirulapane,29.1,84,27.0,Rainy
2023-09-08,Wattala,29.5,79,0.0,Sunny
2023-09-08,Colombo,30.8,72,53.1,Storm
2023-09-08,Pelawatte,29.2,88,10.3,Rainy
2023-09-08,Malabe,31.7,84,16.0,Rainy
2023-09-09,Nugegoda,32.8,85,16.4,Rainy
2023-09-09,Maharagama,29.6,80,0.0,Sunny
2023-09-09,Kandy,26.6,87,0.0,Cloudy
2023-09-09,Kirulapane,29.4,75,5.7,Drizzle
2023-09-09,Wattala,29.7,83,0.0,Sunny
2023-09-09,Colombo,30.1,75,23.4,Rainy
2023-09-09,Pelawatte,31.4,79,29.1,Rainy
2023-09-09,Malabe,30.1,81,3.5,Drizzle
2023-09-10,Nugegoda,30.6,76,0.0,Sunny
2023-09-10,Maharagama,29.3,81,0.0,Sunny
2023-09-10,Kandy,25.6,86,8.2,Drizzle
2023-09-10,Kirulapane,30.0,81,8.9,Drizzle
2023-09-10,Wattala,27.8,82,0.0,Sunny
2023-09-10,Colombo,31.0,73,0.0,Sunny
2023-09-10,Pelawatte,27.9,80,0.0,Sunny
2023-09-10,Malabe,29.6,81,0.0,Sunny
2023-09-11,Nugegoda,28.0,81,10.6,Rainy
2023-09-11,Maharagama,32.6,76,36.5,Storm
2023-09-11,Kandy,29.2,82,0.0,Sunny
2023-09-11,Kirulapane,27.6,77,36.4,Storm
2023-09-11,Wattala,27.9,89,0.0,Cloudy
2023-09-11,Colombo,28.6,79,0.0,Sunny
2023-09-11,Pelawatte,31.9,83,7.3,Drizzle
2023-09-11,Malabe,29.1,86,10.3,Rainy
2023-09-12,Nugegoda,29.2,75,23.4,Rainy
2023-09-12,Maharagama,30.9,79,0.0,Sunny
2023-09-12,Kandy,25.7,86,12.7,Rainy
2023-09-12,Kirulapane,28.5,88,0.0,Cloudy
2023-09-12,Wattala,30.9,81,0.0,Sunny
2023-09-12,Colombo,29.3,76,13.3,Rainy
2023-09-12,Pelawatte,30.7,83,25.6,Rainy
2023-09-12,Malabe,29.4,73,16.5,Rainy
2023-09-13,Nugegoda,29.6,85,7.1,Drizzle
2023-09-13,Maharagama,29.6,85,7.9,Drizzle
2023-09-13,Kandy,25.8,76,5.2,Drizzle
2023-09-13,Kirulapane,29.9,89,0.1,Drizzle
2023-09-13,Wattala,28.7,89,12.0,Rainy
2023-09-13,Colombo,29.3,94,34.7,Storm
2023-09-13,Pelawatte,32.4,78,13.5,Rainy
2023-09-13,Malabe,29.3,79,15.6,Rainy
2023-09-14,Nugegoda,29.8,73,3.4,Drizzle
2023-09-14,Maharagama,32.5,84,0.0,Sunny
2023-09-14,Kandy,28.8,83,0.0,Sunny
2023-09-14,Kirulapane,28.5,87,1.6,Drizzle
2023-09-14,Wattala,27.7,83,0.0,Sunny
2023-09-14,Colombo,33.8,84,15.7,Rainy
2023-09-14,Pelawatte,31.0,79,36.7,Storm
2023-09-14,Malabe,32.4,81,0.0,Sunny
2023-09-15,Nugegoda,29.7,79,0.0,Sunny
2023-09-15,Maharagama,27.9,86,0.0,Cloudy
2023-09-15,Kandy,28.0,78,1.4,Drizzle
2023-09-15,Kirulapane,29.3,82,0.0,Sunny
2023-09-15,Wattala,30.2,76,3.8,Drizzle
2023-09-15,Colombo,30.6,74,5.6,Drizzle
2023-09-15,Pelawatte,30.2,76,0.0,Sunny
2023-09-15,Malabe,29.3,83,11.6,Rainy
2023-09-16,Nugegoda,27.0,75,0.0,Sunny
2023-09-16,Maharagama,31.8,76,35.4,Storm
2023-09-16,Kandy,24.0,88,3.7,Drizzle
2023-09-16,Kirulapane,30.3,84,13.1,Rainy
2023-09-16,Wattala,31.7,80,15.0,Rainy
2023-09-16,Colombo,31.1,74,6.7,Drizzle
2023-09-16,Pelawatte,30.0,76,4.9,Drizzle
2023-09-16,Malabe,29.5,71,0.0,Sunny
2023-09-17,Nugegoda,28.1,80,0.0,Sunny
2023-09-17,Maharagama,29.4,80,0.6,Drizzle
2023-09-17,Kandy,26.9,80,0.0,Sunny
2023-09-17,Kirulapane,30.8,78,0.0,Sunny
2023-09-17,Wattala,30.3,85,0.3,Drizzle
2023-09-17,Colombo,27.4,79,0.0,Sunny
2023-09-17,Pelawatte,28.3,81,0.0,Sunny
2023-09-17,Malabe,28.6,85,0.0,Sunny
2023-09-18,Nugegoda,32.1,81,3.9,Drizzle
2023-09-18,Maharagama,31.2,79,1.9,Drizzle
2023-09-18,Kandy,27.7,82,22.1,Rainy
2023-09-18,Kirulapane,29.7,79,1.8,Drizzle
2023-09-18,Wattala,31.1,76,0.0,Sunny
2023-09-18,Colombo,29.0,79,0.0,Sunny
2023-09-18,Pelawatte,31.3,81,0.0,Sunny
2023-09-18,Malabe,29.6,80,0.0,Sunny
2023-09-19,Nugegoda,30.8,88,0.0,Cloudy
2023-09-19,Maharagama,28.7,82,0.0,Sunny
2023-09-19,Kandy,24.2,82,9.3,Drizzle
2023-09-19,Kirulapane,32.7,90,22.9,Rainy
2023-09-19,Wattala,30.5,69,0.1,Drizzle
2023-09-19,Colombo,29.0,86,0.0,Cloudy
2023-09-19,Pelawatte,28.9,80,1.5,Drizzle
2023-09-19,Malabe,29.9,81,8.6,Drizzle
2023-09-20,Nugegoda,30.2,74,0.0,Sunny
2023-09-20,Maharagama,32.9,75,0.0,Sunny
2023-09-20,Kandy,24.6,77,0.0,Sunny
2023-09-20,Kirulapane,32.2,90,0.0,Cloudy
2023-09-20,Wattala,29.3,78,2.8,Drizzle
2023-09-20,Colombo,26.9,92,4.8,Drizzle
2023-09-20,Pelawatte,29.8,82,44.2,Storm
2023-09-20,Malabe,30.4,80,5.5,Drizzle
2023-09-21,Nugegoda,27.8,76,59.8,Storm
2023-09-21,Maharagama,30.9,93,0.0,Cloudy
2023-09-21,Kandy,25.4,81,0.0,Sunny
2023-09-21,Kirulapane,30.1,73,4.9,Drizzle
2023-09-21,Wattala,28.1,81,4.7,Drizzle
2023-09-21,Colombo,30.9,78,0.0,Sunny
2023-09-21,Pelawatte,27.2,80,0.0,Sunny
2023-09-21,Malabe,29.3,85,3.3,Drizzle
2023-09-22,Nugegoda,28.5,84,0.0,Sunny
2023-09-22,Maharagama,30.3,78,8.6,Drizzle
2023-09-22,Kandy,27.5,77,0.0,Sunny
2023-09-22,Kirulapane,29.1,76,8.1,Drizzle
2023-09-22,Wattala,28.9,83,20.8,Rainy
2023-09-22,Colombo,31.4,73,0.0,Sunny
2023-09-22,Pelawatte,31.4,86,9.6,Drizzle
2023-09-22,Malabe,28.8,77,5.8,Drizzle
2023-09-23,Nugegoda,29.4,77,0.0,Sunny
2023-09-23,Maharagama,29.3,86,3.2,Drizzle
2023-09-23,Kandy,26.4,81,14.2,Rainy
2023-09-23,Kirulapane,32.4,90,0.0,Cloudy
2023-09-23,Wattala,29.3,89,0.0,Cloudy
2023-09-23,Colombo,27.5,82,0.0,Sunny
2023-09-23,Pelawatte,29.1,81,0.0,Sunny
2023-09-23,Malabe,30.8,82,1.3,Drizzle
2023-09-24,Nugegoda,28.7,80,0.0,Sunny
2023-09-24,Maharagama,30.0,87,2.5,Drizzle
2023-09-24,Kandy,27.4,76,8.5,Drizzle
2023-09-24,Kirulapane,28.4,87,0.0,Cloudy
2023-09-24,Wattala,30.1,80,6.6,Drizzle
2023-09-24,Colombo,30.3,85,0.0,Sunny
2023-09-24,Pelawatte,30.7,80,0.2,Drizzle
2023-09-24,Malabe,30.6,81,12.7,Rainy
2023-09-25,Nugegoda,27.9,82,21.5,Rainy
2023-09-25,Maharagama,29.0,78,0.0,Sunny
2023-09-25,Kandy,29.5,88,37.0,Storm
2023-09-25,Kirulapane,30.3,94,7.8,Drizzle
2023-09-25,Wattala,29.9,78,0.0,Sunny
2023-09-25,Colombo,28.7,78,0.0,Sunny
2023-09-25,Pelawatte,28.0,76,0.0,Sunny
2023-09-25,Malabe,30.2,85,0.0,Sunny
2023-09-26,Nugegoda,30.8,81,0.0,Sunny
2023-09-26,Maharagama,31.0,76,2.8,Drizzle
2023-09-26,Kandy,25.3,78,3.4,Drizzle
2023-09-26,Kirulapane,29.2,80,0.0,Sunny
2023-09-26,Wattala,30.3,82,0.0,Sunny
2023-09-26,Colombo,29.8,77,9.9,Drizzle
2023-09-26,Pelawatte,28.4,76,0.0,Sunny
2023-09-26,Malabe,30.8,80,0.5,Drizzle
2023-09-27,Nugegoda,31.0,79,21.5,Rainy
2023-09-27,Maharagama,28.4,86,0.0,Cloudy
2023-09-27,Kandy,25.8,79,0.0,Sunny
2023-09-27,Kirulapane,31.8,83,0.0,Sunny
2023-09-27,Wattala,29.3,71,12.4,Rainy
2023-09-27,Colombo,28.8,87,10.6,Rainy
2023-09-27,Pelawatte,32.3,78,2.2,Drizzle
2023-09-27,Malabe,29.3,74,26.4,Rainy
2023-09-28,Nugegoda,30.7,82,1.3,Drizzle
2023-09-28,Maharagama,26.5,76,11.0,Rainy
2023-09-28,Kandy,27.6,83,13.3,Rainy
2023-09-28,Kirulapane,30.7,82,0.0,Sunny
2023-09-28,Wattala,32.6,81,0.0,Sunny
2023-09-28,Colombo,30.4,76,0.0,Sunny
2023-09-28,Pelawatte,31.6,81,0.0,Sunny
2023-09-28,Malabe,30.1,80,0.0,Sunny
2023-09-29,Nugegoda,27.3,74,0.0,Sunny
2023-09-29,Maharagama,29.4,74,0.0,Sunny
2023-09-29,Kandy,29.6,82,14.4,Rainy
2023-09-29,Kirulapane,29.6,89,2.3,Drizzle
2023-09-29,Wattala,33.2,79,0.0,Sunny
2023-09-29,Colombo,31.5,78,6.3,Drizzle
2023-09-29,Pelawatte,29.8,75,10.1,Rainy
2023-09-29,Malabe,31.2,81,4.0,Drizzle
2023-09-30,Nugegoda,28.8,83,6.0,Drizzle
2023-09-30,Maharagama,28.7,85,10.7,Rainy
2023-09-30,Kandy,30.0,83,0.0,Sunny
2023-09-30,Kirulapane,30.0,82,0.0,Sunny
2023-09-30,Wattala,29.2,79,0.0,Sunny
2023-09-30,Colombo,30.0,89,5.9,Drizzle
2023-09-30,Pelawatte,29.8,84,2.2,Drizzle
2023-09-30,Malabe,28.6,78,8.3,Drizzle
2023-10-01,Nugegoda,30.2,72,0.0,Sunny
2023-10-01,Maharagama,31.1,86,0.0,Cloudy
2023-10-01,Kandy,27.2,76,2.7,Drizzle
2023-10-01,Kirulapane,30.1,77,0.0,Sunny
2023-10-01,Wattala,28.8,87,0.0,Cloudy
2023-10-01,Colombo,34.3,84,0.0,Sunny
2023-10-01,Pelawatte,24.5,79,5.5,Drizzle
2023-10-01,Malabe,29.3,81,0.0,Sunny
2023-10-02,Nugegoda,30.4,87,0.0,Cloudy
2023-10-02,Maharagama,30.7,84,9.6,Drizzle
2023-10-02,Kandy,26.5,80,10.2,Rainy
2023-10-02,Kirulapane,31.3,71,8.3,Drizzle
2023-10-02,Wattala,29.4,82,0.0,Sunny
2023-10-02,Colombo,28.7,85,0.0,Sunny
2023-10-02,Pelawatte,30.5,82,21.7,Rainy
2023-10-02,Malabe,32.7,75,1.5,Drizzle
2023-10-03,Nugegoda,32.2,78,0.0,Sunny
2023-10-03,Maharagama,28.0,81,0.0,Sunny
2023-10-03,Kandy,28.2,79,0.0,Sunny
2023-10-03,Kirulapane,29.4,81,3.2,Drizzle
2023-10-03,Wattala,28.3,94,12.5,Rainy
2023-10-03,Colombo,33.2,79,4.4,Drizzle
2023-10-03,Pelawatte,30.7,86,4.8,Drizzle
2023-10-03,Malabe,29.9,88,0.0,Cloudy
2023-10-04,Nugegoda,30.3,79,24.0,Rainy
2023-10-04,Maharagama,30.8,87,0.0,Cloudy
2023-10-04,Kandy,26.6,78,0.0,Sunny
2023-10-04,Kirulapane,30.6,89,0.0,Cloudy
2023-10-04,Wattala,32.1,82,3.9,Drizzle
2023-10-04,Colombo,29.6,83,0.0,Sunny
2023-10-04,Pelawatte,30.4,80,6.5,Drizzle
2023-10-04,Malabe,30.2,89,0.0,Cloudy
2023-10-05,Nugegoda,29.5,88,19.4,Rainy
2023-10-05,Maharagama,30.4,78,14.6,Rainy
2023-10-05,Kandy,26.7,83,11.1,Rainy
2023-10-05,Kirulapane,27.0,76,1.4,Drizzle
2023-10-05,Wattala,30.1,81,0.0,Sunny
2023-10-05,Colombo,31.7,79,0.0,Sunny
2023-10-05,Pelawatte,31.4,83,21.9,Rainy
2023-10-05,Malabe,32.1,78,0.0,Sunny
2023-10-06,Nugegoda,30.2,88,17.4,Rainy
2023-10-06,Maharagama,30.2,78,9.6,Drizzle
2023-10-06,Kandy,29.3,86,30.0,Rainy
2023-10-06,Kirulapane,29.0,85,21.0,Rainy
2023-10-06,Wattala,30.4,77,0.0,Sunny
2023-10-06,Colombo,30.0,89,4.4,Drizzle
2023-10-06,Pelawatte,30.6,81,2.7,Drizzle
2023-10-06,Malabe,28.8,82,0.0,Sunny
2023-10-07,Nugegoda,28.8,87,0.0,Cloudy
2023-10-07,Maharagama,35.5,82,0.4,Drizzle
2023-10-07,Kandy,23.5,86,6.4,Drizzle
2023-10-07,Kirulapane,32.1,88,0.0,Cloudy
2023-10-07,Wattala,32.2,81,0.0,Sunny
2023-10-07,Colombo,29.2,77,2.9,Drizzle
2023-10-07,Pelawatte,29.5,77,9.3,Drizzle
2023-10-07,Malabe,30.3,78,59.6,Storm
2023-10-08,Nugegoda,30.3,74,2.4,Drizzle
2023-10-08,Maharagama,30.7,84,16.9,Rainy
2023-10-08,Kandy,26.2,85,15.7,Rainy
2023-10-08,Kirulapane,32.0,76,0.0,Sunny
2023-10-08,Wattala,29.7,76,4.1,Drizzle
2023-10-08,Colombo,29.8,88,0.0,Cloudy
2023-10-08,Pelawatte,28.7,88,0.0,Cloudy
2023-10-08,Malabe,31.2,85,0.0,Sunny
2023-10-09,Nugegoda,29.4,79,5.2,Drizzle
2023-10-09,Maharagama,31.5,75,0.0,Sunny
2023-10-09,Kandy,27.4,75,5.5,Drizzle
2023-10-09,Kirulapane,33.6,82,26.9,Rainy
2023-10-09,Wattala,28.0,90,2.1,Drizzle
2023-10-09,Colombo,30.2,77,0.0,Sunny
2023-10-09,Pelawatte,30.8,75,3.4,Drizzle
2023-10-09,Malabe,24.8,76,0.0,Sunny
2023-10-10,Nugegoda,29.1,85,0.0,Sunny
2023-10-10,Maharagama,29.1,87,2.4,Drizzle
2023-10-10,Kandy,25.6,75,0.0,Sunny
2023-10-10,Kirulapane,29.6,79,1.4,Drizzle
2023-10-10,Wattala,31.0,79,0.0,Sunny
2023-10-10,Colombo,30.7,80,0.0,Sunny
2023-10-10,Pelawatte,30.9,84,0.0,Sunny
2023-10-10,Malabe,26.5,82,0.0,Sunny
2023-10-11,Nugegoda,31.5,82,0.0,Sunny
2023-10-11,Maharagama,29.7,85,14.3,Rainy
2023-10-11,Kandy,29.0,87,0.0,Cloudy
2023-10-11,Kirulapane,29.3,80,0.0,Sunny
2023-10-11,Wattala,29.9,78,0.0,Sunny
2023-10-11,Colombo,31.8,78,0.0,Sunny
2023-10-11,Pelawatte,29.7,86,10.0,Drizzle
2023-10-11,Malabe,30.5,83,16.5,Rainy
2023-10-12,Nugegoda,31.3,75,4.6,Drizzle
2023-10-12,Maharagama,26.8,77,29.4,Rainy
2023-10-12,Kandy,27.6,74,5.4,Drizzle
2023-10-12,Kirulapane,31.1,91,30.9,Storm
2023-10-12,Wattala,29.7,80,17.4,Rainy
2023-10-12,Colombo,28.4,79,8.4,Drizzle
2023-10-12,Pelawatte,29.4,82,4.1,Drizzle
2023-10-12,Malabe,30.1,88,0.4,Drizzle
2023-10-13,Nugegoda,31.3,75,0.0,Sunny
2023-10-13,Maharagama,30.8,86,7.6,Drizzle
2023-10-13,Kandy,26.7,85,3.2,Drizzle
2023-10-13,Kirulapane,31.3,91,0.0,Cloudy
2023-10-13,Wattala,28.4,73,4.1,Drizzle
2023-10-13,Colombo,31.4,88,0.0,Cloudy
2023-10-13,Pelawatte,27.5,75,4.0,Drizzle
2023-10-13,Malabe,29.7,80,0.0,Sunny
2023-10-14,Nugegoda,32.3,83,6.0,Drizzle
2023-10-14,Maharagama,32.1,90,1.7,Drizzle
2023-10-14,Kandy,28.0,89,8.5,Drizzle
2023-10-14,Kirulapane,29.2,91,8.9,Drizzle
2023-10-14,Wattala,32.3,78,0.0,Sunny
2023-10-14,Colombo,30.7,84,0.2,Drizzle
2023-10-14,Pelawatte,29.6,84,26.3,Rainy
2023-10-14,Malabe,29.6,75,16.6,Rainy
2023-10-15,Nugegoda,28.4,91,0.0,Cloudy
2023-10-15,Maharagama,27.4,83,12.5,Rainy
2023-10-15,Kandy,28.0,77,0.0,Sunny
2023-10-15,Kirulapane,26.7,87,0.0,Cloudy
2023-10-15,Wattala,33.3,83,40.3,Storm
2023-10-15,Colombo,30.8,86,0.0,Cloudy
2023-10-15,Pelawatte,29.4,81,0.0,Sunny
2023-10-15,Malabe,29.5,87,7.4,Drizzle
2023-10-16,Nugegoda,28.6,77,0.0,Sunny
2023-10-16,Maharagama,28.5,92,0.0,Cloudy
2023-10-16,Kandy,29.1,83,0.0,Sunny
2023-10-16,Kirulapane,30.0,89,0.0,Cloudy
2023-10-16,Wattala,29.6,76,0.0,Sunny
2023-10-16,Colombo,28.9,96,0.0,Cloudy
2023-10-16,Pelawatte,28.1,82,1.4,Drizzle
2023-10-16,Malabe,31.5,76,0.0,Sunny
2023-10-17,Nugegoda,34.0,78,0.0,Sunny
2023-10-17,Maharagama,29.1,80,27.3,Rainy
2023-10-17,Kandy,29.4,86,0.0,Cloudy
2023-10-17,Kirulapane,30.7,89,0.7,Drizzle
2023-10-17,Wattala,29.5,85,0.0,Sunny
2023-10-17,Colombo,30.4,79,14.6,Rainy
2023-10-17,Pelawatte,30.8,83,0.0,Sunny
2023-10-17,Malabe,33.1,87,46.6,Storm
2023-10-18,Nugegoda,30.3,81,1.9,Drizzle
2023-10-18,Maharagama,31.0,88,0.0,Cloudy
2023-10-18,Kandy,27.2,78,11.1,Rainy
2023-10-18,Kirulapane,29.9,86,0.0,Cloudy
2023-10-18,Wattala,30.9,84,74.2,Storm
2023-10-18,Colombo,29.6,81,3.2,Drizzle
2023-10-18,Pelawatte,30.7,82,0.0,Sunny
2023-10-18,Malabe,30.6,78,0.0,Sunny
2023-10-19,Nugegoda,31.1,79,0.0,Sunny
2023-10-19,Maharagama,29.6,78,2.5,Drizzle
2023-10-19,Kandy,29.9,83,0.0,Sunny
2023-10-19,Kirulapane,28.2,89,0.0,Cloudy
2023-10-19,Wattala,29.9,78,12.1,Rainy
2023-10-19,Colombo,30.5,75,9.2,Drizzle
2023-10-19,Pelawatte,29.3,80,17.1,Rainy
2023-10-19,Malabe,28.3,78,0.0,Sunny
2023-10-20,Nugegoda,28.6,86,0.0,Cloudy
2023-10-20,Maharagama,28.4,88,0.0,Cloudy
2023-10-20,Kandy,25.7,85,0.0,Sunny
2023-10-20,Kirulapane,30.8,92,11.2,Rainy
2023-10-20,Wattala,27.9,83,6.3,Drizzle
2023-10-20,Colombo,32.3,82,0.0,Sunny
2023-10-20,Pelawatte,30.6,81,0.0,Sunny
2023-10-20,Malabe,29.1,76,3.1,Drizzle
2023-10-21,Nugegoda,29.4,82,2.3,Drizzle
2023-10-21,Maharagama,31.5,76,25.0,Rainy
2023-10-21,Kandy,26.2,84,10.0,Drizzle
2023-10-21,Kirulapane,29.7,88,0.0,Cloudy
2023-10-21,Wattala,28.0,80,6.0,Drizzle
2023-10-21,Colombo,26.7,81,0.0,Sunny
2023-10-21,Pelawatte,31.8,83,17.2,Rainy
2023-10-21,Malabe,29.9,92,0.0,Cloudy
2023-10-22,Nugegoda,27.6,88,1.5,Drizzle
2023-10-22,Maharagama,32.5,80,39.1,Storm
2023-10-22,Kandy,28.1,71,22.9,Rainy
2023-10-22,Kirulapane,28.7,79,0.0,Sunny
2023-10-22,Wattala,29.4,71,0.0,Sunny
2023-10-22,Colombo,29.8,85,32.3,Storm
2023-10-22,Pelawatte,29.6,80,35.8,Storm
2023-10-22,Malabe,28.0,82,0.0,Sunny
2023-10-23,Nugegoda,30.9,84,23.9,Rainy
2023-10-23,Maharagama,31.6,83,0.0,Sunny
2023-10-23,Kandy,29.1,84,6.6,Drizzle
2023-10-23,Kirulapane,29.7,79,11.7,Rainy
2023-10-23,Wattala,29.4,80,0.0,Sunny
2023-10-23,Colombo,29.2,80,0.0,Sunny
2023-10-23,Pelawatte,30.9,81,3.8,Drizzle
2023-10-23,Malabe,29.0,78,0.0,Sunny
2023-10-24,Nugegoda,30.7,86,21.0,Rainy
2023-10-24,Maharagama,29.3,75,12.3,Rainy
2023-10-24,Kandy,27.5,86,21.9,Rainy
2023-10-24,Kirulapane,32.7,80,46.9,Storm
2023-10-24,Wattala,33.3,83,0.0,Sunny
2023-10-24,Colombo,27.6,73,9.0,Drizzle
2023-10-24,Pelawatte,30.0,80,4.1,Drizzle
2023-10-24,Malabe,31.0,81,0.0,Sunny
2023-10-25,Nugegoda,31.1,90,0.0,Cloudy
2023-10-25,Maharagama,28.9,80,0.0,Sunny
2023-10-25,Kandy,28.8,75,5.3,Drizzle
2023-10-25,Kirulapane,33.6,74,19.4,Rainy
2023-10-25,Wattala,29.3,75,1.7,Drizzle
2023-10-25,Colombo,30.3,78,0.0,Sunny
2023-10-25,Pelawatte,28.3,82,0.0,Sunny
2023-10-25,Malabe,29.9,76,13.2,Rainy
2023-10-26,Nugegoda,28.6,83,12.0,Rainy
2023-10-26,Maharagama,28.7,70,19.4,Rainy
2023-10-26,Kandy,25.7,79,0.0,Sunny
2023-10-26,Kirulapane,29.0,77,0.0,Sunny
2023-10-26,Wattala,31.5,85,0.0,Sunny
2023-10-26,Colombo,28.7,80,0.0,Sunny
2023-10-26,Pelawatte,31.5,76,0.0,Sunny
2023-10-26,Malabe,29.8,78,38.1,Storm
2023-10-27,Nugegoda,29.2,81,4.4,Drizzle
2023-10-27,Maharagama,28.8,83,4.3,Drizzle
2023-10-27,Kandy,26.9,78,2.8,Drizzle
2023-10-27,Kirulapane,29.7,77,0.0,Sunny
2023-10-27,Wattala,32.5,83,1.4,Drizzle
2023-10-27,Colombo,33.1,75,0.0,Sunny
2023-10-27,Pelawatte,28.2,83,8.7,Drizzle
2023-10-27,Malabe,29.3,69,0.0,Sunny
2023-10-28,Nugegoda,28.2,82,0.0,Sunny
2023-10-28,Maharagama,28.9,82,0.0,Sunny
2023-10-28,Kandy,24.7,86,0.6,Drizzle
2023-10-28,Kirulapane,27.9,89,0.0,Cloudy
2023-10-28,Wattala,31.1,77,24.4,Rainy
2023-10-28,Colombo,29.6,80,0.0,Sunny
2023-10-28,Pelawatte,29.1,86,8.2,Drizzle
2023-10-28,Malabe,30.0,89,0.0,Cloudy
2023-10-29,Nugegoda,30.0,80,0.0,Sunny
2023-10-29,Maharagama,28.8,86,0.0,Cloudy
2023-10-29,Kandy,28.9,89,3.7,Drizzle
2023-10-29,Kirulapane,31.0,79,0.2,Drizzle
2023-10-29,Wattala,30.6,76,20.4,Rainy
2023-10-29,Colombo,32.1,75,0.0,Sunny
2023-10-29,Pelawatte,30.3,78,0.0,Sunny
2023-10-29,Malabe,28.6,90,0.0,Cloudy
2023-10-30,Nugegoda,28.6,83,0.0,Sunny
2023-10-30,Maharagama,28.8,75,8.1,Drizzle
2023-10-30,Kandy,28.2,71,3.3,Drizzle
2023-10-30,Kirulapane,31.5,83,3.0,Drizzle
2023-10-30,Wattala,33.3,82,10.0,Drizzle
2023-10-30,Colombo,32.1,75,0.0,Sunny
2023-10-30,Pelawatte,30.8,70,0.2,Drizzle
2023-10-30,Malabe,33.2,82,0.0,Sunny
2023-10-31,Nugegoda,27.6,88,0.0,Cloudy
2023-10-31,Maharagama,31.5,82,8.8,Drizzle
2023-10-31,Kandy,25.2,88,0.0,Cloudy
2023-10-31,Kirulapane,31.5,76,5.3,Drizzle
2023-10-31,Wattala,29.3,76,23.1,Rainy
2023-10-31,Colombo,28.7,88,0.0,Cloudy
2023-10-31,Pelawatte,30.4,78,0.0,Sunny
2023-10-31,Malabe,32.0,87,0.0,Cloudy
2023-11-01,Nugegoda,30.8,67,0.0,Sunny
2023-11-01,Maharagama,30.3,71,10.8,Rainy
2023-11-01,Kandy,27.8,65,0.0,Sunny
2023-11-01,Kirulapane,28.7,73,10.9,Rainy
2023-11-01,Wattala,29.6,76,7.9,Drizzle
2023-11-01,Colombo,29.8,71,0.0,Sunny
2023-11-01,Pelawatte,31.0,67,0.0,Sunny
2023-11-01,Malabe,30.6,78,0.0,Sunny
2023-11-02,Nugegoda,29.6,88,0.0,Cloudy
2023-11-02,Maharagama,30.5,82,0.0,Sunny
2023-11-02,Kandy,25.8,68,0.0,Sunny
2023-11-02,Kirulapane,26.6,67,0.0,Sunny
2023-11-02,Wattala,30.6,61,0.5,Drizzle
2023-11-02,Colombo,30.9,74,30.9,Storm
2023-11-02,Pelawatte,32.1,88,2.7,Drizzle
2023-11-02,Malabe,29.9,73,3.4,Drizzle
2023-11-03,Nugegoda,30.2,72,6.6,Drizzle
2023-11-03,Maharagama,27.5,76,0.0,Sunny
2023-11-03,Kandy,28.0,75,0.0,Sunny
2023-11-03,Kirulapane,33.0,84,16.6,Rainy
2023-11-03,Wattala,29.8,70,0.0,Sunny
2023-11-03,Colombo,30.3,76,0.0,Sunny
2023-11-03,Pelawatte,27.4,77,0.0,Sunny
2023-11-03,Malabe,27.0,66,0.0,Sunny
2023-11-04,Nugegoda,28.9,79,0.0,Sunny
2023-11-04,Maharagama,29.9,72,7.1,Drizzle
2023-11-04,Kandy,25.6,69,0.0,Sunny
2023-11-04,Kirulapane,28.3,75,0.0,Sunny
2023-11-04,Wattala,28.4,81,9.2,Drizzle
2023-11-04,Colombo,29.9,68,0.0,Sunny
2023-11-04,Pelawatte,29.8,72,0.0,Sunny
2023-11-04,Malabe,32.2,79,0.0,Sunny
2023-11-05,Nugegoda,32.0,73,0.0,Sunny
2023-11-05,Maharagama,28.6,78,0.0,Sunny
2023-11-05,Kandy,25.8,70,0.0,Sunny
2023-11-05,Kirulapane,29.5,74,0.0,Sunny
2023-11-05,Wattala,30.7,75,7.4,Drizzle
2023-11-05,Colombo,31.7,72,0.0,Sunny
2023-11-05,Pelawatte,27.4,77,0.0,Sunny
2023-11-05,Malabe,27.5,70,3.3,Drizzle
2023-11-06,Nugegoda,28.1,74,13.1,Rainy
2023-11-06,Maharagama,29.9,68,0.0,Sunny
2023-11-06,Kandy,23.6,72,0.0,Sunny
2023-11-06,Kirulapane,31.8,76,0.0,Sunny
2023-11-06,Wattala,32.3,76,5.8,Drizzle
2023-11-06,Colombo,31.1,71,7.3,Drizzle
2023-11-06,Pelawatte,32.7,78,15.5,Rainy
2023-11-06,Malabe,28.7,77,0.0,Sunny
2023-11-07,Nugegoda,30.1,75,0.0,Sunny
2023-11-07,Maharagama,30.8,79,0.0,Sunny
2023-11-07,Kandy,28.5,67,4.5,Drizzle
2023-11-07,Kirulapane,31.0,77,0.0,Sunny
2023-11-07,Wattala,29.9,83,3.1,Drizzle
2023-11-07,Colombo,31.3,73,3.6,Drizzle
2023-11-07,Pelawatte,28.6,67,0.0,Sunny
2023-11-07,Malabe,28.3,74,13.6,Rainy
2023-11-08,Nugegoda,30.7,67,1.1,Drizzle
2023-11-08,Maharagama,29.9,75,13.8,Rainy
2023-11-08,Kandy,28.1,78,0.0,Sunny
2023-11-08,Kirulapane,30.4,70,0.0,Sunny
2023-11-08,Wattala,27.9,67,1.0,Drizzle
2023-11-08,Colombo,29.7,69,0.0,Sunny
2023-11-08,Pelawatte,32.9,79,5.1,Drizzle
2023-11-08,Malabe,30.5,74,0.0,Sunny
2023-11-09,Nugegoda,30.0,70,0.0,Sunny
2023-11-09,Maharagama,32.1,65,0.0,Sunny
2023-11-09,Kandy,25.4,68,3.9,Drizzle
2023-11-09,Kirulapane,29.2,79,0.0,Sunny
2023-11-09,Wattala,29.1,76,2.4,Drizzle
2023-11-09,Colombo,29.1,68,0.0,Sunny
2023-11-09,Pelawatte,32.7,67,8.2,Drizzle
2023-11-09,Malabe,30.2,82,5.7,Drizzle
2023-11-10,Nugegoda,32.1,78,0.0,Sunny
2023-11-10,Maharagama,28.2,69,6.4,Drizzle
2023-11-10,Kandy,27.9,63,0.0,Sunny
2023-11-10,Kirulapane,32.7,82,0.0,Sunny
2023-11-10,Wattala,32.0,72,0.0,Sunny
2023-11-10,Colombo,31.8,77,0.0,Sunny
2023-11-10,Pelawatte,30.8,74,2.7,Drizzle
2023-11-10,Malabe,29.3,70,7.6,Drizzle
2023-11-11,Nugegoda,31.7,72,2.3,Drizzle
2023-11-11,Maharagama,29.4,73,2.4,Drizzle
2023-11-11,Kandy,28.0,73,0.0,Sunny
2023-11-11,Kirulapane,28.5,83,0.0,Sunny
2023-11-11,Wattala,28.9,74,17.2,Rainy
2023-11-11,Colombo,29.0,80,0.0,Sunny
2023-11-11,Pelawatte,30.5,70,13.8,Rainy
2023-11-11,Malabe,29.2,78,0.0,Sunny
2023-11-12,Nugegoda,30.8,74,0.0,Sunny
2023-11-12,Maharagama,31.8,70,20.3,Rainy
2023-11-12,Kandy,28.1,71,0.0,Sunny
2023-11-12,Kirulapane,28.3,71,0.0,Sunny
2023-11-12,Wattala,30.1,80,0.0,Sunny
2023-11-12,Colombo,30.6,66,0.0,Sunny
2023-11-12,Pelawatte,28.9,74,11.2,Rainy
2023-11-12,Malabe,30.0,78,0.0,Sunny
2023-11-13,Nugegoda,30.4,77,9.0,Drizzle
2023-11-13,Maharagama,28.6,78,0.0,Sunny
2023-11-13,Kandy,26.3,78,0.0,Sunny
2023-11-13,Kirulapane,28.2,83,7.8,Drizzle
2023-11-13,Wattala,31.7,72,5.3,Drizzle
2023-11-13,Colombo,30.0,78,8.6,Drizzle
2023-11-13,Pelawatte,29.0,76,0.0,Sunny
2023-11-13,Malabe,31.0,74,0.0,Sunny
2023-11-14,Nugegoda,30.7,86,0.0,Cloudy
2023-11-14,Maharagama,30.3,68,0.4,Drizzle
2023-11-14,Kandy,27.3,75,12.3,Rainy
2023-11-14,Kirulapane,30.2,74,3.4,Drizzle
2023-11-14,Wattala,28.7,72,9.0,Drizzle
2023-11-14,Colombo,28.9,75,0.0,Sunny
2023-11-14,Pelawatte,29.9,84,9.0,Drizzle
2023-11-14,Malabe,30.8,78,7.7,Drizzle
2023-11-15,Nugegoda,28.3,72,0.0,Sunny
2023-11-15,Maharagama,32.1,76,4.1,Drizzle
2023-11-15,Kandy,26.9,77,0.0,Sunny
2023-11-15,Kirulapane,31.1,75,0.0,Sunny
2023-11-15,Wattala,32.6,76,0.0,Sunny
2023-11-15,Colombo,29.7,70,5.5,Drizzle
2023-11-15,Pelawatte,30.7,74,3.2,Drizzle
2023-11-15,Malabe,30.3,81,2.0,Drizzle
2023-11-16,Nugegoda,30.6,74,0.0,Sunny
2023-11-16,Maharagama,29.0,74,0.0,Sunny
2023-11-16,Kandy,28.6,75,0.0,Sunny
2023-11-16,Kirulapane,31.3,73,2.9,Drizzle
2023-11-16,Wattala,29.7,82,18.3,Rainy
2023-11-16,Colombo,30.1,74,1.9,Drizzle
2023-11-16,Pelawatte,31.8,78,0.0,Sunny
2023-11-16,Malabe,29.5,74,0.0,Sunny
2023-11-17,Nugegoda,31.3,71,14.7,Rainy
2023-11-17,Maharagama,29.5,67,1.9,Drizzle
2023-11-17,Kandy,27.6,76,0.0,Sunny
2023-11-17,Kirulapane,28.5,76,0.0,Sunny
2023-11-17,Wattala,28.0,70,16.7,Rainy
2023-11-17,Colombo,28.2,78,2.2,Drizzle
2023-11-17,Pelawatte,27.3,75,0.0,Sunny
2023-11-17,Malabe,27.4,69,0.0,Sunny
2023-11-18,Nugegoda,29.0,66,0.0,Sunny
2023-11-18,Maharagama,28.9,70,0.0,Sunny
2023-11-18,Kandy,27.6,76,9.1,Drizzle
2023-11-18,Kirulapane,30.8,58,2.5,Drizzle
2023-11-18,Wattala,29.7,71,5.5,Drizzle
2023-11-18,Colombo,28.9,67,4.0,Drizzle
2023-11-18,Pelawatte,29.6,71,0.0,Sunny
2023-11-18,Malabe,29.7,71,0.0,Sunny
2023-11-19,Nugegoda,28.7,81,0.0,Sunny
2023-11-19,Maharagama,29.5,71,2.1,Drizzle
2023-11-19,Kandy,27.0,73,2.4,Drizzle
2023-11-19,Kirulapane,30.5,70,1.1,Drizzle
2023-11-19,Wattala,33.1,69,0.0,Sunny
2023-11-19,Colombo,29.0,80,0.0,Sunny
2023-11-19,Pelawatte,30.3,73,1.2,Drizzle
2023-11-19,Malabe,28.7,71,5.2,Drizzle
2023-11-20,Nugegoda,29.1,79,0.0,Sunny
2023-11-20,Maharagama,27.3,85,0.0,Sunny
2023-11-20,Kandy,27.3,72,0.0,Sunny
2023-11-20,Kirulapane,31.1,66,18.6,Rainy
2023-11-20,Wattala,32.8,78,0.0,Sunny
2023-11-20,Colombo,31.1,71,4.3,Drizzle
2023-11-20,Pelawatte,29.3,68,0.0,Sunny
2023-11-20,Malabe,28.9,69,1.6,Drizzle
2023-11-21,Nugegoda,31.3,82,0.0,Sunny
2023-11-21,Maharagama,31.8,70,0.0,Sunny
2023-11-21,Kandy,24.5,76,6.0,Drizzle
2023-11-21,Kirulapane,31.6,70,17.8,Rainy
2023-11-21,Wattala,28.9,76,0.0,Sunny
2023-11-21,Colombo,29.8,78,0.0,Sunny
2023-11-21,Pelawatte,30.8,73,0.0,Sunny
2023-11-21,Malabe,31.2,73,0.0,Sunny
2023-11-22,Nugegoda,29.4,67,0.0,Sunny
2023-11-22,Maharagama,31.7,75,0.0,Sunny
2023-11-22,Kandy,26.9,77,0.0,Sunny
2023-11-22,Kirulapane,28.3,67,0.0,Sunny
2023-11-22,Wattala,31.3,79,0.2,Drizzle
2023-11-22,Colombo,30.0,74,7.9,Drizzle
2023-11-22,Pelawatte,30.0,72,0.0,Sunny
2023-11-22,Malabe,29.9,73,15.3,Rainy
2023-11-23,Nugegoda,29.7,72,4.4,Drizzle
2023-11-23,Maharagama,29.3,77,0.0,Sunny
2023-11-23,Kandy,25.1,66,1.0,Drizzle
2023-11-23,Kirulapane,28.3,77,7.9,Drizzle
2023-11-23,Wattala,29.2,67,15.5,Rainy
2023-11-23,Colombo,29.0,76,7.5,Drizzle
2023-11-23,Pelawatte,28.9,75,0.0,Sunny
2023-11-23,Malabe,29.7,65,12.0,Rainy
2023-11-24,Nugegoda,27.8,70,0.0,Sunny
2023-11-24,Maharagama,30.8,73,2.0,Drizzle
2023-11-24,Kandy,29.5,77,0.0,Sunny
2023-11-24,Kirulapane,32.5,69,0.0,Sunny
2023-11-24,Wattala,31.4,73,0.0,Sunny
2023-11-24,Colombo,28.8,81,0.0,Sunny
2023-11-24,Pelawatte,28.1,78,0.0,Sunny
2023-11-24,Malabe,27.1,65,0.0,Sunny
2023-11-25,Nugegoda,29.8,81,0.0,Sunny
2023-11-25,Maharagama,28.9,79,0.0,Sunny
2023-11-25,Kandy,25.9,75,0.0,Sunny
2023-11-25,Kirulapane,30.2,73,0.0,Sunny
2023-11-25,Wattala,28.7,73,5.7,Drizzle
2023-11-25,Colombo,28.2,67,0.0,Sunny
2023-11-25,Pelawatte,30.7,70,0.0,Sunny
2023-11-25,Malabe,29.7,77,0.0,Sunny
2023-11-26,Nugegoda,30.6,74,0.2,Drizzle
2023-11-26,Maharagama,31.2,76,0.4,Drizzle
2023-11-26,Kandy,29.0,75,6.6,Drizzle
2023-11-26,Kirulapane,30.3,72,0.5,Drizzle
2023-11-26,Wattala,29.4,70,8.0,Drizzle
2023-11-26,Colombo,29.5,69,0.0,Sunny
2023-11-26,Pelawatte,27.0,72,0.0,Sunny
2023-11-26,Malabe,29.1,66,3.2,Drizzle
2023-11-27,Nugegoda,29.5,81,5.6,Drizzle
2023-11-27,Maharagama,30.5,71,7.3,Drizzle
2023-11-27,Kandy,28.2,79,2.5,Drizzle
2023-11-27,Kirulapane,30.8,75,20.1,Rainy
2023-11-27,Wattala,30.5,78,3.0,Drizzle
2023-11-27,Colombo,29.8,73,0.4,Drizzle
2023-11-27,Pelawatte,28.8,77,0.0,Sunny
2023-11-27,Malabe,29.4,61,0.0,Sunny
2023-11-28,Nugegoda,29.1,75,0.0,Sunny
2023-11-28,Maharagama,29.5,72,4.0,Drizzle
2023-11-28,Kandy,25.0,68,0.0,Sunny
2023-11-28,Kirulapane,30.8,77,0.0,Sunny
2023-11-28,Wattala,29.3,76,0.0,Sunny
2023-11-28,Colombo,30.8,72,0.0,Sunny
2023-11-28,Pelawatte,30.0,78,0.0,Sunny
2023-11-28,Malabe,29.8,75,0.0,Sunny
2023-11-29,Nugegoda,28.5,79,11.2,Rainy
2023-11-29,Maharagama,30.1,70,0.0,Sunny
2023-11-29,Kandy,25.5,69,14.6,Rainy
2023-11-29,Kirulapane,30.8,71,0.0,Sunny
2023-11-29,Wattala,27.6,73,2.1,Drizzle
2023-11-29,Colombo,29.6,73,0.0,Sunny
2023-11-29,Pelawatte,30.8,74,0.0,Sunny
2023-11-29,Malabe,30.5,75,3.0,Drizzle
2023-11-30,Nugegoda,26.7,73,0.0,Sunny
2023-11-30,Maharagama,28.3,70,7.7,Drizzle
2023-11-30,Kandy,24.9,85,0.8,Drizzle
2023-11-30,Kirulapane,29.2,76,0.0,Sunny
2023-11-30,Wattala,28.0,82,0.5,Drizzle
2023-11-30,Colombo,31.8,70,0.0,Sunny
2023-11-30,Pelawatte,28.3,71,8.0,Drizzle
2023-11-30,Malabe,30.5,78,0.0,Sunny
2023-12-01,Nugegoda,31.2,74,18.1,Rainy
2023-12-01,Maharagama,28.8,74,4.5,Drizzle
2023-12-01,Kandy,25.9,77,0.0,Sunny
2023-12-01,Kirulapane,28.7,72,15.1,Rainy
2023-12-01,Wattala,29.3,68,13.9,Rainy
2023-12-01,Colombo,27.4,66,6.7,Drizzle
2023-12-01,Pelawatte,27.6,74,0.0,Sunny
2023-12-01,Malabe,28.1,71,0.0,Sunny
2023-12-02,Nugegoda,29.2,81,0.0,Sunny
2023-12-02,Maharagama,28.5,70,3.1,Drizzle
2023-12-02,Kandy,26.2,77,16.3,Rainy
2023-12-02,Kirulapane,30.4,74,0.0,Sunny
2023-12-02,Wattala,27.5,74,8.8,Drizzle
2023-12-02,Colombo,29.8,72,0.0,Sunny
2023-12-02,Pelawatte,28.0,76,1.3,Drizzle
2023-12-02,Malabe,28.2,85,0.8,Drizzle
2023-12-03,Nugegoda,29.5,83,15.9,Rainy
2023-12-03,Maharagama,30.4,83,0.0,Sunny
2023-12-03,Kandy,26.4,73,1.2,Drizzle
2023-12-03,Kirulapane,31.5,70,0.0,Sunny
2023-12-03,Wattala,27.0,68,0.0,Sunny
2023-12-03,Colombo,29.8,72,0.0,Sunny
2023-12-03,Pelawatte,27.6,67,0.9,Drizzle
2023-12-03,Malabe,28.2,78,31.5,Storm
2023-12-04,Nugegoda,30.0,71,0.0,Sunny
2023-12-04,Maharagama,26.1,78,4.7,Drizzle
2023-12-04,Kandy,24.7,77,0.0,Sunny
2023-12-04,Kirulapane,28.5,80,0.0,Sunny
2023-12-04,Wattala,26.5,65,1.5,Drizzle
2023-12-04,Colombo,28.4,75,0.0,Sunny
2023-12-04,Pelawatte,26.7,62,0.0,Sunny
2023-12-04,Malabe,27.7,70,3.0,Drizzle
2023-12-05,Nugegoda,27.7,80,0.0,Sunny
2023-12-05,Maharagama,29.5,67,0.0,Sunny
2023-12-05,Kandy,25.8,70,0.0,Sunny
2023-12-05,Kirulapane,26.0,74,0.0,Sunny
2023-12-05,Wattala,29.7,73,9.9,Drizzle
2023-12-05,Colombo,28.8,76,0.0,Sunny
2023-12-05,Pelawatte,29.2,72,0.0,Sunny
2023-12-05,Malabe,27.1,67,0.0,Sunny
2023-12-06,Nugegoda,28.0,65,0.0,Sunny
2023-12-06,Maharagama,27.7,72,0.0,Sunny
2023-12-06,Kandy,28.9,65,0.0,Sunny
2023-12-06,Kirulapane,28.7,78,0.0,Sunny
2023-12-06,Wattala,25.7,74,3.5,Drizzle
2023-12-06,Colombo,32.4,83,0.0,Sunny
2023-12-06,Pelawatte,29.5,68,12.1,Rainy
2023-12-06,Malabe,28.2,84,0.0,Sunny
2023-12-07,Nugegoda,27.2,72,0.0,Sunny
2023-12-07,Maharagama,29.5,69,0.0,Sunny
2023-12-07,Kandy,24.2,72,0.0,Sunny
2023-12-07,Kirulapane,29.6,77,0.0,Sunny
2023-12-07,Wattala,28.1,79,0.0,Sunny
2023-12-07,Colombo,24.9,84,0.0,Sunny
2023-12-07,Pelawatte,29.5,70,0.0,Sunny
2023-12-07,Malabe,27.1,70,13.9,Rainy
2023-12-08,Nugegoda,29.6,75,0.0,Sunny
2023-12-08,Maharagama,29.9,81,14.2,Rainy
2023-12-08,Kandy,26.0,79,0.0,Sunny
2023-12-08,Kirulapane,29.3,67,0.0,Sunny
2023-12-08,Wattala,27.1,70,11.6,Rainy
2023-12-08,Colombo,29.0,69,0.0,Sunny
2023-12-08,Pelawatte,29.5,78,17.5,Rainy
2023-12-08,Malabe,28.1,72,0.0,Sunny
2023-12-09,Nugegoda,29.0,80,0.0,Sunny
2023-12-09,Maharagama,29.5,78,0.5,Drizzle
2023-12-09,Kandy,25.8,72,1.8,Drizzle
2023-12-09,Kirulapane,28.2,75,0.0,Sunny
2023-12-09,Wattala,30.5,77,0.1,Drizzle
2023-12-09,Colombo,26.9,70,0.0,Sunny
2023-12-09,Pelawatte,27.1,82,0.0,Sunny
2023-12-09,Malabe,31.0,79,0.0,Sunny
2023-12-10,Nugegoda,25.8,71,3.4,Drizzle
2023-12-10,Maharagama,29.6,74,10.6,Rainy
2023-12-10,Kandy,23.7,75,0.0,Sunny
2023-12-10,Kirulapane,31.2,74,0.0,Sunny
2023-12-10,Wattala,28.1,73,3.9,Drizzle
2023-12-10,Colombo,28.6,78,0.0,Sunny
2023-12-10,Pelawatte,27.3,72,0.0,Sunny
2023-12-10,Malabe,26.6,74,0.0,Sunny
2023-12-11,Nugegoda,28.4,74,0.0,Sunny
2023-12-11,Maharagama,28.3,80,6.6,Drizzle
2023-12-11,Kandy,27.0,79,0.0,Sunny
2023-12-11,Kirulapane,28.0,81,0.0,Sunny
2023-12-11,Wattala,27.5,79,11.1,Rainy
2023-12-11,Colombo,25.4,69,0.0,Sunny
2023-12-11,Pelawatte,27.7,76,0.6,Drizzle
2023-12-11,Malabe,29.9,66,0.0,Sunny
2023-12-12,Nugegoda,27.9,65,1.9,Drizzle
2023-12-12,Maharagama,28.5,70,0.0,Sunny
2023-12-12,Kandy,26.5,74,1.2,Drizzle
2023-12-12,Kirulapane,31.2,72,0.0,Sunny
2023-12-12,Wattala,25.2,73,0.0,Sunny
2023-12-12,Colombo,30.6,66,1.5,Drizzle
2023-12-12,Pelawatte,29.1,81,0.0,Sunny
2023-12-12,Malabe,29.3,74,0.2,Drizzle
2023-12-13,Nugegoda,28.1,67,0.0,Sunny
2023-12-13,Maharagama,29.8,75,0.0,Sunny
2023-12-13,Kandy,24.9,79,0.0,Sunny
2023-12-13,Kirulapane,28.4,77,39.3,Storm
2023-12-13,Wattala,30.9,75,0.1,Drizzle
2023-12-13,Colombo,31.1,73,0.0,Sunny
2023-12-13,Pelawatte,28.1,68,0.0,Sunny
2023-12-13,Malabe,28.3,69,13.2,Rainy
2023-12-14,Nugegoda,27.6,65,0.0,Sunny
2023-12-14,Maharagama,28.6,71,10.9,Rainy
2023-12-14,Kandy,26.7,78,0.0,Sunny
2023-12-14,Kirulapane,28.6,70,0.0,Sunny
2023-12-14,Wattala,29.4,78,0.0,Sunny
2023-12-14,Colombo,31.0,73,8.8,Drizzle
2023-12-14,Pelawatte,29.3,76,0.0,Sunny
2023-12-14,Malabe,27.3,69,13.7,Rainy
2023-12-15,Nugegoda,28.5,80,0.0,Sunny
2023-12-15,Maharagama,27.7,78,0.0,Sunny
2023-12-15,Kandy,26.8,73,0.0,Sunny
2023-12-15,Kirulapane,27.6,73,8.1,Drizzle
2023-12-15,Wattala,29.2,78,4.4,Drizzle
2023-12-15,Colombo,27.1,70,13.5,Rainy
2023-12-15,Pelawatte,26.3,79,0.0,Sunny
2023-12-15,Malabe,29.0,67,1.3,Drizzle
2023-12-16,Nugegoda,28.3,74,5.9,Drizzle
2023-12-16,Maharagama,32.2,75,3.2,Drizzle
2023-12-16,Kandy,25.3,79,0.0,Sunny
2023-12-16,Kirulapane,27.2,75,0.0,Sunny
2023-12-16,Wattala,29.9,74,17.0,Rainy
2023-12-16,Colombo,30.9,79,2.0,Drizzle
2023-12-16,Pelawatte,27.9,66,0.8,Drizzle
2023-12-16,Malabe,25.6,80,0.0,Sunny
2023-12-17,Nugegoda,27.0,70,0.0,Sunny
2023-12-17,Maharagama,29.5,69,0.0,Sunny
2023-12-17,Kandy,26.4,75,1.2,Drizzle
2023-12-17,Kirulapane,27.7,70,2.2,Drizzle
2023-12-17,Wattala,29.6,65,0.0,Sunny
2023-12-17,Colombo,26.4,70,0.0,Sunny
2023-12-17,Pelawatte,28.5,75,0.0,Sunny
2023-12-17,Malabe,30.4,71,0.6,Drizzle
2023-12-18,Nugegoda,28.4,76,3.0,Drizzle
2023-12-18,Maharagama,27.3,79,3.9,Drizzle
2023-12-18,Kandy,25.6,67,10.9,Rainy
2023-12-18,Kirulapane,28.8,73,0.0,Sunny
2023-12-18,Wattala,28.8,71,15.1,Rainy
2023-12-18,Colombo,31.3,83,4.7,Drizzle
2023-12-18,Pelawatte,26.7,76,0.0,Sunny
2023-12-18,Malabe,27.4,77,0.0,Sunny
2023-12-19,Nugegoda,26.3,75,4.4,Drizzle
2023-12-19,Maharagama,29.4,76,0.0,Sunny
2023-12-19,Kandy,24.5,75,0.0,Sunny
2023-12-19,Kirulapane,26.2,75,0.7,Drizzle
2023-12-19,Wattala,28.5,82,12.7,Rainy
2023-12-19,Colombo,30.3,78,0.0,Sunny
2023-12-19,Pelawatte,29.5,66,0.0,Sunny
2023-12-19,Malabe,28.6,80,0.0,Sunny
2023-12-20,Nugegoda,29.3,74,0.0,Sunny
2023-12-20,Maharagama,27.8,63,0.0,Sunny
2023-12-20,Kandy,26.8,74,11.7,Rainy
2023-12-20,Kirulapane,28.5,75,0.0,Sunny
2023-12-20,Wattala,26.4,71,2.1,Drizzle
2023-12-20,Colombo,26.6,73,8.9,Drizzle
2023-12-20,Pelawatte,26.3,68,0.0,Sunny
2023-12-20,Malabe,26.8,74,0.0,Sunny
2023-12-21,Nugegoda,28.0,77,1.6,Drizzle
2023-12-21,Maharagama,27.5,76,0.3,Drizzle
2023-12-21,Kandy,23.5,77,0.0,Sunny
2023-12-21,Kirulapane,28.5,80,0.0,Sunny
2023-12-21,Wattala,29.3,75,0.0,Sunny
2023-12-21,Colombo,27.9,82,0.0,Sunny
2023-12-21,Pelawatte,28.3,67,21.7,Rainy
2023-12-21,Malabe,30.3,66,0.0,Sunny
2023-12-22,Nugegoda,29.6,81,10.1,Rainy
2023-12-22,Maharagama,29.2,70,0.0,Sunny
2023-12-22,Kandy,23.9,77,0.0,Sunny
2023-12-22,Kirulapane,26.9,76,8.7,Drizzle
2023-12-22,Wattala,24.9,73,2.9,Drizzle
2023-12-22,Colombo,28.5,77,0.0,Sunny
2023-12-22,Pelawatte,28.7,76,0.0,Sunny
2023-12-22,Malabe,30.1,71,15.5,Rainy
2023-12-23,Nugegoda,27.6,66,10.4,Rainy
2023-12-23,Maharagama,28.9,72,0.0,Sunny
2023-12-23,Kandy,25.2,76,0.0,Sunny
2023-12-23,Kirulapane,28.0,71,4.1,Drizzle
2023-12-23,Wattala,28.3,81,5.9,Drizzle
2023-12-23,Colombo,29.2,67,0.0,Sunny
2023-12-23,Pelawatte,27.8,70,0.6,Drizzle
2023-12-23,Malabe,29.5,68,0.0,Sunny
2023-12-24,Nugegoda,27.2,72,0.0,Sunny
2023-12-24,Maharagama,30.4,68,0.0,Sunny
2023-12-24,Kandy,23.1,77,5.7,Drizzle
2023-12-24,Kirulapane,29.1,72,11.6,Rainy
2023-12-24,Wattala,29.3,73,0.0,Sunny
2023-12-24,Colombo,27.5,72,0.0,Sunny
2023-12-24,Pelawatte,26.1,81,8.4,Drizzle
2023-12-24,Malabe,27.8,81,5.2,Drizzle
2023-12-25,Nugegoda,29.6,75,0.0,Sunny
2023-12-25,Maharagama,28.9,75,3.9,Drizzle
2023-12-25,Kandy,26.8,74,19.4,Rainy
2023-12-25,Kirulapane,27.5,77,0.0,Sunny
2023-12-25,Wattala,29.1,69,7.5,Drizzle
2023-12-25,Colombo,28.9,81,0.0,Sunny
2023-12-25,Pelawatte,27.2,81,3.1,Drizzle
2023-12-25,Malabe,28.5,74,0.0,Sunny
2023-12-26,Nugegoda,30.8,74,11.2,Rainy
2023-12-26,Maharagama,31.2,72,0.0,Sunny
2023-12-26,Kandy,24.4,63,0.0,Sunny
2023-12-26,Kirulapane,28.4,73,5.3,Drizzle
2023-12-26,Wattala,27.0,69,0.0,Sunny
2023-12-26,Colombo,29.9,67,0.0,Sunny
2023-12-26,Pelawatte,29.4,77,0.7,Drizzle
2023-12-26,Malabe,28.1,71,0.0,Sunny
2023-12-27,Nugegoda,24.8,74,6.5,Drizzle
2023-12-27,Maharagama,28.3,64,0.0,Sunny
2023-12-27,Kandy,26.3,68,0.0,Sunny
2023-12-27,Kirulapane,28.6,74,0.0,Sunny
2023-12-27,Wattala,28.0,74,0.9,Drizzle
2023-12-27,Colombo,27.6,77,0.0,Sunny
2023-12-27,Pelawatte,28.0,72,0.0,Sunny
2023-12-27,Malabe,28.0,65,0.0,Sunny
2023-12-28,Nugegoda,30.2,78,0.0,Sunny
2023-12-28,Maharagama,27.5,77,9.4,Drizzle
2023-12-28,Kandy,25.1,73,2.4,Drizzle
2023-12-28,Kirulapane,27.1,65,0.0,Sunny
2023-12-28,Wattala,28.8,74,21.2,Rainy
2023-12-28,Colombo,29.7,77,4.6,Drizzle
2023-12-28,Pelawatte,29.6,74,0.0,Sunny
2023-12-28,Malabe,30.4,75,0.0,Sunny
2023-12-29,Nugegoda,26.4,77,0.0,Sunny
2023-12-29,Maharagama,27.4,68,7.9,Drizzle
2023-12-29,Kandy,25.2,68,1.8,Drizzle
2023-12-29,Kirulapane,30.5,66,0.0,Sunny
2023-12-29,Wattala,28.8,74,0.0,Sunny
2023-12-29,Colombo,28.2,77,0.0,Sunny
2023-12-29,Pelawatte,25.9,64,6.3,Drizzle
2023-12-29,Malabe,30.3,71,0.0,Sunny
2023-12-30,Nugegoda,26.9,77,0.0,Sunny
2023-12-30,Maharagama,26.9,76,0.0,Sunny
2023-12-30,Kandy,29.4,80,0.0,Sunny
2023-12-30,Kirulapane,29.2,73,2.7,Drizzle
2023-12-30,Wattala,30.1,68,0.0,Sunny
2023-12-30,Colombo,25.3,78,26.1,Rainy
2023-12-30,Pelawatte,31.4,66,23.2,Rainy
2023-12-30,Malabe,27.9,79,0.0,Sunny
2023-12-31,Nugegoda,26.5,65,0.0,Sunny
2023-12-31,Maharagama,30.6,85,1.7,Drizzle
2023-12-31,Kandy,26.2,74,10.0,Drizzle
2023-12-31,Kirulapane,29.8,73,0.0,Sunny
2023-12-31,Wattala,28.7,68,0.0,Sunny
2023-12-31,Colombo,27.1,64,0.0,Sunny
2023-12-31,Pelawatte,29.9,70,7.7,Drizzle
2023-12-31,Malabe,30.6,66,0.0,Sunny
2024-01-01,Nugegoda,30.2,71,0.0,Sunny
2024-01-01,Maharagama,28.7,78,0.0,Sunny
2024-01-01,Kandy,25.4,75,0.0,Sunny
2024-01-01,Kirulapane,27.8,76,15.8,Rainy
2024-01-01,Wattala,30.9,77,0.7,Drizzle
2024-01-01,Colombo,27.4,79,0.0,Sunny
2024-01-01,Pelawatte,25.8,74,24.4,Rainy
2024-01-01,Malabe,30.6,67,0.0,Sunny
2024-01-02,Nugegoda,28.3,74,2.8,Drizzle
2024-01-02,Maharagama,28.3,78,25.9,Rainy
2024-01-02,Kandy,27.0,77,0.0,Sunny
2024-01-02,Kirulapane,28.6,78,9.1,Drizzle
2024-01-02,Wattala,28.9,70,0.0,Sunny
2024-01-02,Colombo,29.3,70,0.2,Drizzle
2024-01-02,Pelawatte,27.3,72,8.6,Drizzle
2024-01-02,Malabe,28.5,71,0.0,Sunny
2024-01-03,Nugegoda,27.9,73,0.4,Drizzle
2024-01-03,Maharagama,28.5,73,0.0,Sunny
2024-01-03,Kandy,26.5,67,17.2,Rainy
2024-01-03,Kirulapane,29.7,71,0.0,Sunny
2024-01-03,Wattala,28.4,72,5.7,Drizzle
2024-01-03,Colombo,27.1,79,0.0,Sunny
2024-01-03,Pelawatte,27.0,81,0.0,Sunny
2024-01-03,Malabe,28.4,67,0.0,Sunny
2024-01-04,Nugegoda,29.7,78,0.0,Sunny
2024-01-04,Maharagama,28.1,74,0.0,Sunny
2024-01-04,Kandy,24.7,81,0.0,Sunny
2024-01-04,Kirulapane,28.6,75,1.3,Drizzle
2024-01-04,Wattala,30.3,75,8.0,Drizzle
2024-01-04,Colombo,29.4,76,15.2,Rainy
2024-01-04,Pelawatte,29.4,72,8.5,Drizzle
2024-01-04,Malabe,28.6,76,0.0,Sunny
2024-01-05,Nugegoda,27.7,66,1.6,Drizzle
2024-01-05,Maharagama,27.5,91,0.0,Cloudy
2024-01-05,Kandy,24.4,75,0.0,Sunny
2024-01-05,Kirulapane,26.4,65,3.1,Drizzle
2024-01-05,Wattala,27.3,67,0.0,Sunny
2024-01-05,Colombo,29.8,73,2.0,Drizzle
2024-01-05,Pelawatte,27.3,76,3.5,Drizzle
2024-01-05,Malabe,29.2,73,4.5,Drizzle
2024-01-06,Nugegoda,29.8,82,0.0,Sunny
2024-01-06,Maharagama,28.2,76,0.4,Drizzle
2024-01-06,Kandy,24.0,67,0.0,Sunny
2024-01-06,Kirulapane,26.2,79,7.9,Drizzle
2024-01-06,Wattala,29.2,68,10.1,Rainy
2024-01-06,Colombo,27.8,70,0.0,Sunny
2024-01-06,Pelawatte,27.3,82,0.0,Sunny
2024-01-06,Malabe,27.8,68,0.6,Drizzle
2024-01-07,Nugegoda,29.1,69,9.4,Drizzle
2024-01-07,Maharagama,29.3,83,0.0,Sunny
2024-01-07,Kandy,21.0,76,0.0,Sunny
2024-01-07,Kirulapane,28.7,69,3.0,Drizzle
2024-01-07,Wattala,26.3,74,0.0,Sunny
2024-01-07,Colombo,27.3,77,0.0,Sunny
2024-01-07,Pelawatte,30.0,78,1.9,Drizzle
2024-01-07,Malabe,28.1,79,0.0,Sunny
2024-01-08,Nugegoda,30.2,74,0.0,Sunny
2024-01-08,Maharagama,28.1,69,3.3,Drizzle
2024-01-08,Kandy,27.4,76,3.7,Drizzle
2024-01-08,Kirulapane,25.9,69,0.0,Sunny
2024-01-08,Wattala,28.3,86,14.6,Rainy
2024-01-08,Colombo,28.4,78,2.2,Drizzle
2024-01-08,Pelawatte,30.5,77,0.6,Drizzle
2024-01-08,Malabe,28.1,68,0.0,Sunny
2024-01-09,Nugegoda,28.9,79,0.0,Sunny
2024-01-09,Maharagama,28.7,70,1.0,Drizzle
2024-01-09,Kandy,26.7,77,0.0,Sunny
2024-01-09,Kirulapane,29.1,71,2.9,Drizzle
2024-01-09,Wattala,28.3,66,20.5,Rainy
2024-01-09,Colombo,29.3,72,0.0,Sunny
2024-01-09,Pelawatte,28.9,71,0.0,Sunny
2024-01-09,Malabe,27.3,71,3.2,Drizzle
2024-01-10,Nugegoda,30.0,69,0.0,Sunny
2024-01-10,Maharagama,30.1,79,17.2,Rainy
2024-01-10,Kandy,23.9,68,0.0,Sunny
2024-01-10,Kirulapane,28.8,73,0.0,Sunny
2024-01-10,Wattala,30.0,70,0.0,Sunny
2024-01-10,Colombo,27.4,75,2.4,Drizzle
2024-01-10,Pelawatte,30.3,74,0.0,Sunny
2024-01-10,Malabe,30.0,74,0.0,Sunny
2024-01-11,Nugegoda,29.5,68,0.0,Sunny
2024-01-11,Maharagama,29.4,77,0.0,Sunny
2024-01-11,Kandy,25.8,73,0.0,Sunny
2024-01-11,Kirulapane,30.9,77,0.0,Sunny
2024-01-11,Wattala,26.8,73,8.8,Drizzle
2024-01-11,Colombo,28.0,80,0.0,Sunny
2024-01-11,Pelawatte,28.0,73,0.0,Sunny
2024-01-11,Malabe,30.4,73,0.0,Sunny
2024-01-12,Nugegoda,28.9,69,47.6,Storm
2024-01-12,Maharagama,27.7,67,3.7,Drizzle
2024-01-12,Kandy,25.5,78,4.7,Drizzle
2024-01-12,Kirulapane,28.9,83,0.0,Sunny
2024-01-12,Wattala,26.2,73,0.0,Sunny
2024-01-12,Colombo,29.0,73,2.3,Drizzle
2024-01-12,Pelawatte,28.5,67,0.0,Sunny
2024-01-12,Malabe,28.5,71,1.9,Drizzle
2024-01-13,Nugegoda,24.9,71,0.0,Sunny
2024-01-13,Maharagama,31.0,77,9.0,Drizzle
2024-01-13,Kandy,24.0,72,0.0,Sunny
2024-01-13,Kirulapane,28.4,78,1.7,Drizzle
2024-01-13,Wattala,27.2,79,2.8,Drizzle
2024-01-13,Colombo,31.2,75,0.0,Sunny
2024-01-13,Pelawatte,28.6,78,13.5,Rainy
2024-01-13,Malabe,29.5,74,19.2,Rainy
2024-01-14,Nugegoda,25.5,73,7.4,Drizzle
2024-01-14,Maharagama,28.5,84,13.8,Rainy
2024-01-14,Kandy,24.7,68,9.3,Drizzle
2024-01-14,Kirulapane,27.9,66,26.5,Rainy
2024-01-14,Wattala,29.3,74,0.0,Sunny
2024-01-14,Colombo,29.5,81,1.2,Drizzle
2024-01-14,Pelawatte,26.0,74,53.0,Storm
2024-01-14,Malabe,27.2,70,7.8,Drizzle
2024-01-15,Nugegoda,27.9,74,1.1,Drizzle
2024-01-15,Maharagama,28.4,80,1.3,Drizzle
2024-01-15,Kandy,23.0,72,0.0,Sunny
2024-01-15,Kirulapane,28.3,76,0.0,Sunny
2024-01-15,Wattala,27.7,66,0.0,Sunny
2024-01-15,Colombo,29.9,64,6.1,Drizzle
2024-01-15,Pelawatte,31.0,68,5.1,Drizzle
2024-01-15,Malabe,28.4,68,6.9,Drizzle
2024-01-16,Nugegoda,27.4,82,0.0,Sunny
2024-01-16,Maharagama,29.0,69,0.0,Sunny
2024-01-16,Kandy,25.8,78,0.0,Sunny
2024-01-16,Kirulapane,27.8,69,6.2,Drizzle
2024-01-16,Wattala,30.6,75,0.0,Sunny
2024-01-16,Colombo,24.8,77,0.0,Sunny
2024-01-16,Pelawatte,29.7,63,3.2,Drizzle
2024-01-16,Malabe,26.7,81,6.1,Drizzle
2024-01-17,Nugegoda,27.8,74,0.0,Sunny
2024-01-17,Maharagama,25.9,72,0.0,Sunny
2024-01-17,Kandy,26.6,67,24.7,Rainy
2024-01-17,Kirulapane,29.7,71,5.6,Drizzle
2024-01-17,Wattala,28.4,76,0.0,Sunny
2024-01-17,Colombo,31.2,61,13.1,Rainy
2024-01-17,Pelawatte,29.7,81,4.3,Drizzle
2024-01-17,Malabe,28.5,73,0.0,Sunny
2024-01-18,Nugegoda,30.2,76,0.0,Sunny
2024-01-18,Maharagama,29.8,78,26.8,Rainy
2024-01-18,Kandy,25.9,75,0.7,Drizzle
2024-01-18,Kirulapane,29.0,66,9.9,Drizzle
2024-01-18,Wattala,27.6,72,3.0,Drizzle
2024-01-18,Colombo,29.2,75,0.0,Sunny
2024-01-18,Pelawatte,26.3,66,0.0,Sunny
2024-01-18,Malabe,30.8,68,3.5,Drizzle
2024-01-19,Nugegoda,28.4,72,0.0,Sunny
2024-01-19,Maharagama,28.5,71,0.0,Sunny
2024-01-19,Kandy,22.9,72,0.0,Sunny
2024-01-19,Kirulapane,28.5,75,8.3,Drizzle
2024-01-19,Wattala,28.2,77,1.5,Drizzle
2024-01-19,Colombo,27.4,66,0.0,Sunny
2024-01-19,Pelawatte,28.0,75,0.0,Sunny
2024-01-19,Malabe,28.7,73,3.0,Drizzle
2024-01-20,Nugegoda,29.4,72,0.0,Sunny
2024-01-20,Maharagama,28.0,67,9.7,Drizzle
2024-01-20,Kandy,27.5,79,0.0,Sunny
2024-01-20,Kirulapane,28.6,68,0.0,Sunny
2024-01-20,Wattala,27.3,84,0.0,Sunny
2024-01-20,Colombo,27.3,72,4.4,Drizzle
2024-01-20,Pelawatte,29.3,70,0.0,Sunny
2024-01-20,Malabe,28.9,61,24.5,Rainy
2024-01-21,Nugegoda,28.8,74,1.2,Drizzle
2024-01-21,Maharagama,28.5,79,0.2,Drizzle
2024-01-21,Kandy,26.2,73,1.2,Drizzle
2024-01-21,Kirulapane,27.0,76,2.3,Drizzle
2024-01-21,Wattala,27.7,80,0.1,Drizzle
2024-01-21,Colombo,26.4,71,9.2,Drizzle
2024-01-21,Pelawatte,29.2,72,0.0,Sunny
2024-01-21,Malabe,26.2,69,0.0,Sunny
2024-01-22,Nugegoda,28.4,69,0.0,Sunny
2024-01-22,Maharagama,28.0,75,0.0,Sunny
2024-01-22,Kandy,25.3,73,0.0,Sunny
2024-01-22,Kirulapane,25.1,70,0.0,Sunny
2024-01-22,Wattala,29.6,72,0.2,Drizzle
2024-01-22,Colombo,27.4,78,0.0,Sunny
2024-01-22,Pelawatte,25.9,70,0.8,Drizzle
2024-01-22,Malabe,28.0,70,13.8,Rainy
2024-01-23,Nugegoda,29.1,70,0.0,Sunny
2024-01-23,Maharagama,28.2,78,1.5,Drizzle
2024-01-23,Kandy,28.3,82,0.0,Sunny
2024-01-23,Kirulapane,27.1,73,0.0,Sunny
2024-01-23,Wattala,26.7,71,0.0,Sunny
2024-01-23,Colombo,28.1,79,1.2,Drizzle
2024-01-23,Pelawatte,27.0,68,4.0,Drizzle
2024-01-23,Malabe,29.6,69,4.2,Drizzle
2024-01-24,Nugegoda,29.7,72,0.0,Sunny
2024-01-24,Maharagama,28.8,75,0.0,Sunny
2024-01-24,Kandy,25.0,74,9.9,Drizzle
2024-01-24,Kirulapane,29.8,77,1.5,Drizzle
2024-01-24,Wattala,26.8,76,23.4,Rainy
2024-01-24,Colombo,27.5,75,1.7,Drizzle
2024-01-24,Pelawatte,28.1,84,0.0,Sunny
2024-01-24,Malabe,29.9,67,0.0,Sunny
2024-01-25,Nugegoda,29.4,74,0.0,Sunny
2024-01-25,Maharagama,29.2,70,0.0,Sunny
2024-01-25,Kandy,24.2,71,1.6,Drizzle
2024-01-25,Kirulapane,27.1,73,0.0,Sunny
2024-01-25,Wattala,24.3,71,4.2,Drizzle
2024-01-25,Colombo,29.1,62,0.0,Sunny
2024-01-25,Pelawatte,29.9,73,0.0,Sunny
2024-01-25,Malabe,25.9,77,0.0,Sunny
2024-01-26,Nugegoda,27.7,76,0.0,Sunny
2024-01-26,Maharagama,28.5,76,1.7,Drizzle
2024-01-26,Kandy,26.9,71,0.0,Sunny
2024-01-26,Kirulapane,29.9,77,0.0,Sunny
2024-01-26,Wattala,27.5,79,0.0,Sunny
2024-01-26,Colombo,27.1,76,0.0,Sunny
2024-01-26,Pelawatte,30.5,80,0.0,Sunny
2024-01-26,Malabe,28.4,81,17.1,Rainy
2024-01-27,Nugegoda,27.2,79,0.0,Sunny
2024-01-27,Maharagama,29.6,75,0.0,Sunny
2024-01-27,Kandy,23.9,74,2.6,Drizzle
2024-01-27,Kirulapane,27.7,75,0.0,Sunny
2024-01-27,Wattala,29.6,70,0.0,Sunny
2024-01-27,Colombo,28.2,69,20.1,Rainy
2024-01-27,Pelawatte,27.1,74,0.0,Sunny
2024-01-27,Malabe,26.7,69,0.0,Sunny
2024-01-28,Nugegoda,24.6,62,0.7,Drizzle
2024-01-28,Maharagama,28.4,81,13.8,Rainy
2024-01-28,Kandy,24.7,78,0.0,Sunny
2024-01-28,Kirulapane,28.8,75,0.0,Sunny
2024-01-28,Wattala,28.5,71,0.0,Sunny
2024-01-28,Colombo,27.7,74,3.1,Drizzle
2024-01-28,Pelawatte,28.0,62,0.0,Sunny
2024-01-28,Malabe,26.1,83,0.0,Sunny
2024-01-29,Nugegoda,28.7,77,0.0,Sunny
2024-01-29,Maharagama,27.9,71,0.0,Sunny
2024-01-29,Kandy,24.1,76,0.0,Sunny
2024-01-29,Kirulapane,28.2,76,1.6,Drizzle
2024-01-29,Wattala,28.4,77,0.0,Sunny
2024-01-29,Colombo,29.3,72,0.0,Sunny
2024-01-29,Pelawatte,27.9,73,0.0,Sunny
2024-01-29,Malabe,28.0,72,0.0,Sunny
2024-01-30,Nugegoda,28.3,71,1.4,Drizzle
2024-01-30,Maharagama,27.7,75,0.0,Sunny
2024-01-30,Kandy,24.6,75,0.7,Drizzle
2024-01-30,Kirulapane,27.2,77,0.0,Sunny
2024-01-30,Wattala,30.6,77,0.0,Sunny
2024-01-30,Colombo,26.1,77,0.0,Sunny
2024-01-30,Pelawatte,25.6,78,0.0,Sunny
2024-01-30,Malabe,30.9,85,1.1,Drizzle
2024-01-31,Nugegoda,30.5,72,3.0,Drizzle
2024-01-31,Maharagama,28.0,59,15.9,Rainy
2024-01-31,Kandy,24.4,75,0.0,Sunny
2024-01-31,Kirulapane,29.3,77,0.0,Sunny
2024-01-31,Wattala,28.3,82,0.0,Sunny
2024-01-31,Colombo,30.2,73,0.0,Sunny
2024-01-31,Pelawatte,28.7,69,0.0,Sunny
2024-01-31,Malabe,28.4,68,0.0,Sunny
2024-02-01,Nugegoda,31.6,75,0.0,Sunny
2024-02-01,Maharagama,31.6,76,0.0,Sunny
2024-02-01,Kandy,23.6,75,0.0,Sunny
2024-02-01,Kirulapane,32.6,80,0.0,Sunny
2024-02-01,Wattala,32.5,63,0.0,Sunny
2024-02-01,Colombo,29.3,75,0.0,Sunny
2024-02-01,Pelawatte,31.0,70,9.4,Drizzle
2024-02-01,Malabe,31.8,63,4.9,Drizzle
2024-02-02,Nugegoda,30.2,71,0.0,Sunny
2024-02-02,Maharagama,31.2,71,0.0,Sunny
2024-02-02,Kandy,26.5,70,0.0,Sunny
2024-02-02,Kirulapane,31.0,71,0.0,Sunny
2024-02-02,Wattala,30.6,73,0.0,Sunny
2024-02-02,Colombo,32.0,72,0.0,Sunny
2024-02-02,Pelawatte,31.3,67,0.0,Sunny
2024-02-02,Malabe,31.0,79,0.0,Sunny
2024-02-03,Nugegoda,29.7,78,5.0,Drizzle
2024-02-03,Maharagama,33.0,74,0.0,Sunny
2024-02-03,Kandy,25.1,77,0.0,Sunny
2024-02-03,Kirulapane,31.6,75,0.0,Sunny
2024-02-03,Wattala,29.7,67,0.0,Sunny
2024-02-03,Colombo,32.0,74,0.0,Sunny
2024-02-03,Pelawatte,32.0,67,0.6,Drizzle
2024-02-03,Malabe,30.3,66,0.0,Sunny
2024-02-04,Nugegoda,29.8,64,0.0,Sunny
2024-02-04,Maharagama,31.7,75,17.7,Rainy
2024-02-04,Kandy,25.6,81,0.0,Sunny
2024-02-04,Kirulapane,31.7,65,0.0,Sunny
2024-02-04,Wattala,29.5,80,0.0,Sunny
2024-02-04,Colombo,31.4,80,3.0,Drizzle
2024-02-04,Pelawatte,29.7,73,2.7,Drizzle
2024-02-04,Malabe,30.4,68,4.2,Drizzle
2024-02-05,Nugegoda,29.2,74,0.0,Sunny
2024-02-05,Maharagama,29.7,73,0.0,Sunny
2024-02-05,Kandy,25.4,76,0.0,Sunny
2024-02-05,Kirulapane,29.1,77,0.0,Sunny
2024-02-05,Wattala,26.9,71,0.0,Sunny
2024-02-05,Colombo,29.7,69,0.0,Sunny
2024-02-05,Pelawatte,31.7,73,0.0,Sunny
2024-02-05,Malabe,30.4,69,0.8,Drizzle
2024-02-06,Nugegoda,29.8,70,0.0,Sunny
2024-02-06,Maharagama,28.0,70,0.0,Sunny
2024-02-06,Kandy,26.4,74,0.0,Sunny
2024-02-06,Kirulapane,31.9,68,0.0,Sunny
2024-02-06,Wattala,31.4,69,0.0,Sunny
2024-02-06,Colombo,29.0,76,0.0,Sunny
2024-02-06,Pelawatte,30.7,73,0.0,Sunny
2024-02-06,Malabe,30.1,66,0.0,Sunny
2024-02-07,Nugegoda,33.5,66,0.0,Sunny
2024-02-07,Maharagama,30.9,74,0.0,Sunny
2024-02-07,Kandy,28.3,70,1.6,Drizzle
2024-02-07,Kirulapane,29.0,72,0.0,Sunny
2024-02-07,Wattala,28.3,81,0.0,Sunny
2024-02-07,Colombo,27.2,74,0.0,Sunny
2024-02-07,Pelawatte,31.8,76,4.1,Drizzle
2024-02-07,Malabe,30.7,69,0.0,Sunny
2024-02-08,Nugegoda,31.2,73,1.8,Drizzle
2024-02-08,Maharagama,27.6,80,0.0,Sunny
2024-02-08,Kandy,30.4,68,0.0,Sunny
2024-02-08,Kirulapane,31.8,71,0.0,Sunny
2024-02-08,Wattala,31.4,71,0.0,Sunny
2024-02-08,Colombo,31.4,72,0.0,Sunny
2024-02-08,Pelawatte,30.8,71,0.0,Sunny
2024-02-08,Malabe,29.7,72,0.0,Sunny
2024-02-09,Nugegoda,25.5,77,0.0,Sunny
2024-02-09,Maharagama,30.7,75,0.0,Sunny
2024-02-09,Kandy,27.8,78,0.1,Drizzle
2024-02-09,Kirulapane,30.8,67,0.0,Sunny
2024-02-09,Wattala,27.7,74,4.5,Drizzle
2024-02-09,Colombo,29.0,66,0.0,Sunny
2024-02-09,Pelawatte,29.1,75,0.9,Drizzle
2024-02-09,Malabe,29.7,73,0.9,Drizzle
2024-02-10,Nugegoda,32.2,77,0.0,Sunny
2024-02-10,Maharagama,29.0,73,12.8,Rainy
2024-02-10,Kandy,27.7,69,0.0,Sunny
2024-02-10,Kirulapane,28.5,77,0.0,Sunny
2024-02-10,Wattala,30.1,72,0.0,Sunny
2024-02-10,Colombo,30.9,77,0.0,Sunny
2024-02-10,Pelawatte,31.9,67,0.0,Sunny
2024-02-10,Malabe,29.2,76,0.0,Sunny
2024-02-11,Nugegoda,30.6,79,0.0,Sunny
2024-02-11,Maharagama,34.0,70,3.7,Drizzle
2024-02-11,Kandy,27.9,84,0.0,Sunny
2024-02-11,Kirulapane,28.3,71,1.6,Drizzle
2024-02-11,Wattala,30.2,75,0.0,Sunny
2024-02-11,Colombo,29.6,83,0.0,Sunny
2024-02-11,Pelawatte,30.2,82,0.0,Sunny
2024-02-11,Malabe,28.5,78,0.0,Sunny
2024-02-12,Nugegoda,27.3,84,0.0,Sunny
2024-02-12,Maharagama,28.9,69,0.0,Sunny
2024-02-12,Kandy,27.4,76,4.7,Drizzle
2024-02-12,Kirulapane,32.7,77,0.0,Sunny
2024-02-12,Wattala,32.3,69,0.0,Sunny
2024-02-12,Colombo,28.9,71,0.0,Sunny
2024-02-12,Pelawatte,27.5,73,0.0,Sunny
2024-02-12,Malabe,31.0,71,0.8,Drizzle
2024-02-13,Nugegoda,32.1,66,3.7,Drizzle
2024-02-13,Maharagama,31.5,75,0.0,Sunny
2024-02-13,Kandy,28.3,74,0.0,Sunny
2024-02-13,Kirulapane,29.8,80,0.0,Sunny
2024-02-13,Wattala,30.4,76,0.0,Sunny
2024-02-13,Colombo,31.9,68,0.0,Sunny
2024-02-13,Pelawatte,28.8,79,0.0,Sunny
2024-02-13,Malabe,31.1,78,0.0,Sunny
2024-02-14,Nugegoda,30.3,69,5.4,Drizzle
2024-02-14,Maharagama,29.4,68,0.0,Sunny
2024-02-14,Kandy,26.9,77,0.0,Sunny
2024-02-14,Kirulapane,28.7,70,0.0,Sunny
2024-02-14,Wattala,34.0,73,0.0,Sunny
2024-02-14,Colombo,30.4,78,3.6,Drizzle
2024-02-14,Pelawatte,29.7,75,1.1,Drizzle
2024-02-14,Malabe,32.5,90,0.0,Cloudy
2024-02-15,Nugegoda,29.4,83,0.0,Sunny
2024-02-15,Maharagama,30.6,73,0.0,Sunny
2024-02-15,Kandy,26.3,83,0.0,Sunny
2024-02-15,Kirulapane,30.9,76,0.0,Sunny
2024-02-15,Wattala,29.2,76,0.0,Sunny
2024-02-15,Colombo,29.8,66,0.0,Sunny
2024-02-15,Pelawatte,29.5,72,0.0,Sunny
2024-02-15,Malabe,30.1,75,0.0,Sunny
2024-02-16,Nugegoda,32.2,75,0.0,Sunny
2024-02-16,Maharagama,26.6,80,0.0,Sunny
2024-02-16,Kandy,29.1,75,3.0,Drizzle
2024-02-16,Kirulapane,32.6,68,0.0,Sunny
2024-02-16,Wattala,31.4,75,0.0,Sunny
2024-02-16,Colombo,31.5,76,0.0,Sunny
2024-02-16,Pelawatte,31.7,82,3.9,Drizzle
2024-02-16,Malabe,29.2,70,0.0,Sunny
2024-02-17,Nugegoda,30.5,74,12.3,Rainy
2024-02-17,Maharagama,28.9,68,0.0,Sunny
2024-02-17,Kandy,28.7,72,0.0,Sunny
2024-02-17,Kirulapane,28.8,69,1.0,Drizzle
2024-02-17,Wattala,31.7,71,0.0,Sunny
2024-02-17,Colombo,30.6,80,0.0,Sunny
2024-02-17,Pelawatte,30.8,76,0.0,Sunny
2024-02-17,Malabe,30.0,73,0.2,Drizzle
2024-02-18,Nugegoda,29.8,69,2.6,Drizzle
2024-02-18,Maharagama,30.8,78,0.0,Sunny
2024-02-18,Kandy,25.9,69,0.5,Drizzle
2024-02-18,Kirulapane,31.5,69,0.0,Sunny
2024-02-18,Wattala,29.8,80,0.0,Sunny
2024-02-18,Colombo,32.5,70,0.0,Sunny
2024-02-18,Pelawatte,30.8,90,0.0,Cloudy
2024-02-18,Malabe,31.1,70,0.0,Sunny
2024-02-19,Nugegoda,26.8,76,0.0,Sunny
2024-02-19,Maharagama,28.3,78,0.0,Sunny
2024-02-19,Kandy,26.7,84,0.0,Sunny
2024-02-19,Kirulapane,30.5,70,0.0,Sunny
2024-02-19,Wattala,29.4,77,0.0,Sunny
2024-02-19,Colombo,30.2,82,0.0,Sunny
2024-02-19,Pelawatte,29.5,73,0.0,Sunny
2024-02-19,Malabe,32.1,69,0.0,Sunny
2024-02-20,Nugegoda,31.7,76,4.0,Drizzle
2024-02-20,Maharagama,27.3,67,0.0,Sunny
2024-02-20,Kandy,28.1,77,0.0,Sunny
2024-02-20,Kirulapane,30.4,79,2.6,Drizzle
2024-02-20,Wattala,29.9,73,4.1,Drizzle
2024-02-20,Colombo,29.9,69,0.0,Sunny
2024-02-20,Pelawatte,30.6,82,0.0,Sunny
2024-02-20,Malabe,30.3,76,0.0,Sunny
2024-02-21,Nugegoda,29.1,71,0.0,Sunny
2024-02-21,Maharagama,31.0,69,3.2,Drizzle
2024-02-21,Kandy,27.7,71,0.0,Sunny
2024-02-21,Kirulapane,28.7,73,0.0,Sunny
2024-02-21,Wattala,28.6,69,0.0,Sunny
2024-02-21,Colombo,30.6,76,0.0,Sunny
2024-02-21,Pelawatte,30.0,66,0.0,Sunny
2024-02-21,Malabe,32.1,76,0.0,Sunny
2024-02-22,Nugegoda,30.6,71,0.0,Sunny
2024-02-22,Maharagama,31.5,70,10.9,Rainy
2024-02-22,Kandy,25.6,74,0.0,Sunny
2024-02-22,Kirulapane,29.1,71,0.0,Sunny
2024-02-22,Wattala,29.9,68,6.8,Drizzle
2024-02-22,Colombo,28.4,75,0.0,Sunny
2024-02-22,Pelawatte,30.1,79,4.9,Drizzle
2024-02-22,Malabe,30.9,62,15.1,Rainy
2024-02-23,Nugegoda,31.8,68,0.0,Sunny
2024-02-23,Maharagama,30.4,72,0.0,Sunny
2024-02-23,Kandy,25.6,76,0.0,Sunny
2024-02-23,Kirulapane,29.6,76,0.0,Sunny
2024-02-23,Wattala,30.4,73,9.8,Drizzle
2024-02-23,Colombo,29.3,71,0.0,Sunny
2024-02-23,Pelawatte,27.3,77,0.0,Sunny
2024-02-23,Malabe,31.0,87,0.0,Cloudy
2024-02-24,Nugegoda,31.1,75,0.0,Sunny
2024-02-24,Maharagama,30.4,84,0.0,Sunny
2024-02-24,Kandy,25.7,71,0.0,Sunny
2024-02-24,Kirulapane,29.6,65,0.0,Sunny
2024-02-24,Wattala,33.7,71,0.0,Sunny
2024-02-24,Colombo,28.0,72,0.0,Sunny
2024-02-24,Pelawatte,28.2,79,0.0,Sunny
2024-02-24,Malabe,32.0,65,4.5,Drizzle
2024-02-25,Nugegoda,31.4,75,0.0,Sunny
2024-02-25,Maharagama,28.8,75,0.0,Sunny
2024-02-25,Kandy,24.9,76,0.0,Sunny
2024-02-25,Kirulapane,29.6,75,0.0,Sunny
2024-02-25,Wattala,30.0,77,0.0,Sunny
2024-02-25,Colombo,29.3,76,0.0,Sunny
2024-02-25,Pelawatte,31.2,78,0.0,Sunny
2024-02-25,Malabe,28.6,65,7.1,Drizzle
2024-02-26,Nugegoda,31.1,73,22.7,Rainy
2024-02-26,Maharagama,31.0,79,0.0,Sunny
2024-02-26,Kandy,27.2,70,0.0,Sunny
2024-02-26,Kirulapane,32.0,68,0.0,Sunny
2024-02-26,Wattala,29.1,81,0.0,Sunny
2024-02-26,Colombo,30.9,73,0.0,Sunny
2024-02-26,Pelawatte,29.3,67,0.0,Sunny
2024-02-26,Malabe,29.5,71,0.0,Sunny
2024-02-27,Nugegoda,27.1,81,0.0,Sunny
2024-02-27,Maharagama,28.8,75,3.7,Drizzle
2024-02-27,Kandy,23.0,88,0.0,Cloudy
2024-02-27,Kirulapane,28.6,83,0.0,Sunny
2024-02-27,Wattala,32.5,81,0.0,Sunny
2024-02-27,Colombo,29.5,71,0.0,Sunny
2024-02-27,Pelawatte,32.3,76,0.0,Sunny
2024-02-27,Malabe,29.5,79,1.7,Drizzle
2024-02-28,Nugegoda,29.2,77,0.0,Sunny
2024-02-28,Maharagama,28.0,71,0.0,Sunny
2024-02-28,Kandy,29.2,68,0.0,Sunny
2024-02-28,Kirulapane,30.7,76,0.4,Drizzle
2024-02-28,Wattala,30.3,77,0.0,Sunny
2024-02-28,Colombo,28.5,77,0.0,Sunny
2024-02-28,Pelawatte,30.4,71,0.0,Sunny
2024-02-28,Malabe,31.0,79,0.0,Sunny
2024-02-29,Nugegoda,30.5,76,0.0,Sunny
2024-02-29,Maharagama,27.1,83,0.0,Sunny
2024-02-29,Kandy,30.2,71,0.0,Sunny
2024-02-29,Kirulapane,32.1,78,0.0,Sunny
2024-02-29,Wattala,27.1,74,0.0,Sunny
2024-02-29,Colombo,30.3,76,0.0,Sunny
2024-02-29,Pelawatte,28.4,85,6.3,Drizzle
2024-02-29,Malabe,29.4,68,0.0,Sunny
2024-03-01,Nugegoda,31.1,66,0.3,Drizzle
2024-03-01,Maharagama,31.6,68,0.0,Sunny
2024-03-01,Kandy,28.7,68,0.0,Sunny
2024-03-01,Kirulapane,35.6,79,8.0,Drizzle
2024-03-01,Wattala,31.6,78,0.0,Sunny
2024-03-01,Colombo,32.1,74,0.0,Sunny
2024-03-01,Pelawatte,30.3,73,0.0,Sunny
2024-03-01,Malabe,35.4,80,0.0,Sunny
2024-03-02,Nugegoda,33.3,66,0.0,Sunny
2024-03-02,Maharagama,32.6,62,7.3,Drizzle
2024-03-02,Kandy,29.7,68,1.7,Drizzle
2024-03-02,Kirulapane,31.4,75,0.0,Sunny
2024-03-02,Wattala,33.8,80,0.0,Sunny
2024-03-02,Colombo,36.6,82,0.0,Sunny
2024-03-02,Pelawatte,32.2,73,0.0,Sunny
2024-03-02,Malabe,31.4,68,11.5,Rainy
2024-03-03,Nugegoda,33.0,66,0.0,Sunny
2024-03-03,Maharagama,33.3,57,0.0,Sunny
2024-03-03,Kandy,26.7,67,0.0,Sunny
2024-03-03,Kirulapane,32.6,77,4.8,Drizzle
2024-03-03,Wattala,33.3,68,0.0,Sunny
2024-03-03,Colombo,31.2,71,0.5,Drizzle
2024-03-03,Pelawatte,30.9,77,0.0,Sunny
2024-03-03,Malabe,33.1,78,0.0,Sunny
2024-03-04,Nugegoda,29.6,80,0.0,Sunny
2024-03-04,Maharagama,33.2,72,5.4,Drizzle
2024-03-04,Kandy,29.4,68,1.5,Drizzle
2024-03-04,Kirulapane,30.8,67,3.7,Drizzle
2024-03-04,Wattala,30.3,73,0.0,Sunny
2024-03-04,Colombo,34.3,67,1.9,Drizzle
2024-03-04,Pelawatte,34.1,80,2.8,Drizzle
2024-03-04,Malabe,32.0,83,0.0,Sunny
2024-03-05,Nugegoda,31.7,70,0.0,Sunny
2024-03-05,Maharagama,31.2,81,0.4,Drizzle
2024-03-05,Kandy,30.3,78,0.0,Sunny
2024-03-05,Kirulapane,31.6,71,0.0,Sunny
2024-03-05,Wattala,32.3,74,0.0,Sunny
2024-03-05,Colombo,32.7,75,0.0,Sunny
2024-03-05,Pelawatte,33.7,76,0.0,Sunny
2024-03-05,Malabe,32.6,79,0.0,Sunny
2024-03-06,Nugegoda,32.5,77,3.7,Drizzle
2024-03-06,Maharagama,34.5,76,0.0,Sunny
2024-03-06,Kandy,30.5,78,5.0,Drizzle
2024-03-06,Kirulapane,32.4,71,6.8,Drizzle
2024-03-06,Wattala,34.5,75,0.0,Sunny
2024-03-06,Colombo,32.2,74,0.0,Sunny
2024-03-06,Pelawatte,33.6,78,0.0,Sunny
2024-03-06,Malabe,32.7,73,0.0,Sunny
2024-03-07,Nugegoda,33.5,74,0.0,Sunny
2024-03-07,Maharagama,32.9,80,3.0,Drizzle
2024-03-07,Kandy,27.7,69,0.0,Sunny
2024-03-07,Kirulapane,30.2,76,0.0,Sunny
2024-03-07,Wattala,34.3,87,0.0,Cloudy
2024-03-07,Colombo,34.1,67,0.0,Sunny
2024-03-07,Pelawatte,33.7,86,0.8,Drizzle
2024-03-07,Malabe,32.8,65,0.0,Sunny
2024-03-08,Nugegoda,30.4,72,0.0,Sunny
2024-03-08,Maharagama,31.2,83,0.5,Drizzle
2024-03-08,Kandy,27.9,77,0.0,Sunny
2024-03-08,Kirulapane,33.1,73,1.0,Drizzle
2024-03-08,Wattala,33.3,73,0.0,Sunny
2024-03-08,Colombo,30.4,79,0.0,Sunny
2024-03-08,Pelawatte,33.6,75,0.0,Sunny
2024-03-08,Malabe,34.6,81,0.0,Sunny
2024-03-09,Nugegoda,30.4,77,0.0,Sunny
2024-03-09,Maharagama,34.1,73,0.0,Sunny
2024-03-09,Kandy,27.7,76,0.0,Sunny
2024-03-09,Kirulapane,34.4,77,0.0,Sunny
2024-03-09,Wattala,33.5,72,0.0,Sunny
2024-03-09,Colombo,33.9,79,0.0,Sunny
2024-03-09,Pelawatte,32.7,75,1.4,Drizzle
2024-03-09,Malabe,30.7,65,0.1,Drizzle
2024-03-10,Nugegoda,34.1,78,7.4,Drizzle
2024-03-10,Maharagama,35.1,76,0.0,Sunny
2024-03-10,Kandy,28.3,80,0.0,Sunny
2024-03-10,Kirulapane,31.8,69,2.8,Drizzle
2024-03-10,Wattala,33.6,78,0.0,Sunny
2024-03-10,Colombo,31.8,70,0.0,Sunny
2024-03-10,Pelawatte,29.0,80,0.0,Sunny
2024-03-10,Malabe,33.4,73,0.0,Sunny
2024-03-11,Nugegoda,34.6,81,1.3,Drizzle
2024-03-11,Maharagama,29.8,68,0.0,Sunny
2024-03-11,Kandy,25.9,71,0.8,Drizzle
2024-03-11,Kirulapane,29.2,66,0.0,Sunny
2024-03-11,Wattala,33.0,69,4.9,Drizzle
2024-03-11,Colombo,35.9,76,2.1,Drizzle
2024-03-11,Pelawatte,33.4,79,0.0,Sunny
2024-03-11,Malabe,32.2,76,0.0,Sunny
2024-03-12,Nugegoda,30.8,70,0.0,Sunny
2024-03-12,Maharagama,34.0,66,14.2,Rainy
2024-03-12,Kandy,31.6,86,0.0,Cloudy
2024-03-12,Kirulapane,32.6,78,0.7,Drizzle
2024-03-12,Wattala,32.7,73,0.0,Sunny
2024-03-12,Colombo,31.6,72,0.0,Sunny
2024-03-12,Pelawatte,32.7,72,10.1,Rainy
2024-03-12,Malabe,31.2,74,0.0,Sunny
2024-03-13,Nugegoda,32.7,80,8.2,Drizzle
2024-03-13,Maharagama,31.5,78,4.0,Drizzle
2024-03-13,Kandy,32.1,68,0.0,Sunny
2024-03-13,Kirulapane,33.6,78,0.0,Sunny
2024-03-13,Wattala,33.2,83,3.6,Drizzle
2024-03-13,Colombo,32.2,75,0.0,Sunny
2024-03-13,Pelawatte,32.0,72,0.0,Sunny
2024-03-13,Malabe,33.7,74,1.6,Drizzle
2024-03-14,Nugegoda,33.5,64,0.0,Sunny
2024-03-14,Maharagama,32.2,77,2.7,Drizzle
2024-03-14,Kandy,31.7,74,0.0,Sunny
2024-03-14,Kirulapane,31.8,72,0.0,Sunny
2024-03-14,Wattala,33.0,80,2.9,Drizzle
2024-03-14,Colombo,33.5,69,0.0,Sunny
2024-03-14,Pelawatte,31.3,69,0.0,Sunny
2024-03-14,Malabe,29.8,73,20.0,Rainy
2024-03-15,Nugegoda,34.9,83,1.0,Drizzle
2024-03-15,Maharagama,31.0,72,5.8,Drizzle
2024-03-15,Kandy,31.3,70,0.0,Sunny
2024-03-15,Kirulapane,32.7,76,0.0,Sunny
2024-03-15,Wattala,33.8,74,0.0,Sunny
2024-03-15,Colombo,33.1,71,9.0,Drizzle
2024-03-15,Pelawatte,32.6,69,0.0,Sunny
2024-03-15,Malabe,33.9,77,0.0,Sunny
2024-03-16,Nugegoda,31.9,73,1.8,Drizzle
2024-03-16,Maharagama,30.9,77,0.0,Sunny
2024-03-16,Kandy,32.2,74,1.7,Drizzle
2024-03-16,Kirulapane,31.9,81,0.0,Sunny
2024-03-16,Wattala,32.9,71,1.9,Drizzle
2024-03-16,Colombo,32.6,78,1.7,Drizzle
2024-03-16,Pelawatte,31.2,72,0.0,Sunny
2024-03-16,Malabe,34.5,75,0.0,Sunny
2024-03-17,Nugegoda,31.7,72,1.4,Drizzle
2024-03-17,Maharagama,33.2,73,0.0,Sunny
2024-03-17,Kandy,28.5,79,0.0,Sunny
2024-03-17,Kirulapane,31.2,69,0.0,Sunny
2024-03-17,Wattala,33.9,71,0.0,Sunny
2024-03-17,Colombo,34.4,69,4.3,Drizzle
2024-03-17,Pelawatte,33.5,69,1.7,Drizzle
2024-03-17,Malabe,31.4,63,0.0,Sunny
2024-03-18,Nugegoda,31.6,73,0.0,Sunny
2024-03-18,Maharagama,33.4,76,0.0,Sunny
2024-03-18,Kandy,29.8,75,0.0,Sunny
2024-03-18,Kirulapane,32.5,67,0.0,Sunny
2024-03-18,Wattala,33.6,75,0.0,Sunny
2024-03-18,Colombo,33.1,77,0.0,Sunny
2024-03-18,Pelawatte,32.9,77,10.1,Rainy
2024-03-18,Malabe,33.6,73,2.5,Drizzle
2024-03-19,Nugegoda,31.8,72,0.0,Sunny
2024-03-19,Maharagama,31.1,71,0.0,Sunny
2024-03-19,Kandy,30.4,72,0.0,Sunny
2024-03-19,Kirulapane,33.5,75,2.9,Drizzle
2024-03-19,Wattala,31.8,78,0.0,Sunny
2024-03-19,Colombo,32.8,72,4.3,Drizzle
2024-03-19,Pelawatte,31.8,67,1.5,Drizzle
2024-03-19,Malabe,32.8,69,0.0,Sunny
2024-03-20,Nugegoda,35.0,84,0.0,Sunny
2024-03-20,Maharagama,32.6,68,0.0,Sunny
2024-03-20,Kandy,29.0,78,0.0,Sunny
2024-03-20,Kirulapane,35.3,76,0.0,Sunny
2024-03-20,Wattala,33.7,73,0.0,Sunny
2024-03-20,Colombo,31.3,74,2.2,Drizzle
2024-03-20,Pelawatte,34.0,71,0.5,Drizzle
2024-03-20,Malabe,31.2,82,0.0,Sunny
2024-03-21,Nugegoda,33.2,67,4.5,Drizzle
2024-03-21,Maharagama,34.8,82,0.0,Sunny
2024-03-21,Kandy,29.8,73,3.2,Drizzle
2024-03-21,Kirulapane,32.8,76,0.0,Sunny
2024-03-21,Wattala,32.8,72,0.0,Sunny
2024-03-21,Colombo,32.9,69,6.6,Drizzle
2024-03-21,Pelawatte,31.3,78,0.0,Sunny
2024-03-21,Malabe,33.9,71,0.0,Sunny
2024-03-22,Nugegoda,31.7,71,0.0,Sunny
2024-03-22,Maharagama,32.9,79,0.0,Sunny
2024-03-22,Kandy,30.1,76,0.0,Sunny
2024-03-22,Kirulapane,34.5,78,0.0,Sunny
2024-03-22,Wattala,31.3,76,0.0,Sunny
2024-03-22,Colombo,32.0,78,0.0,Sunny
2024-03-22,Pelawatte,31.0,65,1.9,Drizzle
2024-03-22,Malabe,31.3,74,0.0,Sunny
2024-03-23,Nugegoda,33.0,78,1.0,Drizzle
2024-03-23,Maharagama,32.6,63,20.0,Rainy
2024-03-23,Kandy,31.0,60,0.0,Sunny
2024-03-23,Kirulapane,29.8,75,0.0,Sunny
2024-03-23,Wattala,32.0,85,3.5,Drizzle
2024-03-23,Colombo,31.5,76,0.0,Sunny
2024-03-23,Pelawatte,32.6,76,0.0,Sunny
2024-03-23,Malabe,32.0,78,19.8,Rainy
2024-03-24,Nugegoda,31.4,82,0.0,Sunny
2024-03-24,Maharagama,31.0,74,0.0,Sunny
2024-03-24,Kandy,31.6,75,0.0,Sunny
2024-03-24,Kirulapane,34.8,75,17.8,Rainy
2024-03-24,Wattala,33.5,71,0.0,Sunny
2024-03-24,Colombo,32.2,73,7.8,Drizzle
2024-03-24,Pelawatte,33.2,66,0.0,Sunny
2024-03-24,Malabe,34.4,62,0.0,Sunny
2024-03-25,Nugegoda,31.6,71,0.0,Sunny
2024-03-25,Maharagama,30.1,77,0.0,Sunny
2024-03-25,Kandy,28.7,68,2.0,Drizzle
2024-03-25,Kirulapane,32.9,77,0.2,Drizzle
2024-03-25,Wattala,32.2,63,7.3,Drizzle
2024-03-25,Colombo,31.0,66,0.0,Sunny
2024-03-25,Pelawatte,31.9,70,0.6,Drizzle
2024-03-25,Malabe,33.6,73,0.0,Sunny
2024-03-26,Nugegoda,31.9,73,0.0,Sunny
2024-03-26,Maharagama,34.6,78,0.0,Sunny
2024-03-26,Kandy,29.2,78,2.9,Drizzle
2024-03-26,Kirulapane,32.8,83,0.0,Sunny
2024-03-26,Wattala,31.6,72,0.0,Sunny
2024-03-26,Colombo,31.1,75,0.0,Sunny
2024-03-26,Pelawatte,32.0,77,0.0,Sunny
2024-03-26,Malabe,33.0,77,0.0,Sunny
2024-03-27,Nugegoda,35.1,69,0.0,Sunny
2024-03-27,Maharagama,34.2,83,0.0,Sunny
2024-03-27,Kandy,31.3,68,0.0,Sunny
2024-03-27,Kirulapane,34.4,71,0.0,Sunny
2024-03-27,Wattala,32.9,73,0.0,Sunny
2024-03-27,Colombo,32.4,66,0.0,Sunny
2024-03-27,Pelawatte,30.7,76,0.0,Sunny
2024-03-27,Malabe,33.1,62,0.0,Sunny
2024-03-28,Nugegoda,34.1,85,1.1,Drizzle
2024-03-28,Maharagama,32.1,74,0.0,Sunny
2024-03-28,Kandy,28.2,78,0.0,Sunny
2024-03-28,Kirulapane,32.6,63,0.0,Sunny
2024-03-28,Wattala,33.8,75,0.0,Sunny
2024-03-28,Colombo,35.3,82,0.0,Sunny
2024-03-28,Pelawatte,32.8,78,0.0,Sunny
2024-03-28,Malabe,33.0,70,2.2,Drizzle
2024-03-29,Nugegoda,34.1,81,0.0,Sunny
2024-03-29,Maharagama,29.8,74,0.0,Sunny
2024-03-29,Kandy,29.0,74,0.0,Sunny
2024-03-29,Kirulapane,30.2,78,0.0,Sunny
2024-03-29,Wattala,30.5,74,0.0,Sunny
2024-03-29,Colombo,29.2,77,0.9,Drizzle
2024-03-29,Pelawatte,32.6,71,3.7,Drizzle
2024-03-29,Malabe,32.9,68,0.0,Sunny
2024-03-30,Nugegoda,31.7,76,0.0,Sunny
2024-03-30,Maharagama,35.6,69,7.6,Drizzle
2024-03-30,Kandy,29.3,66,0.0,Sunny
2024-03-30,Kirulapane,29.8,63,1.0,Drizzle
2024-03-30,Wattala,32.5,75,0.0,Sunny
2024-03-30,Colombo,32.6,66,0.0,Sunny
2024-03-30,Pelawatte,31.5,69,0.0,Sunny
2024-03-30,Malabe,29.6,80,0.0,Sunny
2024-03-31,Nugegoda,33.2,76,0.0,Sunny
2024-03-31,Maharagama,32.6,84,0.0,Sunny
2024-03-31,Kandy,28.9,68,0.9,Drizzle
2024-03-31,Kirulapane,34.1,79,0.0,Sunny
2024-03-31,Wattala,34.0,80,0.0,Sunny
2024-03-31,Colombo,31.9,66,0.7,Drizzle
2024-03-31,Pelawatte,35.1,70,4.7,Drizzle
2024-03-31,Malabe,31.0,79,0.0,Sunny
2024-04-01,Nugegoda,33.3,73,1.7,Drizzle
2024-04-01,Maharagama,34.7,76,0.0,Sunny
2024-04-01,Kandy,26.5,69,0.0,Sunny
2024-04-01,Kirulapane,34.2,67,0.0,Sunny
2024-04-01,Wattala,32.8,68,0.0,Sunny
2024-04-01,Colombo,32.5,69,8.0,Drizzle
2024-04-01,Pelawatte,32.6,78,0.1,Drizzle
2024-04-01,Malabe,32.8,69,0.5,Drizzle
2024-04-02,Nugegoda,33.1,71,0.0,Sunny
2024-04-02,Maharagama,33.2,71,0.0,Sunny
2024-04-02,Kandy,29.6,79,0.0,Sunny
2024-04-02,Kirulapane,35.4,78,1.6,Drizzle
2024-04-02,Wattala,32.1,74,0.0,Sunny
2024-04-02,Colombo,32.5,71,7.9,Drizzle
2024-04-02,Pelawatte,32.6,69,0.7,Drizzle
2024-04-02,Malabe,31.3,76,1.4,Drizzle
2024-04-03,Nugegoda,36.4,73,0.0,Sunny
2024-04-03,Maharagama,31.8,72,0.0,Sunny
2024-04-03,Kandy,30.2,69,0.0,Sunny
2024-04-03,Kirulapane,32.4,74,13.4,Rainy
2024-04-03,Wattala,32.1,74,0.3,Drizzle
2024-04-03,Colombo,32.7,70,0.0,Sunny
2024-04-03,Pelawatte,35.7,79,1.7,Drizzle
2024-04-03,Malabe,33.0,74,1.8,Drizzle
2024-04-04,Nugegoda,31.3,80,1.5,Drizzle
2024-04-04,Maharagama,33.3,71,1.2,Drizzle
2024-04-04,Kandy,28.3,65,18.4,Rainy
2024-04-04,Kirulapane,30.4,67,0.0,Sunny
2024-04-04,Wattala,30.9,70,2.2,Drizzle
2024-04-04,Colombo,32.4,74,0.0,Sunny
2024-04-04,Pelawatte,30.7,70,0.0,Sunny
2024-04-04,Malabe,33.7,66,0.0,Sunny
2024-04-05,Nugegoda,31.4,69,0.7,Drizzle
2024-04-05,Maharagama,32.7,71,4.5,Drizzle
2024-04-05,Kandy,30.1,68,16.1,Rainy
2024-04-05,Kirulapane,32.5,69,0.0,Sunny
2024-04-05,Wattala,31.9,79,0.0,Sunny
2024-04-05,Colombo,31.3,73,0.0,Sunny
2024-04-05,Pelawatte,28.0,69,0.0,Sunny
2024-04-05,Malabe,30.8,71,5.3,Drizzle
2024-04-06,Nugegoda,33.2,67,1.3,Drizzle
2024-04-06,Maharagama,33.3,84,0.0,Sunny
2024-04-06,Kandy,28.2,82,6.9,Drizzle
2024-04-06,Kirulapane,33.0,82,0.0,Sunny
2024-04-06,Wattala,32.7,80,0.0,Sunny
2024-04-06,Colombo,29.6,78,0.0,Sunny
2024-04-06,Pelawatte,34.5,80,0.0,Sunny
2024-04-06,Malabe,31.4,75,0.0,Sunny
2024-04-07,Nugegoda,30.7,82,0.0,Sunny
2024-04-07,Maharagama,32.2,72,3.3,Drizzle
2024-04-07,Kandy,26.9,74,0.0,Sunny
2024-04-07,Kirulapane,32.7,69,0.0,Sunny
2024-04-07,Wattala,33.6,76,0.0,Sunny
2024-04-07,Colombo,30.9,72,0.0,Sunny
2024-04-07,Pelawatte,32.9,74,0.0,Sunny
2024-04-07,Malabe,32.4,75,0.0,Sunny
2024-04-08,Nugegoda,32.1,72,0.0,Sunny
2024-04-08,Maharagama,30.3,68,0.0,Sunny
2024-04-08,Kandy,30.7,64,0.0,Sunny
2024-04-08,Kirulapane,31.5,79,0.0,Sunny
2024-04-08,Wattala,30.7,76,0.0,Sunny
2024-04-08,Colombo,33.3,66,0.0,Sunny
2024-04-08,Pelawatte,33.9,68,0.0,Sunny
2024-04-08,Malabe,32.4,71,0.0,Sunny
2024-04-09,Nugegoda,32.0,74,0.0,Sunny
2024-04-09,Maharagama,32.7,70,0.0,Sunny
2024-04-09,Kandy,28.8,69,0.0,Sunny
2024-04-09,Kirulapane,31.8,76,0.0,Sunny
2024-04-09,Wattala,33.4,76,0.0,Sunny
2024-04-09,Colombo,33.8,71,0.0,Sunny
2024-04-09,Pelawatte,31.9,74,0.2,Drizzle
2024-04-09,Malabe,33.0,74,5.9,Drizzle
2024-04-10,Nugegoda,32.8,80,0.0,Sunny
2024-04-10,Maharagama,34.3,78,0.0,Sunny
2024-04-10,Kandy,29.3,76,0.0,Sunny
2024-04-10,Kirulapane,33.6,75,0.0,Sunny
2024-04-10,Wattala,31.8,78,0.0,Sunny
2024-04-10,Colombo,32.8,71,4.5,Drizzle
2024-04-10,Pelawatte,35.5,73,10.3,Rainy
2024-04-10,Malabe,34.6,61,1.2,Drizzle
2024-04-11,Nugegoda,30.4,69,0.0,Sunny
2024-04-11,Maharagama,32.2,77,0.0,Sunny
2024-04-11,Kandy,31.2,72,3.0,Drizzle
2024-04-11,Kirulapane,31.7,64,2.2,Drizzle
2024-04-11,Wattala,31.2,68,0.0,Sunny
2024-04-11,Colombo,34.2,66,0.0,Sunny
2024-04-11,Pelawatte,31.5,62,0.0,Sunny
2024-04-11,Malabe,34.7,70,0.0,Sunny
2024-04-12,Nugegoda,31.8,68,0.0,Sunny
2024-04-12,Maharagama,33.2,74,0.0,Sunny
2024-04-12,Kandy,30.3,61,0.0,Sunny
2024-04-12,Kirulapane,31.2,68,0.0,Sunny
2024-04-12,Wattala,35.5,74,0.0,Sunny
2024-04-12,Colombo,31.6,79,0.0,Sunny
2024-04-12,Pelawatte,33.1,74,0.0,Sunny
2024-04-12,Malabe,33.6,78,1.5,Drizzle
2024-04-13,Nugegoda,33.6,77,0.0,Sunny
2024-04-13,Maharagama,34.9,75,0.0,Sunny
2024-04-13,Kandy,31.1,71,6.7,Drizzle
2024-04-13,Kirulapane,33.7,69,0.0,Sunny
2024-04-13,Wattala,32.7,69,0.0,Sunny
2024-04-13,Colombo,34.2,74,7.4,Drizzle
2024-04-13,Pelawatte,33.0,76,0.0,Sunny
2024-04-13,Malabe,31.7,69,1.1,Drizzle
2024-04-14,Nugegoda,31.5,76,0.0,Sunny
2024-04-14,Maharagama,33.1,77,0.0,Sunny
2024-04-14,Kandy,29.1,68,0.0,Sunny
2024-04-14,Kirulapane,31.3,72,0.0,Sunny
2024-04-14,Wattala,31.8,73,0.0,Sunny
2024-04-14,Colombo,33.6,76,0.0,Sunny
2024-04-14,Pelawatte,29.5,83,0.0,Sunny
2024-04-14,Malabe,33.3,82,0.0,Sunny
2024-04-15,Nugegoda,31.2,71,6.4,Drizzle
2024-04-15,Maharagama,31.5,77,5.8,Drizzle
2024-04-15,Kandy,28.1,74,2.8,Drizzle
2024-04-15,Kirulapane,32.5,77,6.2,Drizzle
2024-04-15,Wattala,32.5,77,0.0,Sunny
2024-04-15,Colombo,33.5,75,0.0,Sunny
2024-04-15,Pelawatte,30.8,72,0.0,Sunny
2024-04-15,Malabe,33.5,74,0.0,Sunny
2024-04-16,Nugegoda,34.0,74,0.0,Sunny
2024-04-16,Maharagama,34.2,77,1.6,Drizzle
2024-04-16,Kandy,29.5,67,0.0,Sunny
2024-04-16,Kirulapane,34.2,74,0.0,Sunny
2024-04-16,Wattala,31.8,80,0.0,Sunny
2024-04-16,Colombo,34.5,76,0.0,Sunny
2024-04-16,Pelawatte,32.7,77,0.0,Sunny
2024-04-16,Malabe,32.8,80,0.0,Sunny
2024-04-17,Nugegoda,31.9,86,0.0,Cloudy
2024-04-17,Maharagama,31.1,70,9.1,Drizzle
2024-04-17,Kandy,30.2,69,0.0,Sunny
2024-04-17,Kirulapane,35.5,79,2.2,Drizzle
2024-04-17,Wattala,30.6,64,0.0,Sunny
2024-04-17,Colombo,31.2,73,0.0,Sunny
2024-04-17,Pelawatte,29.8,69,2.4,Drizzle
2024-04-17,Malabe,32.2,73,0.0,Sunny
2024-04-18,Nugegoda,31.8,71,0.0,Sunny
2024-04-18,Maharagama,34.7,81,0.0,Sunny
2024-04-18,Kandy,29.3,75,4.4,Drizzle
2024-04-18,Kirulapane,33.1,71,0.0,Sunny
2024-04-18,Wattala,32.3,63,0.0,Sunny
2024-04-18,Colombo,31.1,74,2.2,Drizzle
2024-04-18,Pelawatte,34.8,83,0.0,Sunny
2024-04-18,Malabe,31.5,70,0.0,Sunny
2024-04-19,Nugegoda,32.1,82,0.5,Drizzle
2024-04-19,Maharagama,30.7,72,0.0,Sunny
2024-04-19,Kandy,29.4,67,4.7,Drizzle
2024-04-19,Kirulapane,31.5,74,0.0,Sunny
2024-04-19,Wattala,31.3,79,2.7,Drizzle
2024-04-19,Colombo,32.4,77,22.7,Rainy
2024-04-19,Pelawatte,33.2,70,0.0,Sunny
2024-04-19,Malabe,31.5,71,0.0,Sunny
2024-04-20,Nugegoda,33.8,73,0.0,Sunny
2024-04-20,Maharagama,31.9,70,0.0,Sunny
2024-04-20,Kandy,29.0,79,0.0,Sunny
2024-04-20,Kirulapane,33.7,68,0.0,Sunny
2024-04-20,Wattala,31.8,73,0.0,Sunny
2024-04-20,Colombo,31.1,78,0.0,Sunny
2024-04-20,Pelawatte,32.9,80,0.0,Sunny
2024-04-20,Malabe,31.8,80,0.0,Sunny
2024-04-21,Nugegoda,32.2,81,0.0,Sunny
2024-04-21,Maharagama,30.3,72,0.8,Drizzle
2024-04-21,Kandy,30.2,81,0.0,Sunny
2024-04-21,Kirulapane,37.0,71,0.0,Sunny
2024-04-21,Wattala,30.3,69,2.0,Drizzle
2024-04-21,Colombo,30.5,74,2.0,Drizzle
2024-04-21,Pelawatte,30.3,69,0.0,Sunny
2024-04-21,Malabe,32.8,70,0.8,Drizzle
2024-04-22,Nugegoda,34.3,72,1.2,Drizzle
2024-04-22,Maharagama,31.9,69,0.0,Sunny
2024-04-22,Kandy,27.0,67,2.1,Drizzle
2024-04-22,Kirulapane,31.0,78,0.1,Drizzle
2024-04-22,Wattala,28.1,71,0.0,Sunny
2024-04-22,Colombo,32.5,68,0.0,Sunny
2024-04-22,Pelawatte,32.4,74,0.0,Sunny
2024-04-22,Malabe,32.9,73,4.0,Drizzle
2024-04-23,Nugegoda,30.3,73,0.0,Sunny
2024-04-23,Maharagama,30.1,76,0.0,Sunny
2024-04-23,Kandy,30.3,81,7.4,Drizzle
2024-04-23,Kirulapane,33.7,67,0.0,Sunny
2024-04-23,Wattala,34.0,67,7.0,Drizzle
2024-04-23,Colombo,34.0,70,0.0,Sunny
2024-04-23,Pelawatte,33.8,72,0.0,Sunny
2024-04-23,Malabe,32.4,85,0.0,Sunny
2024-04-24,Nugegoda,31.8,77,0.0,Sunny
2024-04-24,Maharagama,32.5,74,1.8,Drizzle
2024-04-24,Kandy,30.3,68,0.0,Sunny
2024-04-24,Kirulapane,31.3,73,0.0,Sunny
2024-04-24,Wattala,32.6,72,0.0,Sunny
2024-04-24,Colombo,30.5,73,0.0,Sunny
2024-04-24,Pelawatte,32.0,64,0.0,Sunny
2024-04-24,Malabe,31.8,82,0.0,Sunny
2024-04-25,Nugegoda,33.2,76,0.0,Sunny
2024-04-25,Maharagama,33.6,72,0.4,Drizzle
2024-04-25,Kandy,28.1,62,0.0,Sunny
2024-04-25,Kirulapane,30.8,76,0.0,Sunny
2024-04-25,Wattala,33.8,74,0.0,Sunny
2024-04-25,Colombo,30.7,82,0.0,Sunny
2024-04-25,Pelawatte,31.2,77,0.0,Sunny
2024-04-25,Malabe,32.8,83,0.0,Sunny
2024-04-26,Nugegoda,28.1,68,0.0,Sunny
2024-04-26,Maharagama,34.7,77,0.0,Sunny
2024-04-26,Kandy,26.6,70,0.4,Drizzle
2024-04-26,Kirulapane,31.7,72,6.5,Drizzle
2024-04-26,Wattala,32.0,80,0.0,Sunny
2024-04-26,Colombo,32.0,76,0.0,Sunny
2024-04-26,Pelawatte,31.2,70,0.0,Sunny
2024-04-26,Malabe,30.8,75,0.0,Sunny
2024-04-27,Nugegoda,32.0,70,0.0,Sunny
2024-04-27,Maharagama,32.9,73,1.4,Drizzle
2024-04-27,Kandy,27.8,70,0.0,Sunny
2024-04-27,Kirulapane,32.2,71,0.0,Sunny
2024-04-27,Wattala,33.6,75,0.4,Drizzle
2024-04-27,Colombo,30.2,72,0.0,Sunny
2024-04-27,Pelawatte,32.5,73,0.0,Sunny
2024-04-27,Malabe,31.1,68,0.0,Sunny
2024-04-28,Nugegoda,34.6,71,0.6,Drizzle
2024-04-28,Maharagama,33.1,68,0.0,Sunny
2024-04-28,Kandy,29.7,73,0.0,Sunny
2024-04-28,Kirulapane,30.8,64,1.6,Drizzle
2024-04-28,Wattala,29.4,79,1.2,Drizzle
2024-04-28,Colombo,32.1,77,0.0,Sunny
2024-04-28,Pelawatte,31.3,64,0.0,Sunny
2024-04-28,Malabe,33.7,78,0.0,Sunny
2024-04-29,Nugegoda,32.5,79,0.0,Sunny
2024-04-29,Maharagama,32.0,75,4.2,Drizzle
2024-04-29,Kandy,32.0,73,0.0,Sunny
2024-04-29,Kirulapane,34.4,84,0.0,Sunny
2024-04-29,Wattala,33.6,75,0.0,Sunny
2024-04-29,Colombo,30.9,72,4.0,Drizzle
2024-04-29,Pelawatte,31.0,74,0.0,Sunny
2024-04-29,Malabe,34.2,79,0.0,Sunny
2024-04-30,Nugegoda,29.8,74,0.0,Sunny
2024-04-30,Maharagama,33.0,77,0.0,Sunny
2024-04-30,Kandy,28.0,68,0.0,Sunny
2024-04-30,Kirulapane,30.5,76,0.0,Sunny
2024-04-30,Wattala,30.9,77,0.0,Sunny
2024-04-30,Colombo,32.4,73,0.0,Sunny
2024-04-30,Pelawatte,31.9,71,0.0,Sunny
2024-04-30,Malabe,32.5,84,0.0,Sunny
2024-05-01,Nugegoda,33.8,72,2.0,Drizzle
2024-05-01,Maharagama,28.7,79,7.8,Drizzle
2024-05-01,Kandy,31.6,80,12.8,Rainy
2024-05-01,Kirulapane,32.0,78,0.0,Sunny
2024-05-01,Wattala,34.8,91,0.0,Cloudy
2024-05-01,Colombo,33.2,83,0.0,Sunny
2024-05-01,Pelawatte,31.6,87,2.9,Drizzle
2024-05-01,Malabe,35.2,85,0.0,Sunny
2024-05-02,Nugegoda,30.4,93,0.0,Cloudy
2024-05-02,Maharagama,33.2,85,6.5,Drizzle
2024-05-02,Kandy,29.0,85,0.0,Sunny
2024-05-02,Kirulapane,30.8,84,4.0,Drizzle
2024-05-02,Wattala,32.4,75,0.0,Sunny
2024-05-02,Colombo,30.2,87,19.6,Rainy
2024-05-02,Pelawatte,29.9,89,0.0,Cloudy
2024-05-02,Malabe,32.7,78,0.0,Sunny
2024-05-03,Nugegoda,34.1,86,0.0,Cloudy
2024-05-03,Maharagama,30.6,77,0.0,Sunny
2024-05-03,Kandy,27.8,74,16.6,Rainy
2024-05-03,Kirulapane,33.1,84,12.5,Rainy
2024-05-03,Wattala,33.7,86,0.0,Cloudy
2024-05-03,Colombo,30.6,77,13.6,Rainy
2024-05-03,Pelawatte,32.6,84,29.2,Rainy
2024-05-03,Malabe,33.1,86,32.6,Storm
2024-05-04,Nugegoda,30.3,84,2.9,Drizzle
2024-05-04,Maharagama,33.8,82,0.9,Drizzle
2024-05-04,Kandy,31.6,84,1.5,Drizzle
2024-05-04,Kirulapane,32.0,77,3.8,Drizzle
2024-05-04,Wattala,31.7,79,0.0,Sunny
2024-05-04,Colombo,34.9,86,0.0,Cloudy
2024-05-04,Pelawatte,33.4,82,25.5,Rainy
2024-05-04,Malabe,32.3,84,25.2,Rainy
2024-05-05,Nugegoda,31.4,87,1.4,Drizzle
2024-05-05,Maharagama,31.3,84,0.0,Sunny
2024-05-05,Kandy,32.5,82,31.3,Storm
2024-05-05,Kirulapane,35.1,86,4.5,Drizzle
2024-05-05,Wattala,31.6,91,23.3,Rainy
2024-05-05,Colombo,31.5,70,6.8,Drizzle
2024-05-05,Pelawatte,32.1,71,0.0,Sunny
2024-05-05,Malabe,32.5,86,1.4,Drizzle
2024-05-06,Nugegoda,33.7,71,6.5,Drizzle
2024-05-06,Maharagama,32.9,84,0.0,Sunny
2024-05-06,Kandy,30.5,75,0.8,Drizzle
2024-05-06,Kirulapane,32.7,87,18.7,Rainy
2024-05-06,Wattala,31.5,86,0.0,Cloudy
2024-05-06,Colombo,31.3,84,2.1,Drizzle
2024-05-06,Pelawatte,34.3,83,0.0,Sunny
2024-05-06,Malabe,33.1,84,0.0,Sunny
2024-05-07,Nugegoda,32.0,82,5.5,Drizzle
2024-05-07,Maharagama,31.5,79,5.9,Drizzle
2024-05-07,Kandy,31.5,77,0.0,Sunny
2024-05-07,Kirulapane,32.6,78,0.0,Sunny
2024-05-07,Wattala,32.5,89,8.0,Drizzle
2024-05-07,Colombo,30.5,74,0.0,Sunny
2024-05-07,Pelawatte,30.7,82,18.1,Rainy
2024-05-07,Malabe,31.8,80,3.2,Drizzle
2024-05-08,Nugegoda,32.0,81,0.0,Sunny
2024-05-08,Maharagama,30.7,76,19.3,Rainy
2024-05-08,Kandy,28.9,84,1.6,Drizzle
2024-05-08,Kirulapane,34.3,84,39.8,Storm
2024-05-08,Wattala,33.6,84,0.0,Sunny
2024-05-08,Colombo,30.8,86,0.9,Drizzle
2024-05-08,Pelawatte,30.7,81,16.0,Rainy
2024-05-08,Malabe,33.5,84,0.0,Sunny
2024-05-09,Nugegoda,35.4,80,0.0,Sunny
2024-05-09,Maharagama,35.1,94,2.2,Drizzle
2024-05-09,Kandy,28.0,92,0.0,Cloudy
2024-05-09,Kirulapane,31.5,83,0.0,Sunny
2024-05-09,Wattala,31.7,83,0.0,Sunny
2024-05-09,Colombo,32.5,74,33.9,Storm
2024-05-09,Pelawatte,29.8,90,0.1,Drizzle
2024-05-09,Malabe,32.8,76,0.0,Sunny
2024-05-10,Nugegoda,33.5,80,4.9,Drizzle
2024-05-10,Maharagama,36.1,88,0.0,Cloudy
2024-05-10,Kandy,26.4,80,28.7,Rainy
2024-05-10,Kirulapane,34.7,69,0.0,Sunny
2024-05-10,Wattala,35.7,82,17.7,Rainy
2024-05-10,Colombo,32.1,86,0.0,Cloudy
2024-05-10,Pelawatte,33.7,75,0.0,Sunny
2024-05-10,Malabe,30.3,87,0.0,Cloudy
2024-05-11,Nugegoda,29.9,75,1.7,Drizzle
2024-05-11,Maharagama,31.1,85,25.2,Rainy
2024-05-11,Kandy,30.7,80,0.0,Sunny
2024-05-11,Kirulapane,32.5,80,8.9,Drizzle
2024-05-11,Wattala,32.0,79,0.0,Sunny
2024-05-11,Colombo,32.5,79,9.1,Drizzle
2024-05-11,Pelawatte,32.4,82,0.0,Sunny
2024-05-11,Malabe,33.8,81,1.6,Drizzle
2024-05-12,Nugegoda,33.2,77,0.0,Sunny
2024-05-12,Maharagama,33.9,82,1.2,Drizzle
2024-05-12,Kandy,26.3,77,4.2,Drizzle
2024-05-12,Kirulapane,34.2,80,8.1,Drizzle
2024-05-12,Wattala,31.9,85,0.0,Sunny
2024-05-12,Colombo,32.9,73,4.1,Drizzle
2024-05-12,Pelawatte,32.9,85,26.7,Rainy
2024-05-12,Malabe,32.8,84,0.0,Sunny
2024-05-13,Nugegoda,32.8,86,1.6,Drizzle
2024-05-13,Maharagama,31.2,71,32.9,Storm
2024-05-13,Kandy,30.7,83,0.0,Sunny
2024-05-13,Kirulapane,34.2,77,0.0,Sunny
2024-05-13,Wattala,34.4,80,11.4,Rainy
2024-05-13,Colombo,31.7,85,0.0,Sunny
2024-05-13,Pelawatte,32.8,74,6.8,Drizzle
2024-05-13,Malabe,30.9,82,5.4,Drizzle
2024-05-14,Nugegoda,33.5,91,0.0,Cloudy
2024-05-14,Maharagama,33.5,82,32.7,Storm
2024-05-14,Kandy,27.4,75,9.7,Drizzle
2024-05-14,Kirulapane,32.1,79,0.0,Sunny
2024-05-14,Wattala,33.4,75,0.0,Sunny
2024-05-14,Colombo,31.6,81,0.0,Sunny
2024-05-14,Pelawatte,31.1,78,24.9,Rainy
2024-05-14,Malabe,33.4,89,17.6,Rainy
2024-05-15,Nugegoda,32.7,84,2.0,Drizzle
2024-05-15,Maharagama,32.9,76,0.0,Sunny
2024-05-15,Kandy,29.8,85,13.5,Rainy
2024-05-15,Kirulapane,32.5,80,0.0,Sunny
2024-05-15,Wattala,31.2,89,45.0,Storm
2024-05-15,Colombo,34.3,88,30.2,Storm
2024-05-15,Pelawatte,31.9,83,7.3,Drizzle
2024-05-15,Malabe,32.9,77,0.0,Sunny
2024-05-16,Nugegoda,34.7,87,0.0,Cloudy
2024-05-16,Maharagama,33.7,79,0.0,Sunny
2024-05-16,Kandy,30.0,81,4.0,Drizzle
2024-05-16,Kirulapane,35.5,83,0.0,Sunny
2024-05-16,Wattala,34.2,79,3.2,Drizzle
2024-05-16,Colombo,36.0,81,0.0,Sunny
2024-05-16,Pelawatte,33.5,84,6.0,Drizzle
2024-05-16,Malabe,34.0,86,0.0,Cloudy
2024-05-17,Nugegoda,34.0,76,15.2,Rainy
2024-05-17,Maharagama,34.1,80,0.0,Sunny
2024-05-17,Kandy,27.8,85,0.0,Sunny
2024-05-17,Kirulapane,35.0,79,0.0,Sunny
2024-05-17,Wattala,32.1,79,0.0,Sunny
2024-05-17,Colombo,33.8,86,0.0,Cloudy
2024-05-17,Pelawatte,32.0,78,0.0,Sunny
2024-05-17,Malabe,31.6,84,7.5,Drizzle
2024-05-18,Nugegoda,32.8,82,86.2,Storm
2024-05-18,Maharagama,33.8,85,23.8,Rainy
2024-05-18,Kandy,29.4,85,0.0,Sunny
2024-05-18,Kirulapane,35.6,79,0.0,Sunny
2024-05-18,Wattala,32.3,87,0.0,Cloudy
2024-05-18,Colombo,33.6,77,0.0,Sunny
2024-05-18,Pelawatte,30.1,78,2.2,Drizzle
2024-05-18,Malabe,29.7,87,7.4,Drizzle
2024-05-19,Nugegoda,33.4,78,4.5,Drizzle
2024-05-19,Maharagama,30.7,78,6.8,Drizzle
2024-05-19,Kandy,32.4,70,41.1,Storm
2024-05-19,Kirulapane,32.8,86,0.5,Drizzle
2024-05-19,Wattala,31.3,83,14.9,Rainy
2024-05-19,Colombo,34.2,80,34.3,Storm
2024-05-19,Pelawatte,30.8,70,0.0,Sunny
2024-05-19,Malabe,30.7,80,17.3,Rainy
2024-05-20,Nugegoda,31.8,80,0.0,Sunny
2024-05-20,Maharagama,33.6,91,0.0,Cloudy
2024-05-20,Kandy,29.4,76,0.0,Sunny
2024-05-20,Kirulapane,33.0,81,0.0,Sunny
2024-05-20,Wattala,29.4,88,19.7,Rainy
2024-05-20,Colombo,30.7,81,14.2,Rainy
2024-05-20,Pelawatte,33.3,86,7.0,Drizzle
2024-05-20,Malabe,32.4,73,0.8,Drizzle
2024-05-21,Nugegoda,32.2,77,0.0,Sunny
2024-05-21,Maharagama,32.4,86,0.0,Cloudy
2024-05-21,Kandy,28.8,76,2.8,Drizzle
2024-05-21,Kirulapane,32.9,79,0.0,Sunny
2024-05-21,Wattala,33.9,78,18.0,Rainy
2024-05-21,Colombo,31.1,81,30.1,Storm
2024-05-21,Pelawatte,30.7,85,0.0,Sunny
2024-05-21,Malabe,35.1,75,7.7,Drizzle
2024-05-22,Nugegoda,35.1,81,0.0,Sunny
2024-05-22,Maharagama,31.6,73,0.0,Sunny
2024-05-22,Kandy,27.8,84,14.6,Rainy
2024-05-22,Kirulapane,31.8,83,0.0,Sunny
2024-05-22,Wattala,32.8,85,0.0,Sunny
2024-05-22,Colombo,35.2,81,0.0,Sunny
2024-05-22,Pelawatte,29.9,82,0.0,Sunny
2024-05-22,Malabe,32.5,81,0.0,Sunny
2024-05-23,Nugegoda,30.2,76,24.1,Rainy
2024-05-23,Maharagama,32.7,81,16.0,Rainy
2024-05-23,Kandy,28.6,80,7.5,Drizzle
2024-05-23,Kirulapane,31.3,84,1.7,Drizzle
2024-05-23,Wattala,30.5,84,7.8,Drizzle
2024-05-23,Colombo,32.7,80,9.4,Drizzle
2024-05-23,Pelawatte,30.5,86,3.9,Drizzle
2024-05-23,Malabe,33.5,86,10.4,Rainy
2024-05-24,Nugegoda,31.4,83,0.0,Sunny
2024-05-24,Maharagama,33.2,89,0.0,Cloudy
2024-05-24,Kandy,30.3,77,39.6,Storm
2024-05-24,Kirulapane,30.7,89,0.0,Cloudy
2024-05-24,Wattala,32.9,84,5.0,Drizzle
2024-05-24,Colombo,34.0,77,0.0,Sunny
2024-05-24,Pelawatte,33.8,88,0.0,Cloudy
2024-05-24,Malabe,33.2,85,8.7,Drizzle
2024-05-25,Nugegoda,36.6,84,21.1,Rainy
2024-05-25,Maharagama,33.5,84,0.0,Sunny
2024-05-25,Kandy,31.0,83,3.2,Drizzle
2024-05-25,Kirulapane,35.6,77,29.6,Rainy
2024-05-25,Wattala,31.4,76,0.0,Sunny
2024-05-25,Colombo,33.9,83,0.0,Sunny
2024-05-25,Pelawatte,33.3,80,12.0,Rainy
2024-05-25,Malabe,31.6,75,0.0,Sunny
2024-05-26,Nugegoda,33.3,89,1.9,Drizzle
2024-05-26,Maharagama,31.6,86,0.0,Cloudy
2024-05-26,Kandy,27.6,86,0.0,Cloudy
2024-05-26,Kirulapane,31.9,79,2.1,Drizzle
2024-05-26,Wattala,34.6,90,0.0,Cloudy
2024-05-26,Colombo,34.2,84,29.4,Rainy
2024-05-26,Pelawatte,33.2,74,1.0,Drizzle
2024-05-26,Malabe,33.0,77,0.0,Sunny
2024-05-27,Nugegoda,31.8,89,0.0,Cloudy
2024-05-27,Maharagama,31.6,77,0.0,Sunny
2024-05-27,Kandy,29.6,68,0.0,Sunny
2024-05-27,Kirulapane,34.0,84,0.0,Sunny
2024-05-27,Wattala,30.0,75,31.8,Storm
2024-05-27,Colombo,34.0,89,0.0,Cloudy
2024-05-27,Pelawatte,30.7,83,4.6,Drizzle
2024-05-27,Malabe,32.0,82,0.0,Sunny
2024-05-28,Nugegoda,31.5,84,0.0,Sunny
2024-05-28,Maharagama,33.1,87,2.3,Drizzle
2024-05-28,Kandy,30.3,87,4.9,Drizzle
2024-05-28,Kirulapane,30.9,80,0.0,Sunny
2024-05-28,Wattala,36.9,84,25.8,Rainy
2024-05-28,Colombo,34.3,89,0.0,Cloudy
2024-05-28,Pelawatte,32.4,81,0.0,Sunny
2024-05-28,Malabe,33.6,90,4.7,Drizzle
2024-05-29,Nugegoda,31.2,81,0.0,Sunny
2024-05-29,Maharagama,33.5,88,0.0,Cloudy
2024-05-29,Kandy,26.9,82,3.1,Drizzle
2024-05-29,Kirulapane,31.4,82,0.9,Drizzle
2024-05-29,Wattala,33.7,82,0.0,Sunny
2024-05-29,Colombo,34.2,83,0.0,Sunny
2024-05-29,Pelawatte,33.1,86,0.0,Cloudy
2024-05-29,Malabe,31.9,82,0.0,Sunny
2024-05-30,Nugegoda,31.8,83,28.5,Rainy
2024-05-30,Maharagama,33.9,82,27.8,Rainy
2024-05-30,Kandy,28.8,75,0.0,Sunny
2024-05-30,Kirulapane,32.5,89,31.7,Storm
2024-05-30,Wattala,33.5,76,54.4,Storm
2024-05-30,Colombo,31.7,83,0.0,Sunny
2024-05-30,Pelawatte,30.7,77,0.0,Sunny
2024-05-30,Malabe,34.6,78,0.0,Sunny
2024-05-31,Nugegoda,31.6,75,0.0,Sunny
2024-05-31,Maharagama,33.0,85,0.0,Sunny
2024-05-31,Kandy,30.4,76,8.7,Drizzle
2024-05-31,Kirulapane,30.4,83,0.0,Sunny
2024-05-31,Wattala,33.9,79,0.0,Sunny
2024-05-31,Colombo,31.9,81,0.0,Sunny
2024-05-31,Pelawatte,30.6,84,0.0,Sunny
2024-05-31,Malabe,33.2,84,0.0,Sunny
2024-06-01,Nugegoda,30.0,81,0.0,Sunny
2024-06-01,Maharagama,29.0,76,30.7,Storm
2024-06-01,Kandy,27.8,80,0.0,Sunny
2024-06-01,Kirulapane,29.4,85,16.1,Rainy
2024-06-01,Wattala,26.9,89,2.9,Drizzle
2024-06-01,Colombo,29.0,86,7.9,Drizzle
2024-06-01,Pelawatte,28.6,81,0.0,Sunny
2024-06-01,Malabe,32.6,81,0.0,Sunny
2024-06-02,Nugegoda,27.6,85,0.0,Sunny
2024-06-02,Maharagama,28.5,88,0.0,Cloudy
2024-06-02,Kandy,25.7,80,0.0,Sunny
2024-06-02,Kirulapane,28.5,69,33.8,Storm
2024-06-02,Wattala,27.1,86,2.3,Drizzle
2024-06-02,Colombo,27.0,70,11.0,Rainy
2024-06-02,Pelawatte,30.3,78,1.2,Drizzle
2024-06-02,Malabe,32.1,86,2.8,Drizzle
2024-06-03,Nugegoda,29.6,87,12.5,Rainy
2024-06-03,Maharagama,30.3,81,14.2,Rainy
2024-06-03,Kandy,24.0,78,0.0,Sunny
2024-06-03,Kirulapane,30.3,80,0.0,Sunny
2024-06-03,Wattala,29.8,81,1.1,Drizzle
2024-06-03,Colombo,30.1,82,35.9,Storm
2024-06-03,Pelawatte,29.2,82,0.0,Sunny
2024-06-03,Malabe,30.1,77,46.0,Storm
2024-06-04,Nugegoda,26.4,82,0.0,Sunny
2024-06-04,Maharagama,27.5,85,0.0,Sunny
2024-06-04,Kandy,28.7,88,0.0,Cloudy
2024-06-04,Kirulapane,29.6,76,10.6,Rainy
2024-06-04,Wattala,27.1,76,5.1,Drizzle
2024-06-04,Colombo,29.7,81,17.3,Rainy
2024-06-04,Pelawatte,29.0,87,9.0,Drizzle
2024-06-04,Malabe,30.0,77,0.0,Sunny
2024-06-05,Nugegoda,28.1,89,0.0,Cloudy
2024-06-05,Maharagama,29.7,79,3.6,Drizzle
2024-06-05,Kandy,26.4,81,12.9,Rainy
2024-06-05,Kirulapane,30.0,74,16.8,Rainy
2024-06-05,Wattala,30.0,80,0.0,Sunny
2024-06-05,Colombo,28.4,83,7.9,Drizzle
2024-06-05,Pelawatte,30.1,82,0.0,Sunny
2024-06-05,Malabe,27.5,81,0.0,Sunny
2024-06-06,Nugegoda,29.6,78,20.7,Rainy
2024-06-06,Maharagama,30.5,90,0.0,Cloudy
2024-06-06,Kandy,28.0,82,9.5,Drizzle
2024-06-06,Kirulapane,29.0,86,18.8,Rainy
2024-06-06,Wattala,26.9,72,22.7,Rainy
2024-06-06,Colombo,29.2,77,0.0,Sunny
2024-06-06,Pelawatte,29.8,89,0.0,Cloudy
2024-06-06,Malabe,29.6,80,5.5,Drizzle
2024-06-07,Nugegoda,28.0,75,13.4,Rainy
2024-06-07,Maharagama,28.7,81,2.3,Drizzle
2024-06-07,Kandy,24.9,79,2.7,Drizzle
2024-06-07,Kirulapane,28.3,89,6.2,Drizzle
2024-06-07,Wattala,28.9,84,0.0,Sunny
2024-06-07,Colombo,27.8,73,6.1,Drizzle
2024-06-07,Pelawatte,32.4,88,0.0,Cloudy
2024-06-07,Malabe,29.0,89,0.0,Cloudy
2024-06-08,Nugegoda,31.0,84,3.5,Drizzle
2024-06-08,Maharagama,28.7,84,34.1,Storm
2024-06-08,Kandy,27.2,83,18.5,Rainy
2024-06-08,Kirulapane,27.4,82,7.4,Drizzle
2024-06-08,Wattala,28.9,82,0.0,Sunny
2024-06-08,Colombo,31.3,75,0.0,Sunny
2024-06-08,Pelawatte,30.0,79,0.0,Sunny
2024-06-08,Malabe,30.0,85,0.0,Sunny
2024-06-09,Nugegoda,27.9,89,1.3,Drizzle
2024-06-09,Maharagama,27.3,80,5.9,Drizzle
2024-06-09,Kandy,27.2,73,5.4,Drizzle
2024-06-09,Kirulapane,29.2,91,30.2,Storm
2024-06-09,Wattala,29.4,79,0.0,Sunny
2024-06-09,Colombo,28.8,84,4.4,Drizzle
2024-06-09,Pelawatte,28.2,78,0.0,Sunny
2024-06-09,Malabe,28.2,85,0.0,Sunny
2024-06-10,Nugegoda,28.2,80,0.0,Sunny
2024-06-10,Maharagama,28.4,85,3.4,Drizzle
2024-06-10,Kandy,27.1,82,8.5,Drizzle
2024-06-10,Kirulapane,31.0,79,21.8,Rainy
2024-06-10,Wattala,26.6,81,11.0,Rainy
2024-06-10,Colombo,27.7,77,19.8,Rainy
2024-06-10,Pelawatte,28.8,71,14.7,Rainy
2024-06-10,Malabe,30.0,87,11.8,Rainy
2024-06-11,Nugegoda,27.2,86,0.0,Cloudy
2024-06-11,Maharagama,28.1,82,4.2,Drizzle
2024-06-11,Kandy,27.3,70,8.0,Drizzle
2024-06-11,Kirulapane,28.7,91,0.0,Cloudy
2024-06-11,Wattala,29.7,70,0.0,Sunny
2024-06-11,Colombo,30.2,79,4.9,Drizzle
2024-06-11,Pelawatte,29.4,73,0.0,Sunny
2024-06-11,Malabe,26.2,83,0.0,Sunny
2024-06-12,Nugegoda,29.9,87,7.1,Drizzle
2024-06-12,Maharagama,31.2,84,0.0,Sunny
2024-06-12,Kandy,25.1,77,5.1,Drizzle
2024-06-12,Kirulapane,29.7,79,9.5,Drizzle
2024-06-12,Wattala,30.7,73,16.2,Rainy
2024-06-12,Colombo,28.3,71,0.8,Drizzle
2024-06-12,Pelawatte,26.4,87,6.8,Drizzle
2024-06-12,Malabe,31.8,76,10.2,Rainy
2024-06-13,Nugegoda,28.6,81,11.6,Rainy
2024-06-13,Maharagama,29.5,84,0.0,Sunny
2024-06-13,Kandy,25.4,79,0.0,Sunny
2024-06-13,Kirulapane,26.6,78,3.7,Drizzle
2024-06-13,Wattala,29.9,86,1.7,Drizzle
2024-06-13,Colombo,30.1,77,3.9,Drizzle
2024-06-13,Pelawatte,29.0,83,2.6,Drizzle
2024-06-13,Malabe,28.4,86,4.1,Drizzle
2024-06-14,Nugegoda,30.7,78,0.0,Sunny
2024-06-14,Maharagama,28.5,81,21.0,Rainy
2024-06-14,Kandy,24.2,78,0.0,Sunny
2024-06-14,Kirulapane,30.4,84,5.1,Drizzle
2024-06-14,Wattala,28.8,88,1.3,Drizzle
2024-06-14,Colombo,29.2,87,0.0,Cloudy
2024-06-14,Pelawatte,29.1,85,0.0,Sunny
2024-06-14,Malabe,28.4,85,8.4,Drizzle
2024-06-15,Nugegoda,28.0,77,13.9,Rainy
2024-06-15,Maharagama,31.9,76,20.8,Rainy
2024-06-15,Kandy,27.2,72,18.0,Rainy
2024-06-15,Kirulapane,29.5,90,5.8,Drizzle
2024-06-15,Wattala,26.9,72,5.1,Drizzle
2024-06-15,Colombo,27.9,83,41.1,Storm
2024-06-15,Pelawatte,27.9,86,0.0,Cloudy
2024-06-15,Malabe,30.5,86,39.8,Storm
2024-06-16,Nugegoda,28.5,81,29.6,Rainy
2024-06-16,Maharagama,30.3,77,0.8,Drizzle
2024-06-16,Kandy,25.2,83,14.3,Rainy
2024-06-16,Kirulapane,29.9,82,0.0,Sunny
2024-06-16,Wattala,28.4,81,25.4,Rainy
2024-06-16,Colombo,30.3,93,1.7,Drizzle
2024-06-16,Pelawatte,25.2,80,0.0,Sunny
2024-06-16,Malabe,30.6,84,0.0,Sunny
2024-06-17,Nugegoda,27.7,86,11.0,Rainy
2024-06-17,Maharagama,30.5,83,0.8,Drizzle
2024-06-17,Kandy,26.2,77,3.0,Drizzle
2024-06-17,Kirulapane,27.0,84,0.0,Sunny
2024-06-17,Wattala,30.7,82,13.9,Rainy
2024-06-17,Colombo,28.1,85,26.1,Rainy
2024-06-17,Pelawatte,30.5,80,0.0,Sunny
2024-06-17,Malabe,27.6,77,0.0,Sunny
2024-06-18,Nugegoda,27.7,75,0.0,Sunny
2024-06-18,Maharagama,30.9,83,0.5,Drizzle
2024-06-18,Kandy,25.7,84,0.0,Sunny
2024-06-18,Kirulapane,29.4,79,10.4,Rainy
2024-06-18,Wattala,28.0,80,11.1,Rainy
2024-06-18,Colombo,29.0,79,0.0,Sunny
2024-06-18,Pelawatte,27.7,76,5.0,Drizzle
2024-06-18,Malabe,29.4,82,43.9,Storm
2024-06-19,Nugegoda,30.0,78,0.0,Sunny
2024-06-19,Maharagama,30.1,77,1.8,Drizzle
2024-06-19,Kandy,26.7,84,0.0,Sunny
2024-06-19,Kirulapane,27.6,73,0.0,Sunny
2024-06-19,Wattala,30.1,82,0.0,Sunny
2024-06-19,Colombo,29.2,69,4.7,Drizzle
2024-06-19,Pelawatte,31.5,81,7.6,Drizzle
2024-06-19,Malabe,29.0,80,11.8,Rainy
2024-06-20,Nugegoda,27.6,82,1.9,Drizzle
2024-06-20,Maharagama,27.0,84,0.0,Sunny
2024-06-20,Kandy,23.7,82,0.0,Sunny
2024-06-20,Kirulapane,29.5,82,23.2,Rainy
2024-06-20,Wattala,27.9,78,0.0,Sunny
2024-06-20,Colombo,28.3,87,0.0,Cloudy
2024-06-20,Pelawatte,27.6,82,0.0,Sunny
2024-06-20,Malabe,28.5,74,0.6,Drizzle
2024-06-21,Nugegoda,30.2,81,0.0,Sunny
2024-06-21,Maharagama,30.6,84,4.5,Drizzle
2024-06-21,Kandy,27.1,92,3.1,Drizzle
2024-06-21,Kirulapane,29.8,85,3.9,Drizzle
2024-06-21,Wattala,27.8,86,13.5,Rainy
2024-06-21,Colombo,29.5,78,0.0,Sunny
2024-06-21,Pelawatte,27.1,83,15.5,Rainy
2024-06-21,Malabe,29.7,83,0.1,Drizzle
2024-06-22,Nugegoda,29.2,76,0.0,Sunny
2024-06-22,Maharagama,27.2,89,1.9,Drizzle
2024-06-22,Kandy,25.4,76,0.0,Sunny
2024-06-22,Kirulapane,28.9,82,24.4,Rainy
2024-06-22,Wattala,28.7,75,0.5,Drizzle
2024-06-22,Colombo,29.2,88,8.9,Drizzle
2024-06-22,Pelawatte,27.8,88,17.2,Rainy
2024-06-22,Malabe,32.4,80,40.2,Storm
2024-06-23,Nugegoda,25.3,77,0.0,Sunny
2024-06-23,Maharagama,26.0,85,3.3,Drizzle
2024-06-23,Kandy,26.8,75,0.0,Sunny
2024-06-23,Kirulapane,30.4,79,9.2,Drizzle
2024-06-23,Wattala,29.6,83,7.0,Drizzle
2024-06-23,Colombo,28.0,71,12.7,Rainy
2024-06-23,Pelawatte,30.9,78,28.1,Rainy
2024-06-23,Malabe,30.4,83,1.3,Drizzle
2024-06-24,Nugegoda,27.8,76,0.0,Sunny
2024-06-24,Maharagama,29.3,81,6.5,Drizzle
2024-06-24,Kandy,26.1,84,1.8,Drizzle
2024-06-24,Kirulapane,29.3,82,10.0,Drizzle
2024-06-24,Wattala,30.1,76,8.7,Drizzle
2024-06-24,Colombo,27.2,77,0.0,Sunny
2024-06-24,Pelawatte,29.0,86,3.6,Drizzle
2024-06-24,Malabe,26.1,83,0.5,Drizzle
2024-06-25,Nugegoda,31.5,80,0.0,Sunny
2024-06-25,Maharagama,31.4,85,0.0,Sunny
2024-06-25,Kandy,28.6,81,0.0,Sunny
2024-06-25,Kirulapane,31.0,70,0.0,Sunny
2024-06-25,Wattala,31.1,88,18.4,Rainy
2024-06-25,Colombo,29.1,76,0.0,Sunny
2024-06-25,Pelawatte,26.9,77,0.0,Sunny
2024-06-25,Malabe,29.4,74,2.0,Drizzle
2024-06-26,Nugegoda,31.7,89,6.5,Drizzle
2024-06-26,Maharagama,26.9,78,0.0,Sunny
2024-06-26,Kandy,23.5,81,18.3,Rainy
2024-06-26,Kirulapane,27.5,86,0.0,Cloudy
2024-06-26,Wattala,29.5,81,14.1,Rainy
2024-06-26,Colombo,28.9,82,7.4,Drizzle
2024-06-26,Pelawatte,31.2,78,0.0,Sunny
2024-06-26,Malabe,29.2,82,7.0,Drizzle
2024-06-27,Nugegoda,29.2,97,0.0,Cloudy
2024-06-27,Maharagama,27.9,79,16.8,Rainy
2024-06-27,Kandy,27.2,81,12.4,Rainy
2024-06-27,Kirulapane,27.9,82,15.7,Rainy
2024-06-27,Wattala,30.6,88,3.7,Drizzle
2024-06-27,Colombo,28.8,83,0.0,Sunny
2024-06-27,Pelawatte,30.0,81,1.1,Drizzle
2024-06-27,Malabe,29.4,79,0.0,Sunny
2024-06-28,Nugegoda,30.0,80,0.5,Drizzle
2024-06-28,Maharagama,30.1,82,23.2,Rainy
2024-06-28,Kandy,24.4,79,2.8,Drizzle
2024-06-28,Kirulapane,32.8,83,0.4,Drizzle
2024-06-28,Wattala,30.8,80,0.0,Sunny
2024-06-28,Colombo,30.2,78,0.0,Sunny
2024-06-28,Pelawatte,28.5,68,8.3,Drizzle
2024-06-28,Malabe,26.7,82,8.7,Drizzle
2024-06-29,Nugegoda,26.8,81,0.0,Sunny
2024-06-29,Maharagama,27.7,84,10.1,Rainy
2024-06-29,Kandy,22.2,81,0.0,Sunny
2024-06-29,Kirulapane,29.2,81,15.4,Rainy
2024-06-29,Wattala,30.2,74,0.0,Sunny
2024-06-29,Colombo,30.3,83,9.8,Drizzle
2024-06-29,Pelawatte,28.5,90,8.9,Drizzle
2024-06-29,Malabe,30.4,84,0.0,Sunny
2024-06-30,Nugegoda,29.8,84,4.0,Drizzle
2024-06-30,Maharagama,31.7,72,0.0,Sunny
2024-06-30,Kandy,26.5,80,0.0,Sunny
2024-06-30,Kirulapane,28.0,75,0.0,Sunny
2024-06-30,Wattala,29.9,82,0.0,Sunny
2024-06-30,Colombo,28.4,85,3.4,Drizzle
2024-06-30,Pelawatte,27.8,81,0.0,Sunny
2024-06-30,Malabe,27.5,79,23.7,Rainy
2024-07-01,Nugegoda,29.3,81,0.0,Sunny
2024-07-01,Maharagama,29.0,74,0.0,Sunny
2024-07-01,Kandy,25.4,82,0.0,Sunny
2024-07-01,Kirulapane,29.5,85,0.0,Sunny
2024-07-01,Wattala,28.6,82,41.3,Storm
2024-07-01,Colombo,29.2,77,17.0,Rainy
2024-07-01,Pelawatte,27.5,80,8.6,Drizzle
2024-07-01,Malabe,27.2,75,0.0,Sunny
2024-07-02,Nugegoda,29.2,86,14.0,Rainy
2024-07-02,Maharagama,30.0,91,0.0,Cloudy
2024-07-02,Kandy,23.7,77,29.9,Rainy
2024-07-02,Kirulapane,29.4,88,29.2,Rainy
2024-07-02,Wattala,30.1,77,11.3,Rainy
2024-07-02,Colombo,27.6,86,0.0,Cloudy
2024-07-02,Pelawatte,30.8,80,19.0,Rainy
2024-07-02,Malabe,28.1,79,15.2,Rainy
2024-07-03,Nugegoda,32.1,91,16.8,Rainy
2024-07-03,Maharagama,28.4,84,0.0,Sunny
2024-07-03,Kandy,26.2,82,0.0,Sunny
2024-07-03,Kirulapane,28.6,80,34.9,Storm
2024-07-03,Wattala,25.4,76,0.2,Drizzle
2024-07-03,Colombo,29.2,80,0.0,Sunny
2024-07-03,Pelawatte,27.6,82,0.0,Sunny
2024-07-03,Malabe,28.3,84,0.0,Sunny
2024-07-04,Nugegoda,30.0,81,4.8,Drizzle
2024-07-04,Maharagama,30.5,90,1.9,Drizzle
2024-07-04,Kandy,26.1,81,0.0,Sunny
2024-07-04,Kirulapane,28.6,77,0.0,Sunny
2024-07-04,Wattala,28.4,80,0.0,Sunny
2024-07-04,Colombo,30.2,87,0.0,Cloudy
2024-07-04,Pelawatte,28.3,77,5.1,Drizzle
2024-07-04,Malabe,28.2,79,0.0,Sunny
2024-07-05,Nugegoda,29.3,81,20.9,Rainy
2024-07-05,Maharagama,27.7,80,0.0,Sunny
2024-07-05,Kandy,22.3,80,3.4,Drizzle
2024-07-05,Kirulapane,29.0,79,0.0,Sunny
2024-07-05,Wattala,30.1,75,0.0,Sunny
2024-07-05,Colombo,28.5,81,10.7,Rainy
2024-07-05,Pelawatte,28.6,80,15.2,Rainy
2024-07-05,Malabe,27.7,79,10.3,Rainy
2024-07-06,Nugegoda,27.9,77,0.0,Sunny
2024-07-06,Maharagama,30.3,86,7.9,Drizzle
2024-07-06,Kandy,28.2,80,2.6,Drizzle
2024-07-06,Kirulapane,29.7,77,6.3,Drizzle
2024-07-06,Wattala,27.5,86,4.7,Drizzle
2024-07-06,Colombo,28.7,86,0.0,Cloudy
2024-07-06,Pelawatte,28.9,79,0.0,Sunny
2024-07-06,Malabe,29.5,86,23.7,Rainy
2024-07-07,Nugegoda,26.4,88,2.3,Drizzle
2024-07-07,Maharagama,27.4,84,6.5,Drizzle
2024-07-07,Kandy,25.7,82,1.7,Drizzle
2024-07-07,Kirulapane,29.4,74,3.5,Drizzle
2024-07-07,Wattala,26.1,82,8.5,Drizzle
2024-07-07,Colombo,31.5,81,14.5,Rainy
2024-07-07,Pelawatte,26.6,81,0.0,Sunny
2024-07-07,Malabe,28.4,91,0.0,Cloudy
2024-07-08,Nugegoda,28.4,76,14.9,Rainy
2024-07-08,Maharagama,28.9,88,0.0,Cloudy
2024-07-08,Kandy,25.2,73,0.0,Sunny
2024-07-08,Kirulapane,27.7,80,29.3,Rainy
2024-07-08,Wattala,28.9,79,0.0,Sunny
2024-07-08,Colombo,27.2,88,0.0,Cloudy
2024-07-08,Pelawatte,30.1,83,0.3,Drizzle
2024-07-08,Malabe,27.3,91,0.0,Cloudy
2024-07-09,Nugegoda,31.4,83,10.6,Rainy
2024-07-09,Maharagama,28.9,80,2.4,Drizzle
2024-07-09,Kandy,26.6,85,10.2,Rainy
2024-07-09,Kirulapane,26.5,81,7.7,Drizzle
2024-07-09,Wattala,30.8,85,0.0,Sunny
2024-07-09,Colombo,30.5,86,0.0,Cloudy
2024-07-09,Pelawatte,29.3,74,0.0,Sunny
2024-07-09,Malabe,25.1,73,0.0,Sunny
2024-07-10,Nugegoda,27.8,77,3.4,Drizzle
2024-07-10,Maharagama,30.0,77,20.5,Rainy
2024-07-10,Kandy,24.2,76,22.3,Rainy
2024-07-10,Kirulapane,26.8,86,0.0,Cloudy
2024-07-10,Wattala,30.5,73,58.9,Storm
2024-07-10,Colombo,29.6,81,0.0,Sunny
2024-07-10,Pelawatte,25.9,92,0.0,Cloudy
2024-07-10,Malabe,29.3,79,0.0,Sunny
2024-07-11,Nugegoda,27.6,81,3.4,Drizzle
2024-07-11,Maharagama,30.0,83,0.0,Sunny
2024-07-11,Kandy,23.8,83,0.0,Sunny
2024-07-11,Kirulapane,30.8,75,0.0,Sunny
2024-07-11,Wattala,28.2,84,0.0,Sunny
2024-07-11,Colombo,28.3,77,0.0,Sunny
2024-07-11,Pelawatte,30.1,81,2.9,Drizzle
2024-07-11,Malabe,26.9,76,3.2,Drizzle
2024-07-12,Nugegoda,28.8,85,2.7,Drizzle
2024-07-12,Maharagama,26.7,79,0.0,Sunny
2024-07-12,Kandy,25.6,88,8.8,Drizzle
2024-07-12,Kirulapane,29.2,70,17.4,Rainy
2024-07-12,Wattala,31.3,82,0.0,Sunny
2024-07-12,Colombo,30.1,85,1.8,Drizzle
2024-07-12,Pelawatte,29.6,84,2.7,Drizzle
2024-07-12,Malabe,31.2,84,3.5,Drizzle
2024-07-13,Nugegoda,26.1,83,3.1,Drizzle
2024-07-13,Maharagama,27.4,81,15.6,Rainy
2024-07-13,Kandy,24.9,79,5.8,Drizzle
2024-07-13,Kirulapane,27.6,82,10.2,Rainy
2024-07-13,Wattala,29.3,83,0.0,Sunny
2024-07-13,Colombo,30.3,77,0.0,Sunny
2024-07-13,Pelawatte,28.8,75,0.0,Sunny
2024-07-13,Malabe,27.3,73,36.4,Storm
2024-07-14,Nugegoda,28.9,73,0.0,Sunny
2024-07-14,Maharagama,30.7,81,0.7,Drizzle
2024-07-14,Kandy,23.2,79,0.0,Sunny
2024-07-14,Kirulapane,30.6,75,1.8,Drizzle
2024-07-14,Wattala,29.3,88,46.6,Storm
2024-07-14,Colombo,27.0,80,5.1,Drizzle
2024-07-14,Pelawatte,30.3,88,0.0,Cloudy
2024-07-14,Malabe,29.2,78,0.0,Sunny
2024-07-15,Nugegoda,27.5,87,12.9,Rainy
2024-07-15,Maharagama,29.5,82,26.4,Rainy
2024-07-15,Kandy,24.3,86,3.6,Drizzle
2024-07-15,Kirulapane,29.3,86,0.0,Cloudy
2024-07-15,Wattala,27.6,81,0.0,Sunny
2024-07-15,Colombo,29.7,79,0.0,Sunny
2024-07-15,Pelawatte,29.3,78,24.9,Rainy
2024-07-15,Malabe,29.2,91,4.5,Drizzle
2024-07-16,Nugegoda,28.7,86,0.0,Cloudy
2024-07-16,Maharagama,29.9,84,55.0,Storm
2024-07-16,Kandy,25.3,82,7.7,Drizzle
2024-07-16,Kirulapane,29.4,84,0.0,Sunny
2024-07-16,Wattala,29.3,74,4.6,Drizzle
2024-07-16,Colombo,33.4,80,0.4,Drizzle
2024-07-16,Pelawatte,30.2,77,17.8,Rainy
2024-07-16,Malabe,26.5,84,6.2,Drizzle
2024-07-17,Nugegoda,29.4,76,3.2,Drizzle
2024-07-17,Maharagama,28.5,88,12.3,Rainy
2024-07-17,Kandy,24.9,79,0.0,Sunny
2024-07-17,Kirulapane,26.7,80,1.8,Drizzle
2024-07-17,Wattala,31.4,84,0.0,Sunny
2024-07-17,Colombo,27.8,84,5.0,Drizzle
2024-07-17,Pelawatte,30.2,88,0.0,Cloudy
2024-07-17,Malabe,28.6,79,0.0,Sunny
2024-07-18,Nugegoda,28.0,85,0.0,Sunny
2024-07-18,Maharagama,28.9,77,2.3,Drizzle
2024-07-18,Kandy,25.2,75,0.0,Sunny
2024-07-18,Kirulapane,28.2,89,1.5,Drizzle
2024-07-18,Wattala,29.1,72,0.0,Sunny
2024-07-18,Colombo,29.1,83,0.0,Sunny
2024-07-18,Pelawatte,27.4,88,11.8,Rainy
2024-07-18,Malabe,27.8,77,0.0,Sunny
2024-07-19,Nugegoda,31.8,75,0.0,Sunny
2024-07-19,Maharagama,29.0,77,0.0,Sunny
2024-07-19,Kandy,25.1,86,0.0,Cloudy
2024-07-19,Kirulapane,28.7,86,25.1,Rainy
2024-07-19,Wattala,27.7,85,2.7,Drizzle
2024-07-19,Colombo,29.5,86,54.1,Storm
2024-07-19,Pelawatte,28.5,77,4.5,Drizzle
2024-07-19,Malabe,28.5,84,5.2,Drizzle
2024-07-20,Nugegoda,29.6,79,3.3,Drizzle
2024-07-20,Maharagama,28.8,78,6.0,Drizzle
2024-07-20,Kandy,25.6,80,27.2,Rainy
2024-07-20,Kirulapane,28.6,86,0.0,Cloudy
2024-07-20,Wattala,30.8,87,18.2,Rainy
2024-07-20,Colombo,28.2,85,0.0,Sunny
2024-07-20,Pelawatte,29.0,76,0.0,Sunny
2024-07-20,Malabe,28.5,75,0.0,Sunny
2024-07-21,Nugegoda,31.5,83,0.0,Sunny
2024-07-21,Maharagama,28.6,80,0.0,Sunny
2024-07-21,Kandy,27.5,82,6.7,Drizzle
2024-07-21,Kirulapane,28.7,82,0.0,Sunny
2024-07-21,Wattala,29.4,79,8.0,Drizzle
2024-07-21,Colombo,29.6,75,9.4,Drizzle
2024-07-21,Pelawatte,29.4,78,17.5,Rainy
2024-07-21,Malabe,30.5,76,2.7,Drizzle
2024-07-22,Nugegoda,29.4,82,7.0,Drizzle
2024-07-22,Maharagama,28.1,74,3.5,Drizzle
2024-07-22,Kandy,27.4,88,0.9,Drizzle
2024-07-22,Kirulapane,29.8,83,0.9,Drizzle
2024-07-22,Wattala,31.4,79,0.0,Sunny
2024-07-22,Colombo,28.1,79,0.0,Sunny
2024-07-22,Pelawatte,29.2,84,31.8,Storm
2024-07-22,Malabe,29.9,83,2.1,Drizzle
2024-07-23,Nugegoda,28.2,84,0.0,Sunny
2024-07-23,Maharagama,26.0,82,0.5,Drizzle
2024-07-23,Kandy,23.8,78,0.0,Sunny
2024-07-23,Kirulapane,32.7,83,7.7,Drizzle
2024-07-23,Wattala,27.3,80,7.0,Drizzle
2024-07-23,Colombo,28.8,79,0.0,Sunny
2024-07-23,Pelawatte,27.9,87,0.0,Cloudy
2024-07-23,Malabe,30.3,82,0.0,Sunny
2024-07-24,Nugegoda,30.3,77,0.4,Drizzle
2024-07-24,Maharagama,29.0,76,3.1,Drizzle
2024-07-24,Kandy,28.9,72,0.0,Sunny
2024-07-24,Kirulapane,29.4,86,3.6,Drizzle
2024-07-24,Wattala,28.0,85,0.0,Sunny
2024-07-24,Colombo,29.0,81,1.1,Drizzle
2024-07-24,Pelawatte,31.6,76,0.0,Sunny
2024-07-24,Malabe,29.7,88,3.5,Drizzle
2024-07-25,Nugegoda,29.1,82,2.1,Drizzle
2024-07-25,Maharagama,26.9,86,0.0,Cloudy
2024-07-25,Kandy,27.9,76,9.4,Drizzle
2024-07-25,Kirulapane,29.3,85,2.9,Drizzle
2024-07-25,Wattala,27.6,87,0.0,Cloudy
2024-07-25,Colombo,29.0,81,41.7,Storm
2024-07-25,Pelawatte,31.3,82,0.0,Sunny
2024-07-25,Malabe,29.6,89,0.0,Cloudy
2024-07-26,Nugegoda,29.0,84,12.9,Rainy
2024-07-26,Maharagama,29.4,84,9.2,Drizzle
2024-07-26,Kandy,26.0,86,10.0,Drizzle
2024-07-26,Kirulapane,31.2,74,0.0,Sunny
2024-07-26,Wattala,29.6,81,1.4,Drizzle
2024-07-26,Colombo,27.6,73,0.0,Sunny
2024-07-26,Pelawatte,32.3,88,16.7,Rainy
2024-07-26,Malabe,29.1,83,1.4,Drizzle
2024-07-27,Nugegoda,29.1,81,0.0,Sunny
2024-07-27,Maharagama,28.3,78,16.6,Rainy
2024-07-27,Kandy,28.9,89,2.8,Drizzle
2024-07-27,Kirulapane,30.9,85,0.0,Sunny
2024-07-27,Wattala,29.8,89,13.4,Rainy
2024-07-27,Colombo,26.7,81,25.7,Rainy
2024-07-27,Pelawatte,32.6,86,55.4,Storm
2024-07-27,Malabe,29.1,83,0.0,Sunny
2024-07-28,Nugegoda,30.0,81,4.1,Drizzle
2024-07-28,Maharagama,29.9,95,0.0,Cloudy
2024-07-28,Kandy,26.2,84,0.0,Sunny
2024-07-28,Kirulapane,31.2,78,4.2,Drizzle
2024-07-28,Wattala,28.0,79,1.3,Drizzle
2024-07-28,Colombo,28.9,81,3.8,Drizzle
2024-07-28,Pelawatte,31.1,85,0.0,Sunny
2024-07-28,Malabe,29.5,93,5.7,Drizzle
2024-07-29,Nugegoda,28.1,87,0.0,Cloudy
2024-07-29,Maharagama,28.1,72,2.9,Drizzle
2024-07-29,Kandy,27.4,83,0.0,Sunny
2024-07-29,Kirulapane,31.1,80,0.0,Sunny
2024-07-29,Wattala,30.9,73,0.0,Sunny
2024-07-29,Colombo,28.0,75,0.0,Sunny
2024-07-29,Pelawatte,28.9,75,0.0,Sunny
2024-07-29,Malabe,30.9,78,13.5,Rainy
2024-07-30,Nugegoda,30.5,84,0.2,Drizzle
2024-07-30,Maharagama,28.6,83,4.6,Drizzle
2024-07-30,Kandy,25.0,80,15.7,Rainy
2024-07-30,Kirulapane,29.4,82,0.0,Sunny
2024-07-30,Wattala,29.5,87,0.0,Cloudy
2024-07-30,Colombo,29.5,81,1.3,Drizzle
2024-07-30,Pelawatte,29.8,87,10.4,Rainy
2024-07-30,Malabe,30.1,84,23.8,Rainy
2024-07-31,Nugegoda,28.3,79,0.2,Drizzle
2024-07-31,Maharagama,28.4,78,0.0,Sunny
2024-07-31,Kandy,28.4,81,0.0,Sunny
2024-07-31,Kirulapane,27.5,82,18.0,Rainy
2024-07-31,Wattala,27.8,87,4.8,Drizzle
2024-07-31,Colombo,29.9,79,0.0,Sunny
2024-07-31,Pelawatte,26.9,84,2.3,Drizzle
2024-07-31,Malabe,26.0,86,7.1,Drizzle
2024-08-01,Nugegoda,31.6,87,0.0,Cloudy
2024-08-01,Maharagama,30.2,78,0.0,Sunny
2024-08-01,Kandy,25.1,86,0.0,Cloudy
2024-08-01,Kirulapane,29.7,80,0.9,Drizzle
2024-08-01,Wattala,28.3,80,0.0,Sunny
2024-08-01,Colombo,30.6,74,14.9,Rainy
2024-08-01,Pelawatte,29.2,87,6.0,Drizzle
2024-08-01,Malabe,30.5,79,0.0,Sunny
2024-08-02,Nugegoda,29.4,72,0.0,Sunny
2024-08-02,Maharagama,29.2,87,10.1,Rainy
2024-08-02,Kandy,28.4,83,0.0,Sunny
2024-08-02,Kirulapane,28.1,93,27.3,Rainy
2024-08-02,Wattala,30.0,82,0.0,Sunny
2024-08-02,Colombo,26.3,87,5.7,Drizzle
2024-08-02,Pelawatte,29.6,89,6.2,Drizzle
2024-08-02,Malabe,31.0,85,0.0,Sunny
2024-08-03,Nugegoda,28.4,74,19.5,Rainy
2024-08-03,Maharagama,29.2,81,0.0,Sunny
2024-08-03,Kandy,26.8,78,8.3,Drizzle
2024-08-03,Kirulapane,29.8,83,3.5,Drizzle
2024-08-03,Wattala,30.4,89,23.7,Rainy
2024-08-03,Colombo,28.1,81,10.2,Rainy
2024-08-03,Pelawatte,27.8,76,0.0,Sunny
2024-08-03,Malabe,27.3,78,12.5,Rainy
2024-08-04,Nugegoda,26.4,76,5.1,Drizzle
2024-08-04,Maharagama,28.6,77,19.2,Rainy
2024-08-04,Kandy,28.5,73,0.0,Sunny
2024-08-04,Kirulapane,27.2,75,0.0,Sunny
2024-08-04,Wattala,30.5,86,0.0,Cloudy
2024-08-04,Colombo,28.7,83,19.6,Rainy
2024-08-04,Pelawatte,31.5,77,0.0,Sunny
2024-08-04,Malabe,27.4,82,9.2,Drizzle
2024-08-05,Nugegoda,28.6,74,13.2,Rainy
2024-08-05,Maharagama,28.6,86,22.3,Rainy
2024-08-05,Kandy,27.7,82,13.0,Rainy
2024-08-05,Kirulapane,26.0,82,0.0,Sunny
2024-08-05,Wattala,28.3,88,2.2,Drizzle
2024-08-05,Colombo,29.6,80,1.6,Drizzle
2024-08-05,Pelawatte,27.0,76,0.0,Sunny
2024-08-05,Malabe,30.1,82,0.0,Sunny
2024-08-06,Nugegoda,30.2,82,10.8,Rainy
2024-08-06,Maharagama,29.3,83,0.0,Sunny
2024-08-06,Kandy,26.2,78,0.0,Sunny
2024-08-06,Kirulapane,24.4,78,21.8,Rainy
2024-08-06,Wattala,28.4,72,0.0,Sunny
2024-08-06,Colombo,30.2,75,1.5,Drizzle
2024-08-06,Pelawatte,29.2,75,0.0,Sunny
2024-08-06,Malabe,28.4,86,0.0,Cloudy
2024-08-07,Nugegoda,31.7,89,0.0,Cloudy
2024-08-07,Maharagama,28.8,84,6.9,Drizzle
2024-08-07,Kandy,26.2,82,0.0,Sunny
2024-08-07,Kirulapane,30.3,84,0.0,Sunny
2024-08-07,Wattala,29.7,76,26.0,Rainy
2024-08-07,Colombo,31.2,87,1.3,Drizzle
2024-08-07,Pelawatte,28.2,91,12.6,Rainy
2024-08-07,Malabe,30.2,73,0.0,Sunny
2024-08-08,Nugegoda,27.3,82,0.0,Sunny
2024-08-08,Maharagama,31.1,78,0.0,Sunny
2024-08-08,Kandy,26.4,85,0.0,Sunny
2024-08-08,Kirulapane,29.0,89,0.0,Cloudy
2024-08-08,Wattala,28.1,83,2.4,Drizzle
2024-08-08,Colombo,30.2,85,0.0,Sunny
2024-08-08,Pelawatte,30.1,79,15.4,Rainy
2024-08-08,Malabe,29.8,86,10.4,Rainy
2024-08-09,Nugegoda,29.5,78,14.1,Rainy
2024-08-09,Maharagama,30.7,77,9.6,Drizzle
2024-08-09,Kandy,23.0,86,0.0,Cloudy
2024-08-09,Kirulapane,30.0,78,3.8,Drizzle
2024-08-09,Wattala,29.9,76,0.0,Sunny
2024-08-09,Colombo,30.9,84,0.0,Sunny
2024-08-09,Pelawatte,29.3,87,5.4,Drizzle
2024-08-09,Malabe,30.8,81,23.0,Rainy
2024-08-10,Nugegoda,29.5,87,7.8,Drizzle
2024-08-10,Maharagama,27.8,86,0.0,Cloudy
2024-08-10,Kandy,25.9,85,0.0,Sunny
2024-08-10,Kirulapane,30.0,83,6.9,Drizzle
2024-08-10,Wattala,30.0,79,4.2,Drizzle
2024-08-10,Colombo,26.5,79,7.1,Drizzle
2024-08-10,Pelawatte,32.1,77,0.0,Sunny
2024-08-10,Malabe,26.5,85,35.3,Storm
2024-08-11,Nugegoda,27.0,79,9.7,Drizzle
2024-08-11,Maharagama,30.2,79,8.5,Drizzle
2024-08-11,Kandy,27.0,81,1.1,Drizzle
2024-08-11,Kirulapane,26.7,87,0.0,Cloudy
2024-08-11,Wattala,29.8,75,0.3,Drizzle
2024-08-11,Colombo,29.8,82,19.0,Rainy
2024-08-11,Pelawatte,27.6,80,7.5,Drizzle
2024-08-11,Malabe,29.5,81,55.1,Storm
2024-08-12,Nugegoda,27.4,80,0.0,Sunny
2024-08-12,Maharagama,29.1,89,5.5,Drizzle
2024-08-12,Kandy,27.4,81,2.4,Drizzle
2024-08-12,Kirulapane,29.0,86,3.1,Drizzle
2024-08-12,Wattala,30.0,75,0.0,Sunny
2024-08-12,Colombo,29.0,77,0.0,Sunny
2024-08-12,Pelawatte,26.1,71,10.7,Rainy
2024-08-12,Malabe,27.3,82,2.6,Drizzle
2024-08-13,Nugegoda,29.6,78,9.0,Drizzle
2024-08-13,Maharagama,31.0,80,4.7,Drizzle
2024-08-13,Kandy,24.9,82,16.4,Rainy
2024-08-13,Kirulapane,30.4,85,0.0,Sunny
2024-08-13,Wattala,29.9,84,0.0,Sunny
2024-08-13,Colombo,29.7,81,0.0,Sunny
2024-08-13,Pelawatte,25.8,85,24.1,Rainy
2024-08-13,Malabe,27.7,79,0.0,Sunny
2024-08-14,Nugegoda,28.8,79,0.0,Sunny
2024-08-14,Maharagama,29.6,81,37.4,Storm
2024-08-14,Kandy,29.8,87,21.7,Rainy
2024-08-14,Kirulapane,25.1,81,11.4,Rainy
2024-08-14,Wattala,30.8,85,0.0,Sunny
2024-08-14,Colombo,30.2,87,7.9,Drizzle
2024-08-14,Pelawatte,29.5,79,0.0,Sunny
2024-08-14,Malabe,29.2,82,11.4,Rainy
2024-08-15,Nugegoda,29.1,78,3.9,Drizzle
2024-08-15,Maharagama,28.0,71,17.9,Rainy
2024-08-15,Kandy,20.9,83,4.3,Drizzle
2024-08-15,Kirulapane,26.6,83,0.0,Sunny
2024-08-15,Wattala,27.9,88,0.0,Cloudy
2024-08-15,Colombo,30.9,75,0.0,Sunny
2024-08-15,Pelawatte,26.4,78,0.0,Sunny
2024-08-15,Malabe,29.3,93,13.6,Rainy
2024-08-16,Nugegoda,27.9,76,0.0,Sunny
2024-08-16,Maharagama,28.2,84,11.3,Rainy
2024-08-16,Kandy,26.1,78,0.8,Drizzle
2024-08-16,Kirulapane,27.1,75,21.0,Rainy
2024-08-16,Wattala,28.8,81,0.0,Sunny
2024-08-16,Colombo,27.3,87,0.0,Cloudy
2024-08-16,Pelawatte,28.0,87,8.9,Drizzle
2024-08-16,Malabe,29.9,89,14.4,Rainy
2024-08-17,Nugegoda,30.5,85,0.8,Drizzle
2024-08-17,Maharagama,26.5,78,0.9,Drizzle
2024-08-17,Kandy,28.7,75,2.4,Drizzle
2024-08-17,Kirulapane,30.5,75,10.4,Rainy
2024-08-17,Wattala,29.5,83,40.4,Storm
2024-08-17,Colombo,31.4,85,0.0,Sunny
2024-08-17,Pelawatte,29.7,85,8.3,Drizzle
2024-08-17,Malabe,29.9,80,0.0,Sunny
2024-08-18,Nugegoda,28.7,82,4.5,Drizzle
2024-08-18,Maharagama,30.8,80,26.8,Rainy
2024-08-18,Kandy,27.5,76,1.0,Drizzle
2024-08-18,Kirulapane,28.4,69,0.0,Sunny
2024-08-18,Wattala,28.5,85,9.0,Drizzle
2024-08-18,Colombo,27.0,87,50.8,Storm
2024-08-18,Pelawatte,28.4,85,8.5,Drizzle
2024-08-18,Malabe,29.1,74,0.0,Sunny
2024-08-19,Nugegoda,29.2,82,0.3,Drizzle
2024-08-19,Maharagama,29.7,84,0.0,Sunny
2024-08-19,Kandy,27.2,80,8.8,Drizzle
2024-08-19,Kirulapane,30.2,80,1.2,Drizzle
2024-08-19,Wattala,32.2,80,11.3,Rainy
2024-08-19,Colombo,29.7,73,0.0,Sunny
2024-08-19,Pelawatte,31.6,85,3.5,Drizzle
2024-08-19,Malabe,28.7,88,52.3,Storm
2024-08-20,Nugegoda,28.9,80,2.4,Drizzle
2024-08-20,Maharagama,26.6,83,16.0,Rainy
2024-08-20,Kandy,25.6,83,2.1,Drizzle
2024-08-20,Kirulapane,28.5,86,6.8,Drizzle
2024-08-20,Wattala,28.4,74,3.2,Drizzle
2024-08-20,Colombo,29.0,92,18.6,Rainy
2024-08-20,Pelawatte,29.1,72,0.0,Sunny
2024-08-20,Malabe,29.1,85,0.0,Sunny
2024-08-21,Nugegoda,28.4,80,0.3,Drizzle
2024-08-21,Maharagama,25.9,83,0.0,Sunny
2024-08-21,Kandy,26.7,79,4.6,Drizzle
2024-08-21,Kirulapane,29.8,87,14.3,Rainy
2024-08-21,Wattala,30.8,88,16.5,Rainy
2024-08-21,Colombo,32.0,85,0.0,Sunny
2024-08-21,Pelawatte,29.1,84,9.9,Drizzle
2024-08-21,Malabe,28.3,74,10.5,Rainy
2024-08-22,Nugegoda,27.5,85,21.7,Rainy
2024-08-22,Maharagama,29.6,87,0.0,Cloudy
2024-08-22,Kandy,25.2,85,19.2,Rainy
2024-08-22,Kirulapane,31.3,82,18.8,Rainy
2024-08-22,Wattala,29.3,90,12.6,Rainy
2024-08-22,Colombo,28.9,91,10.9,Rainy
2024-08-22,Pelawatte,28.3,86,0.0,Cloudy
2024-08-22,Malabe,28.9,74,0.0,Sunny
2024-08-23,Nugegoda,29.0,79,6.6,Drizzle
2024-08-23,Maharagama,26.9,80,35.3,Storm
2024-08-23,Kandy,24.9,84,7.7,Drizzle
2024-08-23,Kirulapane,28.8,76,0.0,Sunny
2024-08-23,Wattala,28.6,79,0.0,Sunny
2024-08-23,Colombo,29.0,82,25.4,Rainy
2024-08-23,Pelawatte,31.5,79,0.0,Sunny
2024-08-23,Malabe,28.9,86,0.0,Cloudy
2024-08-24,Nugegoda,30.3,76,6.2,Drizzle
2024-08-24,Maharagama,28.9,79,9.6,Drizzle
2024-08-24,Kandy,25.5,80,0.0,Sunny
2024-08-24,Kirulapane,27.9,72,7.4,Drizzle
2024-08-24,Wattala,28.6,80,0.0,Sunny
2024-08-24,Colombo,29.7,77,6.5,Drizzle
2024-08-24,Pelawatte,29.0,88,0.0,Cloudy
2024-08-24,Malabe,28.1,74,4.5,Drizzle
2024-08-25,Nugegoda,30.0,80,5.4,Drizzle
2024-08-25,Maharagama,31.2,79,0.0,Sunny
2024-08-25,Kandy,26.4,79,7.9,Drizzle
2024-08-25,Kirulapane,28.4,78,0.0,Sunny
2024-08-25,Wattala,27.0,78,0.0,Sunny
2024-08-25,Colombo,31.4,84,11.2,Rainy
2024-08-25,Pelawatte,30.2,83,24.8,Rainy
2024-08-25,Malabe,29.0,73,5.3,Drizzle
2024-08-26,Nugegoda,28.4,78,44.5,Storm
2024-08-26,Maharagama,27.6,72,0.0,Sunny
2024-08-26,Kandy,25.0,90,1.3,Drizzle
2024-08-26,Kirulapane,31.4,78,0.0,Sunny
2024-08-26,Wattala,28.7,76,0.1,Drizzle
2024-08-26,Colombo,31.4,68,11.7,Rainy
2024-08-26,Pelawatte,31.4,87,0.3,Drizzle
2024-08-26,Malabe,31.2,83,0.9,Drizzle
2024-08-27,Nugegoda,26.4,77,0.0,Sunny
2024-08-27,Maharagama,28.2,77,27.4,Rainy
2024-08-27,Kandy,26.6,71,0.0,Sunny
2024-08-27,Kirulapane,28.2,82,0.0,Sunny
2024-08-27,Wattala,26.3,83,11.7,Rainy
2024-08-27,Colombo,30.7,83,4.0,Drizzle
2024-08-27,Pelawatte,31.1,84,8.1,Drizzle
2024-08-27,Malabe,28.8,82,15.9,Rainy
2024-08-28,Nugegoda,28.8,84,5.5,Drizzle
2024-08-28,Maharagama,29.3,78,0.0,Sunny
2024-08-28,Kandy,22.9,91,0.0,Cloudy
2024-08-28,Kirulapane,31.5,76,0.0,Sunny
2024-08-28,Wattala,27.9,80,0.3,Drizzle
2024-08-28,Colombo,27.9,68,20.8,Rainy
2024-08-28,Pelawatte,26.6,78,0.0,Sunny
2024-08-28,Malabe,28.6,81,1.4,Drizzle
2024-08-29,Nugegoda,30.0,78,3.2,Drizzle
2024-08-29,Maharagama,28.1,82,0.8,Drizzle
2024-08-29,Kandy,27.2,93,0.8,Drizzle
2024-08-29,Kirulapane,26.5,91,3.5,Drizzle
2024-08-29,Wattala,28.6,76,30.7,Storm
2024-08-29,Colombo,28.4,75,0.6,Drizzle
2024-08-29,Pelawatte,28.2,95,0.0,Cloudy
2024-08-29,Malabe,25.6,86,0.0,Cloudy
2024-08-30,Nugegoda,29.1,79,0.0,Sunny
2024-08-30,Maharagama,31.1,80,1.8,Drizzle
2024-08-30,Kandy,26.5,83,2.3,Drizzle
2024-08-30,Kirulapane,31.1,81,7.1,Drizzle
2024-08-30,Wattala,26.2,85,0.0,Sunny
2024-08-30,Colombo,30.6,83,3.0,Drizzle
2024-08-30,Pelawatte,30.4,73,3.4,Drizzle
2024-08-30,Malabe,28.4,87,0.0,Cloudy
2024-08-31,Nugegoda,32.7,77,0.0,Sunny
2024-08-31,Maharagama,29.0,77,0.0,Sunny
2024-08-31,Kandy,24.8,83,26.2,Rainy
2024-08-31,Kirulapane,28.6,84,0.0,Sunny
2024-08-31,Wattala,30.1,81,0.0,Sunny
2024-08-31,Colombo,30.8,78,18.4,Rainy
2024-08-31,Pelawatte,30.0,84,14.5,Rainy
2024-08-31,Malabe,28.0,92,7.6,Drizzle
2024-09-01,Nugegoda,32.6,75,0.0,Sunny
2024-09-01,Maharagama,29.8,77,3.7,Drizzle
2024-09-01,Kandy,25.6,80,1.7,Drizzle
2024-09-01,Kirulapane,30.9,85,1.3,Drizzle
2024-09-01,Wattala,31.6,90,0.0,Cloudy
2024-09-01,Colombo,27.4,81,13.1,Rainy
2024-09-01,Pelawatte,28.1,79,0.0,Sunny
2024-09-01,Malabe,29.8,89,4.3,Drizzle
2024-09-02,Nugegoda,27.0,76,11.4,Rainy
2024-09-02,Maharagama,30.2,80,18.3,Rainy
2024-09-02,Kandy,25.2,80,0.0,Sunny
2024-09-02,Kirulapane,28.0,86,0.0,Cloudy
2024-09-02,Wattala,28.3,79,0.0,Sunny
2024-09-02,Colombo,33.3,78,3.5,Drizzle
2024-09-02,Pelawatte,30.9,79,14.5,Rainy
2024-09-02,Malabe,29.3,83,3.0,Drizzle
2024-09-03,Nugegoda,31.6,83,26.7,Rainy
2024-09-03,Maharagama,29.8,78,0.0,Sunny
2024-09-03,Kandy,27.1,74,26.1,Rainy
2024-09-03,Kirulapane,26.1,79,0.0,Sunny
2024-09-03,Wattala,29.2,81,15.3,Rainy
2024-09-03,Colombo,29.5,73,36.1,Storm
2024-09-03,Pelawatte,28.8,81,9.6,Drizzle
2024-09-03,Malabe,29.3,85,13.6,Rainy
2024-09-04,Nugegoda,27.7,82,8.8,Drizzle
2024-09-04,Maharagama,29.7,79,8.9,Drizzle
2024-09-04,Kandy,28.0,76,0.6,Drizzle
2024-09-04,Kirulapane,32.7,81,0.0,Sunny
2024-09-04,Wattala,30.5,86,0.0,Cloudy
2024-09-04,Colombo,30.4,81,11.2,Rainy
2024-09-04,Pelawatte,30.6,83,9.6,Drizzle
2024-09-04,Malabe,30.2,87,0.0,Cloudy
2024-09-05,Nugegoda,28.3,81,0.0,Sunny
2024-09-05,Maharagama,31.1,88,5.1,Drizzle
2024-09-05,Kandy,26.3,79,0.0,Sunny
2024-09-05,Kirulapane,31.5,84,3.8,Drizzle
2024-09-05,Wattala,29.6,78,4.1,Drizzle
2024-09-05,Colombo,27.5,80,5.0,Drizzle
2024-09-05,Pelawatte,29.6,85,0.0,Sunny
2024-09-05,Malabe,27.8,87,0.0,Cloudy
2024-09-06,Nugegoda,30.0,81,0.0,Sunny
2024-09-06,Maharagama,28.4,80,0.0,Sunny
2024-09-06,Kandy,27.8,84,0.0,Sunny
2024-09-06,Kirulapane,30.6,81,0.0,Sunny
2024-09-06,Wattala,31.6,81,5.0,Drizzle
2024-09-06,Colombo,31.3,88,0.0,Cloudy
2024-09-06,Pelawatte,29.4,83,15.6,Rainy
2024-09-06,Malabe,30.2,89,13.5,Rainy
2024-09-07,Nugegoda,30.3,77,0.0,Sunny
2024-09-07,Maharagama,30.0,86,0.0,Cloudy
2024-09-07,Kandy,28.6,80,0.0,Sunny
2024-09-07,Kirulapane,30.4,80,10.4,Rainy
2024-09-07,Wattala,32.1,84,3.0,Drizzle
2024-09-07,Colombo,27.0,83,1.2,Drizzle
2024-09-07,Pelawatte,28.7,83,10.1,Rainy
2024-09-07,Malabe,31.3,82,11.8,Rainy
2024-09-08,Nugegoda,28.9,89,0.0,Cloudy
2024-09-08,Maharagama,28.7,79,0.0,Sunny
2024-09-08,Kandy,26.7,76,0.0,Sunny
2024-09-08,Kirulapane,32.1,78,0.0,Sunny
2024-09-08,Wattala,26.8,91,30.1,Storm
2024-09-08,Colombo,33.5,80,5.4,Drizzle
2024-09-08,Pelawatte,30.3,87,13.0,Rainy
2024-09-08,Malabe,28.1,89,0.0,Cloudy
2024-09-09,Nugegoda,29.1,86,22.7,Rainy
2024-09-09,Maharagama,27.6,87,0.0,Cloudy
2024-09-09,Kandy,29.0,86,20.7,Rainy
2024-09-09,Kirulapane,31.6,80,3.0,Drizzle
2024-09-09,Wattala,30.1,79,0.0,Sunny
2024-09-09,Colombo,30.6,74,8.5,Drizzle
2024-09-09,Pelawatte,29.0,80,3.2,Drizzle
2024-09-09,Malabe,30.9,78,0.0,Sunny
2024-09-10,Nugegoda,30.0,87,0.0,Cloudy
2024-09-10,Maharagama,30.3,85,4.2,Drizzle
2024-09-10,Kandy,27.3,82,0.0,Sunny
2024-09-10,Kirulapane,30.1,80,0.0,Sunny
2024-09-10,Wattala,30.9,83,0.0,Sunny
2024-09-10,Colombo,31.1,81,0.0,Sunny
2024-09-10,Pelawatte,29.6,78,17.3,Rainy
2024-09-10,Malabe,31.1,86,0.5,Drizzle
2024-09-11,Nugegoda,30.7,87,0.0,Cloudy
2024-09-11,Maharagama,27.5,83,21.4,Rainy
2024-09-11,Kandy,28.9,77,9.3,Drizzle
2024-09-11,Kirulapane,31.7,82,7.6,Drizzle
2024-09-11,Wattala,29.4,87,2.3,Drizzle
2024-09-11,Colombo,29.8,66,7.8,Drizzle
2024-09-11,Pelawatte,30.4,88,0.0,Cloudy
2024-09-11,Malabe,27.7,82,0.0,Sunny
2024-09-12,Nugegoda,31.6,69,0.0,Sunny
2024-09-12,Maharagama,26.3,83,0.0,Sunny
2024-09-12,Kandy,27.8,86,7.7,Drizzle
2024-09-12,Kirulapane,30.8,79,5.0,Drizzle
2024-09-12,Wattala,31.0,80,0.0,Sunny
2024-09-12,Colombo,30.6,85,0.0,Sunny
2024-09-12,Pelawatte,29.9,73,0.0,Sunny
2024-09-12,Malabe,30.1,84,3.4,Drizzle
2024-09-13,Nugegoda,28.1,91,0.0,Cloudy
2024-09-13,Maharagama,30.5,94,0.0,Cloudy
2024-09-13,Kandy,25.9,82,0.0,Sunny
2024-09-13,Kirulapane,29.4,81,2.2,Drizzle
2024-09-13,Wattala,32.3,79,3.8,Drizzle
2024-09-13,Colombo,31.1,81,4.2,Drizzle
2024-09-13,Pelawatte,29.3,84,2.4,Drizzle
2024-09-13,Malabe,27.7,80,0.0,Sunny
2024-09-14,Nugegoda,30.2,79,0.0,Sunny
2024-09-14,Maharagama,30.2,80,0.0,Sunny
2024-09-14,Kandy,28.2,84,0.0,Sunny
2024-09-14,Kirulapane,27.4,81,2.7,Drizzle
2024-09-14,Wattala,29.6,81,0.1,Drizzle
2024-09-14,Colombo,29.1,81,0.0,Sunny
2024-09-14,Pelawatte,31.0,83,0.0,Sunny
2024-09-14,Malabe,30.9,84,9.9,Drizzle
2024-09-15,Nugegoda,31.2,75,0.0,Sunny
2024-09-15,Maharagama,30.0,81,12.6,Rainy
2024-09-15,Kandy,25.5,84,6.8,Drizzle
2024-09-15,Kirulapane,27.4,76,1.6,Drizzle
2024-09-15,Wattala,29.2,87,1.9,Drizzle
2024-09-15,Colombo,32.6,87,6.6,Drizzle
2024-09-15,Pelawatte,31.6,86,0.0,Cloudy
2024-09-15,Malabe,32.2,82,0.0,Sunny
2024-09-16,Nugegoda,28.3,85,0.0,Sunny
2024-09-16,Maharagama,30.0,82,0.0,Sunny
2024-09-16,Kandy,26.3,79,0.0,Sunny
2024-09-16,Kirulapane,31.9,75,6.6,Drizzle
2024-09-16,Wattala,29.6,88,0.0,Cloudy
2024-09-16,Colombo,31.8,76,0.0,Sunny
2024-09-16,Pelawatte,27.7,78,11.4,Rainy
2024-09-16,Malabe,30.3,89,0.0,Cloudy
2024-09-17,Nugegoda,30.2,84,0.0,Sunny
2024-09-17,Maharagama,27.5,82,14.2,Rainy
2024-09-17,Kandy,26.1,76,8.7,Drizzle
2024-09-17,Kirulapane,28.0,83,0.0,Sunny
2024-09-17,Wattala,31.2,86,0.0,Cloudy
2024-09-17,Colombo,29.7,84,23.6,Rainy
2024-09-17,Pelawatte,30.5,82,3.8,Drizzle
2024-09-17,Malabe,31.4,76,31.6,Storm
2024-09-18,Nugegoda,30.8,85,5.9,Drizzle
2024-09-18,Maharagama,31.3,85,0.0,Sunny
2024-09-18,Kandy,26.5,82,0.0,Sunny
2024-09-18,Kirulapane,30.8,81,11.2,Rainy
2024-09-18,Wattala,29.6,79,12.8,Rainy
2024-09-18,Colombo,28.4,75,26.8,Rainy
2024-09-18,Pelawatte,28.6,82,0.0,Sunny
2024-09-18,Malabe,30.2,78,2.3,Drizzle
2024-09-19,Nugegoda,30.4,87,0.0,Cloudy
2024-09-19,Maharagama,31.3,74,4.9,Drizzle
2024-09-19,Kandy,28.3,82,0.0,Sunny
2024-09-19,Kirulapane,31.5,79,0.0,Sunny
2024-09-19,Wattala,30.4,74,1.8,Drizzle
2024-09-19,Colombo,28.5,84,0.0,Sunny
2024-09-19,Pelawatte,29.2,86,0.0,Cloudy
2024-09-19,Malabe,30.7,85,0.0,Sunny
2024-09-20,Nugegoda,30.0,86,0.0,Cloudy
2024-09-20,Maharagama,29.7,79,0.0,Sunny
2024-09-20,Kandy,26.5,82,0.0,Sunny
2024-09-20,Kirulapane,29.3,76,13.5,Rainy
2024-09-20,Wattala,28.0,75,0.0,Sunny
2024-09-20,Colombo,30.2,91,10.4,Rainy
2024-09-20,Pelawatte,29.6,82,1.0,Drizzle
2024-09-20,Malabe,28.1,89,0.0,Cloudy
2024-09-21,Nugegoda,28.9,80,29.8,Rainy
2024-09-21,Maharagama,29.4,80,0.0,Sunny
2024-09-21,Kandy,30.9,85,0.0,Sunny
2024-09-21,Kirulapane,32.3,81,3.0,Drizzle
2024-09-21,Wattala,30.7,81,2.5,Drizzle
2024-09-21,Colombo,28.6,78,0.2,Drizzle
2024-09-21,Pelawatte,29.4,76,0.0,Sunny
2024-09-21,Malabe,31.1,85,6.4,Drizzle
2024-09-22,Nugegoda,28.8,85,0.0,Sunny
2024-09-22,Maharagama,31.7,86,0.0,Cloudy
2024-09-22,Kandy,25.6,81,0.0,Sunny
2024-09-22,Kirulapane,30.1,78,11.8,Rainy
2024-09-22,Wattala,30.1,86,0.0,Cloudy
2024-09-22,Colombo,32.6,81,0.2,Drizzle
2024-09-22,Pelawatte,26.9,81,0.0,Sunny
2024-09-22,Malabe,30.1,89,0.0,Cloudy
2024-09-23,Nugegoda,29.6,88,0.0,Cloudy
2024-09-23,Maharagama,30.6,84,0.0,Sunny
2024-09-23,Kandy,26.1,81,0.0,Sunny
2024-09-23,Kirulapane,28.7,85,1.5,Drizzle
2024-09-23,Wattala,34.7,85,13.5,Rainy
2024-09-23,Colombo,31.2,87,0.0,Cloudy
2024-09-23,Pelawatte,30.5,74,0.0,Sunny
2024-09-23,Malabe,29.9,84,38.5,Storm
2024-09-24,Nugegoda,31.1,86,8.1,Drizzle
2024-09-24,Maharagama,31.8,68,0.0,Sunny
2024-09-24,Kandy,26.5,88,0.9,Drizzle
2024-09-24,Kirulapane,28.5,89,0.0,Cloudy
2024-09-24,Wattala,29.3,83,11.0,Rainy
2024-09-24,Colombo,30.9,90,0.0,Cloudy
2024-09-24,Pelawatte,28.9,78,17.5,Rainy
2024-09-24,Malabe,31.1,82,71.1,Storm
2024-09-25,Nugegoda,28.6,90,7.7,Drizzle
2024-09-25,Maharagama,29.9,81,10.4,Rainy
2024-09-25,Kandy,26.1,85,0.0,Sunny
2024-09-25,Kirulapane,31.3,82,0.0,Sunny
2024-09-25,Wattala,30.3,81,0.5,Drizzle
2024-09-25,Colombo,31.9,88,5.8,Drizzle
2024-09-25,Pelawatte,31.7,81,2.2,Drizzle
2024-09-25,Malabe,30.1,74,6.3,Drizzle
2024-09-26,Nugegoda,31.2,82,0.0,Sunny
2024-09-26,Maharagama,28.9,76,0.0,Sunny
2024-09-26,Kandy,26.8,85,0.0,Sunny
2024-09-26,Kirulapane,30.1,89,0.0,Cloudy
2024-09-26,Wattala,33.0,77,0.0,Sunny
2024-09-26,Colombo,28.7,83,0.0,Sunny
2024-09-26,Pelawatte,30.9,83,0.6,Drizzle
2024-09-26,Malabe,30.2,80,0.0,Sunny
2024-09-27,Nugegoda,30.3,76,0.0,Sunny
2024-09-27,Maharagama,28.8,92,21.1,Rainy
2024-09-27,Kandy,26.4,75,9.0,Drizzle
2024-09-27,Kirulapane,31.2,82,4.2,Drizzle
2024-09-27,Wattala,29.2,75,0.0,Sunny
2024-09-27,Colombo,30.0,84,7.1,Drizzle
2024-09-27,Pelawatte,30.6,82,0.0,Sunny
2024-09-27,Malabe,30.7,79,0.0,Sunny
2024-09-28,Nugegoda,31.6,88,7.0,Drizzle
2024-09-28,Maharagama,32.0,85,1.6,Drizzle
2024-09-28,Kandy,25.8,78,22.1,Rainy
2024-09-28,Kirulapane,29.2,91,21.0,Rainy
2024-09-28,Wattala,30.7,83,1.0,Drizzle
2024-09-28,Colombo,32.8,82,0.0,Sunny
2024-09-28,Pelawatte,28.8,73,19.0,Rainy
2024-09-28,Malabe,25.6,68,0.0,Sunny
2024-09-29,Nugegoda,31.0,72,0.0,Sunny
2024-09-29,Maharagama,31.3,81,0.0,Sunny
2024-09-29,Kandy,25.5,79,4.5,Drizzle
2024-09-29,Kirulapane,31.7,75,8.2,Drizzle
2024-09-29,Wattala,31.1,87,3.5,Drizzle
2024-09-29,Colombo,30.8,84,10.9,Rainy
2024-09-29,Pelawatte,31.2,82,11.0,Rainy
2024-09-29,Malabe,26.7,83,25.7,Rainy
2024-09-30,Nugegoda,29.9,76,9.3,Drizzle
2024-09-30,Maharagama,33.0,85,0.0,Sunny
2024-09-30,Kandy,27.9,79,12.9,Rainy
2024-09-30,Kirulapane,29.3,85,0.0,Sunny
2024-09-30,Wattala,28.8,89,0.0,Cloudy
2024-09-30,Colombo,31.0,93,0.0,Cloudy
2024-09-30,Pelawatte,30.8,77,4.9,Drizzle
2024-09-30,Malabe,27.0,79,0.0,Sunny
2024-10-01,Nugegoda,31.6,83,0.0,Sunny
2024-10-01,Maharagama,29.8,71,14.0,Rainy
2024-10-01,Kandy,25.5,73,9.9,Drizzle
2024-10-01,Kirulapane,28.6,78,0.0,Sunny
2024-10-01,Wattala,29.4,81,10.5,Rainy
2024-10-01,Colombo,29.4,76,0.0,Sunny
2024-10-01,Pelawatte,31.5,83,0.0,Sunny
2024-10-01,Malabe,33.0,84,0.4,Drizzle
2024-10-02,Nugegoda,29.6,79,9.1,Drizzle
2024-10-02,Maharagama,32.2,82,0.0,Sunny
2024-10-02,Kandy,27.0,79,70.4,Storm
2024-10-02,Kirulapane,29.5,85,5.9,Drizzle
2024-10-02,Wattala,32.2,78,5.0,Drizzle
2024-10-02,Colombo,30.7,78,0.0,Sunny
2024-10-02,Pelawatte,29.5,95,13.4,Rainy
2024-10-02,Malabe,33.3,82,0.0,Sunny
2024-10-03,Nugegoda,32.4,87,0.0,Cloudy
2024-10-03,Maharagama,28.1,82,4.9,Drizzle
2024-10-03,Kandy,26.0,90,0.0,Cloudy
2024-10-03,Kirulapane,29.8,92,5.7,Drizzle
2024-10-03,Wattala,28.5,79,4.9,Drizzle
2024-10-03,Colombo,28.2,71,13.4,Rainy
2024-10-03,Pelawatte,32.1,80,12.3,Rainy
2024-10-03,Malabe,29.1,77,0.0,Sunny
2024-10-04,Nugegoda,30.2,77,0.0,Sunny
2024-10-04,Maharagama,29.9,90,3.3,Drizzle
2024-10-04,Kandy,28.4,77,18.2,Rainy
2024-10-04,Kirulapane,28.4,82,32.6,Storm
2024-10-04,Wattala,29.9,82,0.0,Sunny
2024-10-04,Colombo,27.3,83,0.0,Sunny
2024-10-04,Pelawatte,30.6,85,4.7,Drizzle
2024-10-04,Malabe,30.4,86,0.0,Cloudy
2024-10-05,Nugegoda,30.1,65,0.0,Sunny
2024-10-05,Maharagama,31.8,72,35.3,Storm
2024-10-05,Kandy,25.4,83,0.1,Drizzle
2024-10-05,Kirulapane,29.4,86,0.0,Cloudy
2024-10-05,Wattala,28.9,84,6.0,Drizzle
2024-10-05,Colombo,30.5,83,0.0,Sunny
2024-10-05,Pelawatte,32.0,82,0.6,Drizzle
2024-10-05,Malabe,28.7,74,44.5,Storm
2024-10-06,Nugegoda,29.7,84,3.1,Drizzle
2024-10-06,Maharagama,31.4,86,0.0,Cloudy
2024-10-06,Kandy,27.3,83,0.0,Sunny
2024-10-06,Kirulapane,29.5,83,1.7,Drizzle
2024-10-06,Wattala,29.9,86,6.7,Drizzle
2024-10-06,Colombo,27.7,83,0.0,Sunny
2024-10-06,Pelawatte,29.8,77,11.4,Rainy
2024-10-06,Malabe,30.2,83,15.4,Rainy
2024-10-07,Nugegoda,31.0,80,35.2,Storm
2024-10-07,Maharagama,32.5,87,4.2,Drizzle
2024-10-07,Kandy,26.9,74,4.7,Drizzle
2024-10-07,Kirulapane,29.8,85,6.3,Drizzle
2024-10-07,Wattala,28.9,83,0.0,Sunny
2024-10-07,Colombo,29.8,89,0.0,Cloudy
2024-10-07,Pelawatte,32.6,85,0.0,Sunny
2024-10-07,Malabe,28.8,91,0.0,Cloudy
2024-10-08,Nugegoda,26.9,80,0.0,Sunny
2024-10-08,Maharagama,28.4,82,13.4,Rainy
2024-10-08,Kandy,27.0,76,0.0,Sunny
2024-10-08,Kirulapane,27.4,86,21.3,Rainy
2024-10-08,Wattala,28.8,81,2.4,Drizzle
2024-10-08,Colombo,32.4,90,0.5,Drizzle
2024-10-08,Pelawatte,32.0,69,0.0,Sunny
2024-10-08,Malabe,29.0,79,1.5,Drizzle
2024-10-09,Nugegoda,29.5,85,15.4,Rainy
2024-10-09,Maharagama,32.9,76,31.6,Storm
2024-10-09,Kandy,26.8,87,5.2,Drizzle
2024-10-09,Kirulapane,30.5,82,0.0,Sunny
2024-10-09,Wattala,28.9,85,5.7,Drizzle
2024-10-09,Colombo,30.2,87,0.0,Cloudy
2024-10-09,Pelawatte,32.2,82,0.0,Sunny
2024-10-09,Malabe,29.7,75,31.0,Storm
2024-10-10,Nugegoda,31.9,86,18.5,Rainy
2024-10-10,Maharagama,30.2,77,5.7,Drizzle
2024-10-10,Kandy,26.5,80,18.2,Rainy
2024-10-10,Kirulapane,29.3,77,0.0,Sunny
2024-10-10,Wattala,29.9,78,0.0,Sunny
2024-10-10,Colombo,31.0,89,15.1,Rainy
2024-10-10,Pelawatte,31.0,78,0.0,Sunny
2024-10-10,Malabe,28.8,83,2.8,Drizzle
2024-10-11,Nugegoda,28.9,85,0.0,Sunny
2024-10-11,Maharagama,31.6,93,0.0,Cloudy
2024-10-11,Kandy,27.0,94,8.2,Drizzle
2024-10-11,Kirulapane,30.1,86,0.0,Cloudy
2024-10-11,Wattala,30.9,80,0.0,Sunny
2024-10-11,Colombo,26.9,87,0.0,Cloudy
2024-10-11,Pelawatte,32.0,77,0.2,Drizzle
2024-10-11,Malabe,31.8,80,3.5,Drizzle
2024-10-12,Nugegoda,30.0,78,45.0,Storm
2024-10-12,Maharagama,27.8,84,0.0,Sunny
2024-10-12,Kandy,26.3,84,15.2,Rainy
2024-10-12,Kirulapane,31.4,82,43.3,Storm
2024-10-12,Wattala,33.9,79,16.4,Rainy
2024-10-12,Colombo,28.4,78,0.0,Sunny
2024-10-12,Pelawatte,30.5,87,2.2,Drizzle
2024-10-12,Malabe,31.3,79,7.0,Drizzle
2024-10-13,Nugegoda,28.0,88,8.7,Drizzle
2024-10-13,Maharagama,29.5,81,1.8,Drizzle
2024-10-13,Kandy,26.5,74,0.0,Sunny
2024-10-13,Kirulapane,29.3,81,0.0,Sunny
2024-10-13,Wattala,28.4,88,12.5,Rainy
2024-10-13,Colombo,28.8,77,0.0,Sunny
2024-10-13,Pelawatte,29.1,85,9.9,Drizzle
2024-10-13,Malabe,29.0,77,0.0,Sunny
2024-10-14,Nugegoda,30.6,92,0.0,Cloudy
2024-10-14,Maharagama,28.9,83,0.0,Sunny
2024-10-14,Kandy,28.6,77,0.0,Sunny
2024-10-14,Kirulapane,30.6,75,14.8,Rainy
2024-10-14,Wattala,27.9,78,0.0,Sunny
2024-10-14,Colombo,28.9,82,0.0,Sunny
2024-10-14,Pelawatte,32.5,81,0.0,Sunny
2024-10-14,Malabe,30.4,73,7.9,Drizzle
2024-10-15,Nugegoda,32.1,78,10.0,Drizzle
2024-10-15,Maharagama,28.8,84,0.0,Sunny
2024-10-15,Kandy,26.2,81,0.0,Sunny
2024-10-15,Kirulapane,29.9,79,0.0,Sunny
2024-10-15,Wattala,30.0,88,19.7,Rainy
2024-10-15,Colombo,30.6,73,6.0,Drizzle
2024-10-15,Pelawatte,28.6,82,0.0,Sunny
2024-10-15,Malabe,32.5,80,4.1,Drizzle
2024-10-16,Nugegoda,29.1,81,11.6,Rainy
2024-10-16,Maharagama,30.5,81,0.0,Sunny
2024-10-16,Kandy,25.0,86,14.5,Rainy
2024-10-16,Kirulapane,25.5,93,17.3,Rainy
2024-10-16,Wattala,29.5,86,7.2,Drizzle
2024-10-16,Colombo,27.0,80,16.3,Rainy
2024-10-16,Pelawatte,31.3,82,12.6,Rainy
2024-10-16,Malabe,29.2,79,0.0,Sunny
2024-10-17,Nugegoda,28.4,73,0.0,Sunny
2024-10-17,Maharagama,27.5,77,0.0,Sunny
2024-10-17,Kandy,30.8,81,0.0,Sunny
2024-10-17,Kirulapane,31.5,83,26.1,Rainy
2024-10-17,Wattala,29.5,82,39.0,Storm
2024-10-17,Colombo,30.1,82,8.7,Drizzle
2024-10-17,Pelawatte,31.2,77,25.2,Rainy
2024-10-17,Malabe,31.7,89,0.0,Cloudy
2024-10-18,Nugegoda,32.0,77,0.2,Drizzle
2024-10-18,Maharagama,31.9,85,0.0,Sunny
2024-10-18,Kandy,26.5,77,14.7,Rainy
2024-10-18,Kirulapane,30.4,83,9.1,Drizzle
2024-10-18,Wattala,31.8,81,0.0,Sunny
2024-10-18,Colombo,27.6,91,5.6,Drizzle
2024-10-18,Pelawatte,26.6,80,5.1,Drizzle
2024-10-18,Malabe,28.8,75,0.0,Sunny
2024-10-19,Nugegoda,30.2,82,0.0,Sunny
2024-10-19,Maharagama,29.6,74,0.0,Sunny
2024-10-19,Kandy,29.3,76,6.2,Drizzle
2024-10-19,Kirulapane,27.8,89,0.0,Cloudy
2024-10-19,Wattala,31.7,79,0.0,Sunny
2024-10-19,Colombo,27.6,81,13.4,Rainy
2024-10-19,Pelawatte,29.6,90,0.0,Cloudy
2024-10-19,Malabe,27.6,83,0.0,Sunny
2024-10-20,Nugegoda,27.8,86,0.0,Cloudy
2024-10-20,Maharagama,31.5,87,0.0,Cloudy
2024-10-20,Kandy,29.2,90,0.0,Cloudy
2024-10-20,Kirulapane,29.9,85,0.0,Sunny
2024-10-20,Wattala,28.7,80,0.0,Sunny
2024-10-20,Colombo,29.6,82,24.5,Rainy
2024-10-20,Pelawatte,27.7,86,4.5,Drizzle
2024-10-20,Malabe,27.6,80,0.1,Drizzle
2024-10-21,Nugegoda,29.9,80,0.0,Sunny
2024-10-21,Maharagama,30.0,73,2.4,Drizzle
2024-10-21,Kandy,26.7,82,6.9,Drizzle
2024-10-21,Kirulapane,28.5,76,0.0,Sunny
2024-10-21,Wattala,30.0,84,10.2,Rainy
2024-10-21,Colombo,31.6,85,11.2,Rainy
2024-10-21,Pelawatte,29.5,89,0.0,Cloudy
2024-10-21,Malabe,30.4,83,1.8,Drizzle
2024-10-22,Nugegoda,32.9,84,0.0,Sunny
2024-10-22,Maharagama,30.1,85,0.0,Sunny
2024-10-22,Kandy,26.2,78,1.5,Drizzle
2024-10-22,Kirulapane,29.9,73,21.5,Rainy
2024-10-22,Wattala,27.6,83,0.0,Sunny
2024-10-22,Colombo,28.2,91,0.0,Cloudy
2024-10-22,Pelawatte,31.0,84,0.1,Drizzle
2024-10-22,Malabe,29.0,84,0.0,Sunny
2024-10-23,Nugegoda,33.2,74,1.7,Drizzle
2024-10-23,Maharagama,29.2,81,0.0,Sunny
2024-10-23,Kandy,27.6,82,0.0,Sunny
2024-10-23,Kirulapane,29.0,81,0.6,Drizzle
2024-10-23,Wattala,31.7,80,14.7,Rainy
2024-10-23,Colombo,30.8,82,3.1,Drizzle
2024-10-23,Pelawatte,31.7,81,9.6,Drizzle
2024-10-23,Malabe,28.8,78,0.0,Sunny
2024-10-24,Nugegoda,30.0,81,11.1,Rainy
2024-10-24,Maharagama,28.7,94,23.0,Rainy
2024-10-24,Kandy,28.7,85,0.0,Sunny
2024-10-24,Kirulapane,30.6,77,0.0,Sunny
2024-10-24,Wattala,28.9,85,0.0,Sunny
2024-10-24,Colombo,30.8,83,15.0,Rainy
2024-10-24,Pelawatte,30.2,85,0.0,Sunny
2024-10-24,Malabe,30.7,80,8.5,Drizzle
2024-10-25,Nugegoda,27.4,77,0.0,Sunny
2024-10-25,Maharagama,32.2,87,0.0,Cloudy
2024-10-25,Kandy,26.4,85,0.0,Sunny
2024-10-25,Kirulapane,31.8,81,0.0,Sunny
2024-10-25,Wattala,30.5,78,0.0,Sunny
2024-10-25,Colombo,28.0,85,0.0,Sunny
2024-10-25,Pelawatte,30.0,84,5.6,Drizzle
2024-10-25,Malabe,30.6,81,0.0,Sunny
2024-10-26,Nugegoda,28.4,85,9.8,Drizzle
2024-10-26,Maharagama,28.1,78,27.1,Rainy
2024-10-26,Kandy,24.8,78,0.0,Sunny
2024-10-26,Kirulapane,30.9,78,12.7,Rainy
2024-10-26,Wattala,28.5,87,0.0,Cloudy
2024-10-26,Colombo,29.0,85,2.5,Drizzle
2024-10-26,Pelawatte,32.7,82,0.0,Sunny
2024-10-26,Malabe,30.6,83,3.2,Drizzle
2024-10-27,Nugegoda,33.2,78,46.0,Storm
2024-10-27,Maharagama,31.0,83,22.5,Rainy
2024-10-27,Kandy,28.4,82,5.7,Drizzle
2024-10-27,Kirulapane,31.9,79,0.0,Sunny
2024-10-27,Wattala,31.3,74,0.0,Sunny
2024-10-27,Colombo,34.8,83,15.5,Rainy
2024-10-27,Pelawatte,28.0,81,0.0,Sunny
2024-10-27,Malabe,28.7,86,0.0,Cloudy
2024-10-28,Nugegoda,27.9,84,0.0,Sunny
2024-10-28,Maharagama,28.8,77,0.0,Sunny
2024-10-28,Kandy,26.8,82,0.0,Sunny
2024-10-28,Kirulapane,29.3,80,0.7,Drizzle
2024-10-28,Wattala,29.1,75,31.5,Storm
2024-10-28,Colombo,29.0,75,0.0,Sunny
2024-10-28,Pelawatte,31.6,76,6.8,Drizzle
2024-10-28,Malabe,30.9,77,0.3,Drizzle
2024-10-29,Nugegoda,28.6,75,7.4,Drizzle
2024-10-29,Maharagama,29.3,91,10.8,Rainy
2024-10-29,Kandy,24.4,88,32.6,Storm
2024-10-29,Kirulapane,30.1,84,0.9,Drizzle
2024-10-29,Wattala,28.0,81,0.0,Sunny
2024-10-29,Colombo,30.9,77,1.0,Drizzle
2024-10-29,Pelawatte,30.9,83,3.4,Drizzle
2024-10-29,Malabe,29.8,85,38.8,Storm
2024-10-30,Nugegoda,29.3,84,3.1,Drizzle
2024-10-30,Maharagama,28.8,92,18.8,Rainy
2024-10-30,Kandy,27.2,81,0.0,Sunny
2024-10-30,Kirulapane,30.2,80,26.2,Rainy
2024-10-30,Wattala,29.9,89,0.0,Cloudy
2024-10-30,Colombo,30.0,80,7.7,Drizzle
2024-10-30,Pelawatte,31.4,72,15.7,Rainy
2024-10-30,Malabe,28.4,86,10.6,Rainy
2024-10-31,Nugegoda,31.0,87,0.0,Cloudy
2024-10-31,Maharagama,28.8,80,0.0,Sunny
2024-10-31,Kandy,26.9,75,0.0,Sunny
2024-10-31,Kirulapane,31.5,74,26.7,Rainy
2024-10-31,Wattala,27.9,88,56.3,Storm
2024-10-31,Colombo,30.2,75,0.0,Sunny
2024-10-31,Pelawatte,28.9,79,0.0,Sunny
2024-10-31,Malabe,29.5,80,0.0,Sunny
2024-11-01,Nugegoda,31.5,75,27.1,Rainy
2024-11-01,Maharagama,30.9,81,1.2,Drizzle
2024-11-01,Kandy,27.2,70,0.0,Sunny
2024-11-01,Kirulapane,29.3,78,0.3,Drizzle
2024-11-01,Wattala,30.7,73,12.7,Rainy
2024-11-01,Colombo,26.7,71,3.4,Drizzle
2024-11-01,Pelawatte,31.2,86,8.6,Drizzle
2024-11-01,Malabe,28.3,75,2.4,Drizzle
2024-11-02,Nugegoda,30.7,78,0.0,Sunny
2024-11-02,Maharagama,29.5,73,5.3,Drizzle
2024-11-02,Kandy,26.2,78,15.1,Rainy
2024-11-02,Kirulapane,29.0,75,0.0,Sunny
2024-11-02,Wattala,30.6,69,1.2,Drizzle
2024-11-02,Colombo,31.9,64,0.4,Drizzle
2024-11-02,Pelawatte,29.3,69,5.0,Drizzle
2024-11-02,Malabe,29.6,75,3.4,Drizzle
2024-11-03,Nugegoda,27.2,72,0.0,Sunny
2024-11-03,Maharagama,31.3,70,5.6,Drizzle
2024-11-03,Kandy,27.3,70,6.7,Drizzle
2024-11-03,Kirulapane,29.4,67,1.8,Drizzle
2024-11-03,Wattala,32.5,77,0.0,Sunny
2024-11-03,Colombo,32.0,79,0.0,Sunny
2024-11-03,Pelawatte,29.1,72,0.0,Sunny
2024-11-03,Malabe,29.6,71,0.0,Sunny
2024-11-04,Nugegoda,29.0,81,0.0,Sunny
2024-11-04,Maharagama,28.2,76,0.8,Drizzle
2024-11-04,Kandy,26.8,64,0.0,Sunny
2024-11-04,Kirulapane,29.6,76,0.0,Sunny
2024-11-04,Wattala,29.8,79,0.0,Sunny
2024-11-04,Colombo,30.0,65,0.0,Sunny
2024-11-04,Pelawatte,30.8,72,0.0,Sunny
2024-11-04,Malabe,32.5,79,0.0,Sunny
2024-11-05,Nugegoda,28.9,66,0.0,Sunny
2024-11-05,Maharagama,31.2,69,0.0,Sunny
2024-11-05,Kandy,26.3,77,1.8,Drizzle
2024-11-05,Kirulapane,29.3,78,0.0,Sunny
2024-11-05,Wattala,30.8,79,0.0,Sunny
2024-11-05,Colombo,31.2,70,1.6,Drizzle
2024-11-05,Pelawatte,29.5,80,0.0,Sunny
2024-11-05,Malabe,27.9,71,1.2,Drizzle
2024-11-06,Nugegoda,30.8,72,0.9,Drizzle
2024-11-06,Maharagama,31.4,76,21.7,Rainy
2024-11-06,Kandy,27.7,70,0.0,Sunny
2024-11-06,Kirulapane,32.0,69,3.4,Drizzle
2024-11-06,Wattala,28.9,72,0.0,Sunny
2024-11-06,Colombo,30.6,81,0.0,Sunny
2024-11-06,Pelawatte,29.1,84,3.9,Drizzle
2024-11-06,Malabe,28.3,76,4.8,Drizzle
2024-11-07,Nugegoda,32.4,73,8.8,Drizzle
2024-11-07,Maharagama,33.0,74,0.0,Sunny
2024-11-07,Kandy,26.0,77,0.0,Sunny
2024-11-07,Kirulapane,27.5,80,0.0,Sunny
2024-11-07,Wattala,32.1,81,5.3,Drizzle
2024-11-07,Colombo,30.5,70,0.0,Sunny
2024-11-07,Pelawatte,26.9,70,1.2,Drizzle
2024-11-07,Malabe,32.3,73,0.0,Sunny
2024-11-08,Nugegoda,29.9,78,0.0,Sunny
2024-11-08,Maharagama,28.5,76,0.0,Sunny
2024-11-08,Kandy,27.6,71,33.7,Storm
2024-11-08,Kirulapane,33.0,77,0.0,Sunny
2024-11-08,Wattala,29.0,68,0.0,Sunny
2024-11-08,Colombo,31.6,75,2.3,Drizzle
2024-11-08,Pelawatte,32.5,73,0.0,Sunny
2024-11-08,Malabe,28.3,74,0.0,Sunny
2024-11-09,Nugegoda,28.9,77,15.1,Rainy
2024-11-09,Maharagama,28.4,71,5.0,Drizzle
2024-11-09,Kandy,28.8,67,3.5,Drizzle
2024-11-09,Kirulapane,29.7,71,0.0,Sunny
2024-11-09,Wattala,28.6,74,9.1,Drizzle
2024-11-09,Colombo,30.2,73,33.7,Storm
2024-11-09,Pelawatte,30.3,67,0.0,Sunny
2024-11-09,Malabe,31.2,73,11.2,Rainy
2024-11-10,Nugegoda,28.8,78,4.6,Drizzle
2024-11-10,Maharagama,27.1,73,0.8,Drizzle
2024-11-10,Kandy,26.7,73,0.0,Sunny
2024-11-10,Kirulapane,28.8,69,0.0,Sunny
2024-11-10,Wattala,27.1,74,0.0,Sunny
2024-11-10,Colombo,32.2,75,0.0,Sunny
2024-11-10,Pelawatte,29.6,68,4.5,Drizzle
2024-11-10,Malabe,28.3,75,0.0,Sunny
2024-11-11,Nugegoda,28.7,69,14.2,Rainy
2024-11-11,Maharagama,28.7,63,14.8,Rainy
2024-11-11,Kandy,27.3,70,6.9,Drizzle
2024-11-11,Kirulapane,31.8,72,0.0,Sunny
2024-11-11,Wattala,26.5,64,0.0,Sunny
2024-11-11,Colombo,31.4,80,0.0,Sunny
2024-11-11,Pelawatte,31.2,67,14.1,Rainy
2024-11-11,Malabe,31.4,66,0.0,Sunny
2024-11-12,Nugegoda,32.1,62,0.0,Sunny
2024-11-12,Maharagama,29.8,68,0.0,Sunny
2024-11-12,Kandy,28.6,70,0.0,Sunny
2024-11-12,Kirulapane,31.1,76,0.0,Sunny
2024-11-12,Wattala,27.8,79,0.0,Sunny
2024-11-12,Colombo,31.0,73,0.0,Sunny
2024-11-12,Pelawatte,30.4,77,15.6,Rainy
2024-11-12,Malabe,29.9,75,4.6,Drizzle
2024-11-13,Nugegoda,30.9,79,0.0,Sunny
2024-11-13,Maharagama,27.5,67,0.3,Drizzle
2024-11-13,Kandy,29.6,72,2.9,Drizzle
2024-11-13,Kirulapane,27.8,73,0.0,Sunny
2024-11-13,Wattala,30.2,72,3.8,Drizzle
2024-11-13,Colombo,33.8,72,0.0,Sunny
2024-11-13,Pelawatte,31.9,78,11.5,Rainy
2024-11-13,Malabe,27.3,79,0.0,Sunny
2024-11-14,Nugegoda,28.8,72,0.0,Sunny
2024-11-14,Maharagama,28.5,76,12.1,Rainy
2024-11-14,Kandy,26.5,75,4.3,Drizzle
2024-11-14,Kirulapane,30.1,74,1.4,Drizzle
2024-11-14,Wattala,29.9,68,0.0,Sunny
2024-11-14,Colombo,30.9,72,10.6,Rainy
2024-11-14,Pelawatte,31.0,70,0.4,Drizzle
2024-11-14,Malabe,30.6,80,25.0,Rainy
2024-11-15,Nugegoda,29.9,67,0.0,Sunny
2024-11-15,Maharagama,27.9,77,0.2,Drizzle
2024-11-15,Kandy,28.0,68,0.0,Sunny
2024-11-15,Kirulapane,31.2,72,0.0,Sunny
2024-11-15,Wattala,30.1,64,0.0,Sunny
2024-11-15,Colombo,29.9,78,2.6,Drizzle
2024-11-15,Pelawatte,28.1,77,0.0,Sunny
2024-11-15,Malabe,32.9,73,15.2,Rainy
2024-11-16,Nugegoda,29.6,67,2.3,Drizzle
2024-11-16,Maharagama,28.7,68,0.0,Sunny
2024-11-16,Kandy,26.9,72,0.0,Sunny
2024-11-16,Kirulapane,30.1,76,0.0,Sunny
2024-11-16,Wattala,30.8,71,0.0,Sunny
2024-11-16,Colombo,30.8,70,0.0,Sunny
2024-11-16,Pelawatte,29.4,69,4.8,Drizzle
2024-11-16,Malabe,30.4,72,0.0,Sunny
2024-11-17,Nugegoda,30.2,77,5.9,Drizzle
2024-11-17,Maharagama,31.9,72,0.0,Sunny
2024-11-17,Kandy,23.6,79,6.2,Drizzle
2024-11-17,Kirulapane,30.0,65,0.0,Sunny
2024-11-17,Wattala,30.3,72,0.0,Sunny
2024-11-17,Colombo,29.7,78,0.0,Sunny
2024-11-17,Pelawatte,28.3,73,0.0,Sunny
2024-11-17,Malabe,29.8,71,0.0,Sunny
2024-11-18,Nugegoda,30.0,74,2.2,Drizzle
2024-11-18,Maharagama,30.2,79,0.6,Drizzle
2024-11-18,Kandy,26.7,79,0.0,Sunny
2024-11-18,Kirulapane,31.7,76,10.5,Rainy
2024-11-18,Wattala,28.0,76,2.4,Drizzle
2024-11-18,Colombo,31.3,77,1.0,Drizzle
2024-11-18,Pelawatte,30.9,69,3.9,Drizzle
2024-11-18,Malabe,33.0,79,12.0,Rainy
2024-11-19,Nugegoda,29.1,78,6.2,Drizzle
2024-11-19,Maharagama,29.3,78,1.4,Drizzle
2024-11-19,Kandy,27.2,70,0.8,Drizzle
2024-11-19,Kirulapane,31.7,79,7.6,Drizzle
2024-11-19,Wattala,29.6,78,18.6,Rainy
2024-11-19,Colombo,32.6,66,0.3,Drizzle
2024-11-19,Pelawatte,27.3,77,0.0,Sunny
2024-11-19,Malabe,33.6,78,23.3,Rainy
2024-11-20,Nugegoda,29.5,81,5.2,Drizzle
2024-11-20,Maharagama,28.3,76,0.0,Sunny
2024-11-20,Kandy,28.6,70,0.0,Sunny
2024-11-20,Kirulapane,29.5,71,0.0,Sunny
2024-11-20,Wattala,32.3,78,3.1,Drizzle
2024-11-20,Colombo,29.8,78,5.8,Drizzle
2024-11-20,Pelawatte,30.7,74,0.0,Sunny
2024-11-20,Malabe,28.4,68,0.0,Sunny
2024-11-21,Nugegoda,28.2,84,17.2,Rainy
2024-11-21,Maharagama,27.5,71,0.0,Sunny
2024-11-21,Kandy,28.7,75,13.3,Rainy
2024-11-21,Kirulapane,29.7,77,0.0,Sunny
2024-11-21,Wattala,29.7,58,4.6,Drizzle
2024-11-21,Colombo,30.4,64,0.0,Sunny
2024-11-21,Pelawatte,30.0,74,0.0,Sunny
2024-11-21,Malabe,28.6,79,2.0,Drizzle
2024-11-22,Nugegoda,29.9,73,0.0,Sunny
2024-11-22,Maharagama,28.5,70,0.0,Sunny
2024-11-22,Kandy,26.7,84,0.0,Sunny
2024-11-22,Kirulapane,31.0,75,0.0,Sunny
2024-11-22,Wattala,29.1,72,0.0,Sunny
2024-11-22,Colombo,30.2,82,12.1,Rainy
2024-11-22,Pelawatte,29.9,74,0.0,Sunny
2024-11-22,Malabe,27.7,77,1.8,Drizzle
2024-11-23,Nugegoda,31.2,66,0.0,Sunny
2024-11-23,Maharagama,29.1,82,0.0,Sunny
2024-11-23,Kandy,27.0,80,0.0,Sunny
2024-11-23,Kirulapane,29.5,78,0.0,Sunny
2024-11-23,Wattala,27.8,74,0.0,Sunny
2024-11-23,Colombo,28.9,71,0.7,Drizzle
2024-11-23,Pelawatte,31.2,69,0.0,Sunny
2024-11-23,Malabe,29.4,77,0.0,Sunny
2024-11-24,Nugegoda,30.9,67,0.0,Sunny
2024-11-24,Maharagama,30.8,77,9.4,Drizzle
2024-11-24,Kandy,26.0,80,7.6,Drizzle
2024-11-24,Kirulapane,30.2,73,18.4,Rainy
2024-11-24,Wattala,32.2,75,0.0,Sunny
2024-11-24,Colombo,30.7,66,0.0,Sunny
2024-11-24,Pelawatte,29.1,80,0.0,Sunny
2024-11-24,Malabe,28.6,72,0.9,Drizzle
2024-11-25,Nugegoda,33.0,75,0.0,Sunny
2024-11-25,Maharagama,32.2,82,1.3,Drizzle
2024-11-25,Kandy,29.2,71,0.1,Drizzle
2024-11-25,Kirulapane,29.6,82,0.0,Sunny
2024-11-25,Wattala,30.3,75,3.1,Drizzle
2024-11-25,Colombo,33.4,73,0.6,Drizzle
2024-11-25,Pelawatte,29.9,77,0.0,Sunny
2024-11-25,Malabe,30.1,73,0.0,Sunny
2024-11-26,Nugegoda,28.0,71,10.8,Rainy
2024-11-26,Maharagama,29.6,66,13.7,Rainy
2024-11-26,Kandy,27.3,76,4.5,Drizzle
2024-11-26,Kirulapane,32.7,77,16.6,Rainy
2024-11-26,Wattala,29.4,75,11.0,Rainy
2024-11-26,Colombo,30.3,74,0.0,Sunny
2024-11-26,Pelawatte,33.2,74,0.1,Drizzle
2024-11-26,Malabe,28.6,86,26.2,Rainy
2024-11-27,Nugegoda,30.0,74,0.5,Drizzle
2024-11-27,Maharagama,32.4,69,0.2,Drizzle
2024-11-27,Kandy,27.6,72,1.1,Drizzle
2024-11-27,Kirulapane,30.2,71,23.4,Rainy
2024-11-27,Wattala,29.4,81,0.0,Sunny
2024-11-27,Colombo,27.2,69,0.0,Sunny
2024-11-27,Pelawatte,29.1,63,18.3,Rainy
2024-11-27,Malabe,26.8,69,0.0,Sunny
2024-11-28,Nugegoda,32.3,71,21.0,Rainy
2024-11-28,Maharagama,31.9,73,10.5,Rainy
2024-11-28,Kandy,28.4,65,0.0,Sunny
2024-11-28,Kirulapane,29.9,72,39.3,Storm
2024-11-28,Wattala,27.9,79,0.0,Sunny
2024-11-28,Colombo,29.3,67,0.0,Sunny
2024-11-28,Pelawatte,29.5,69,0.0,Sunny
2024-11-28,Malabe,30.3,67,0.0,Sunny
2024-11-29,Nugegoda,31.4,71,5.6,Drizzle
2024-11-29,Maharagama,29.6,71,0.0,Sunny
2024-11-29,Kandy,27.0,67,0.0,Sunny
2024-11-29,Kirulapane,31.2,61,2.1,Drizzle
2024-11-29,Wattala,30.3,69,21.6,Rainy
2024-11-29,Colombo,30.6,70,0.0,Sunny
2024-11-29,Pelawatte,31.2,71,4.9,Drizzle
2024-11-29,Malabe,27.9,84,0.0,Sunny
2024-11-30,Nugegoda,27.7,82,0.0,Sunny
2024-11-30,Maharagama,29.9,74,0.0,Sunny
2024-11-30,Kandy,27.7,74,1.5,Drizzle
2024-11-30,Kirulapane,32.5,64,0.0,Sunny
2024-11-30,Wattala,28.0,82,0.0,Sunny
2024-11-30,Colombo,30.3,72,2.2,Drizzle
2024-11-30,Pelawatte,30.7,77,0.4,Drizzle
2024-11-30,Malabe,29.0,69,0.0,Sunny
2024-12-01,Nugegoda,27.5,67,1.6,Drizzle
2024-12-01,Maharagama,26.5,87,3.0,Drizzle
2024-12-01,Kandy,22.2,75,3.4,Drizzle
2024-12-01,Kirulapane,28.9,65,0.0,Sunny
2024-12-01,Wattala,26.3,72,4.4,Drizzle
2024-12-01,Colombo,29.2,63,10.3,Rainy
2024-12-01,Pelawatte,27.4,73,0.0,Sunny
2024-12-01,Malabe,28.0,67,0.4,Drizzle
2024-12-02,Nugegoda,29.6,72,0.0,Sunny
2024-12-02,Maharagama,28.8,74,0.0,Sunny
2024-12-02,Kandy,25.0,70,14.2,Rainy
2024-12-02,Kirulapane,27.2,69,9.0,Drizzle
2024-12-02,Wattala,28.1,70,0.0,Sunny
2024-12-02,Colombo,28.6,80,0.0,Sunny
2024-12-02,Pelawatte,30.3,68,0.0,Sunny
2024-12-02,Malabe,32.3,88,1.0,Drizzle
2024-12-03,Nugegoda,30.1,72,1.2,Drizzle
2024-12-03,Maharagama,28.9,77,0.0,Sunny
2024-12-03,Kandy,23.7,74,0.0,Sunny
2024-12-03,Kirulapane,27.3,66,19.8,Rainy
2024-12-03,Wattala,29.1,62,1.4,Drizzle
2024-12-03,Colombo,29.1,82,4.6,Drizzle
2024-12-03,Pelawatte,29.4,75,0.0,Sunny
2024-12-03,Malabe,28.0,80,0.7,Drizzle
2024-12-04,Nugegoda,27.5,71,3.3,Drizzle
2024-12-04,Maharagama,29.6,66,0.0,Sunny
2024-12-04,Kandy,26.8,75,0.0,Sunny
2024-12-04,Kirulapane,27.0,71,0.0,Sunny
2024-12-04,Wattala,27.9,65,18.0,Rainy
2024-12-04,Colombo,29.6,74,20.9,Rainy
2024-12-04,Pelawatte,32.1,68,2.1,Drizzle
2024-12-04,Malabe,27.5,79,0.0,Sunny
2024-12-05,Nugegoda,28.7,69,0.0,Sunny
2024-12-05,Maharagama,27.9,71,0.0,Sunny
2024-12-05,Kandy,21.9,74,0.6,Drizzle
2024-12-05,Kirulapane,30.7,74,6.8,Drizzle
2024-12-05,Wattala,28.5,80,0.0,Sunny
2024-12-05,Colombo,25.5,75,0.0,Sunny
2024-12-05,Pelawatte,27.8,74,0.0,Sunny
2024-12-05,Malabe,27.2,80,2.0,Drizzle
2024-12-06,Nugegoda,28.4,66,0.0,Sunny
2024-12-06,Maharagama,24.7,74,0.0,Sunny
2024-12-06,Kandy,26.1,76,35.3,Storm
2024-12-06,Kirulapane,29.0,72,6.2,Drizzle
2024-12-06,Wattala,29.8,75,22.9,Rainy
2024-12-06,Colombo,27.2,80,0.0,Sunny
2024-12-06,Pelawatte,30.2,75,8.6,Drizzle
2024-12-06,Malabe,26.8,64,0.0,Sunny
2024-12-07,Nugegoda,30.0,75,0.0,Sunny
2024-12-07,Maharagama,29.3,76,0.5,Drizzle
2024-12-07,Kandy,28.0,70,4.4,Drizzle
2024-12-07,Kirulapane,31.9,79,1.3,Drizzle
2024-12-07,Wattala,27.9,73,1.3,Drizzle
2024-12-07,Colombo,32.6,76,0.0,Sunny
2024-12-07,Pelawatte,27.5,80,20.3,Rainy
2024-12-07,Malabe,26.9,72,11.3,Rainy
2024-12-08,Nugegoda,25.5,79,0.0,Sunny
2024-12-08,Maharagama,27.9,69,0.2,Drizzle
2024-12-08,Kandy,26.9,74,12.7,Rainy
2024-12-08,Kirulapane,26.5,72,0.0,Sunny
2024-12-08,Wattala,26.8,69,1.4,Drizzle
2024-12-08,Colombo,27.1,73,0.0,Sunny
2024-12-08,Pelawatte,24.7,66,0.0,Sunny
2024-12-08,Malabe,28.5,80,4.6,Drizzle
2024-12-09,Nugegoda,30.1,64,4.9,Drizzle
2024-12-09,Maharagama,27.6,69,2.9,Drizzle
2024-12-09,Kandy,26.3,71,4.4,Drizzle
2024-12-09,Kirulapane,31.2,63,0.0,Sunny
2024-12-09,Wattala,27.8,74,0.0,Sunny
2024-12-09,Colombo,27.6,69,1.5,Drizzle
2024-12-09,Pelawatte,29.2,81,0.0,Sunny
2024-12-09,Malabe,27.4,75,2.9,Drizzle
2024-12-10,Nugegoda,25.6,74,1.9,Drizzle
2024-12-10,Maharagama,29.1,76,3.4,Drizzle
2024-12-10,Kandy,26.4,80,0.0,Sunny
2024-12-10,Kirulapane,26.3,69,2.0,Drizzle
2024-12-10,Wattala,30.3,73,1.9,Drizzle
2024-12-10,Colombo,30.0,73,0.5,Drizzle
2024-12-10,Pelawatte,28.3,77,1.4,Drizzle
2024-12-10,Malabe,30.0,77,0.4,Drizzle
2024-12-11,Nugegoda,27.2,71,4.0,Drizzle
2024-12-11,Maharagama,28.5,66,12.2,Rainy
2024-12-11,Kandy,24.4,83,1.0,Drizzle
2024-12-11,Kirulapane,29.8,67,0.0,Sunny
2024-12-11,Wattala,28.3,78,0.0,Sunny
2024-12-11,Colombo,28.1,74,0.0,Sunny
2024-12-11,Pelawatte,24.9,71,3.7,Drizzle
2024-12-11,Malabe,29.3,78,22.0,Rainy
2024-12-12,Nugegoda,26.0,71,0.0,Sunny
2024-12-12,Maharagama,29.9,76,0.0,Sunny
2024-12-12,Kandy,25.6,79,0.0,Sunny
2024-12-12,Kirulapane,29.0,85,0.0,Sunny
2024-12-12,Wattala,30.5,71,6.5,Drizzle
2024-12-12,Colombo,29.0,73,0.0,Sunny
2024-12-12,Pelawatte,27.4,67,18.0,Rainy
2024-12-12,Malabe,31.5,74,0.0,Sunny
2024-12-13,Nugegoda,27.6,76,12.4,Rainy
2024-12-13,Maharagama,27.3,77,0.0,Sunny
2024-12-13,Kandy,24.0,77,0.0,Sunny
2024-12-13,Kirulapane,29.5,75,0.0,Sunny
2024-12-13,Wattala,31.7,68,9.0,Drizzle
2024-12-13,Colombo,25.5,78,0.0,Sunny
2024-12-13,Pelawatte,30.1,68,0.0,Sunny
2024-12-13,Malabe,28.6,69,0.0,Sunny
2024-12-14,Nugegoda,29.4,83,20.9,Rainy
2024-12-14,Maharagama,28.4,71,1.7,Drizzle
2024-12-14,Kandy,27.2,74,19.4,Rainy
2024-12-14,Kirulapane,30.4,71,0.0,Sunny
2024-12-14,Wattala,26.6,66,0.0,Sunny
2024-12-14,Colombo,27.9,80,5.4,Drizzle
2024-12-14,Pelawatte,28.6,65,11.6,Rainy
2024-12-14,Malabe,28.8,73,0.0,Sunny
2024-12-15,Nugegoda,28.8,72,14.9,Rainy
2024-12-15,Maharagama,28.6,78,0.0,Sunny
2024-12-15,Kandy,26.7,79,0.0,Sunny
2024-12-15,Kirulapane,26.7,87,0.0,Cloudy
2024-12-15,Wattala,27.5,72,11.6,Rainy
2024-12-15,Colombo,28.8,66,0.0,Sunny
2024-12-15,Pelawatte,29.3,74,10.3,Rainy
2024-12-15,Malabe,27.6,64,5.5,Drizzle
2024-12-16,Nugegoda,27.0,81,0.7,Drizzle
2024-12-16,Maharagama,28.7,77,0.0,Sunny
2024-12-16,Kandy,26.7,70,0.0,Sunny
2024-12-16,Kirulapane,31.2,65,0.0,Sunny
2024-12-16,Wattala,28.2,79,0.0,Sunny
2024-12-16,Colombo,28.9,74,0.0,Sunny
2024-12-16,Pelawatte,29.5,68,15.5,Rainy
2024-12-16,Malabe,26.3,67,11.4,Rainy
2024-12-17,Nugegoda,29.1,73,0.0,Sunny
2024-12-17,Maharagama,28.6,63,0.0,Sunny
2024-12-17,Kandy,22.7,79,1.5,Drizzle
2024-12-17,Kirulapane,28.1,76,0.0,Sunny
2024-12-17,Wattala,27.5,74,0.6,Drizzle
2024-12-17,Colombo,30.5,82,0.3,Drizzle
2024-12-17,Pelawatte,25.0,66,6.3,Drizzle
2024-12-17,Malabe,27.2,78,0.0,Sunny
2024-12-18,Nugegoda,28.4,78,0.0,Sunny
2024-12-18,Maharagama,30.1,74,0.0,Sunny
2024-12-18,Kandy,24.2,71,0.0,Sunny
2024-12-18,Kirulapane,28.7,73,0.0,Sunny
2024-12-18,Wattala,28.2,72,4.6,Drizzle
2024-12-18,Colombo,26.0,78,0.0,Sunny
2024-12-18,Pelawatte,29.0,67,0.0,Sunny
2024-12-18,Malabe,28.1,79,4.7,Drizzle
2024-12-19,Nugegoda,27.0,75,1.4,Drizzle
2024-12-19,Maharagama,27.5,78,0.0,Sunny
2024-12-19,Kandy,21.1,75,0.0,Sunny
2024-12-19,Kirulapane,26.7,81,2.0,Drizzle
2024-12-19,Wattala,29.6,70,0.0,Sunny
2024-12-19,Colombo,25.8,76,0.0,Sunny
2024-12-19,Pelawatte,29.9,74,0.0,Sunny
2024-12-19,Malabe,29.2,80,0.0,Sunny
2024-12-20,Nugegoda,29.6,73,0.0,Sunny
2024-12-20,Maharagama,30.4,87,0.0,Cloudy
2024-12-20,Kandy,24.0,79,0.0,Sunny
2024-12-20,Kirulapane,28.7,77,0.8,Drizzle
2024-12-20,Wattala,27.5,77,6.4,Drizzle
2024-12-20,Colombo,26.1,74,0.0,Sunny
2024-12-20,Pelawatte,28.3,73,2.6,Drizzle
2024-12-20,Malabe,28.7,79,0.0,Sunny
2024-12-21,Nugegoda,27.8,70,5.7,Drizzle
2024-12-21,Maharagama,27.5,74,0.0,Sunny
2024-12-21,Kandy,27.5,77,0.0,Sunny
2024-12-21,Kirulapane,28.3,67,0.0,Sunny
2024-12-21,Wattala,27.1,64,4.5,Drizzle
2024-12-21,Colombo,29.8,68,5.2,Drizzle
2024-12-21,Pelawatte,27.7,74,17.7,Rainy
2024-12-21,Malabe,29.7,68,0.0,Sunny
2024-12-22,Nugegoda,25.5,76,30.5,Storm
2024-12-22,Maharagama,28.0,68,0.0,Sunny
2024-12-22,Kandy,26.5,68,4.1,Drizzle
2024-12-22,Kirulapane,28.5,80,0.0,Sunny
2024-12-22,Wattala,31.1,79,2.1,Drizzle
2024-12-22,Colombo,27.7,73,0.0,Sunny
2024-12-22,Pelawatte,30.9,72,0.0,Sunny
2024-12-22,Malabe,26.6,72,7.6,Drizzle
2024-12-23,Nugegoda,29.2,76,23.1,Rainy
2024-12-23,Maharagama,27.1,70,4.7,Drizzle
2024-12-23,Kandy,27.8,69,0.0,Sunny
2024-12-23,Kirulapane,29.0,75,0.0,Sunny
2024-12-23,Wattala,27.0,82,0.0,Sunny
2024-12-23,Colombo,27.8,79,0.0,Sunny
2024-12-23,Pelawatte,29.5,63,0.4,Drizzle
2024-12-23,Malabe,27.8,75,0.0,Sunny
2024-12-24,Nugegoda,29.0,67,2.7,Drizzle
2024-12-24,Maharagama,29.4,73,15.0,Rainy
2024-12-24,Kandy,25.9,79,16.1,Rainy
2024-12-24,Kirulapane,26.5,83,0.0,Sunny
2024-12-24,Wattala,29.9,78,0.0,Sunny
2024-12-24,Colombo,30.0,73,12.3,Rainy
2024-12-24,Pelawatte,27.8,74,0.3,Drizzle
2024-12-24,Malabe,28.8,68,0.0,Sunny
2024-12-25,Nugegoda,28.7,75,2.8,Drizzle
2024-12-25,Maharagama,28.9,72,4.9,Drizzle
2024-12-25,Kandy,26.7,83,0.0,Sunny
2024-12-25,Kirulapane,28.3,71,0.0,Sunny
2024-12-25,Wattala,30.2,81,27.8,Rainy
2024-12-25,Colombo,28.5,79,0.0,Sunny
2024-12-25,Pelawatte,27.4,75,73.0,Storm
2024-12-25,Malabe,29.8,74,27.4,Rainy
2024-12-26,Nugegoda,27.2,74,0.0,Sunny
2024-12-26,Maharagama,30.5,76,0.0,Sunny
2024-12-26,Kandy,26.7,73,0.0,Sunny
2024-12-26,Kirulapane,28.9,72,1.3,Drizzle
2024-12-26,Wattala,27.8,77,25.7,Rainy
2024-12-26,Colombo,27.3,82,0.0,Sunny
2024-12-26,Pelawatte,29.6,68,18.1,Rainy
2024-12-26,Malabe,29.5,76,0.0,Sunny
2024-12-27,Nugegoda,29.4,70,0.0,Sunny
2024-12-27,Maharagama,27.0,70,0.0,Sunny
2024-12-27,Kandy,23.9,68,0.0,Sunny
2024-12-27,Kirulapane,27.8,66,0.0,Sunny
2024-12-27,Wattala,30.0,70,4.6,Drizzle
2024-12-27,Colombo,27.0,68,0.0,Sunny
2024-12-27,Pelawatte,29.9,66,36.4,Storm
2024-12-27,Malabe,28.2,67,0.0,Sunny
2024-12-28,Nugegoda,29.7,73,0.0,Sunny
2024-12-28,Maharagama,30.4,70,1.3,Drizzle
2024-12-28,Kandy,25.8,70,0.1,Drizzle
2024-12-28,Kirulapane,31.0,74,0.0,Sunny
2024-12-28,Wattala,29.2,77,0.0,Sunny
2024-12-28,Colombo,30.0,79,48.7,Storm
2024-12-28,Pelawatte,30.0,72,0.0,Sunny
2024-12-28,Malabe,29.0,72,13.7,Rainy
2024-12-29,Nugegoda,29.7,65,0.0,Sunny
2024-12-29,Maharagama,28.7,71,2.6,Drizzle
2024-12-29,Kandy,26.0,70,18.0,Rainy
2024-12-29,Kirulapane,27.8,71,6.8,Drizzle
2024-12-29,Wattala,33.4,80,0.0,Sunny
2024-12-29,Colombo,27.3,77,3.7,Drizzle
2024-12-29,Pelawatte,28.3,69,0.0,Sunny
2024-12-29,Malabe,28.1,71,3.7,Drizzle
2024-12-30,Nugegoda,28.9,72,0.0,Sunny
2024-12-30,Maharagama,28.9,79,5.7,Drizzle
2024-12-30,Kandy,26.7,67,0.0,Sunny
2024-12-30,Kirulapane,28.1,77,0.0,Sunny
2024-12-30,Wattala,29.2,77,0.0,Sunny
2024-12-30,Colombo,29.7,71,6.9,Drizzle
2024-12-30,Pelawatte,30.1,73,4.0,Drizzle
2024-12-30,Malabe,27.8,84,0.0,Sunny
2024-12-31,Nugegoda,28.4,71,6.5,Drizzle
2024-12-31,Maharagama,30.3,73,0.0,Sunny
2024-12-31,Kandy,25.1,78,0.0,Sunny
2024-12-31,Kirulapane,28.6,78,0.0,Sunny
2024-12-31,Wattala,28.2,70,0.0,Sunny
2024-12-31,Colombo,32.4,80,0.0,Sunny
2024-12-31,Pelawatte,28.4,79,2.1,Drizzle
2024-12-31,Malabe,29.9,71,1.3,Drizzle
2025-01-01,Nugegoda,29.3,66,4.9,Drizzle
2025-01-01,Maharagama,31.7,73,0.0,Sunny
2025-01-01,Kandy,26.9,68,0.0,Sunny
2025-01-01,Kirulapane,27.5,74,11.0,Rainy
2025-01-01,Wattala,26.3,74,6.6,Drizzle
2025-01-01,Colombo,29.6,74,0.0,Sunny
2025-01-01,Pelawatte,27.5,72,15.3,Rainy
2025-01-01,Malabe,28.0,75,0.5,Drizzle
2025-01-02,Nugegoda,30.0,78,0.0,Sunny
2025-01-02,Maharagama,26.7,78,0.0,Sunny
2025-01-02,Kandy,25.9,63,13.1,Rainy
2025-01-02,Kirulapane,25.6,73,0.0,Sunny
2025-01-02,Wattala,27.5,78,0.0,Sunny
2025-01-02,Colombo,28.7,79,0.4,Drizzle
2025-01-02,Pelawatte,28.0,77,0.0,Sunny
2025-01-02,Malabe,30.6,80,3.5,Drizzle
2025-01-03,Nugegoda,28.7,68,7.9,Drizzle
2025-01-03,Maharagama,28.4,79,8.3,Drizzle
2025-01-03,Kandy,27.2,66,0.0,Sunny
2025-01-03,Kirulapane,29.3,79,9.7,Drizzle
2025-01-03,Wattala,30.9,79,0.0,Sunny
2025-01-03,Colombo,25.7,72,0.0,Sunny
2025-01-03,Pelawatte,27.1,76,0.1,Drizzle
2025-01-03,Malabe,26.1,69,0.0,Sunny
2025-01-04,Nugegoda,28.8,75,3.2,Drizzle
2025-01-04,Maharagama,29.1,68,0.0,Sunny
2025-01-04,Kandy,23.3,73,0.0,Sunny
2025-01-04,Kirulapane,28.0,65,0.0,Sunny
2025-01-04,Wattala,28.1,79,0.0,Sunny
2025-01-04,Colombo,29.2,75,0.0,Sunny
2025-01-04,Pelawatte,30.7,73,0.0,Sunny
2025-01-04,Malabe,29.9,62,0.0,Sunny
2025-01-05,Nugegoda,27.9,72,0.0,Sunny
2025-01-05,Maharagama,28.0,69,1.6,Drizzle
2025-01-05,Kandy,26.6,75,0.0,Sunny
2025-01-05,Kirulapane,27.2,67,0.0,Sunny
2025-01-05,Wattala,27.2,69,5.6,Drizzle
2025-01-05,Colombo,30.9,67,0.0,Sunny
2025-01-05,Pelawatte,29.2,71,0.0,Sunny
2025-01-05,Malabe,28.1,72,12.8,Rainy
2025-01-06,Nugegoda,28.6,83,2.9,Drizzle
2025-01-06,Maharagama,31.7,70,0.0,Sunny
2025-01-06,Kandy,22.9,76,0.0,Sunny
2025-01-06,Kirulapane,29.2,68,0.0,Sunny
2025-01-06,Wattala,31.4,73,2.9,Drizzle
2025-01-06,Colombo,29.8,82,0.0,Sunny
2025-01-06,Pelawatte,29.0,77,0.0,Sunny
2025-01-06,Malabe,29.4,77,12.5,Rainy
2025-01-07,Nugegoda,26.6,81,3.4,Drizzle
2025-01-07,Maharagama,27.2,75,13.7,Rainy
2025-01-07,Kandy,27.6,66,5.5,Drizzle
2025-01-07,Kirulapane,31.1,74,0.0,Sunny
2025-01-07,Wattala,28.2,73,0.0,Sunny
2025-01-07,Colombo,26.8,69,22.2,Rainy
2025-01-07,Pelawatte,27.7,71,1.6,Drizzle
2025-01-07,Malabe,29.3,75,0.0,Sunny
2025-01-08,Nugegoda,28.9,68,0.0,Sunny
2025-01-08,Maharagama,25.7,72,0.0,Sunny
2025-01-08,Kandy,24.7,70,0.0,Sunny
2025-01-08,Kirulapane,29.1,76,0.0,Sunny
2025-01-08,Wattala,28.4,66,0.0,Sunny
2025-01-08,Colombo,26.7,74,0.0,Sunny
2025-01-08,Pelawatte,29.2,71,2.4,Drizzle
2025-01-08,Malabe,25.9,66,16.1,Rainy
2025-01-09,Nugegoda,28.6,70,0.0,Sunny
2025-01-09,Maharagama,29.8,70,1.1,Drizzle
2025-01-09,Kandy,25.0,70,5.7,Drizzle
2025-01-09,Kirulapane,29.6,69,0.0,Sunny
2025-01-09,Wattala,28.7,76,13.1,Rainy
2025-01-09,Colombo,28.0,71,0.0,Sunny
2025-01-09,Pelawatte,28.5,76,0.0,Sunny
2025-01-09,Malabe,28.1,66,0.0,Sunny
2025-01-10,Nugegoda,31.3,76,0.0,Sunny
2025-01-10,Maharagama,27.4,76,1.0,Drizzle
2025-01-10,Kandy,24.8,78,4.5,Drizzle
2025-01-10,Kirulapane,28.3,77,0.0,Sunny
2025-01-10,Wattala,26.6,79,0.0,Sunny
2025-01-10,Colombo,25.2,79,0.0,Sunny
2025-01-10,Pelawatte,28.0,75,0.0,Sunny
2025-01-10,Malabe,28.5,77,1.3,Drizzle
2025-01-11,Nugegoda,26.1,76,0.0,Sunny
2025-01-11,Maharagama,29.9,75,0.0,Sunny
2025-01-11,Kandy,25.2,73,0.8,Drizzle
2025-01-11,Kirulapane,29.6,80,15.1,Rainy
2025-01-11,Wattala,29.9,71,0.0,Sunny
2025-01-11,Colombo,26.2,74,0.0,Sunny
2025-01-11,Pelawatte,28.0,77,0.0,Sunny
2025-01-11,Malabe,30.1,70,0.0,Sunny
2025-01-12,Nugegoda,27.1,64,0.0,Sunny
2025-01-12,Maharagama,26.2,73,0.0,Sunny
2025-01-12,Kandy,23.1,72,0.0,Sunny
2025-01-12,Kirulapane,28.8,75,14.1,Rainy
2025-01-12,Wattala,30.9,72,0.0,Sunny
2025-01-12,Colombo,30.1,72,0.0,Sunny
2025-01-12,Pelawatte,28.8,75,0.0,Sunny
2025-01-12,Malabe,29.9,76,5.4,Drizzle
2025-01-13,Nugegoda,29.3,70,0.0,Sunny
2025-01-13,Maharagama,30.2,70,0.0,Sunny
2025-01-13,Kandy,25.7,75,6.7,Drizzle
2025-01-13,Kirulapane,29.4,76,17.8,Rainy
2025-01-13,Wattala,28.6,73,23.4,Rainy
2025-01-13,Colombo,27.0,66,0.0,Sunny
2025-01-13,Pelawatte,27.5,80,0.0,Sunny
2025-01-13,Malabe,28.2,72,4.4,Drizzle
2025-01-14,Nugegoda,28.8,79,0.0,Sunny
2025-01-14,Maharagama,27.3,73,0.0,Sunny
2025-01-14,Kandy,21.6,73,0.3,Drizzle
2025-01-14,Kirulapane,28.8,75,8.0,Drizzle
2025-01-14,Wattala,31.1,77,0.0,Sunny
2025-01-14,Colombo,28.3,75,0.0,Sunny
2025-01-14,Pelawatte,30.9,80,0.0,Sunny
2025-01-14,Malabe,30.0,69,0.0,Sunny
2025-01-15,Nugegoda,28.3,70,14.6,Rainy
2025-01-15,Maharagama,28.2,64,5.4,Drizzle
2025-01-15,Kandy,26.8,75,0.0,Sunny
2025-01-15,Kirulapane,24.4,74,0.0,Sunny
2025-01-15,Wattala,29.0,71,0.0,Sunny
2025-01-15,Colombo,29.7,76,0.0,Sunny
2025-01-15,Pelawatte,27.9,72,0.0,Sunny
2025-01-15,Malabe,29.4,72,0.0,Sunny
2025-01-16,Nugegoda,28.8,70,1.3,Drizzle
2025-01-16,Maharagama,32.1,70,0.0,Sunny
2025-01-16,Kandy,25.6,73,13.7,Rainy
2025-01-16,Kirulapane,28.3,71,6.5,Drizzle
2025-01-16,Wattala,30.6,83,0.0,Sunny
2025-01-16,Colombo,28.4,75,0.0,Sunny
2025-01-16,Pelawatte,29.6,82,3.9,Drizzle
2025-01-16,Malabe,30.7,80,7.0,Drizzle
2025-01-17,Nugegoda,28.5,66,17.3,Rainy
2025-01-17,Maharagama,29.1,76,0.0,Sunny
2025-01-17,Kandy,25.3,68,0.9,Drizzle
2025-01-17,Kirulapane,27.6,78,0.0,Sunny
2025-01-17,Wattala,29.1,81,7.3,Drizzle
2025-01-17,Colombo,27.1,71,1.1,Drizzle
2025-01-17,Pelawatte,29.3,70,1.6,Drizzle
2025-01-17,Malabe,28.4,75,4.3,Drizzle
2025-01-18,Nugegoda,30.3,72,2.0,Drizzle
2025-01-18,Maharagama,29.2,79,0.0,Sunny
2025-01-18,Kandy,26.0,72,0.0,Sunny
2025-01-18,Kirulapane,30.8,78,0.0,Sunny
2025-01-18,Wattala,29.6,72,11.8,Rainy
2025-01-18,Colombo,32.2,75,6.7,Drizzle
2025-01-18,Pelawatte,27.3,69,0.0,Sunny
2025-01-18,Malabe,27.8,74,0.0,Sunny
2025-01-19,Nugegoda,30.4,73,0.0,Sunny
2025-01-19,Maharagama,29.3,72,0.7,Drizzle
2025-01-19,Kandy,25.9,89,0.0,Cloudy
2025-01-19,Kirulapane,28.2,70,1.2,Drizzle
2025-01-19,Wattala,32.1,71,0.0,Sunny
2025-01-19,Colombo,25.2,78,1.1,Drizzle
2025-01-19,Pelawatte,27.8,66,0.0,Sunny
2025-01-19,Malabe,27.9,67,10.5,Rainy
2025-01-20,Nugegoda,27.2,71,6.4,Drizzle
2025-01-20,Maharagama,29.0,77,1.2,Drizzle
2025-01-20,Kandy,26.7,73,10.7,Rainy
2025-01-20,Kirulapane,30.7,71,0.0,Sunny
2025-01-20,Wattala,27.4,70,4.1,Drizzle
2025-01-20,Colombo,29.4,74,0.0,Sunny
2025-01-20,Pelawatte,26.3,71,1.7,Drizzle
2025-01-20,Malabe,29.9,76,0.0,Sunny
2025-01-21,Nugegoda,31.2,76,0.5,Drizzle
2025-01-21,Maharagama,30.5,69,0.0,Sunny
2025-01-21,Kandy,23.8,78,13.5,Rainy
2025-01-21,Kirulapane,29.1,73,12.7,Rainy
2025-01-21,Wattala,28.3,78,13.8,Rainy
2025-01-21,Colombo,28.0,79,41.6,Storm
2025-01-21,Pelawatte,29.0,76,23.0,Rainy
2025-01-21,Malabe,30.6,72,0.0,Sunny
2025-01-22,Nugegoda,29.8,77,0.0,Sunny
2025-01-22,Maharagama,28.1,79,6.3,Drizzle
2025-01-22,Kandy,26.8,83,0.0,Sunny
2025-01-22,Kirulapane,27.4,67,0.0,Sunny
2025-01-22,Wattala,27.5,74,0.0,Sunny
2025-01-22,Colombo,29.8,68,1.1,Drizzle
2025-01-22,Pelawatte,28.9,82,0.7,Drizzle
2025-01-22,Malabe,28.4,72,0.0,Sunny
2025-01-23,Nugegoda,26.6,78,0.6,Drizzle
2025-01-23,Maharagama,28.1,76,0.0,Sunny
2025-01-23,Kandy,23.9,77,0.0,Sunny
2025-01-23,Kirulapane,26.1,68,0.0,Sunny
2025-01-23,Wattala,27.4,64,0.7,Drizzle
2025-01-23,Colombo,28.8,81,0.0,Sunny
2025-01-23,Pelawatte,29.8,79,0.0,Sunny
2025-01-23,Malabe,29.6,68,0.0,Sunny
2025-01-24,Nugegoda,27.3,80,0.0,Sunny
2025-01-24,Maharagama,28.9,77,0.0,Sunny
2025-01-24,Kandy,25.1,81,0.0,Sunny
2025-01-24,Kirulapane,26.6,77,0.0,Sunny
2025-01-24,Wattala,28.3,66,0.4,Drizzle
2025-01-24,Colombo,28.7,78,2.8,Drizzle
2025-01-24,Pelawatte,30.0,77,0.0,Sunny
2025-01-24,Malabe,28.2,73,0.0,Sunny
2025-01-25,Nugegoda,27.0,76,37.7,Storm
2025-01-25,Maharagama,28.9,78,0.0,Sunny
2025-01-25,Kandy,27.7,73,0.0,Sunny
2025-01-25,Kirulapane,27.6,81,1.9,Drizzle
2025-01-25,Wattala,28.0,72,2.0,Drizzle
2025-01-25,Colombo,31.3,76,0.0,Sunny
2025-01-25,Pelawatte,25.5,77,9.5,Drizzle
2025-01-25,Malabe,28.4,70,11.8,Rainy
2025-01-26,Nugegoda,29.4,74,0.0,Sunny
2025-01-26,Maharagama,27.1,70,0.0,Sunny
2025-01-26,Kandy,23.8,74,2.7,Drizzle
2025-01-26,Kirulapane,28.7,74,0.0,Sunny
2025-01-26,Wattala,28.5,67,0.0,Sunny
2025-01-26,Colombo,26.6,86,0.0,Cloudy
2025-01-26,Pelawatte,27.2,72,13.8,Rainy
2025-01-26,Malabe,27.0,77,0.0,Sunny
2025-01-27,Nugegoda,26.7,75,10.0,Drizzle
2025-01-27,Maharagama,29.5,75,0.0,Sunny
2025-01-27,Kandy,28.4,79,0.0,Sunny
2025-01-27,Kirulapane,29.6,79,0.0,Sunny
2025-01-27,Wattala,29.5,80,0.0,Sunny
2025-01-27,Colombo,28.2,77,0.0,Sunny
2025-01-27,Pelawatte,26.9,72,0.0,Sunny
2025-01-27,Malabe,29.4,77,0.0,Sunny
2025-01-28,Nugegoda,28.9,78,0.0,Sunny
2025-01-28,Maharagama,28.9,77,0.0,Sunny
2025-01-28,Kandy,28.9,75,0.0,Sunny
2025-01-28,Kirulapane,29.8,70,12.9,Rainy
2025-01-28,Wattala,30.6,75,6.5,Drizzle
2025-01-28,Colombo,29.2,79,8.5,Drizzle
2025-01-28,Pelawatte,29.9,77,6.3,Drizzle
2025-01-28,Malabe,31.1,80,0.9,Drizzle
2025-01-29,Nugegoda,28.1,84,7.4,Drizzle
2025-01-29,Maharagama,30.8,75,3.1,Drizzle
2025-01-29,Kandy,23.5,66,11.5,Rainy
2025-01-29,Kirulapane,26.6,72,32.6,Storm
2025-01-29,Wattala,27.0,73,8.9,Drizzle
2025-01-29,Colombo,28.5,82,0.0,Sunny
2025-01-29,Pelawatte,27.8,68,1.4,Drizzle
2025-01-29,Malabe,30.2,63,0.0,Sunny
2025-01-30,Nugegoda,28.6,86,3.1,Drizzle
2025-01-30,Maharagama,27.9,70,0.0,Sunny
2025-01-30,Kandy,26.8,76,0.0,Sunny
2025-01-30,Kirulapane,26.4,79,0.0,Sunny
2025-01-30,Wattala,27.7,74,0.0,Sunny
2025-01-30,Colombo,28.5,69,0.0,Sunny
2025-01-30,Pelawatte,28.7,77,9.1,Drizzle
2025-01-30,Malabe,28.5,69,18.3,Rainy
2025-01-31,Nugegoda,27.4,73,1.8,Drizzle
2025-01-31,Maharagama,26.2,71,4.0,Drizzle
2025-01-31,Kandy,23.6,68,0.0,Sunny
2025-01-31,Kirulapane,29.0,77,0.0,Sunny
2025-01-31,Wattala,26.2,81,13.9,Rainy
2025-01-31,Colombo,28.9,71,0.0,Sunny
2025-01-31,Pelawatte,28.9,77,3.7,Drizzle
2025-01-31,Malabe,31.1,70,1.2,Drizzle
2025-02-01,Nugegoda,32.9,68,0.0,Sunny
2025-02-01,Maharagama,27.3,71,0.0,Sunny
2025-02-01,Kandy,29.2,74,0.0,Sunny
2025-02-01,Kirulapane,29.7,70,0.0,Sunny
2025-02-01,Wattala,30.3,79,8.8,Drizzle
2025-02-01,Colombo,29.1,78,0.7,Drizzle
2025-02-01,Pelawatte,28.5,70,3.9,Drizzle
2025-02-01,Malabe,32.6,81,0.0,Sunny
2025-02-02,Nugegoda,29.5,80,0.0,Sunny
2025-02-02,Maharagama,32.4,69,0.0,Sunny
2025-02-02,Kandy,27.6,71,0.0,Sunny
2025-02-02,Kirulapane,27.5,70,0.0,Sunny
2025-02-02,Wattala,29.0,67,0.0,Sunny
2025-02-02,Colombo,28.7,74,1.6,Drizzle
2025-02-02,Pelawatte,29.5,85,4.3,Drizzle
2025-02-02,Malabe,29.8,82,0.0,Sunny
2025-02-03,Nugegoda,28.6,68,0.8,Drizzle
2025-02-03,Maharagama,28.9,65,0.2,Drizzle
2025-02-03,Kandy,27.0,70,0.0,Sunny
2025-02-03,Kirulapane,27.9,77,0.0,Sunny
2025-02-03,Wattala,32.4,72,0.0,Sunny
2025-02-03,Colombo,32.3,71,0.0,Sunny
2025-02-03,Pelawatte,32.7,77,0.0,Sunny
2025-02-03,Malabe,32.2,72,0.0,Sunny
2025-02-04,Nugegoda,27.9,69,0.0,Sunny
2025-02-04,Maharagama,29.3,72,2.0,Drizzle
2025-02-04,Kandy,26.4,83,0.0,Sunny
2025-02-04,Kirulapane,29.2,67,0.0,Sunny
2025-02-04,Wattala,31.4,82,0.0,Sunny
2025-02-04,Colombo,29.5,81,0.0,Sunny
2025-02-04,Pelawatte,30.7,61,0.0,Sunny
2025-02-04,Malabe,27.2,80,0.0,Sunny
2025-02-05,Nugegoda,29.1,73,1.5,Drizzle
2025-02-05,Maharagama,30.0,68,9.5,Drizzle
2025-02-05,Kandy,25.6,78,0.0,Sunny
2025-02-05,Kirulapane,29.5,80,0.0,Sunny
2025-02-05,Wattala,28.6,68,0.0,Sunny
2025-02-05,Colombo,29.8,74,0.0,Sunny
2025-02-05,Pelawatte,30.2,78,0.0,Sunny
2025-02-05,Malabe,28.8,77,0.0,Sunny
2025-02-06,Nugegoda,28.7,74,0.0,Sunny
2025-02-06,Maharagama,27.5,79,0.0,Sunny
2025-02-06,Kandy,27.4,76,0.0,Sunny
2025-02-06,Kirulapane,27.5,74,0.0,Sunny
2025-02-06,Wattala,30.5,73,9.5,Drizzle
2025-02-06,Colombo,30.5,72,0.0,Sunny
2025-02-06,Pelawatte,29.9,76,5.1,Drizzle
2025-02-06,Malabe,28.8,74,0.0,Sunny
2025-02-07,Nugegoda,29.4,70,0.0,Sunny
2025-02-07,Maharagama,31.4,78,0.0,Sunny
2025-02-07,Kandy,27.6,73,0.0,Sunny
2025-02-07,Kirulapane,33.1,73,0.0,Sunny
2025-02-07,Wattala,30.8,70,0.0,Sunny
2025-02-07,Colombo,31.7,78,0.0,Sunny
2025-02-07,Pelawatte,29.4,75,7.1,Drizzle
2025-02-07,Malabe,30.6,66,0.0,Sunny
2025-02-08,Nugegoda,28.0,68,0.0,Sunny
2025-02-08,Maharagama,30.2,81,0.0,Sunny
2025-02-08,Kandy,26.9,74,3.2,Drizzle
2025-02-08,Kirulapane,31.1,74,0.0,Sunny
2025-02-08,Wattala,29.9,73,0.0,Sunny
2025-02-08,Colombo,30.4,84,0.0,Sunny
2025-02-08,Pelawatte,31.8,75,0.0,Sunny
2025-02-08,Malabe,28.5,67,3.2,Drizzle
2025-02-09,Nugegoda,30.2,66,0.0,Sunny
2025-02-09,Maharagama,30.4,73,0.0,Sunny
2025-02-09,Kandy,28.6,75,0.0,Sunny
2025-02-09,Kirulapane,29.7,76,0.0,Sunny
2025-02-09,Wattala,28.7,80,0.0,Sunny
2025-02-09,Colombo,31.9,73,0.0,Sunny
2025-02-09,Pelawatte,32.2,79,0.0,Sunny
2025-02-09,Malabe,30.2,77,0.0,Sunny
2025-02-10,Nugegoda,32.3,77,0.0,Sunny
2025-02-10,Maharagama,31.9,81,0.0,Sunny
2025-02-10,Kandy,27.9,72,0.0,Sunny
2025-02-10,Kirulapane,29.8,72,0.0,Sunny
2025-02-10,Wattala,31.3,69,2.2,Drizzle
2025-02-10,Colombo,29.4,70,0.0,Sunny
2025-02-10,Pelawatte,31.6,65,0.0,Sunny
2025-02-10,Malabe,31.0,59,0.0,Sunny
2025-02-11,Nugegoda,29.7,67,0.0,Sunny
2025-02-11,Maharagama,29.2,70,0.0,Sunny
2025-02-11,Kandy,26.4,71,0.0,Sunny
2025-02-11,Kirulapane,29.0,70,1.4,Drizzle
2025-02-11,Wattala,29.4,70,0.0,Sunny
2025-02-11,Colombo,29.0,71,0.3,Drizzle
2025-02-11,Pelawatte,31.8,73,0.2,Drizzle
2025-02-11,Malabe,33.1,76,0.0,Sunny
2025-02-12,Nugegoda,29.8,71,4.4,Drizzle
2025-02-12,Maharagama,29.2,69,0.0,Sunny
2025-02-12,Kandy,30.8,66,0.0,Sunny
2025-02-12,Kirulapane,29.9,79,0.0,Sunny
2025-02-12,Wattala,28.4,76,0.0,Sunny
2025-02-12,Colombo,29.0,72,0.0,Sunny
2025-02-12,Pelawatte,33.5,59,0.0,Sunny
2025-02-12,Malabe,31.9,80,2.3,Drizzle
2025-02-13,Nugegoda,27.9,79,0.0,Sunny
2025-02-13,Maharagama,27.6,68,0.0,Sunny
2025-02-13,Kandy,27.0,69,3.1,Drizzle
2025-02-13,Kirulapane,31.5,74,0.0,Sunny
2025-02-13,Wattala,29.9,79,0.0,Sunny
2025-02-13,Colombo,31.0,71,0.0,Sunny
2025-02-13,Pelawatte,32.1,80,0.0,Sunny
2025-02-13,Malabe,31.6,79,0.0,Sunny
2025-02-14,Nugegoda,31.9,73,0.0,Sunny
2025-02-14,Maharagama,28.0,82,0.0,Sunny
2025-02-14,Kandy,27.0,74,0.0,Sunny
2025-02-14,Kirulapane,31.2,81,0.0,Sunny
2025-02-14,Wattala,29.2,86,0.0,Cloudy
2025-02-14,Colombo,30.7,79,0.0,Sunny
2025-02-14,Pelawatte,31.0,73,0.0,Sunny
2025-02-14,Malabe,31.1,74,0.0,Sunny
2025-02-15,Nugegoda,32.0,56,0.0,Sunny
2025-02-15,Maharagama,27.2,65,0.1,Drizzle
2025-02-15,Kandy,25.2,60,0.0,Sunny
2025-02-15,Kirulapane,31.7,74,0.0,Sunny
2025-02-15,Wattala,32.3,64,0.0,Sunny
2025-02-15,Colombo,32.4,69,2.1,Drizzle
2025-02-15,Pelawatte,30.3,77,0.0,Sunny
2025-02-15,Malabe,32.4,73,0.0,Sunny
2025-02-16,Nugegoda,30.5,76,0.0,Sunny
2025-02-16,Maharagama,30.5,69,0.0,Sunny
2025-02-16,Kandy,29.0,76,0.0,Sunny
2025-02-16,Kirulapane,32.7,68,0.6,Drizzle
2025-02-16,Wattala,31.4,79,0.0,Sunny
2025-02-16,Colombo,31.3,70,2.9,Drizzle
2025-02-16,Pelawatte,30.7,81,0.0,Sunny
2025-02-16,Malabe,33.1,76,0.0,Sunny
2025-02-17,Nugegoda,29.1,69,1.4,Drizzle
2025-02-17,Maharagama,29.0,76,0.0,Sunny
2025-02-17,Kandy,23.5,76,1.4,Drizzle
2025-02-17,Kirulapane,27.0,74,0.0,Sunny
2025-02-17,Wattala,31.1,80,0.0,Sunny
2025-02-17,Colombo,31.3,76,0.0,Sunny
2025-02-17,Pelawatte,30.0,74,0.0,Sunny
2025-02-17,Malabe,31.0,83,0.0,Sunny
2025-02-18,Nugegoda,29.4,66,0.5,Drizzle
2025-02-18,Maharagama,30.9,69,0.0,Sunny
2025-02-18,Kandy,27.4,78,2.3,Drizzle
2025-02-18,Kirulapane,28.8,72,0.0,Sunny
2025-02-18,Wattala,28.6,80,0.0,Sunny
2025-02-18,Colombo,28.5,71,0.0,Sunny
2025-02-18,Pelawatte,30.0,83,0.0,Sunny
2025-02-18,Malabe,29.7,67,0.0,Sunny
2025-02-19,Nugegoda,29.7,70,0.0,Sunny
2025-02-19,Maharagama,29.5,62,0.0,Sunny
2025-02-19,Kandy,25.8,72,0.0,Sunny
2025-02-19,Kirulapane,28.0,74,8.8,Drizzle
2025-02-19,Wattala,29.3,79,0.0,Sunny
2025-02-19,Colombo,28.2,74,0.0,Sunny
2025-02-19,Pelawatte,29.1,75,1.5,Drizzle
2025-02-19,Malabe,31.7,66,0.0,Sunny
2025-02-20,Nugegoda,29.5,79,0.0,Sunny
2025-02-20,Maharagama,32.5,72,0.0,Sunny
2025-02-20,Kandy,27.1,67,0.0,Sunny
2025-02-20,Kirulapane,31.1,66,0.0,Sunny
2025-02-20,Wattala,28.8,81,15.5,Rainy
2025-02-20,Colombo,28.8,79,0.0,Sunny
2025-02-20,Pelawatte,27.8,69,0.0,Sunny
2025-02-20,Malabe,31.0,70,4.5,Drizzle
2025-02-21,Nugegoda,29.4,64,0.0,Sunny
2025-02-21,Maharagama,31.0,76,0.0,Sunny
2025-02-21,Kandy,24.7,68,0.0,Sunny
2025-02-21,Kirulapane,30.4,67,0.0,Sunny
2025-02-21,Wattala,28.3,70,0.0,Sunny
2025-02-21,Colombo,29.7,68,0.0,Sunny
2025-02-21,Pelawatte,32.3,84,0.0,Sunny
2025-02-21,Malabe,30.5,67,0.1,Drizzle
2025-02-22,Nugegoda,29.5,78,0.0,Sunny
2025-02-22,Maharagama,30.8,72,0.0,Sunny
2025-02-22,Kandy,30.3,67,0.0,Sunny
2025-02-22,Kirulapane,26.8,71,0.0,Sunny
2025-02-22,Wattala,29.2,72,0.0,Sunny
2025-02-22,Colombo,29.2,70,0.0,Sunny
2025-02-22,Pelawatte,30.7,74,0.0,Sunny
2025-02-22,Malabe,32.3,70,3.5,Drizzle
2025-02-23,Nugegoda,33.8,78,3.5,Drizzle
2025-02-23,Maharagama,31.1,79,0.0,Sunny
2025-02-23,Kandy,26.8,77,0.1,Drizzle
2025-02-23,Kirulapane,29.7,70,0.0,Sunny
2025-02-23,Wattala,28.2,76,2.9,Drizzle
2025-02-23,Colombo,29.2,80,0.0,Sunny
2025-02-23,Pelawatte,30.7,71,0.0,Sunny
2025-02-23,Malabe,29.1,72,0.0,Sunny
2025-02-24,Nugegoda,30.4,79,1.1,Drizzle
2025-02-24,Maharagama,28.5,73,0.0,Sunny
2025-02-24,Kandy,26.9,78,0.0,Sunny
2025-02-24,Kirulapane,29.8,76,0.0,Sunny
2025-02-24,Wattala,30.7,65,0.0,Sunny
2025-02-24,Colombo,30.8,80,0.0,Sunny
2025-02-24,Pelawatte,28.7,70,0.0,Sunny
2025-02-24,Malabe,30.3,72,0.0,Sunny
2025-02-25,Nugegoda,29.0,72,5.6,Drizzle
2025-02-25,Maharagama,27.8,74,0.0,Sunny
2025-02-25,Kandy,27.2,82,1.3,Drizzle
2025-02-25,Kirulapane,31.0,74,0.0,Sunny
2025-02-25,Wattala,28.6,69,0.0,Sunny
2025-02-25,Colombo,28.3,76,0.0,Sunny
2025-02-25,Pelawatte,30.1,74,0.0,Sunny
2025-02-25,Malabe,29.5,79,0.0,Sunny
2025-02-26,Nugegoda,27.8,80,0.0,Sunny
2025-02-26,Maharagama,31.0,73,0.0,Sunny
2025-02-26,Kandy,27.7,67,8.6,Drizzle
2025-02-26,Kirulapane,30.2,78,0.0,Sunny
2025-02-26,Wattala,31.0,72,0.0,Sunny
2025-02-26,Colombo,28.6,78,0.0,Sunny
2025-02-26,Pelawatte,31.8,75,0.0,Sunny
2025-02-26,Malabe,30.3,79,0.0,Sunny
2025-02-27,Nugegoda,30.1,77,0.0,Sunny
2025-02-27,Maharagama,29.1,76,0.0,Sunny
2025-02-27,Kandy,25.0,69,0.0,Sunny
2025-02-27,Kirulapane,28.1,84,0.0,Sunny
2025-02-27,Wattala,29.9,75,7.6,Drizzle
2025-02-27,Colombo,30.8,69,0.0,Sunny
2025-02-27,Pelawatte,29.6,77,0.0,Sunny
2025-02-27,Malabe,29.4,78,0.0,Sunny
2025-02-28,Nugegoda,28.2,73,0.0,Sunny
2025-02-28,Maharagama,27.8,70,0.0,Sunny
2025-02-28,Kandy,29.0,71,0.0,Sunny
2025-02-28,Kirulapane,30.3,76,0.0,Sunny
2025-02-28,Wattala,31.5,71,0.0,Sunny
2025-02-28,Colombo,31.8,68,0.0,Sunny
2025-02-28,Pelawatte,29.3,71,0.0,Sunny
2025-02-28,Malabe,30.4,83,0.0,Sunny
2025-03-01,Nugegoda,32.1,67,0.0,Sunny
2025-03-01,Maharagama,33.1,78,0.0,Sunny
2025-03-01,Kandy,28.0,72,0.0,Sunny
2025-03-01,Kirulapane,31.7,76,0.0,Sunny
2025-03-01,Wattala,34.8,76,0.2,Drizzle
2025-03-01,Colombo,32.8,70,0.0,Sunny
2025-03-01,Pelawatte,33.1,77,0.0,Sunny
2025-03-01,Malabe,32.9,73,0.5,Drizzle
2025-03-02,Nugegoda,33.0,83,0.0,Sunny
2025-03-02,Maharagama,33.5,73,0.0,Sunny
2025-03-02,Kandy,29.1,79,0.0,Sunny
2025-03-02,Kirulapane,29.9,74,0.0,Sunny
2025-03-02,Wattala,33.4,72,13.8,Rainy
2025-03-02,Colombo,31.4,73,0.0,Sunny
2025-03-02,Pelawatte,34.1,77,2.5,Drizzle
2025-03-02,Malabe,31.1,68,1.6,Drizzle
2025-03-03,Nugegoda,33.3,71,0.3,Drizzle
2025-03-03,Maharagama,34.7,71,0.0,Sunny
2025-03-03,Kandy,30.1,77,0.0,Sunny
2025-03-03,Kirulapane,32.5,78,4.2,Drizzle
2025-03-03,Wattala,30.3,71,0.0,Sunny
2025-03-03,Colombo,31.9,79,0.0,Sunny
2025-03-03,Pelawatte,31.7,68,14.2,Rainy
2025-03-03,Malabe,31.9,76,0.0,Sunny
2025-03-04,Nugegoda,30.8,71,0.0,Sunny
2025-03-04,Maharagama,32.9,79,0.0,Sunny
2025-03-04,Kandy,29.7,70,0.0,Sunny
2025-03-04,Kirulapane,35.9,72,4.1,Drizzle
2025-03-04,Wattala,32.7,75,1.7,Drizzle
2025-03-04,Colombo,32.1,63,0.0,Sunny
2025-03-04,Pelawatte,34.1,72,0.0,Sunny
2025-03-04,Malabe,34.3,83,0.0,Sunny
2025-03-05,Nugegoda,34.2,76,0.0,Sunny
2025-03-05,Maharagama,31.7,75,0.7,Drizzle
2025-03-05,Kandy,29.9,81,0.0,Sunny
2025-03-05,Kirulapane,32.2,67,3.0,Drizzle
2025-03-05,Wattala,33.2,77,0.0,Sunny
2025-03-05,Colombo,32.6,69,0.0,Sunny
2025-03-05,Pelawatte,31.3,75,0.0,Sunny
2025-03-05,Malabe,29.2,70,0.0,Sunny
2025-03-06,Nugegoda,32.9,80,0.0,Sunny
2025-03-06,Maharagama,32.9,71,0.0,Sunny
2025-03-06,Kandy,28.8,72,0.0,Sunny
2025-03-06,Kirulapane,33.7,75,0.0,Sunny
2025-03-06,Wattala,33.1,64,0.0,Sunny
2025-03-06,Colombo,35.3,82,0.0,Sunny
2025-03-06,Pelawatte,32.8,72,0.0,Sunny
2025-03-06,Malabe,32.5,71,0.0,Sunny
2025-03-07,Nugegoda,32.5,71,0.0,Sunny
2025-03-07,Maharagama,32.6,73,0.0,Sunny
2025-03-07,Kandy,28.5,79,0.0,Sunny
2025-03-07,Kirulapane,32.6,74,0.0,Sunny
2025-03-07,Wattala,30.3,82,9.6,Drizzle
2025-03-07,Colombo,30.9,65,3.0,Drizzle
2025-03-07,Pelawatte,31.5,78,11.4,Rainy
2025-03-07,Malabe,34.3,74,0.0,Sunny
2025-03-08,Nugegoda,32.7,81,2.4,Drizzle
2025-03-08,Maharagama,33.0,71,0.0,Sunny
2025-03-08,Kandy,29.1,72,0.0,Sunny
2025-03-08,Kirulapane,30.6,78,0.0,Sunny
2025-03-08,Wattala,32.5,63,0.0,Sunny
2025-03-08,Colombo,32.4,62,0.0,Sunny
2025-03-08,Pelawatte,31.9,76,0.0,Sunny
2025-03-08,Malabe,30.1,70,0.0,Sunny
2025-03-09,Nugegoda,32.1,81,2.5,Drizzle
2025-03-09,Maharagama,32.0,79,0.0,Sunny
2025-03-09,Kandy,31.2,69,0.0,Sunny
2025-03-09,Kirulapane,31.5,73,0.0,Sunny
2025-03-09,Wattala,33.2,76,1.5,Drizzle
2025-03-09,Colombo,33.4,65,0.0,Sunny
2025-03-09,Pelawatte,32.3,75,0.0,Sunny
2025-03-09,Malabe,31.1,77,0.0,Sunny
2025-03-10,Nugegoda,33.4,69,8.0,Drizzle
2025-03-10,Maharagama,33.0,77,1.7,Drizzle
2025-03-10,Kandy,30.8,75,0.0,Sunny
2025-03-10,Kirulapane,33.7,73,7.2,Drizzle
2025-03-10,Wattala,34.0,72,0.0,Sunny
2025-03-10,Colombo,32.7,72,0.0,Sunny
2025-03-10,Pelawatte,31.9,68,0.0,Sunny
2025-03-10,Malabe,31.2,77,0.0,Sunny
2025-03-11,Nugegoda,33.7,77,0.0,Sunny
2025-03-11,Maharagama,33.5,73,1.3,Drizzle
2025-03-11,Kandy,29.4,68,10.7,Rainy
2025-03-11,Kirulapane,28.7,72,4.2,Drizzle
2025-03-11,Wattala,32.1,71,0.0,Sunny
2025-03-11,Colombo,29.6,76,0.0,Sunny
2025-03-11,Pelawatte,30.3,70,3.2,Drizzle
2025-03-11,Malabe,33.7,76,0.0,Sunny
2025-03-12,Nugegoda,33.1,76,0.0,Sunny
2025-03-12,Maharagama,33.7,68,0.0,Sunny
2025-03-12,Kandy,27.5,70,0.0,Sunny
2025-03-12,Kirulapane,33.4,69,0.0,Sunny
2025-03-12,Wattala,32.4,72,4.3,Drizzle
2025-03-12,Colombo,33.1,71,0.0,Sunny
2025-03-12,Pelawatte,29.6,75,5.6,Drizzle
2025-03-12,Malabe,32.6,73,0.0,Sunny
2025-03-13,Nugegoda,30.6,73,0.0,Sunny
2025-03-13,Maharagama,34.1,74,0.0,Sunny
2025-03-13,Kandy,26.5,68,0.0,Sunny
2025-03-13,Kirulapane,32.2,81,3.0,Drizzle
2025-03-13,Wattala,33.7,70,6.3,Drizzle
2025-03-13,Colombo,33.8,74,0.0,Sunny
2025-03-13,Pelawatte,32.9,81,0.0,Sunny
2025-03-13,Malabe,31.9,70,0.0,Sunny
2025-03-14,Nugegoda,33.4,79,0.0,Sunny
2025-03-14,Maharagama,32.4,74,0.0,Sunny
2025-03-14,Kandy,29.0,75,0.0,Sunny
2025-03-14,Kirulapane,31.4,76,0.0,Sunny
2025-03-14,Wattala,31.8,66,0.0,Sunny
2025-03-14,Colombo,32.2,74,0.0,Sunny
2025-03-14,Pelawatte,31.1,82,0.0,Sunny
2025-03-14,Malabe,31.6,70,0.0,Sunny
2025-03-15,Nugegoda,33.0,72,0.0,Sunny
2025-03-15,Maharagama,30.2,74,0.0,Sunny
2025-03-15,Kandy,27.2,81,0.0,Sunny
2025-03-15,Kirulapane,31.6,77,2.1,Drizzle
2025-03-15,Wattala,32.1,73,0.0,Sunny
2025-03-15,Colombo,31.3,72,0.0,Sunny
2025-03-15,Pelawatte,29.9,77,0.0,Sunny
2025-03-15,Malabe,32.9,79,0.0,Sunny
2025-03-16,Nugegoda,31.9,76,0.0,Sunny
2025-03-16,Maharagama,32.8,75,0.0,Sunny
2025-03-16,Kandy,28.9,73,3.3,Drizzle
2025-03-16,Kirulapane,31.5,70,0.0,Sunny
2025-03-16,Wattala,31.2,73,0.0,Sunny
2025-03-16,Colombo,32.2,73,0.0,Sunny
2025-03-16,Pelawatte,30.2,76,0.0,Sunny
2025-03-16,Malabe,34.5,70,0.0,Sunny
2025-03-17,Nugegoda,32.7,79,0.8,Drizzle
2025-03-17,Maharagama,33.3,76,0.0,Sunny
2025-03-17,Kandy,29.8,69,0.0,Sunny
2025-03-17,Kirulapane,35.4,75,1.7,Drizzle
2025-03-17,Wattala,31.0,67,0.0,Sunny
2025-03-17,Colombo,31.3,71,0.0,Sunny
2025-03-17,Pelawatte,34.8,72,2.8,Drizzle
2025-03-17,Malabe,30.2,72,0.0,Sunny
2025-03-18,Nugegoda,30.5,73,0.0,Sunny
2025-03-18,Maharagama,33.5,64,0.0,Sunny
2025-03-18,Kandy,30.9,76,3.4,Drizzle
2025-03-18,Kirulapane,31.5,72,0.0,Sunny
2025-03-18,Wattala,33.7,80,0.0,Sunny
2025-03-18,Colombo,32.3,73,0.0,Sunny
2025-03-18,Pelawatte,33.3,73,0.0,Sunny
2025-03-18,Malabe,31.5,77,0.0,Sunny
2025-03-19,Nugegoda,34.4,69,12.8,Rainy
2025-03-19,Maharagama,33.1,80,0.7,Drizzle
2025-03-19,Kandy,29.5,67,0.0,Sunny
2025-03-19,Kirulapane,33.5,65,0.0,Sunny
2025-03-19,Wattala,32.0,69,0.0,Sunny
2025-03-19,Colombo,32.6,77,0.0,Sunny
2025-03-19,Pelawatte,33.6,69,0.0,Sunny
2025-03-19,Malabe,34.1,72,0.0,Sunny
2025-03-20,Nugegoda,34.3,78,0.0,Sunny
2025-03-20,Maharagama,35.1,74,0.0,Sunny
2025-03-20,Kandy,29.8,72,1.0,Drizzle
2025-03-20,Kirulapane,32.4,69,0.0,Sunny
2025-03-20,Wattala,34.7,80,0.0,Sunny
2025-03-20,Colombo,32.9,71,0.0,Sunny
2025-03-20,Pelawatte,33.6,77,0.7,Drizzle
2025-03-20,Malabe,33.8,75,0.0,Sunny
2025-03-21,Nugegoda,30.7,68,0.0,Sunny
2025-03-21,Maharagama,32.1,76,0.0,Sunny
2025-03-21,Kandy,29.9,75,0.0,Sunny
2025-03-21,Kirulapane,32.5,69,0.2,Drizzle
2025-03-21,Wattala,31.1,72,0.0,Sunny
2025-03-21,Colombo,33.9,76,0.0,Sunny
2025-03-21,Pelawatte,31.8,76,0.0,Sunny
2025-03-21,Malabe,29.6,71,0.0,Sunny
2025-03-22,Nugegoda,29.3,74,0.0,Sunny
2025-03-22,Maharagama,33.8,67,0.0,Sunny
2025-03-22,Kandy,28.6,82,5.5,Drizzle
2025-03-22,Kirulapane,31.6,79,0.0,Sunny
2025-03-22,Wattala,34.4,72,1.4,Drizzle
2025-03-22,Colombo,32.7,77,0.0,Sunny
2025-03-22,Pelawatte,29.8,69,0.0,Sunny
2025-03-22,Malabe,32.2,71,0.0,Sunny
2025-03-23,Nugegoda,30.8,75,0.0,Sunny
2025-03-23,Maharagama,32.6,68,0.4,Drizzle
2025-03-23,Kandy,29.0,65,0.0,Sunny
2025-03-23,Kirulapane,29.5,70,7.9,Drizzle
2025-03-23,Wattala,36.3,78,0.0,Sunny
2025-03-23,Colombo,34.3,63,0.0,Sunny
2025-03-23,Pelawatte,31.3,74,6.1,Drizzle
2025-03-23,Malabe,31.6,77,0.0,Sunny
2025-03-24,Nugegoda,32.2,74,0.0,Sunny
2025-03-24,Maharagama,33.8,73,0.0,Sunny
2025-03-24,Kandy,29.0,69,10.7,Rainy
2025-03-24,Kirulapane,33.5,81,0.0,Sunny
2025-03-24,Wattala,34.7,65,0.0,Sunny
2025-03-24,Colombo,32.0,66,0.0,Sunny
2025-03-24,Pelawatte,29.3,78,0.0,Sunny
2025-03-24,Malabe,32.4,75,0.0,Sunny
2025-03-25,Nugegoda,31.0,73,0.0,Sunny
2025-03-25,Maharagama,31.8,63,0.0,Sunny
2025-03-25,Kandy,30.2,67,0.2,Drizzle
2025-03-25,Kirulapane,32.1,64,0.3,Drizzle
2025-03-25,Wattala,29.7,76,19.7,Rainy
2025-03-25,Colombo,30.5,77,0.0,Sunny
2025-03-25,Pelawatte,33.8,76,0.7,Drizzle
2025-03-25,Malabe,30.0,68,0.0,Sunny
2025-03-26,Nugegoda,33.4,66,0.0,Sunny
2025-03-26,Maharagama,32.7,68,0.0,Sunny
2025-03-26,Kandy,30.0,77,0.0,Sunny
2025-03-26,Kirulapane,34.5,77,2.5,Drizzle
2025-03-26,Wattala,30.8,75,0.0,Sunny
2025-03-26,Colombo,31.2,80,0.0,Sunny
2025-03-26,Pelawatte,33.1,67,6.6,Drizzle
2025-03-26,Malabe,31.0,73,0.0,Sunny
2025-03-27,Nugegoda,32.4,70,0.0,Sunny
2025-03-27,Maharagama,32.6,74,3.3,Drizzle
2025-03-27,Kandy,30.1,84,0.6,Drizzle
2025-03-27,Kirulapane,32.4,83,0.0,Sunny
2025-03-27,Wattala,30.9,85,0.0,Sunny
2025-03-27,Colombo,33.5,67,0.0,Sunny
2025-03-27,Pelawatte,33.9,60,0.0,Sunny
2025-03-27,Malabe,33.1,77,0.0,Sunny
2025-03-28,Nugegoda,32.8,76,0.0,Sunny
2025-03-28,Maharagama,28.6,66,0.0,Sunny
2025-03-28,Kandy,31.1,81,0.0,Sunny
2025-03-28,Kirulapane,33.2,81,2.5,Drizzle
2025-03-28,Wattala,31.1,81,4.4,Drizzle
2025-03-28,Colombo,30.0,75,0.0,Sunny
2025-03-28,Pelawatte,32.5,66,0.0,Sunny
2025-03-28,Malabe,32.5,71,0.0,Sunny
2025-03-29,Nugegoda,33.7,77,0.0,Sunny
2025-03-29,Maharagama,32.8,71,0.0,Sunny
2025-03-29,Kandy,27.8,70,0.5,Drizzle
2025-03-29,Kirulapane,31.9,64,2.6,Drizzle
2025-03-29,Wattala,29.8,79,0.0,Sunny
2025-03-29,Colombo,28.4,73,0.0,Sunny
2025-03-29,Pelawatte,34.9,81,0.0,Sunny
2025-03-29,Malabe,32.9,76,0.0,Sunny
2025-03-30,Nugegoda,32.2,71,0.0,Sunny
2025-03-30,Maharagama,31.5,84,0.0,Sunny
2025-03-30,Kandy,27.5,71,0.0,Sunny
2025-03-30,Kirulapane,31.7,71,1.0,Drizzle
2025-03-30,Wattala,32.0,73,0.0,Sunny
2025-03-30,Colombo,32.5,78,17.3,Rainy
2025-03-30,Pelawatte,33.3,74,0.0,Sunny
2025-03-30,Malabe,34.0,68,0.0,Sunny
2025-03-31,Nugegoda,32.8,80,0.0,Sunny
2025-03-31,Maharagama,31.4,72,0.0,Sunny
2025-03-31,Kandy,28.5,66,0.0,Sunny
2025-03-31,Kirulapane,31.8,69,0.0,Sunny
2025-03-31,Wattala,31.1,67,0.0,Sunny
2025-03-31,Colombo,32.3,77,0.5,Drizzle
2025-03-31,Pelawatte,30.5,73,0.0,Sunny
2025-03-31,Malabe,31.5,72,5.1,Drizzle
2025-04-01,Nugegoda,31.8,80,4.7,Drizzle
2025-04-01,Maharagama,30.8,72,0.0,Sunny
2025-04-01,Kandy,28.7,74,4.3,Drizzle
2025-04-01,Kirulapane,33.4,76,0.4,Drizzle
2025-04-01,Wattala,32.6,80,0.0,Sunny
2025-04-01,Colombo,33.7,71,0.0,Sunny
2025-04-01,Pelawatte,30.1,68,0.0,Sunny
2025-04-01,Malabe,29.5,64,0.0,Sunny
2025-04-02,Nugegoda,30.5,78,11.5,Rainy
2025-04-02,Maharagama,32.5,75,0.0,Sunny
2025-04-02,Kandy,28.4,88,0.0,Cloudy
2025-04-02,Kirulapane,31.9,72,0.0,Sunny
2025-04-02,Wattala,33.5,70,0.9,Drizzle
2025-04-02,Colombo,32.3,69,4.2,Drizzle
2025-04-02,Pelawatte,31.6,77,0.0,Sunny
2025-04-02,Malabe,33.2,72,0.0,Sunny
2025-04-03,Nugegoda,29.0,75,0.0,Sunny
2025-04-03,Maharagama,31.2,64,0.0,Sunny
2025-04-03,Kandy,28.3,80,0.0,Sunny
2025-04-03,Kirulapane,32.8,75,0.0,Sunny
2025-04-03,Wattala,30.4,78,4.3,Drizzle
2025-04-03,Colombo,30.9,78,0.0,Sunny
2025-04-03,Pelawatte,35.0,67,1.4,Drizzle
2025-04-03,Malabe,33.9,74,1.4,Drizzle
2025-04-04,Nugegoda,32.5,76,0.0,Sunny
2025-04-04,Maharagama,32.3,71,1.2,Drizzle
2025-04-04,Kandy,30.2,77,0.0,Sunny
2025-04-04,Kirulapane,30.3,83,0.0,Sunny
2025-04-04,Wattala,35.2,80,2.0,Drizzle
2025-04-04,Colombo,32.8,76,7.3,Drizzle
2025-04-04,Pelawatte,30.2,78,0.0,Sunny
2025-04-04,Malabe,33.3,66,0.0,Sunny
2025-04-05,Nugegoda,32.1,68,0.0,Sunny
2025-04-05,Maharagama,29.2,73,2.8,Drizzle
2025-04-05,Kandy,27.7,87,0.0,Cloudy
2025-04-05,Kirulapane,30.9,74,0.0,Sunny
2025-04-05,Wattala,31.8,74,0.0,Sunny
2025-04-05,Colombo,31.1,73,7.8,Drizzle
2025-04-05,Pelawatte,31.6,68,0.8,Drizzle
2025-04-05,Malabe,32.6,74,5.1,Drizzle
2025-04-06,Nugegoda,32.5,70,3.4,Drizzle
2025-04-06,Maharagama,30.2,68,7.6,Drizzle
2025-04-06,Kandy,29.6,72,2.0,Drizzle
2025-04-06,Kirulapane,30.9,76,0.0,Sunny
2025-04-06,Wattala,33.0,74,0.0,Sunny
2025-04-06,Colombo,31.9,72,0.0,Sunny
2025-04-06,Pelawatte,34.7,71,0.0,Sunny
2025-04-06,Malabe,35.8,74,0.5,Drizzle
2025-04-07,Nugegoda,32.3,84,0.0,Sunny
2025-04-07,Maharagama,31.9,70,12.0,Rainy
2025-04-07,Kandy,30.6,74,0.0,Sunny
2025-04-07,Kirulapane,32.2,76,0.4,Drizzle
2025-04-07,Wattala,33.3,76,0.0,Sunny
2025-04-07,Colombo,33.7,74,0.0,Sunny
2025-04-07,Pelawatte,31.7,74,0.0,Sunny
2025-04-07,Malabe,34.4,72,0.0,Sunny
2025-04-08,Nugegoda,30.9,72,0.0,Sunny
2025-04-08,Maharagama,31.2,69,0.0,Sunny
2025-04-08,Kandy,29.4,68,10.1,Rainy
2025-04-08,Kirulapane,33.5,76,0.0,Sunny
2025-04-08,Wattala,34.8,69,0.0,Sunny
2025-04-08,Colombo,33.1,72,2.4,Drizzle
2025-04-08,Pelawatte,33.3,83,0.0,Sunny
2025-04-08,Malabe,28.8,71,0.0,Sunny
2025-04-09,Nugegoda,33.3,77,0.0,Sunny
2025-04-09,Maharagama,30.9,66,2.7,Drizzle
2025-04-09,Kandy,29.6,71,0.0,Sunny
2025-04-09,Kirulapane,32.2,74,1.6,Drizzle
2025-04-09,Wattala,32.5,81,0.0,Sunny
2025-04-09,Colombo,33.7,76,0.0,Sunny
2025-04-09,Pelawatte,33.0,65,0.0,Sunny
2025-04-09,Malabe,31.8,83,0.6,Drizzle
2025-04-10,Nugegoda,28.1,72,6.0,Drizzle
2025-04-10,Maharagama,29.9,69,0.4,Drizzle
2025-04-10,Kandy,29.4,71,1.7,Drizzle
2025-04-10,Kirulapane,35.1,76,0.0,Sunny
2025-04-10,Wattala,34.2,73,0.0,Sunny
2025-04-10,Colombo,29.8,88,0.0,Cloudy
2025-04-10,Pelawatte,33.3,71,0.0,Sunny
2025-04-10,Malabe,34.2,78,0.0,Sunny
2025-04-11,Nugegoda,33.5,74,0.0,Sunny
2025-04-11,Maharagama,32.2,73,3.4,Drizzle
2025-04-11,Kandy,29.4,68,0.0,Sunny
2025-04-11,Kirulapane,33.2,70,0.0,Sunny
2025-04-11,Wattala,31.8,70,6.4,Drizzle
2025-04-11,Colombo,31.9,76,0.0,Sunny
2025-04-11,Pelawatte,33.1,78,0.7,Drizzle
2025-04-11,Malabe,34.1,74,0.0,Sunny
2025-04-12,Nugegoda,32.2,71,4.2,Drizzle
2025-04-12,Maharagama,33.2,71,0.0,Sunny
2025-04-12,Kandy,28.0,74,17.8,Rainy
2025-04-12,Kirulapane,28.0,70,0.0,Sunny
2025-04-12,Wattala,32.3,79,0.0,Sunny
2025-04-12,Colombo,31.8,78,0.0,Sunny
2025-04-12,Pelawatte,31.4,77,0.0,Sunny
2025-04-12,Malabe,33.7,70,0.7,Drizzle
2025-04-13,Nugegoda,30.7,79,0.0,Sunny
2025-04-13,Maharagama,33.0,69,0.0,Sunny
2025-04-13,Kandy,27.7,83,0.0,Sunny
2025-04-13,Kirulapane,29.6,73,0.6,Drizzle
2025-04-13,Wattala,34.3,66,0.0,Sunny
2025-04-13,Colombo,33.2,69,0.8,Drizzle
2025-04-13,Pelawatte,32.8,66,1.4,Drizzle
2025-04-13,Malabe,33.0,74,0.6,Drizzle
2025-04-14,Nugegoda,33.7,74,0.8,Drizzle
2025-04-14,Maharagama,31.2,72,0.0,Sunny
2025-04-14,Kandy,31.3,80,3.1,Drizzle
2025-04-14,Kirulapane,33.3,77,0.0,Sunny
2025-04-14,Wattala,33.2,80,5.3,Drizzle
2025-04-14,Colombo,35.0,74,0.0,Sunny
2025-04-14,Pelawatte,30.2,77,0.6,Drizzle
2025-04-14,Malabe,30.9,71,0.0,Sunny
2025-04-15,Nugegoda,33.1,81,0.0,Sunny
2025-04-15,Maharagama,32.4,79,0.8,Drizzle
2025-04-15,Kandy,27.5,72,0.0,Sunny
2025-04-15,Kirulapane,29.1,73,0.0,Sunny
2025-04-15,Wattala,32.2,76,1.8,Drizzle
2025-04-15,Colombo,32.8,82,2.2,Drizzle
2025-04-15,Pelawatte,30.6,75,0.0,Sunny
2025-04-15,Malabe,28.3,74,0.0,Sunny
2025-04-16,Nugegoda,28.6,67,0.0,Sunny
2025-04-16,Maharagama,31.7,81,1.9,Drizzle
2025-04-16,Kandy,30.6,81,3.7,Drizzle
2025-04-16,Kirulapane,32.9,69,9.3,Drizzle
2025-04-16,Wattala,32.1,70,2.8,Drizzle
2025-04-16,Colombo,31.6,75,8.2,Drizzle
2025-04-16,Pelawatte,33.1,75,0.0,Sunny
2025-04-16,Malabe,32.6,68,0.0,Sunny
2025-04-17,Nugegoda,32.0,72,0.0,Sunny
2025-04-17,Maharagama,34.6,81,0.9,Drizzle
2025-04-17,Kandy,28.7,72,0.0,Sunny
2025-04-17,Kirulapane,34.1,71,0.0,Sunny
2025-04-17,Wattala,33.1,66,0.0,Sunny
2025-04-17,Colombo,34.4,79,0.0,Sunny
2025-04-17,Pelawatte,35.0,81,0.0,Sunny
2025-04-17,Malabe,33.9,72,2.0,Drizzle
2025-04-18,Nugegoda,35.2,69,0.0,Sunny
2025-04-18,Maharagama,32.4,71,0.0,Sunny
2025-04-18,Kandy,30.9,84,0.0,Sunny
2025-04-18,Kirulapane,30.6,77,0.0,Sunny
2025-04-18,Wattala,30.5,70,0.0,Sunny
2025-04-18,Colombo,30.5,76,0.0,Sunny
2025-04-18,Pelawatte,30.9,73,1.0,Drizzle
2025-04-18,Malabe,29.4,76,0.0,Sunny
2025-04-19,Nugegoda,33.8,73,0.0,Sunny
2025-04-19,Maharagama,33.6,75,0.0,Sunny
2025-04-19,Kandy,29.3,68,0.0,Sunny
2025-04-19,Kirulapane,34.6,80,0.0,Sunny
2025-04-19,Wattala,32.4,71,0.0,Sunny
2025-04-19,Colombo,33.9,71,0.0,Sunny
2025-04-19,Pelawatte,34.4,71,0.0,Sunny
2025-04-19,Malabe,32.1,68,0.0,Sunny
2025-04-20,Nugegoda,32.4,75,0.0,Sunny
2025-04-20,Maharagama,31.0,78,0.0,Sunny
2025-04-20,Kandy,28.9,77,0.0,Sunny
2025-04-20,Kirulapane,30.9,70,0.0,Sunny
2025-04-20,Wattala,29.6,66,9.9,Drizzle
2025-04-20,Colombo,32.3,73,0.0,Sunny
2025-04-20,Pelawatte,33.5,81,0.0,Sunny
2025-04-20,Malabe,31.1,77,0.0,Sunny
2025-04-21,Nugegoda,35.6,75,0.7,Drizzle
2025-04-21,Maharagama,34.0,75,0.0,Sunny
2025-04-21,Kandy,31.2,77,0.4,Drizzle
2025-04-21,Kirulapane,33.5,68,0.0,Sunny
2025-04-21,Wattala,33.6,84,0.0,Sunny
2025-04-21,Colombo,33.7,73,0.0,Sunny
2025-04-21,Pelawatte,32.5,70,1.6,Drizzle
2025-04-21,Malabe,33.1,75,0.0,Sunny
2025-04-22,Nugegoda,33.7,70,0.0,Sunny
2025-04-22,Maharagama,33.9,74,0.0,Sunny
2025-04-22,Kandy,27.2,73,0.0,Sunny
2025-04-22,Kirulapane,34.8,78,0.0,Sunny
2025-04-22,Wattala,29.9,78,0.0,Sunny
2025-04-22,Colombo,33.7,76,0.0,Sunny
2025-04-22,Pelawatte,30.7,71,0.0,Sunny
2025-04-22,Malabe,30.7,74,3.3,Drizzle
2025-04-23,Nugegoda,32.9,82,0.0,Sunny
2025-04-23,Maharagama,32.5,67,0.0,Sunny
2025-04-23,Kandy,27.1,69,0.0,Sunny
2025-04-23,Kirulapane,33.1,78,0.0,Sunny
2025-04-23,Wattala,32.4,68,0.0,Sunny
2025-04-23,Colombo,32.1,78,0.0,Sunny
2025-04-23,Pelawatte,28.3,67,0.0,Sunny
2025-04-23,Malabe,34.8,70,0.0,Sunny
2025-04-24,Nugegoda,34.0,70,0.0,Sunny
2025-04-24,Maharagama,33.3,76,11.2,Rainy
2025-04-24,Kandy,30.7,80,0.0,Sunny
2025-04-24,Kirulapane,32.9,77,0.0,Sunny
2025-04-24,Wattala,30.7,73,6.4,Drizzle
2025-04-24,Colombo,30.8,71,0.0,Sunny
2025-04-24,Pelawatte,34.0,75,0.0,Sunny
2025-04-24,Malabe,34.3,76,0.0,Sunny
2025-04-25,Nugegoda,30.6,80,0.0,Sunny
2025-04-25,Maharagama,32.5,69,0.0,Sunny
2025-04-25,Kandy,27.4,83,0.0,Sunny
2025-04-25,Kirulapane,31.4,71,0.0,Sunny
2025-04-25,Wattala,33.5,70,0.0,Sunny
2025-04-25,Colombo,32.8,78,0.0,Sunny
2025-04-25,Pelawatte,33.8,76,0.0,Sunny
2025-04-25,Malabe,29.8,76,0.0,Sunny
2025-04-26,Nugegoda,34.7,71,0.0,Sunny
2025-04-26,Maharagama,29.9,67,0.0,Sunny
2025-04-26,Kandy,31.0,66,0.0,Sunny
2025-04-26,Kirulapane,31.8,76,0.0,Sunny
2025-04-26,Wattala,34.8,72,0.0,Sunny
2025-04-26,Colombo,33.4,68,0.0,Sunny
2025-04-26,Pelawatte,31.8,71,0.6,Drizzle
2025-04-26,Malabe,33.7,73,1.2,Drizzle
2025-04-27,Nugegoda,29.0,79,0.0,Sunny
2025-04-27,Maharagama,35.0,84,0.0,Sunny
2025-04-27,Kandy,30.6,77,0.0,Sunny
2025-04-27,Kirulapane,35.3,68,0.0,Sunny
2025-04-27,Wattala,32.9,81,12.6,Rainy
2025-04-27,Colombo,31.0,75,2.6,Drizzle
2025-04-27,Pelawatte,29.0,74,0.0,Sunny
2025-04-27,Malabe,33.6,69,11.6,Rainy
2025-04-28,Nugegoda,30.4,75,0.0,Sunny
2025-04-28,Maharagama,33.0,77,0.0,Sunny
2025-04-28,Kandy,30.2,68,0.0,Sunny
2025-04-28,Kirulapane,31.4,75,0.0,Sunny
2025-04-28,Wattala,30.5,70,0.0,Sunny
2025-04-28,Colombo,34.7,68,0.0,Sunny
2025-04-28,Pelawatte,33.3,80,9.6,Drizzle
2025-04-28,Malabe,31.7,66,0.0,Sunny
2025-04-29,Nugegoda,33.2,58,0.0,Sunny
2025-04-29,Maharagama,30.6,72,0.0,Sunny
2025-04-29,Kandy,27.7,79,0.0,Sunny
2025-04-29,Kirulapane,33.3,69,0.0,Sunny
2025-04-29,Wattala,34.1,71,0.0,Sunny
2025-04-29,Colombo,33.3,73,0.0,Sunny
2025-04-29,Pelawatte,33.2,72,0.8,Drizzle
2025-04-29,Malabe,31.2,82,0.0,Sunny
2025-04-30,Nugegoda,32.0,67,0.0,Sunny
2025-04-30,Maharagama,31.2,62,0.0,Sunny
2025-04-30,Kandy,30.0,83,0.0,Sunny
2025-04-30,Kirulapane,34.4,73,0.0,Sunny
2025-04-30,Wattala,31.5,79,0.0,Sunny
2025-04-30,Colombo,30.9,84,0.0,Sunny
2025-04-30,Pelawatte,33.8,73,0.0,Sunny
2025-04-30,Malabe,32.8,69,0.0,Sunny
2025-05-01,Nugegoda,29.5,78,0.0,Sunny
2025-05-01,Maharagama,29.9,81,5.5,Drizzle
2025-05-01,Kandy,27.0,75,3.9,Drizzle
2025-05-01,Kirulapane,33.6,77,0.0,Sunny
2025-05-01,Wattala,31.1,89,0.0,Cloudy
2025-05-01,Colombo,32.0,80,13.7,Rainy
2025-05-01,Pelawatte,32.0,79,31.8,Storm
2025-05-01,Malabe,31.6,87,0.0,Cloudy
2025-05-02,Nugegoda,31.4,82,14.6,Rainy
2025-05-02,Maharagama,36.1,88,61.6,Storm
2025-05-02,Kandy,30.1,77,7.4,Drizzle
2025-05-02,Kirulapane,33.9,76,13.2,Rainy
2025-05-02,Wattala,29.7,85,9.0,Drizzle
2025-05-02,Colombo,30.5,77,0.0,Sunny
2025-05-02,Pelawatte,34.0,90,37.1,Storm
2025-05-02,Malabe,31.1,74,13.2,Rainy
2025-05-03,Nugegoda,30.8,77,22.0,Rainy
2025-05-03,Maharagama,31.9,85,1.3,Drizzle
2025-05-03,Kandy,28.7,79,0.0,Sunny
2025-05-03,Kirulapane,32.3,74,4.6,Drizzle
2025-05-03,Wattala,29.6,85,20.2,Rainy
2025-05-03,Colombo,32.3,84,0.6,Drizzle
2025-05-03,Pelawatte,31.9,80,5.1,Drizzle
2025-05-03,Malabe,32.9,92,3.3,Drizzle
2025-05-04,Nugegoda,31.8,83,0.0,Sunny
2025-05-04,Maharagama,31.0,84,0.0,Sunny
2025-05-04,Kandy,29.6,75,0.0,Sunny
2025-05-04,Kirulapane,31.6,76,5.2,Drizzle
2025-05-04,Wattala,33.6,79,0.0,Sunny
2025-05-04,Colombo,31.8,86,0.0,Cloudy
2025-05-04,Pelawatte,34.7,82,2.0,Drizzle
2025-05-04,Malabe,34.4,85,0.0,Sunny
2025-05-05,Nugegoda,32.0,71,0.0,Sunny
2025-05-05,Maharagama,31.1,79,20.1,Rainy
2025-05-05,Kandy,28.8,79,8.5,Drizzle
2025-05-05,Kirulapane,31.0,83,0.0,Sunny
2025-05-05,Wattala,32.5,77,0.0,Sunny
2025-05-05,Colombo,30.4,84,17.7,Rainy
2025-05-05,Pelawatte,33.9,91,20.9,Rainy
2025-05-05,Malabe,29.9,82,0.0,Sunny
2025-05-06,Nugegoda,32.7,84,0.0,Sunny
2025-05-06,Maharagama,32.5,85,0.0,Sunny
2025-05-06,Kandy,29.7,75,0.0,Sunny
2025-05-06,Kirulapane,30.6,81,0.0,Sunny
2025-05-06,Wattala,31.5,76,1.7,Drizzle
2025-05-06,Colombo,31.6,85,0.0,Sunny
2025-05-06,Pelawatte,32.1,87,1.8,Drizzle
2025-05-06,Malabe,32.9,77,21.1,Rainy
2025-05-07,Nugegoda,32.1,84,0.0,Sunny
2025-05-07,Maharagama,32.8,80,3.9,Drizzle
2025-05-07,Kandy,30.7,81,16.7,Rainy
2025-05-07,Kirulapane,32.9,89,15.3,Rainy
2025-05-07,Wattala,33.0,83,0.0,Sunny
2025-05-07,Colombo,31.4,79,0.0,Sunny
2025-05-07,Pelawatte,32.4,81,0.0,Sunny
2025-05-07,Malabe,33.1,83,0.0,Sunny
2025-05-08,Nugegoda,32.7,82,0.9,Drizzle
2025-05-08,Maharagama,32.2,87,7.3,Drizzle
2025-05-08,Kandy,28.1,79,0.0,Sunny
2025-05-08,Kirulapane,32.6,82,17.7,Rainy
2025-05-08,Wattala,33.2,86,0.0,Cloudy
2025-05-08,Colombo,31.8,78,0.0,Sunny
2025-05-08,Pelawatte,31.9,91,0.4,Drizzle
2025-05-08,Malabe,33.9,77,0.0,Sunny
2025-05-09,Nugegoda,29.8,78,0.0,Sunny
2025-05-09,Maharagama,32.5,79,4.8,Drizzle
2025-05-09,Kandy,33.2,83,2.7,Drizzle
2025-05-09,Kirulapane,32.3,89,57.9,Storm
2025-05-09,Wattala,34.2,87,0.0,Cloudy
2025-05-09,Colombo,32.4,84,6.5,Drizzle
2025-05-09,Pelawatte,32.6,86,0.0,Cloudy
2025-05-09,Malabe,33.7,89,4.4,Drizzle
2025-05-10,Nugegoda,31.3,74,0.0,Sunny
2025-05-10,Maharagama,33.3,76,15.5,Rainy
2025-05-10,Kandy,28.4,88,24.8,Rainy
2025-05-10,Kirulapane,29.1,90,0.0,Cloudy
2025-05-10,Wattala,33.4,79,9.3,Drizzle
2025-05-10,Colombo,32.4,82,0.0,Sunny
2025-05-10,Pelawatte,33.9,89,6.6,Drizzle
2025-05-10,Malabe,32.4,84,8.3,Drizzle
2025-05-11,Nugegoda,31.4,86,0.0,Cloudy
2025-05-11,Maharagama,31.8,83,20.8,Rainy
2025-05-11,Kandy,30.5,93,3.1,Drizzle
2025-05-11,Kirulapane,33.4,84,0.0,Sunny
2025-05-11,Wattala,30.4,78,0.0,Sunny
2025-05-11,Colombo,30.7,84,19.0,Rainy
2025-05-11,Pelawatte,33.3,84,0.0,Sunny
2025-05-11,Malabe,31.5,75,0.0,Sunny
2025-05-12,Nugegoda,32.6,77,8.5,Drizzle
2025-05-12,Maharagama,30.1,87,31.2,Storm
2025-05-12,Kandy,30.8,75,8.2,Drizzle
2025-05-12,Kirulapane,31.3,78,37.6,Storm
2025-05-12,Wattala,35.6,88,18.3,Rainy
2025-05-12,Colombo,32.8,79,0.0,Sunny
2025-05-12,Pelawatte,31.5,84,0.0,Sunny
2025-05-12,Malabe,31.0,89,0.0,Cloudy
2025-05-13,Nugegoda,32.4,76,3.2,Drizzle
2025-05-13,Maharagama,33.2,77,0.0,Sunny
2025-05-13,Kandy,28.1,93,4.2,Drizzle
2025-05-13,Kirulapane,32.3,80,9.7,Drizzle
2025-05-13,Wattala,33.3,83,18.9,Rainy
2025-05-13,Colombo,33.0,79,0.0,Sunny
2025-05-13,Pelawatte,36.3,76,0.0,Sunny
2025-05-13,Malabe,32.6,78,2.3,Drizzle
2025-05-14,Nugegoda,29.4,85,0.0,Sunny
2025-05-14,Maharagama,34.2,84,0.0,Sunny
2025-05-14,Kandy,30.2,83,0.0,Sunny
2025-05-14,Kirulapane,32.7,75,14.7,Rainy
2025-05-14,Wattala,32.7,89,2.9,Drizzle
2025-05-14,Colombo,33.7,79,5.1,Drizzle
2025-05-14,Pelawatte,33.7,79,24.8,Rainy
2025-05-14,Malabe,32.3,86,4.4,Drizzle
2025-05-15,Nugegoda,33.4,80,4.7,Drizzle
2025-05-15,Maharagama,35.1,82,2.8,Drizzle
2025-05-15,Kandy,28.4,75,12.7,Rainy
2025-05-15,Kirulapane,32.8,88,0.0,Cloudy
2025-05-15,Wattala,30.9,81,0.0,Sunny
2025-05-15,Colombo,33.3,82,0.0,Sunny
2025-05-15,Pelawatte,33.6,86,0.0,Cloudy
2025-05-15,Malabe,33.5,88,5.4,Drizzle
2025-05-16,Nugegoda,32.4,77,31.0,Storm
2025-05-16,Maharagama,30.6,83,0.0,Sunny
2025-05-16,Kandy,30.6,81,2.1,Drizzle
2025-05-16,Kirulapane,34.0,87,0.0,Cloudy
2025-05-16,Wattala,34.1,82,0.3,Drizzle
2025-05-16,Colombo,32.0,77,0.0,Sunny
2025-05-16,Pelawatte,30.4,80,0.0,Sunny
2025-05-16,Malabe,33.9,95,0.0,Cloudy
2025-05-17,Nugegoda,32.7,85,0.0,Sunny
2025-05-17,Maharagama,30.8,87,8.5,Drizzle
2025-05-17,Kandy,30.7,80,61.4,Storm
2025-05-17,Kirulapane,33.2,75,2.3,Drizzle
2025-05-17,Wattala,31.9,88,0.0,Cloudy
2025-05-17,Colombo,33.9,81,0.0,Sunny
2025-05-17,Pelawatte,33.8,88,0.0,Cloudy
2025-05-17,Malabe,32.1,81,14.0,Rainy
2025-05-18,Nugegoda,30.7,80,11.3,Rainy
2025-05-18,Maharagama,33.5,87,0.0,Cloudy
2025-05-18,Kandy,30.0,79,0.0,Sunny
2025-05-18,Kirulapane,32.6,80,3.4,Drizzle
2025-05-18,Wattala,32.3,82,0.0,Sunny
2025-05-18,Colombo,33.8,76,0.0,Sunny
2025-05-18,Pelawatte,32.2,89,0.1,Drizzle
2025-05-18,Malabe,35.1,75,28.2,Rainy
2025-05-19,Nugegoda,31.0,77,3.1,Drizzle
2025-05-19,Maharagama,31.8,87,0.8,Drizzle
2025-05-19,Kandy,29.3,86,29.7,Rainy
2025-05-19,Kirulapane,33.1,83,4.1,Drizzle
2025-05-19,Wattala,33.2,73,6.5,Drizzle
2025-05-19,Colombo,31.5,82,42.7,Storm
2025-05-19,Pelawatte,31.2,84,0.0,Sunny
2025-05-19,Malabe,31.2,77,8.3,Drizzle
2025-05-20,Nugegoda,30.8,68,0.0,Sunny
2025-05-20,Maharagama,31.7,80,0.0,Sunny
2025-05-20,Kandy,28.7,82,38.9,Storm
2025-05-20,Kirulapane,31.2,84,0.0,Sunny
2025-05-20,Wattala,34.0,80,6.5,Drizzle
2025-05-20,Colombo,29.6,83,12.9,Rainy
2025-05-20,Pelawatte,30.9,78,0.0,Sunny
2025-05-20,Malabe,32.3,80,16.0,Rainy
2025-05-21,Nugegoda,31.5,77,0.0,Sunny
2025-05-21,Maharagama,33.5,83,29.1,Rainy
2025-05-21,Kandy,32.1,93,15.0,Rainy
2025-05-21,Kirulapane,32.9,86,6.6,Drizzle
2025-05-21,Wattala,32.8,80,1.6,Drizzle
2025-05-21,Colombo,32.8,90,0.0,Cloudy
2025-05-21,Pelawatte,34.5,84,0.0,Sunny
2025-05-21,Malabe,33.0,85,0.5,Drizzle
2025-05-22,Nugegoda,34.8,84,0.0,Sunny
2025-05-22,Maharagama,34.6,83,14.7,Rainy
2025-05-22,Kandy,28.4,79,16.7,Rainy
2025-05-22,Kirulapane,31.4,78,0.0,Sunny
2025-05-22,Wattala,33.1,88,0.0,Cloudy
2025-05-22,Colombo,31.5,78,12.2,Rainy
2025-05-22,Pelawatte,32.7,88,0.0,Cloudy
2025-05-22,Malabe,34.0,84,3.9,Drizzle
2025-05-23,Nugegoda,32.5,78,0.0,Sunny
2025-05-23,Maharagama,32.1,81,3.1,Drizzle
2025-05-23,Kandy,28.2,80,1.5,Drizzle
2025-05-23,Kirulapane,33.9,84,1.7,Drizzle
2025-05-23,Wattala,33.3,76,4.6,Drizzle
2025-05-23,Colombo,34.4,81,0.0,Sunny
2025-05-23,Pelawatte,33.4,82,0.7,Drizzle
2025-05-23,Malabe,32.6,78,38.6,Storm
2025-05-24,Nugegoda,31.5,76,1.2,Drizzle
2025-05-24,Maharagama,31.9,81,0.0,Sunny
2025-05-24,Kandy,30.1,82,0.0,Sunny
2025-05-24,Kirulapane,31.7,85,0.0,Sunny
2025-05-24,Wattala,33.3,94,0.0,Cloudy
2025-05-24,Colombo,32.5,77,2.0,Drizzle
2025-05-24,Pelawatte,31.5,81,23.3,Rainy
2025-05-24,Malabe,33.1,84,48.6,Storm
2025-05-25,Nugegoda,32.7,79,22.7,Rainy
2025-05-25,Maharagama,32.8,76,6.0,Drizzle
2025-05-25,Kandy,30.8,81,0.0,Sunny
2025-05-25,Kirulapane,34.2,86,14.4,Rainy
2025-05-25,Wattala,29.9,80,0.0,Sunny
2025-05-25,Colombo,33.7,89,10.6,Rainy
2025-05-25,Pelawatte,34.3,85,0.0,Sunny
2025-05-25,Malabe,32.1,77,3.7,Drizzle
2025-05-26,Nugegoda,31.4,82,0.0,Sunny
2025-05-26,Maharagama,32.0,79,18.3,Rainy
2025-05-26,Kandy,29.7,79,0.0,Sunny
2025-05-26,Kirulapane,34.7,86,18.9,Rainy
2025-05-26,Wattala,33.1,74,0.0,Sunny
2025-05-26,Colombo,31.4,78,10.6,Rainy
2025-05-26,Pelawatte,33.0,83,6.7,Drizzle
2025-05-26,Malabe,34.7,77,18.2,Rainy
2025-05-27,Nugegoda,31.2,76,9.1,Drizzle
2025-05-27,Maharagama,35.2,79,0.0,Sunny
2025-05-27,Kandy,29.2,83,0.6,Drizzle
2025-05-27,Kirulapane,33.9,87,11.0,Rainy
2025-05-27,Wattala,33.3,82,0.0,Sunny
2025-05-27,Colombo,36.7,84,0.3,Drizzle
2025-05-27,Pelawatte,34.6,79,7.6,Drizzle
2025-05-27,Malabe,33.0,86,0.0,Cloudy
2025-05-28,Nugegoda,33.4,86,16.6,Rainy
2025-05-28,Maharagama,33.2,91,0.0,Cloudy
2025-05-28,Kandy,30.2,79,4.5,Drizzle
2025-05-28,Kirulapane,30.0,83,14.3,Rainy
2025-05-28,Wattala,34.2,91,8.1,Drizzle
2025-05-28,Colombo,31.6,76,6.3,Drizzle
2025-05-28,Pelawatte,32.3,85,10.6,Rainy
2025-05-28,Malabe,32.6,86,3.5,Drizzle
2025-05-29,Nugegoda,30.3,74,0.0,Sunny
2025-05-29,Maharagama,34.1,77,26.4,Rainy
2025-05-29,Kandy,28.2,80,12.2,Rainy
2025-05-29,Kirulapane,33.3,71,12.1,Rainy
2025-05-29,Wattala,33.6,81,6.1,Drizzle
2025-05-29,Colombo,33.5,80,1.8,Drizzle
2025-05-29,Pelawatte,31.8,80,9.2,Drizzle
2025-05-29,Malabe,32.7,79,0.0,Sunny
2025-05-30,Nugegoda,30.5,86,0.0,Cloudy
2025-05-30,Maharagama,33.7,75,34.8,Storm
2025-05-30,Kandy,27.8,80,0.8,Drizzle
2025-05-30,Kirulapane,32.9,84,0.0,Sunny
2025-05-30,Wattala,28.8,80,10.3,Rainy
2025-05-30,Colombo,32.0,78,12.2,Rainy
2025-05-30,Pelawatte,36.0,83,0.0,Sunny
2025-05-30,Malabe,30.9,78,10.2,Rainy
2025-05-31,Nugegoda,32.4,86,0.0,Cloudy
2025-05-31,Maharagama,35.8,81,4.8,Drizzle
2025-05-31,Kandy,30.8,87,0.0,Cloudy
2025-05-31,Kirulapane,31.5,80,0.0,Sunny
2025-05-31,Wattala,34.3,75,0.0,Sunny
2025-05-31,Colombo,32.9,82,21.8,Rainy
2025-05-31,Pelawatte,31.2,81,5.6,Drizzle
2025-05-31,Malabe,33.3,81,0.0,Sunny
2025-06-01,Nugegoda,30.8,85,0.0,Sunny
2025-06-01,Maharagama,26.8,84,0.7,Drizzle
2025-06-01,Kandy,27.1,84,6.4,Drizzle
2025-06-01,Kirulapane,26.2,84,0.0,Sunny
2025-06-01,Wattala,30.0,78,0.0,Sunny
2025-06-01,Colombo,28.2,82,11.7,Rainy
2025-06-01,Pelawatte,28.3,75,6.4,Drizzle
2025-06-01,Malabe,26.7,80,22.8,Rainy
2025-06-02,Nugegoda,31.9,75,0.0,Sunny
2025-06-02,Maharagama,30.7,92,0.0,Cloudy
2025-06-02,Kandy,25.5,88,12.1,Rainy
2025-06-02,Kirulapane,30.4,81,0.0,Sunny
2025-06-02,Wattala,27.6,84,7.2,Drizzle
2025-06-02,Colombo,31.0,79,1.8,Drizzle
2025-06-02,Pelawatte,30.3,82,26.8,Rainy
2025-06-02,Malabe,28.5,87,0.0,Cloudy
2025-06-03,Nugegoda,29.6,83,32.3,Storm
2025-06-03,Maharagama,29.6,78,9.9,Drizzle
2025-06-03,Kandy,27.8,76,0.8,Drizzle
2025-06-03,Kirulapane,28.8,79,0.0,Sunny
2025-06-03,Wattala,29.1,82,13.0,Rainy
2025-06-03,Colombo,31.0,82,0.0,Sunny
2025-06-03,Pelawatte,29.8,79,40.0,Storm
2025-06-03,Malabe,27.7,78,0.0,Sunny
2025-06-04,Nugegoda,29.3,85,0.0,Sunny
2025-06-04,Maharagama,27.3,89,12.0,Rainy
2025-06-04,Kandy,26.6,84,0.0,Sunny
2025-06-04,Kirulapane,25.5,77,16.7,Rainy
2025-06-04,Wattala,25.7,82,0.0,Sunny
2025-06-04,Colombo,26.5,81,26.5,Rainy
2025-06-04,Pelawatte,28.7,80,0.0,Sunny
2025-06-04,Malabe,27.7,92,2.7,Drizzle
2025-06-05,Nugegoda,29.0,76,10.0,Drizzle
2025-06-05,Maharagama,27.5,78,1.0,Drizzle
2025-06-05,Kandy,24.8,88,0.0,Cloudy
2025-06-05,Kirulapane,33.7,85,6.7,Drizzle
2025-06-05,Wattala,29.4,79,0.0,Sunny
2025-06-05,Colombo,26.6,74,0.0,Sunny
2025-06-05,Pelawatte,29.9,89,1.1,Drizzle
2025-06-05,Malabe,30.2,80,0.0,Sunny
2025-06-06,Nugegoda,30.7,75,0.0,Sunny
2025-06-06,Maharagama,32.1,83,23.2,Rainy
2025-06-06,Kandy,24.6,89,0.0,Cloudy
2025-06-06,Kirulapane,28.9,86,0.0,Cloudy
2025-06-06,Wattala,28.4,78,0.0,Sunny
2025-06-06,Colombo,28.3,88,0.0,Cloudy
2025-06-06,Pelawatte,31.1,87,20.2,Rainy
2025-06-06,Malabe,27.8,81,9.7,Drizzle
2025-06-07,Nugegoda,28.3,88,8.9,Drizzle
2025-06-07,Maharagama,27.5,90,0.6,Drizzle
2025-06-07,Kandy,24.9,78,45.5,Storm
2025-06-07,Kirulapane,28.5,90,0.8,Drizzle
2025-06-07,Wattala,29.2,81,34.9,Storm
2025-06-07,Colombo,27.1,79,1.3,Drizzle
2025-06-07,Pelawatte,28.7,89,0.0,Cloudy
2025-06-07,Malabe,30.1,76,1.5,Drizzle
2025-06-08,Nugegoda,29.8,87,2.2,Drizzle
2025-06-08,Maharagama,31.0,79,0.0,Sunny
2025-06-08,Kandy,29.1,86,12.7,Rainy
2025-06-08,Kirulapane,27.9,75,0.0,Sunny
2025-06-08,Wattala,29.3,83,0.6,Drizzle
2025-06-08,Colombo,26.0,85,20.3,Rainy
2025-06-08,Pelawatte,30.9,75,2.2,Drizzle
2025-06-08,Malabe,26.3,84,0.0,Sunny
2025-06-09,Nugegoda,31.3,88,49.1,Storm
2025-06-09,Maharagama,29.3,92,29.2,Rainy
2025-06-09,Kandy,26.3,88,0.0,Cloudy
2025-06-09,Kirulapane,29.2,84,0.0,Sunny
2025-06-09,Wattala,29.4,79,3.7,Drizzle
2025-06-09,Colombo,27.8,90,6.8,Drizzle
2025-06-09,Pelawatte,27.6,79,6.6,Drizzle
2025-06-09,Malabe,29.4,79,0.0,Sunny
2025-06-10,Nugegoda,28.0,89,41.2,Storm
2025-06-10,Maharagama,28.7,82,0.0,Sunny
2025-06-10,Kandy,24.3,82,0.0,Sunny
2025-06-10,Kirulapane,29.1,77,12.0,Rainy
2025-06-10,Wattala,29.4,78,0.0,Sunny
2025-06-10,Colombo,28.1,67,0.0,Sunny
2025-06-10,Pelawatte,27.2,82,0.0,Sunny
2025-06-10,Malabe,29.5,77,4.6,Drizzle
2025-06-11,Nugegoda,28.0,78,10.7,Rainy
2025-06-11,Maharagama,29.8,90,0.0,Cloudy
2025-06-11,Kandy,28.5,89,0.0,Cloudy
2025-06-11,Kirulapane,27.4,85,8.1,Drizzle
2025-06-11,Wattala,27.7,76,0.0,Sunny
2025-06-11,Colombo,28.8,81,0.0,Sunny
2025-06-11,Pelawatte,28.6,89,0.0,Cloudy
2025-06-11,Malabe,31.0,86,0.0,Cloudy
2025-06-12,Nugegoda,29.5,77,0.0,Sunny
2025-06-12,Maharagama,29.0,81,0.0,Sunny
2025-06-12,Kandy,24.9,92,0.0,Cloudy
2025-06-12,Kirulapane,26.1,80,25.2,Rainy
2025-06-12,Wattala,28.0,95,0.0,Cloudy
2025-06-12,Colombo,29.2,83,1.9,Drizzle
2025-06-12,Pelawatte,26.4,79,0.0,Sunny
2025-06-12,Malabe,28.0,81,0.0,Sunny
2025-06-13,Nugegoda,30.4,73,3.1,Drizzle
2025-06-13,Maharagama,27.6,75,21.6,Rainy
2025-06-13,Kandy,26.7,83,0.0,Sunny
2025-06-13,Kirulapane,30.4,78,0.0,Sunny
2025-06-13,Wattala,26.4,83,0.4,Drizzle
2025-06-13,Colombo,28.3,83,6.2,Drizzle
2025-06-13,Pelawatte,30.8,77,1.1,Drizzle
2025-06-13,Malabe,29.6,78,22.3,Rainy
2025-06-14,Nugegoda,28.5,75,0.0,Sunny
2025-06-14,Maharagama,29.8,88,1.2,Drizzle
2025-06-14,Kandy,27.5,82,24.3,Rainy
2025-06-14,Kirulapane,28.9,77,0.0,Sunny
2025-06-14,Wattala,27.0,75,0.0,Sunny
2025-06-14,Colombo,29.9,73,0.0,Sunny
2025-06-14,Pelawatte,29.8,79,0.8,Drizzle
2025-06-14,Malabe,28.2,85,8.2,Drizzle
2025-06-15,Nugegoda,30.7,72,0.0,Sunny
2025-06-15,Maharagama,26.7,94,0.0,Cloudy
2025-06-15,Kandy,25.4,88,7.8,Drizzle
2025-06-15,Kirulapane,30.2,77,0.0,Sunny
2025-06-15,Wattala,29.1,84,0.0,Sunny
2025-06-15,Colombo,32.2,76,5.1,Drizzle
2025-06-15,Pelawatte,29.3,85,0.0,Sunny
2025-06-15,Malabe,28.3,87,1.4,Drizzle
2025-06-16,Nugegoda,26.8,80,0.0,Sunny
2025-06-16,Maharagama,27.0,83,0.0,Sunny
2025-06-16,Kandy,24.0,77,19.5,Rainy
2025-06-16,Kirulapane,26.3,82,0.0,Sunny
2025-06-16,Wattala,28.1,83,7.8,Drizzle
2025-06-16,Colombo,28.4,87,5.1,Drizzle
2025-06-16,Pelawatte,29.3,86,36.5,Storm
2025-06-16,Malabe,28.5,88,11.9,Rainy
2025-06-17,Nugegoda,29.2,76,0.0,Sunny
2025-06-17,Maharagama,28.0,80,0.0,Sunny
2025-06-17,Kandy,29.7,79,4.4,Drizzle
2025-06-17,Kirulapane,29.2,89,12.2,Rainy
2025-06-17,Wattala,30.3,79,11.7,Rainy
2025-06-17,Colombo,28.8,82,0.0,Sunny
2025-06-17,Pelawatte,28.6,80,0.0,Sunny
2025-06-17,Malabe,29.2,86,0.0,Cloudy
2025-06-18,Nugegoda,30.9,73,10.5,Rainy
2025-06-18,Maharagama,27.0,84,0.0,Sunny
2025-06-18,Kandy,27.6,75,3.3,Drizzle
2025-06-18,Kirulapane,30.8,79,0.0,Sunny
2025-06-18,Wattala,29.6,87,11.9,Rainy
2025-06-18,Colombo,29.0,84,2.1,Drizzle
2025-06-18,Pelawatte,27.9,81,1.4,Drizzle
2025-06-18,Malabe,29.4,74,0.0,Sunny
2025-06-19,Nugegoda,31.1,90,0.0,Cloudy
2025-06-19,Maharagama,28.1,80,0.0,Sunny
2025-06-19,Kandy,26.4,74,1.5,Drizzle
2025-06-19,Kirulapane,28.2,82,0.0,Sunny
2025-06-19,Wattala,28.9,82,3.6,Drizzle
2025-06-19,Colombo,32.2,77,0.0,Sunny
2025-06-19,Pelawatte,28.2,84,0.0,Sunny
2025-06-19,Malabe,27.5,82,14.4,Rainy
2025-06-20,Nugegoda,29.6,79,0.0,Sunny
2025-06-20,Maharagama,27.0,83,0.0,Sunny
2025-06-20,Kandy,24.0,85,0.0,Sunny
2025-06-20,Kirulapane,26.7,81,0.0,Sunny
2025-06-20,Wattala,28.8,85,0.0,Sunny
2025-06-20,Colombo,28.9,75,0.0,Sunny
2025-06-20,Pelawatte,27.1,76,6.8,Drizzle
2025-06-20,Malabe,28.2,83,0.0,Sunny
2025-06-21,Nugegoda,29.9,81,20.5,Rainy
2025-06-21,Maharagama,27.3,82,15.0,Rainy
2025-06-21,Kandy,26.5,94,0.0,Cloudy
2025-06-21,Kirulapane,29.2,84,0.0,Sunny
2025-06-21,Wattala,30.3,83,0.0,Sunny
2025-06-21,Colombo,31.6,82,0.0,Sunny
2025-06-21,Pelawatte,29.1,81,6.3,Drizzle
2025-06-21,Malabe,29.7,81,0.0,Sunny
2025-06-22,Nugegoda,28.2,83,0.0,Sunny
2025-06-22,Maharagama,25.9,84,7.2,Drizzle
2025-06-22,Kandy,25.5,83,4.2,Drizzle
2025-06-22,Kirulapane,27.1,85,0.0,Sunny
2025-06-22,Wattala,28.0,84,8.4,Drizzle
2025-06-22,Colombo,27.9,84,7.5,Drizzle
2025-06-22,Pelawatte,28.5,78,2.9,Drizzle
2025-06-22,Malabe,27.3,82,5.8,Drizzle
2025-06-23,Nugegoda,30.4,77,14.4,Rainy
2025-06-23,Maharagama,30.0,89,7.8,Drizzle
2025-06-23,Kandy,27.4,82,5.7,Drizzle
2025-06-23,Kirulapane,31.5,82,0.0,Sunny
2025-06-23,Wattala,30.8,84,37.8,Storm
2025-06-23,Colombo,26.4,79,0.0,Sunny
2025-06-23,Pelawatte,29.6,87,3.8,Drizzle
2025-06-23,Malabe,26.7,83,13.3,Rainy
2025-06-24,Nugegoda,29.9,84,4.0,Drizzle
2025-06-24,Maharagama,29.0,79,23.3,Rainy
2025-06-24,Kandy,25.4,75,3.6,Drizzle
2025-06-24,Kirulapane,29.6,79,0.0,Sunny
2025-06-24,Wattala,29.3,81,12.8,Rainy
2025-06-24,Colombo,30.6,85,0.0,Sunny
2025-06-24,Pelawatte,26.5,84,0.0,Sunny
2025-06-24,Malabe,26.8,84,27.6,Rainy
2025-06-25,Nugegoda,28.8,95,0.4,Drizzle
2025-06-25,Maharagama,26.3,91,5.3,Drizzle
2025-06-25,Kandy,26.8,73,1.6,Drizzle
2025-06-25,Kirulapane,27.7,87,3.1,Drizzle
2025-06-25,Wattala,31.3,83,15.6,Rainy
2025-06-25,Colombo,27.9,76,0.0,Sunny
2025-06-25,Pelawatte,30.4,87,0.0,Cloudy
2025-06-25,Malabe,28.1,87,0.0,Cloudy
2025-06-26,Nugegoda,28.0,80,6.5,Drizzle
2025-06-26,Maharagama,29.0,80,15.5,Rainy
2025-06-26,Kandy,25.9,72,0.0,Sunny
2025-06-26,Kirulapane,28.8,76,10.4,Rainy
2025-06-26,Wattala,27.9,85,0.0,Sunny
2025-06-26,Colombo,25.5,90,32.9,Storm
2025-06-26,Pelawatte,30.6,87,0.0,Cloudy
2025-06-26,Malabe,29.5,83,4.3,Drizzle
2025-06-27,Nugegoda,28.7,81,0.6,Drizzle
2025-06-27,Maharagama,27.5,84,30.9,Storm
2025-06-27,Kandy,25.3,86,0.0,Cloudy
2025-06-27,Kirulapane,28.0,80,0.0,Sunny
2025-06-27,Wattala,30.0,81,29.9,Rainy
2025-06-27,Colombo,29.7,87,23.3,Rainy
2025-06-27,Pelawatte,27.0,82,13.8,Rainy
2025-06-27,Malabe,27.7,77,1.3,Drizzle
2025-06-28,Nugegoda,28.2,75,33.7,Storm
2025-06-28,Maharagama,29.4,76,0.0,Sunny
2025-06-28,Kandy,24.7,84,3.1,Drizzle
2025-06-28,Kirulapane,31.3,76,0.0,Sunny
2025-06-28,Wattala,28.9,85,2.7,Drizzle
2025-06-28,Colombo,25.5,90,0.0,Cloudy
2025-06-28,Pelawatte,27.0,79,29.5,Rainy
2025-06-28,Malabe,31.0,79,54.7,Storm
2025-06-29,Nugegoda,28.0,95,14.4,Rainy
2025-06-29,Maharagama,28.9,75,4.5,Drizzle
2025-06-29,Kandy,26.6,76,10.3,Rainy
2025-06-29,Kirulapane,29.8,83,0.0,Sunny
2025-06-29,Wattala,28.1,88,0.0,Cloudy
2025-06-29,Colombo,28.3,85,11.0,Rainy
2025-06-29,Pelawatte,31.2,81,0.0,Sunny
2025-06-29,Malabe,27.9,86,0.0,Cloudy
2025-06-30,Nugegoda,27.6,93,5.7,Drizzle
2025-06-30,Maharagama,29.5,83,3.0,Drizzle
2025-06-30,Kandy,27.4,81,17.1,Rainy
2025-06-30,Kirulapane,29.0,81,0.1,Drizzle
2025-06-30,Wattala,28.3,73,26.8,Rainy
2025-06-30,Colombo,27.1,89,0.0,Cloudy
2025-06-30,Pelawatte,28.1,86,11.5,Rainy
2025-06-30,Malabe,28.8,73,0.3,Drizzle
2025-07-01,Nugegoda,28.0,76,0.0,Sunny
2025-07-01,Maharagama,28.4,83,0.0,Sunny
2025-07-01,Kandy,27.0,86,21.4,Rainy
2025-07-01,Kirulapane,30.7,86,5.7,Drizzle
2025-07-01,Wattala,30.9,83,2.3,Drizzle
2025-07-01,Colombo,31.4,79,9.1,Drizzle
2025-07-01,Pelawatte,27.3,87,0.0,Cloudy
2025-07-01,Malabe,27.9,76,0.0,Sunny
2025-07-02,Nugegoda,30.0,85,1.0,Drizzle
2025-07-02,Maharagama,29.3,91,1.7,Drizzle
2025-07-02,Kandy,25.5,83,2.3,Drizzle
2025-07-02,Kirulapane,27.9,90,20.7,Rainy
2025-07-02,Wattala,29.8,91,0.0,Cloudy
2025-07-02,Colombo,30.2,83,0.0,Sunny
2025-07-02,Pelawatte,28.1,78,0.8,Drizzle
2025-07-02,Malabe,28.0,76,0.0,Sunny
2025-07-03,Nugegoda,30.6,78,0.0,Sunny
2025-07-03,Maharagama,29.5,81,0.0,Sunny
2025-07-03,Kandy,26.3,81,1.9,Drizzle
2025-07-03,Kirulapane,26.2,86,5.9,Drizzle
2025-07-03,Wattala,29.3,86,17.1,Rainy
2025-07-03,Colombo,29.5,92,18.8,Rainy
2025-07-03,Pelawatte,28.9,89,2.1,Drizzle
2025-07-03,Malabe,27.7,80,3.1,Drizzle
2025-07-04,Nugegoda,29.1,77,1.6,Drizzle
2025-07-04,Maharagama,27.8,87,13.4,Rainy
2025-07-04,Kandy,25.8,80,26.1,Rainy
2025-07-04,Kirulapane,26.6,85,0.0,Sunny
2025-07-04,Wattala,30.0,86,0.0,Cloudy
2025-07-04,Colombo,27.9,86,10.5,Rainy
2025-07-04,Pelawatte,28.5,83,2.1,Drizzle
2025-07-04,Malabe,28.4,79,1.3,Drizzle
2025-07-05,Nugegoda,29.6,83,2.0,Drizzle
2025-07-05,Maharagama,30.3,89,0.0,Cloudy
2025-07-05,Kandy,24.9,77,15.7,Rainy
2025-07-05,Kirulapane,27.3,77,0.0,Sunny
2025-07-05,Wattala,29.3,83,7.7,Drizzle
2025-07-05,Colombo,28.8,83,13.5,Rainy
2025-07-05,Pelawatte,27.4,76,22.3,Rainy
2025-07-05,Malabe,28.0,86,1.0,Drizzle
2025-07-06,Nugegoda,30.9,78,1.3,Drizzle
2025-07-06,Maharagama,30.1,83,2.4,Drizzle
2025-07-06,Kandy,27.6,85,0.0,Sunny
2025-07-06,Kirulapane,29.1,80,0.0,Sunny
2025-07-06,Wattala,32.1,71,9.2,Drizzle
2025-07-06,Colombo,29.9,76,0.2,Drizzle
2025-07-06,Pelawatte,29.0,79,0.0,Sunny
2025-07-06,Malabe,29.6,73,0.0,Sunny
2025-07-07,Nugegoda,31.0,75,38.0,Storm
2025-07-07,Maharagama,31.2,81,3.4,Drizzle
2025-07-07,Kandy,27.1,88,12.2,Rainy
2025-07-07,Kirulapane,28.6,83,0.0,Sunny
2025-07-07,Wattala,29.3,79,22.3,Rainy
2025-07-07,Colombo,26.4,76,0.0,Sunny
2025-07-07,Pelawatte,28.7,79,0.0,Sunny
2025-07-07,Malabe,25.1,92,2.8,Drizzle
2025-07-08,Nugegoda,30.2,82,0.0,Sunny
2025-07-08,Maharagama,30.5,89,31.0,Storm
2025-07-08,Kandy,27.9,89,17.6,Rainy
2025-07-08,Kirulapane,29.9,74,0.0,Sunny
2025-07-08,Wattala,27.8,81,4.2,Drizzle
2025-07-08,Colombo,30.5,77,0.0,Sunny
2025-07-08,Pelawatte,29.8,84,2.0,Drizzle
2025-07-08,Malabe,28.2,77,0.0,Sunny
2025-07-09,Nugegoda,28.9,82,17.2,Rainy
2025-07-09,Maharagama,28.3,88,13.8,Rainy
2025-07-09,Kandy,25.7,77,41.0,Storm
2025-07-09,Kirulapane,28.4,76,0.0,Sunny
2025-07-09,Wattala,30.7,89,23.0,Rainy
2025-07-09,Colombo,26.0,85,0.0,Sunny
2025-07-09,Pelawatte,31.7,76,30.2,Storm
2025-07-09,Malabe,30.5,83,1.6,Drizzle
2025-07-10,Nugegoda,28.6,84,11.6,Rainy
2025-07-10,Maharagama,28.2,71,23.7,Rainy
2025-07-10,Kandy,24.7,85,0.0,Sunny
2025-07-10,Kirulapane,30.4,78,8.1,Drizzle
2025-07-10,Wattala,30.0,78,0.0,Sunny
2025-07-10,Colombo,27.9,75,0.0,Sunny
2025-07-10,Pelawatte,31.7,81,0.0,Sunny
2025-07-10,Malabe,30.8,79,0.0,Sunny
2025-07-11,Nugegoda,28.7,80,8.5,Drizzle
2025-07-11,Maharagama,30.6,78,1.5,Drizzle
2025-07-11,Kandy,26.7,88,0.0,Cloudy
2025-07-11,Kirulapane,27.4,79,0.0,Sunny
2025-07-11,Wattala,27.8,89,0.0,Cloudy
2025-07-11,Colombo,27.2,82,8.3,Drizzle
2025-07-11,Pelawatte,27.8,87,12.5,Rainy
2025-07-11,Malabe,28.5,80,0.0,Sunny
2025-07-12,Nugegoda,31.1,79,0.0,Sunny
2025-07-12,Maharagama,29.3,78,7.6,Drizzle
2025-07-12,Kandy,27.6,79,0.0,Sunny
2025-07-12,Kirulapane,28.6,85,7.4,Drizzle
2025-07-12,Wattala,29.2,78,4.5,Drizzle
2025-07-12,Colombo,31.5,82,8.2,Drizzle
2025-07-12,Pelawatte,29.1,78,0.3,Drizzle
2025-07-12,Malabe,28.5,71,0.0,Sunny
2025-07-13,Nugegoda,27.2,82,0.0,Sunny
2025-07-13,Maharagama,27.0,87,40.6,Storm
2025-07-13,Kandy,27.1,91,0.0,Cloudy
2025-07-13,Kirulapane,29.5,74,4.7,Drizzle
2025-07-13,Wattala,27.7,86,15.1,Rainy
2025-07-13,Colombo,32.0,77,0.0,Sunny
2025-07-13,Pelawatte,30.4,84,12.5,Rainy
2025-07-13,Malabe,28.1,77,0.0,Sunny
2025-07-14,Nugegoda,31.3,80,0.0,Sunny
2025-07-14,Maharagama,29.0,77,0.0,Sunny
2025-07-14,Kandy,27.5,77,0.0,Sunny
2025-07-14,Kirulapane,28.7,70,0.0,Sunny
2025-07-14,Wattala,30.1,75,5.0,Drizzle
2025-07-14,Colombo,27.8,80,10.8,Rainy
2025-07-14,Pelawatte,30.8,85,28.1,Rainy
2025-07-14,Malabe,27.9,85,3.2,Drizzle
2025-07-15,Nugegoda,30.1,86,3.7,Drizzle
2025-07-15,Maharagama,28.9,82,5.2,Drizzle
2025-07-15,Kandy,27.2,72,0.0,Sunny
2025-07-15,Kirulapane,32.4,73,6.4,Drizzle
2025-07-15,Wattala,30.2,76,18.8,Rainy
2025-07-15,Colombo,32.3,80,0.0,Sunny
2025-07-15,Pelawatte,28.8,78,0.1,Drizzle
2025-07-15,Malabe,29.2,92,1.6,Drizzle
2025-07-16,Nugegoda,30.4,82,0.0,Sunny
2025-07-16,Maharagama,29.9,84,6.3,Drizzle
2025-07-16,Kandy,26.8,81,5.5,Drizzle
2025-07-16,Kirulapane,27.8,89,2.7,Drizzle
2025-07-16,Wattala,28.9,88,10.1,Rainy
2025-07-16,Colombo,28.4,79,0.0,Sunny
2025-07-16,Pelawatte,31.3,82,15.8,Rainy
2025-07-16,Malabe,30.0,79,1.3,Drizzle
2025-07-17,Nugegoda,30.2,76,0.1,Drizzle
2025-07-17,Maharagama,29.3,77,2.4,Drizzle
2025-07-17,Kandy,26.0,79,4.8,Drizzle
2025-07-17,Kirulapane,29.8,84,11.4,Rainy
2025-07-17,Wattala,28.5,72,0.0,Sunny
2025-07-17,Colombo,28.7,79,20.7,Rainy
2025-07-17,Pelawatte,31.6,75,0.0,Sunny
2025-07-17,Malabe,28.6,82,23.7,Rainy
2025-07-18,Nugegoda,31.0,74,22.5,Rainy
2025-07-18,Maharagama,28.7,85,14.7,Rainy
2025-07-18,Kandy,26.6,77,0.9,Drizzle
2025-07-18,Kirulapane,27.6,87,7.5,Drizzle
2025-07-18,Wattala,29.6,76,4.9,Drizzle
2025-07-18,Colombo,31.3,76,2.4,Drizzle
2025-07-18,Pelawatte,29.7,85,0.0,Sunny
2025-07-18,Malabe,29.6,78,0.2,Drizzle
2025-07-19,Nugegoda,28.1,86,1.5,Drizzle
2025-07-19,Maharagama,27.9,85,0.0,Sunny
2025-07-19,Kandy,26.6,78,12.8,Rainy
2025-07-19,Kirulapane,28.4,87,6.2,Drizzle
2025-07-19,Wattala,27.0,90,0.5,Drizzle
2025-07-19,Colombo,30.2,88,6.6,Drizzle
2025-07-19,Pelawatte,27.4,76,0.0,Sunny
2025-07-19,Malabe,30.2,84,17.2,Rainy
2025-07-20,Nugegoda,27.8,86,1.3,Drizzle
2025-07-20,Maharagama,28.5,83,48.3,Storm
2025-07-20,Kandy,26.1,87,5.2,Drizzle
2025-07-20,Kirulapane,31.6,82,16.9,Rainy
2025-07-20,Wattala,28.4,82,4.5,Drizzle
2025-07-20,Colombo,26.9,82,0.0,Sunny
2025-07-20,Pelawatte,28.8,79,2.8,Drizzle
2025-07-20,Malabe,30.3,87,19.7,Rainy
2025-07-21,Nugegoda,31.0,90,0.0,Cloudy
2025-07-21,Maharagama,27.7,83,0.0,Sunny
2025-07-21,Kandy,30.9,85,10.5,Rainy
2025-07-21,Kirulapane,28.8,89,0.0,Cloudy
2025-07-21,Wattala,28.0,80,2.5,Drizzle
2025-07-21,Colombo,27.9,85,0.0,Sunny
2025-07-21,Pelawatte,25.1,80,0.0,Sunny
2025-07-21,Malabe,30.5,80,1.2,Drizzle
2025-07-22,Nugegoda,29.9,81,0.1,Drizzle
2025-07-22,Maharagama,26.8,78,9.1,Drizzle
2025-07-22,Kandy,27.0,80,0.0,Sunny
2025-07-22,Kirulapane,28.5,87,55.2,Storm
2025-07-22,Wattala,27.8,88,1.2,Drizzle
2025-07-22,Colombo,30.8,86,0.0,Cloudy
2025-07-22,Pelawatte,29.4,82,4.7,Drizzle
2025-07-22,Malabe,29.9,80,1.5,Drizzle
2025-07-23,Nugegoda,27.9,81,0.0,Sunny
2025-07-23,Maharagama,31.2,77,0.0,Sunny
2025-07-23,Kandy,27.3,87,10.2,Rainy
2025-07-23,Kirulapane,28.8,83,0.0,Sunny
2025-07-23,Wattala,30.1,82,8.6,Drizzle
2025-07-23,Colombo,27.8,74,0.0,Sunny
2025-07-23,Pelawatte,28.8,74,26.8,Rainy
2025-07-23,Malabe,28.1,77,0.0,Sunny
2025-07-24,Nugegoda,29.4,81,0.0,Sunny
2025-07-24,Maharagama,27.7,81,58.2,Storm
2025-07-24,Kandy,25.8,85,13.7,Rainy
2025-07-24,Kirulapane,29.5,81,9.6,Drizzle
2025-07-24,Wattala,29.0,79,15.2,Rainy
2025-07-24,Colombo,28.9,80,2.0,Drizzle
2025-07-24,Pelawatte,29.6,82,11.8,Rainy
2025-07-24,Malabe,27.7,89,0.0,Cloudy
2025-07-25,Nugegoda,31.4,83,0.0,Sunny
2025-07-25,Maharagama,28.9,82,0.0,Sunny
2025-07-25,Kandy,28.2,78,6.3,Drizzle
2025-07-25,Kirulapane,29.0,85,0.2,Drizzle
2025-07-25,Wattala,28.9,88,0.9,Drizzle
2025-07-25,Colombo,28.4,80,13.9,Rainy
2025-07-25,Pelawatte,27.9,80,0.0,Sunny
2025-07-25,Malabe,29.7,74,0.0,Sunny
2025-07-26,Nugegoda,28.3,77,0.0,Sunny
2025-07-26,Maharagama,30.6,86,7.6,Drizzle
2025-07-26,Kandy,29.3,84,0.0,Sunny
2025-07-26,Kirulapane,28.7,80,39.5,Storm
2025-07-26,Wattala,27.2,77,0.0,Sunny
2025-07-26,Colombo,28.2,80,2.8,Drizzle
2025-07-26,Pelawatte,27.2,85,12.5,Rainy
2025-07-26,Malabe,29.6,84,0.0,Sunny
2025-07-27,Nugegoda,28.5,83,0.0,Sunny
2025-07-27,Maharagama,31.3,84,12.4,Rainy
2025-07-27,Kandy,23.5,78,0.0,Sunny
2025-07-27,Kirulapane,26.7,75,0.0,Sunny
2025-07-27,Wattala,30.2,82,20.4,Rainy
2025-07-27,Colombo,28.5,80,0.0,Sunny
2025-07-27,Pelawatte,28.4,82,0.0,Sunny
2025-07-27,Malabe,26.2,80,0.0,Sunny
2025-07-28,Nugegoda,26.9,76,22.0,Rainy
2025-07-28,Maharagama,28.3,88,13.1,Rainy
2025-07-28,Kandy,28.0,72,56.8,Storm
2025-07-28,Kirulapane,29.4,82,16.5,Rainy
2025-07-28,Wattala,29.4,80,2.1,Drizzle
2025-07-28,Colombo,32.5,85,0.0,Sunny
2025-07-28,Pelawatte,29.5,80,0.0,Sunny
2025-07-28,Malabe,28.5,81,0.0,Sunny
2025-07-29,Nugegoda,31.4,75,0.0,Sunny
2025-07-29,Maharagama,30.0,76,0.6,Drizzle
2025-07-29,Kandy,26.0,85,2.2,Drizzle
2025-07-29,Kirulapane,30.5,80,0.9,Drizzle
2025-07-29,Wattala,27.8,81,1.8,Drizzle
2025-07-29,Colombo,29.0,87,2.1,Drizzle
2025-07-29,Pelawatte,29.1,80,3.4,Drizzle
2025-07-29,Malabe,26.3,83,0.0,Sunny
2025-07-30,Nugegoda,30.3,93,6.0,Drizzle
2025-07-30,Maharagama,29.7,76,1.0,Drizzle
2025-07-30,Kandy,25.1,83,3.1,Drizzle
2025-07-30,Kirulapane,27.0,86,9.1,Drizzle
2025-07-30,Wattala,28.6,80,0.0,Sunny
2025-07-30,Colombo,28.6,79,1.2,Drizzle
2025-07-30,Pelawatte,29.4,83,1.3,Drizzle
2025-07-30,Malabe,31.6,86,11.6,Rainy
2025-07-31,Nugegoda,27.1,82,22.1,Rainy
2025-07-31,Maharagama,26.8,78,27.0,Rainy
2025-07-31,Kandy,28.5,84,6.3,Drizzle
2025-07-31,Kirulapane,26.7,80,0.0,Sunny
2025-07-31,Wattala,29.2,84,37.0,Storm
2025-07-31,Colombo,30.0,80,1.4,Drizzle
2025-07-31,Pelawatte,28.9,70,12.7,Rainy
2025-07-31,Malabe,29.7,80,28.1,Rainy
2025-08-01,Nugegoda,28.6,82,0.0,Sunny
2025-08-01,Maharagama,31.4,81,1.6,Drizzle
2025-08-01,Kandy,26.6,92,0.0,Cloudy
2025-08-01,Kirulapane,31.7,78,0.0,Sunny
2025-08-01,Wattala,29.3,81,4.8,Drizzle
2025-08-01,Colombo,25.9,81,0.0,Sunny
2025-08-01,Pelawatte,30.4,77,26.5,Rainy
2025-08-01,Malabe,30.3,83,0.0,Sunny
2025-08-02,Nugegoda,31.1,86,0.0,Cloudy
2025-08-02,Maharagama,28.6,83,0.0,Sunny
2025-08-02,Kandy,24.1,81,36.9,Storm
2025-08-02,Kirulapane,29.7,78,0.0,Sunny
2025-08-02,Wattala,28.1,82,2.8,Drizzle
2025-08-02,Colombo,31.8,79,18.0,Rainy
2025-08-02,Pelawatte,30.2,84,0.0,Sunny
2025-08-02,Malabe,28.7,81,0.0,Sunny
2025-08-03,Nugegoda,29.7,89,0.0,Cloudy
2025-08-03,Maharagama,29.6,83,0.0,Sunny
2025-08-03,Kandy,25.2,87,0.0,Cloudy
2025-08-03,Kirulapane,29.3,83,1.1,Drizzle
2025-08-03,Wattala,28.5,86,0.0,Cloudy
2025-08-03,Colombo,30.6,91,0.0,Cloudy
2025-08-03,Pelawatte,28.5,81,0.0,Sunny
2025-08-03,Malabe,29.1,87,22.0,Rainy
2025-08-04,Nugegoda,29.0,91,0.0,Cloudy
2025-08-04,Maharagama,27.6,77,9.9,Drizzle
2025-08-04,Kandy,25.4,80,0.0,Sunny
2025-08-04,Kirulapane,29.5,85,18.5,Rainy
2025-08-04,Wattala,26.5,78,0.0,Sunny
2025-08-04,Colombo,29.3,78,2.3,Drizzle
2025-08-04,Pelawatte,28.0,84,3.1,Drizzle
2025-08-04,Malabe,27.9,81,0.0,Sunny
2025-08-05,Nugegoda,31.1,89,2.6,Drizzle
2025-08-05,Maharagama,29.6,85,4.3,Drizzle
2025-08-05,Kandy,27.2,77,15.9,Rainy
2025-08-05,Kirulapane,28.4,77,0.0,Sunny
2025-08-05,Wattala,27.4,76,0.0,Sunny
2025-08-05,Colombo,30.2,85,0.0,Sunny
2025-08-05,Pelawatte,26.4,84,2.6,Drizzle
2025-08-05,Malabe,27.7,83,17.4,Rainy
2025-08-06,Nugegoda,27.8,86,2.5,Drizzle
2025-08-06,Maharagama,28.2,87,0.0,Cloudy
2025-08-06,Kandy,26.0,78,2.4,Drizzle
2025-08-06,Kirulapane,27.7,81,4.6,Drizzle
2025-08-06,Wattala,29.4,83,0.0,Sunny
2025-08-06,Colombo,29.2,84,0.0,Sunny
2025-08-06,Pelawatte,26.8,92,20.6,Rainy
2025-08-06,Malabe,30.3,80,0.0,Sunny
2025-08-07,Nugegoda,27.3,86,42.2,Storm
2025-08-07,Maharagama,30.3,82,2.9,Drizzle
2025-08-07,Kandy,24.7,81,0.0,Sunny
2025-08-07,Kirulapane,27.1,87,37.1,Storm
2025-08-07,Wattala,29.6,83,31.4,Storm
2025-08-07,Colombo,27.8,86,0.0,Cloudy
2025-08-07,Pelawatte,30.8,75,0.0,Sunny
2025-08-07,Malabe,29.6,76,0.0,Sunny
2025-08-08,Nugegoda,29.4,86,0.0,Cloudy
2025-08-08,Maharagama,29.1,88,0.0,Cloudy
2025-08-08,Kandy,26.3,76,9.7,Drizzle
2025-08-08,Kirulapane,30.2,74,6.9,Drizzle
2025-08-08,Wattala,29.4,88,32.6,Storm
2025-08-08,Colombo,30.5,82,8.8,Drizzle
2025-08-08,Pelawatte,25.9,86,0.0,Cloudy
2025-08-08,Malabe,26.5,84,6.8,Drizzle
2025-08-09,Nugegoda,32.7,85,0.0,Sunny
2025-08-09,Maharagama,31.4,77,0.0,Sunny
2025-08-09,Kandy,25.3,85,0.0,Sunny
2025-08-09,Kirulapane,30.4,83,0.0,Sunny
2025-08-09,Wattala,29.4,82,6.9,Drizzle
2025-08-09,Colombo,29.5,83,28.6,Rainy
2025-08-09,Pelawatte,29.0,83,2.6,Drizzle
2025-08-09,Malabe,30.7,81,21.7,Rainy
2025-08-10,Nugegoda,28.5,81,8.6,Drizzle
2025-08-10,Maharagama,27.7,81,0.0,Sunny
2025-08-10,Kandy,27.4,75,1.3,Drizzle
2025-08-10,Kirulapane,29.6,85,5.9,Drizzle
2025-08-10,Wattala,27.3,84,0.0,Sunny
2025-08-10,Colombo,29.9,85,2.0,Drizzle
2025-08-10,Pelawatte,29.1,80,1.9,Drizzle
2025-08-10,Malabe,28.4,89,0.0,Cloudy
2025-08-11,Nugegoda,27.4,73,4.2,Drizzle
2025-08-11,Maharagama,29.2,83,0.0,Sunny
2025-08-11,Kandy,26.5,84,14.3,Rainy
2025-08-11,Kirulapane,29.6,85,0.0,Sunny
2025-08-11,Wattala,29.3,92,48.1,Storm
2025-08-11,Colombo,28.2,82,3.7,Drizzle
2025-08-11,Pelawatte,28.9,82,0.0,Sunny
2025-08-11,Malabe,30.5,83,0.0,Sunny
2025-08-12,Nugegoda,30.1,77,0.0,Sunny
2025-08-12,Maharagama,28.4,79,4.8,Drizzle
2025-08-12,Kandy,28.6,77,0.0,Sunny
2025-08-12,Kirulapane,28.6,77,0.0,Sunny
2025-08-12,Wattala,29.3,82,0.1,Drizzle
2025-08-12,Colombo,28.8,86,0.0,Cloudy
2025-08-12,Pelawatte,29.4,87,0.0,Cloudy
2025-08-12,Malabe,29.5,79,0.0,Sunny
2025-08-13,Nugegoda,26.3,90,0.0,Cloudy
2025-08-13,Maharagama,30.0,86,12.5,Rainy
2025-08-13,Kandy,24.1,79,0.0,Sunny
2025-08-13,Kirulapane,29.5,88,0.0,Cloudy
2025-08-13,Wattala,30.3,84,4.9,Drizzle
2025-08-13,Colombo,31.2,82,0.0,Sunny
2025-08-13,Pelawatte,27.1,76,13.0,Rainy
2025-08-13,Malabe,28.8,85,0.0,Sunny
2025-08-14,Nugegoda,29.5,85,5.9,Drizzle
2025-08-14,Maharagama,29.1,81,0.0,Sunny
2025-08-14,Kandy,26.3,78,0.0,Sunny
2025-08-14,Kirulapane,28.6,71,15.2,Rainy
2025-08-14,Wattala,28.4,80,0.0,Sunny
2025-08-14,Colombo,29.2,80,38.4,Storm
2025-08-14,Pelawatte,27.1,86,2.4,Drizzle
2025-08-14,Malabe,27.9,78,0.0,Sunny
2025-08-15,Nugegoda,29.4,86,0.0,Cloudy
2025-08-15,Maharagama,28.5,78,6.8,Drizzle
2025-08-15,Kandy,24.5,79,1.4,Drizzle
2025-08-15,Kirulapane,28.5,86,3.0,Drizzle
2025-08-15,Wattala,28.2,81,11.0,Rainy
2025-08-15,Colombo,29.9,74,11.4,Rainy
2025-08-15,Pelawatte,28.1,85,0.0,Sunny
2025-08-15,Malabe,26.8,85,17.0,Rainy
2025-08-16,Nugegoda,30.1,90,0.0,Cloudy
2025-08-16,Maharagama,29.6,93,0.0,Cloudy
2025-08-16,Kandy,26.4,87,3.7,Drizzle
2025-08-16,Kirulapane,28.7,78,0.0,Sunny
2025-08-16,Wattala,30.4,76,38.4,Storm
2025-08-16,Colombo,28.7,74,57.2,Storm
2025-08-16,Pelawatte,28.7,84,4.6,Drizzle
2025-08-16,Malabe,28.1,79,0.0,Sunny
2025-08-17,Nugegoda,30.8,78,0.0,Sunny
2025-08-17,Maharagama,27.7,87,10.8,Rainy
2025-08-17,Kandy,28.1,87,2.3,Drizzle
2025-08-17,Kirulapane,27.6,77,10.3,Rainy
2025-08-17,Wattala,29.1,77,1.1,Drizzle
2025-08-17,Colombo,30.9,76,6.4,Drizzle
2025-08-17,Pelawatte,30.2,74,16.2,Rainy
2025-08-17,Malabe,27.7,76,12.3,Rainy
2025-08-18,Nugegoda,30.0,83,0.0,Sunny
2025-08-18,Maharagama,30.7,75,0.4,Drizzle
2025-08-18,Kandy,24.0,78,0.0,Sunny
2025-08-18,Kirulapane,29.9,78,0.0,Sunny
2025-08-18,Wattala,28.2,81,15.2,Rainy
2025-08-18,Colombo,31.6,83,0.0,Sunny
2025-08-18,Pelawatte,28.3,76,8.1,Drizzle
2025-08-18,Malabe,28.5,84,15.7,Rainy
2025-08-19,Nugegoda,30.0,81,2.9,Drizzle
2025-08-19,Maharagama,29.2,81,15.1,Rainy
2025-08-19,Kandy,25.5,83,25.9,Rainy
2025-08-19,Kirulapane,30.7,88,10.5,Rainy
2025-08-19,Wattala,28.3,89,1.7,Drizzle
2025-08-19,Colombo,31.5,83,0.0,Sunny
2025-08-19,Pelawatte,30.1,76,3.8,Drizzle
2025-08-19,Malabe,28.3,77,0.0,Sunny
2025-08-20,Nugegoda,25.7,80,29.2,Rainy
2025-08-20,Maharagama,27.2,88,5.3,Drizzle
2025-08-20,Kandy,25.2,82,31.3,Storm
2025-08-20,Kirulapane,30.1,76,18.0,Rainy
2025-08-20,Wattala,28.4,83,0.0,Sunny
2025-08-20,Colombo,27.2,81,15.2,Rainy
2025-08-20,Pelawatte,27.9,80,7.4,Drizzle
2025-08-20,Malabe,30.5,72,35.6,Storm
2025-08-21,Nugegoda,26.6,75,0.0,Sunny
2025-08-21,Maharagama,28.0,76,29.6,Rainy
2025-08-21,Kandy,29.5,89,0.0,Cloudy
2025-08-21,Kirulapane,28.6,87,0.0,Cloudy
2025-08-21,Wattala,28.7,82,0.0,Sunny
2025-08-21,Colombo,30.4,78,0.7,Drizzle
2025-08-21,Pelawatte,25.8,84,0.0,Sunny
2025-08-21,Malabe,29.7,82,0.0,Sunny
2025-08-22,Nugegoda,30.4,76,0.0,Sunny
2025-08-22,Maharagama,28.7,78,7.0,Drizzle
2025-08-22,Kandy,24.3,81,0.0,Sunny
2025-08-22,Kirulapane,27.7,80,20.2,Rainy
2025-08-22,Wattala,30.0,78,7.7,Drizzle
2025-08-22,Colombo,32.3,80,0.5,Drizzle
2025-08-22,Pelawatte,28.7,79,6.5,Drizzle
2025-08-22,Malabe,31.7,78,0.0,Sunny
2025-08-23,Nugegoda,29.6,80,0.1,Drizzle
2025-08-23,Maharagama,28.5,79,6.9,Drizzle
2025-08-23,Kandy,24.6,82,0.9,Drizzle
2025-08-23,Kirulapane,28.7,85,0.0,Sunny
2025-08-23,Wattala,30.9,83,0.0,Sunny
2025-08-23,Colombo,26.3,84,1.4,Drizzle
2025-08-23,Pelawatte,27.2,86,22.3,Rainy
2025-08-23,Malabe,30.6,83,0.0,Sunny
2025-08-24,Nugegoda,27.9,86,8.4,Drizzle
2025-08-24,Maharagama,29.1,80,0.0,Sunny
2025-08-24,Kandy,27.2,86,11.9,Rainy
2025-08-24,Kirulapane,31.0,81,7.5,Drizzle
2025-08-24,Wattala,27.0,88,0.0,Cloudy
2025-08-24,Colombo,30.3,77,0.0,Sunny
2025-08-24,Pelawatte,27.6,87,0.0,Cloudy
2025-08-24,Malabe,29.7,84,14.1,Rainy
2025-08-25,Nugegoda,27.6,76,0.0,Sunny
2025-08-25,Maharagama,30.8,76,3.8,Drizzle
2025-08-25,Kandy,26.8,73,2.6,Drizzle
2025-08-25,Kirulapane,28.2,81,36.6,Storm
2025-08-25,Wattala,30.3,79,9.1,Drizzle
2025-08-25,Colombo,28.0,79,0.0,Sunny
2025-08-25,Pelawatte,28.6,77,6.0,Drizzle
2025-08-25,Malabe,28.8,88,0.8,Drizzle
2025-08-26,Nugegoda,28.7,85,13.3,Rainy
2025-08-26,Maharagama,28.4,82,0.0,Sunny
2025-08-26,Kandy,25.4,83,11.5,Rainy
2025-08-26,Kirulapane,31.6,79,2.5,Drizzle
2025-08-26,Wattala,29.6,86,0.1,Drizzle
2025-08-26,Colombo,28.5,85,0.0,Sunny
2025-08-26,Pelawatte,28.0,86,0.0,Cloudy
2025-08-26,Malabe,33.0,83,4.1,Drizzle
2025-08-27,Nugegoda,30.3,75,6.9,Drizzle
2025-08-27,Maharagama,28.4,86,2.5,Drizzle
2025-08-27,Kandy,24.2,78,0.0,Sunny
2025-08-27,Kirulapane,27.5,78,11.5,Rainy
2025-08-27,Wattala,29.0,77,0.0,Sunny
2025-08-27,Colombo,26.0,83,0.0,Sunny
2025-08-27,Pelawatte,28.7,78,3.3,Drizzle
2025-08-27,Malabe,25.9,75,12.0,Rainy
2025-08-28,Nugegoda,27.2,90,0.0,Cloudy
2025-08-28,Maharagama,29.7,82,2.5,Drizzle
2025-08-28,Kandy,25.8,80,6.4,Drizzle
2025-08-28,Kirulapane,30.3,79,8.2,Drizzle
2025-08-28,Wattala,28.7,81,16.7,Rainy
2025-08-28,Colombo,30.7,77,0.0,Sunny
2025-08-28,Pelawatte,29.2,74,8.8,Drizzle
2025-08-28,Malabe,30.1,80,0.0,Sunny
2025-08-29,Nugegoda,29.3,76,0.0,Sunny
2025-08-29,Maharagama,31.0,81,8.8,Drizzle
2025-08-29,Kandy,23.3,82,0.0,Sunny
2025-08-29,Kirulapane,27.7,85,4.6,Drizzle
2025-08-29,Wattala,28.1,87,6.2,Drizzle
2025-08-29,Colombo,27.4,79,0.0,Sunny
2025-08-29,Pelawatte,28.9,89,7.4,Drizzle
2025-08-29,Malabe,28.5,80,0.0,Sunny
2025-08-30,Nugegoda,29.0,80,6.3,Drizzle
2025-08-30,Maharagama,31.0,79,0.0,Sunny
2025-08-30,Kandy,26.6,74,0.0,Sunny
2025-08-30,Kirulapane,29.2,74,13.9,Rainy
2025-08-30,Wattala,27.4,78,20.8,Rainy
2025-08-30,Colombo,29.7,77,32.1,Storm
2025-08-30,Pelawatte,28.7,81,0.0,Sunny
2025-08-30,Malabe,27.6,77,7.9,Drizzle
2025-08-31,Nugegoda,28.9,79,9.5,Drizzle
2025-08-31,Maharagama,31.5,68,0.0,Sunny
2025-08-31,Kandy,25.4,85,9.6,Drizzle
2025-08-31,Kirulapane,29.8,77,3.0,Drizzle
2025-08-31,Wattala,27.8,87,31.2,Storm
2025-08-31,Colombo,30.8,81,11.9,Rainy
2025-08-31,Pelawatte,27.6,86,0.0,Cloudy
2025-08-31,Malabe,27.5,85,6.1,Drizzle
2025-09-01,Nugegoda,28.7,78,0.8,Drizzle
2025-09-01,Maharagama,29.1,80,0.0,Sunny
2025-09-01,Kandy,26.3,80,28.2,Rainy
2025-09-01,Kirulapane,32.7,88,0.0,Cloudy
2025-09-01,Wattala,30.6,83,25.0,Rainy
2025-09-01,Colombo,30.4,81,0.0,Sunny
2025-09-01,Pelawatte,28.6,71,0.0,Sunny
2025-09-01,Malabe,31.6,79,0.0,Sunny
2025-09-02,Nugegoda,29.6,84,0.0,Sunny
2025-09-02,Maharagama,29.4,84,22.2,Rainy
2025-09-02,Kandy,27.6,81,0.0,Sunny
2025-09-02,Kirulapane,28.8,81,0.0,Sunny
2025-09-02,Wattala,31.7,73,0.0,Sunny
2025-09-02,Colombo,29.2,77,0.0,Sunny
2025-09-02,Pelawatte,30.8,77,6.2,Drizzle
2025-09-02,Malabe,30.2,84,0.0,Sunny
2025-09-03,Nugegoda,31.2,84,0.0,Sunny
2025-09-03,Maharagama,29.2,74,7.2,Drizzle
2025-09-03,Kandy,24.7,77,0.0,Sunny
2025-09-03,Kirulapane,31.4,78,41.8,Storm
2025-09-03,Wattala,26.8,82,21.2,Rainy
2025-09-03,Colombo,29.0,71,19.2,Rainy
2025-09-03,Pelawatte,30.1,85,0.0,Sunny
2025-09-03,Malabe,29.6,74,0.0,Sunny
2025-09-04,Nugegoda,28.0,79,0.0,Sunny
2025-09-04,Maharagama,33.8,83,6.8,Drizzle
2025-09-04,Kandy,27.7,89,0.0,Cloudy
2025-09-04,Kirulapane,30.8,75,15.1,Rainy
2025-09-04,Wattala,30.3,81,2.4,Drizzle
2025-09-04,Colombo,29.3,84,16.2,Rainy
2025-09-04,Pelawatte,29.5,76,1.9,Drizzle
2025-09-04,Malabe,29.7,77,0.0,Sunny
2025-09-05,Nugegoda,30.6,77,0.0,Sunny
2025-09-05,Maharagama,30.8,82,4.4,Drizzle
2025-09-05,Kandy,24.2,75,0.6,Drizzle
2025-09-05,Kirulapane,29.1,89,0.0,Cloudy
2025-09-05,Wattala,28.6,75,40.1,Storm
2025-09-05,Colombo,30.8,92,0.0,Cloudy
2025-09-05,Pelawatte,29.4,81,0.0,Sunny
2025-09-05,Malabe,30.5,76,14.4,Rainy
2025-09-06,Nugegoda,32.1,74,0.0,Sunny
2025-09-06,Maharagama,30.6,75,0.0,Sunny
2025-09-06,Kandy,25.5,79,0.0,Sunny
2025-09-06,Kirulapane,29.7,84,1.4,Drizzle
2025-09-06,Wattala,30.0,76,5.1,Drizzle
2025-09-06,Colombo,31.5,81,0.0,Sunny
2025-09-06,Pelawatte,28.5,84,0.0,Sunny
2025-09-06,Malabe,29.3,78,0.0,Sunny
2025-09-07,Nugegoda,29.7,81,0.0,Sunny
2025-09-07,Maharagama,29.6,91,0.0,Cloudy
2025-09-07,Kandy,29.4,87,0.0,Cloudy
2025-09-07,Kirulapane,30.3,88,0.0,Cloudy
2025-09-07,Wattala,30.1,83,19.1,Rainy
2025-09-07,Colombo,30.5,79,17.2,Rainy
2025-09-07,Pelawatte,29.7,74,0.0,Sunny
2025-09-07,Malabe,29.2,92,1.4,Drizzle
2025-09-08,Nugegoda,32.0,75,0.0,Sunny
2025-09-08,Maharagama,29.0,81,12.0,Rainy
2025-09-08,Kandy,27.0,86,31.6,Storm
2025-09-08,Kirulapane,31.2,80,18.5,Rainy
2025-09-08,Wattala,31.0,80,0.0,Sunny
2025-09-08,Colombo,31.8,79,0.0,Sunny
2025-09-08,Pelawatte,29.8,82,6.9,Drizzle
2025-09-08,Malabe,29.8,75,0.0,Sunny
2025-09-09,Nugegoda,29.5,85,10.8,Rainy
2025-09-09,Maharagama,28.4,82,0.0,Sunny
2025-09-09,Kandy,27.3,68,12.5,Rainy
2025-09-09,Kirulapane,29.1,78,0.0,Sunny
2025-09-09,Wattala,28.1,79,31.3,Storm
2025-09-09,Colombo,30.8,83,22.6,Rainy
2025-09-09,Pelawatte,28.5,86,0.0,Cloudy
2025-09-09,Malabe,29.6,80,12.0,Rainy
2025-09-10,Nugegoda,28.4,83,5.2,Drizzle
2025-09-10,Maharagama,30.2,80,0.0,Sunny
2025-09-10,Kandy,28.0,84,0.0,Sunny
2025-09-10,Kirulapane,30.4,79,3.6,Drizzle
2025-09-10,Wattala,32.3,77,0.0,Sunny
2025-09-10,Colombo,30.8,81,0.0,Sunny
2025-09-10,Pelawatte,30.1,76,0.0,Sunny
2025-09-10,Malabe,32.5,83,9.5,Drizzle
2025-09-11,Nugegoda,27.3,83,0.0,Sunny
2025-09-11,Maharagama,29.3,73,0.0,Sunny
2025-09-11,Kandy,26.5,83,0.0,Sunny
2025-09-11,Kirulapane,32.4,72,12.5,Rainy
2025-09-11,Wattala,30.6,80,0.0,Sunny
2025-09-11,Colombo,30.5,78,0.4,Drizzle
2025-09-11,Pelawatte,28.4,87,13.3,Rainy
2025-09-11,Malabe,30.4,87,0.0,Cloudy
2025-09-12,Nugegoda,29.6,79,8.1,Drizzle
2025-09-12,Maharagama,30.4,83,8.2,Drizzle
2025-09-12,Kandy,28.0,85,10.4,Rainy
2025-09-12,Kirulapane,29.0,76,2.2,Drizzle
2025-09-12,Wattala,30.3,81,19.0,Rainy
2025-09-12,Colombo,28.7,86,0.0,Cloudy
2025-09-12,Pelawatte,33.5,81,6.9,Drizzle
2025-09-12,Malabe,30.4,82,0.0,Sunny
2025-09-13,Nugegoda,29.6,74,8.9,Drizzle
2025-09-13,Maharagama,27.3,73,0.0,Sunny
2025-09-13,Kandy,26.3,76,2.2,Drizzle
2025-09-13,Kirulapane,30.2,87,23.0,Rainy
2025-09-13,Wattala,30.0,83,0.0,Sunny
2025-09-13,Colombo,29.5,81,0.0,Sunny
2025-09-13,Pelawatte,30.1,80,1.3,Drizzle
2025-09-13,Malabe,28.8,82,11.5,Rainy
2025-09-14,Nugegoda,30.2,86,18.9,Rainy
2025-09-14,Maharagama,31.7,72,6.2,Drizzle
2025-09-14,Kandy,28.9,77,0.0,Sunny
2025-09-14,Kirulapane,27.7,75,0.0,Sunny
2025-09-14,Wattala,29.4,76,0.0,Sunny
2025-09-14,Colombo,29.7,86,0.0,Cloudy
2025-09-14,Pelawatte,30.0,83,0.0,Sunny
2025-09-14,Malabe,30.9,80,0.0,Sunny
2025-09-15,Nugegoda,29.5,90,0.0,Cloudy
2025-09-15,Maharagama,29.3,74,0.0,Sunny
2025-09-15,Kandy,25.8,76,4.7,Drizzle
2025-09-15,Kirulapane,30.1,85,7.4,Drizzle
2025-09-15,Wattala,30.3,82,12.7,Rainy
2025-09-15,Colombo,28.4,87,0.0,Cloudy
2025-09-15,Pelawatte,30.8,77,5.1,Drizzle
2025-09-15,Malabe,28.8,85,0.0,Sunny
2025-09-16,Nugegoda,28.1,81,0.0,Sunny
2025-09-16,Maharagama,30.7,72,12.7,Rainy
2025-09-16,Kandy,27.0,68,0.0,Sunny
2025-09-16,Kirulapane,28.7,82,6.2,Drizzle
2025-09-16,Wattala,30.2,74,17.0,Rainy
2025-09-16,Colombo,27.9,84,2.8,Drizzle
2025-09-16,Pelawatte,29.9,79,6.8,Drizzle
2025-09-16,Malabe,31.1,78,0.0,Sunny
2025-09-17,Nugegoda,31.7,88,11.1,Rainy
2025-09-17,Maharagama,30.2,80,5.2,Drizzle
2025-09-17,Kandy,27.5,75,0.0,Sunny
2025-09-17,Kirulapane,30.9,80,0.0,Sunny
2025-09-17,Wattala,26.9,83,0.0,Sunny
2025-09-17,Colombo,29.1,80,0.4,Drizzle
2025-09-17,Pelawatte,30.1,81,15.4,Rainy
2025-09-17,Malabe,27.6,74,0.0,Sunny
2025-09-18,Nugegoda,30.7,78,2.9,Drizzle
2025-09-18,Maharagama,31.8,75,0.0,Sunny
2025-09-18,Kandy,27.5,83,0.6,Drizzle
2025-09-18,Kirulapane,27.5,90,1.0,Drizzle
2025-09-18,Wattala,31.4,89,0.0,Cloudy
2025-09-18,Colombo,29.1,86,13.6,Rainy
2025-09-18,Pelawatte,28.9,84,37.8,Storm
2025-09-18,Malabe,31.9,77,16.8,Rainy
2025-09-19,Nugegoda,28.4,82,3.9,Drizzle
2025-09-19,Maharagama,30.2,74,3.6,Drizzle
2025-09-19,Kandy,24.3,83,0.0,Sunny
2025-09-19,Kirulapane,31.9,73,0.0,Sunny
2025-09-19,Wattala,30.1,89,0.0,Cloudy
2025-09-19,Colombo,30.4,82,0.0,Sunny
2025-09-19,Pelawatte,30.2,91,4.6,Drizzle
2025-09-19,Malabe,28.0,75,30.6,Storm
2025-09-20,Nugegoda,29.2,75,6.8,Drizzle
2025-09-20,Maharagama,30.0,73,0.0,Sunny
2025-09-20,Kandy,24.1,87,0.0,Cloudy
2025-09-20,Kirulapane,28.2,85,0.0,Sunny
2025-09-20,Wattala,30.2,89,0.0,Cloudy
2025-09-20,Colombo,31.3,78,12.7,Rainy
2025-09-20,Pelawatte,29.9,85,0.6,Drizzle
2025-09-20,Malabe,28.4,86,4.7,Drizzle
2025-09-21,Nugegoda,29.1,77,21.2,Rainy
2025-09-21,Maharagama,28.6,82,0.0,Sunny
2025-09-21,Kandy,28.3,83,0.0,Sunny
2025-09-21,Kirulapane,30.9,86,13.9,Rainy
2025-09-21,Wattala,29.7,85,0.0,Sunny
2025-09-21,Colombo,31.4,83,0.0,Sunny
2025-09-21,Pelawatte,31.7,79,22.7,Rainy
2025-09-21,Malabe,30.5,77,2.3,Drizzle
2025-09-22,Nugegoda,31.5,81,18.7,Rainy
2025-09-22,Maharagama,32.0,83,0.0,Sunny
2025-09-22,Kandy,26.1,79,18.0,Rainy
2025-09-22,Kirulapane,30.2,86,0.0,Cloudy
2025-09-22,Wattala,30.7,90,0.0,Cloudy
2025-09-22,Colombo,29.2,78,0.0,Sunny
2025-09-22,Pelawatte,29.8,84,0.0,Sunny
2025-09-22,Malabe,27.8,94,21.5,Rainy
2025-09-23,Nugegoda,27.0,92,0.2,Drizzle
2025-09-23,Maharagama,30.2,80,0.0,Sunny
2025-09-23,Kandy,29.7,80,0.0,Sunny
2025-09-23,Kirulapane,30.5,74,0.0,Sunny
2025-09-23,Wattala,34.1,87,1.1,Drizzle
2025-09-23,Colombo,30.8,69,0.0,Sunny
2025-09-23,Pelawatte,31.5,85,0.0,Sunny
2025-09-23,Malabe,32.6,78,9.7,Drizzle
2025-09-24,Nugegoda,29.9,87,10.2,Rainy
2025-09-24,Maharagama,32.5,79,0.0,Sunny
2025-09-24,Kandy,26.5,76,4.7,Drizzle
2025-09-24,Kirulapane,29.5,80,15.6,Rainy
2025-09-24,Wattala,28.8,86,8.2,Drizzle
2025-09-24,Colombo,26.8,79,0.0,Sunny
2025-09-24,Pelawatte,30.4,80,0.0,Sunny
2025-09-24,Malabe,32.4,78,8.3,Drizzle
2025-09-25,Nugegoda,31.1,77,9.0,Drizzle
2025-09-25,Maharagama,29.6,91,14.6,Rainy
2025-09-25,Kandy,27.4,84,21.2,Rainy
2025-09-25,Kirulapane,27.0,71,0.0,Sunny
2025-09-25,Wattala,31.2,77,0.0,Sunny
2025-09-25,Colombo,30.1,86,6.4,Drizzle
2025-09-25,Pelawatte,30.8,85,24.2,Rainy
2025-09-25,Malabe,31.2,83,1.1,Drizzle
2025-09-26,Nugegoda,29.1,83,0.0,Sunny
2025-09-26,Maharagama,28.4,83,1.8,Drizzle
2025-09-26,Kandy,26.9,76,0.0,Sunny
2025-09-26,Kirulapane,29.5,79,0.0,Sunny
2025-09-26,Wattala,31.2,74,11.0,Rainy
2025-09-26,Colombo,29.6,86,0.0,Cloudy
2025-09-26,Pelawatte,28.7,80,0.0,Sunny
2025-09-26,Malabe,30.6,83,39.5,Storm
2025-09-27,Nugegoda,30.8,88,0.0,Cloudy
2025-09-27,Maharagama,30.6,84,0.0,Sunny
2025-09-27,Kandy,26.0,91,10.9,Rainy
2025-09-27,Kirulapane,30.4,85,0.0,Sunny
2025-09-27,Wattala,29.4,84,0.0,Sunny
2025-09-27,Colombo,32.5,81,0.0,Sunny
2025-09-27,Pelawatte,28.8,78,9.5,Drizzle
2025-09-27,Malabe,31.3,79,5.1,Drizzle
2025-09-28,Nugegoda,30.6,82,0.0,Sunny
2025-09-28,Maharagama,31.0,79,0.2,Drizzle
2025-09-28,Kandy,26.0,74,2.6,Drizzle
2025-09-28,Kirulapane,31.7,92,0.0,Cloudy
2025-09-28,Wattala,29.2,73,4.1,Drizzle
2025-09-28,Colombo,29.0,76,0.0,Sunny
2025-09-28,Pelawatte,28.0,86,35.3,Storm
2025-09-28,Malabe,31.3,76,1.0,Drizzle
2025-09-29,Nugegoda,29.3,92,0.0,Cloudy
2025-09-29,Maharagama,29.6,75,17.4,Rainy
2025-09-29,Kandy,25.9,85,5.2,Drizzle
2025-09-29,Kirulapane,29.4,78,0.0,Sunny
2025-09-29,Wattala,32.2,82,0.0,Sunny
2025-09-29,Colombo,30.0,95,32.1,Storm
2025-09-29,Pelawatte,29.0,95,24.4,Rainy
2025-09-29,Malabe,30.3,79,0.0,Sunny
2025-09-30,Nugegoda,30.8,84,8.4,Drizzle
2025-09-30,Maharagama,31.7,85,7.9,Drizzle
2025-09-30,Kandy,26.8,86,26.7,Rainy
2025-09-30,Kirulapane,27.5,91,0.0,Cloudy
2025-09-30,Wattala,31.1,79,0.0,Sunny
2025-09-30,Colombo,29.5,68,4.0,Drizzle
2025-09-30,Pelawatte,26.5,81,0.0,Sunny
2025-09-30,Malabe,31.8,83,0.0,Sunny
2025-10-01,Nugegoda,30.6,80,1.1,Drizzle
2025-10-01,Maharagama,27.7,80,9.3,Drizzle
2025-10-01,Kandy,28.6,77,33.2,Storm
2025-10-01,Kirulapane,28.6,88,11.0,Rainy
2025-10-01,Wattala,29.5,84,0.0,Sunny
2025-10-01,Colombo,30.0,76,15.8,Rainy
2025-10-01,Pelawatte,29.1,92,0.0,Cloudy
2025-10-01,Malabe,32.1,89,2.7,Drizzle
2025-10-02,Nugegoda,28.4,75,0.0,Sunny
2025-10-02,Maharagama,28.9,86,0.0,Cloudy
2025-10-02,Kandy,26.3,89,0.0,Cloudy
2025-10-02,Kirulapane,27.2,77,14.3,Rainy
2025-10-02,Wattala,28.9,76,7.5,Drizzle
2025-10-02,Colombo,28.5,88,0.0,Cloudy
2025-10-02,Pelawatte,31.3,85,0.0,Sunny
2025-10-02,Malabe,30.1,76,0.0,Sunny
2025-10-03,Nugegoda,31.9,79,3.0,Drizzle
2025-10-03,Maharagama,30.9,87,3.0,Drizzle
2025-10-03,Kandy,30.5,84,2.7,Drizzle
2025-10-03,Kirulapane,30.2,76,0.0,Sunny
2025-10-03,Wattala,28.9,81,0.0,Sunny
2025-10-03,Colombo,31.4,89,12.4,Rainy
2025-10-03,Pelawatte,30.3,81,1.7,Drizzle
2025-10-03,Malabe,29.2,89,0.0,Cloudy
2025-10-04,Nugegoda,30.7,90,33.3,Storm
2025-10-04,Maharagama,30.9,76,30.6,Storm
2025-10-04,Kandy,26.2,81,12.4,Rainy
2025-10-04,Kirulapane,30.4,75,0.0,Sunny
2025-10-04,Wattala,31.1,82,8.0,Drizzle
2025-10-04,Colombo,30.1,79,4.7,Drizzle
2025-10-04,Pelawatte,29.8,89,0.0,Cloudy
2025-10-04,Malabe,29.6,85,54.5,Storm
2025-10-05,Nugegoda,30.6,77,0.4,Drizzle
2025-10-05,Maharagama,30.9,75,0.0,Sunny
2025-10-05,Kandy,26.5,79,10.3,Rainy
2025-10-05,Kirulapane,30.0,80,0.0,Sunny
2025-10-05,Wattala,29.0,81,11.3,Rainy
2025-10-05,Colombo,30.2,94,14.2,Rainy
2025-10-05,Pelawatte,31.0,76,0.0,Sunny
2025-10-05,Malabe,29.0,81,20.5,Rainy
2025-10-06,Nugegoda,30.7,82,34.2,Storm
2025-10-06,Maharagama,27.8,90,0.0,Cloudy
2025-10-06,Kandy,26.6,81,0.0,Sunny
2025-10-06,Kirulapane,30.1,84,0.0,Sunny
2025-10-06,Wattala,29.7,84,29.5,Rainy
2025-10-06,Colombo,30.1,87,0.0,Cloudy
2025-10-06,Pelawatte,31.5,88,2.1,Drizzle
2025-10-06,Malabe,30.7,90,3.6,Drizzle
2025-10-07,Nugegoda,29.4,88,8.0,Drizzle
2025-10-07,Maharagama,29.9,80,2.2,Drizzle
2025-10-07,Kandy,25.6,77,0.6,Drizzle
2025-10-07,Kirulapane,32.3,68,0.0,Sunny
2025-10-07,Wattala,31.6,81,0.5,Drizzle
2025-10-07,Colombo,31.5,83,0.0,Sunny
2025-10-07,Pelawatte,33.9,81,2.5,Drizzle
2025-10-07,Malabe,31.2,78,0.0,Sunny
2025-10-08,Nugegoda,31.6,78,16.5,Rainy
2025-10-08,Maharagama,29.8,71,13.1,Rainy
2025-10-08,Kandy,28.8,74,0.0,Sunny
2025-10-08,Kirulapane,28.5,76,33.0,Storm
2025-10-08,Wattala,30.4,88,0.0,Cloudy
2025-10-08,Colombo,30.2,79,0.0,Sunny
2025-10-08,Pelawatte,31.6,83,0.0,Sunny
2025-10-08,Malabe,31.8,92,0.0,Cloudy
2025-10-09,Nugegoda,31.1,92,0.0,Cloudy
2025-10-09,Maharagama,29.8,77,74.2,Storm
2025-10-09,Kandy,28.7,87,4.6,Drizzle
2025-10-09,Kirulapane,29.9,81,0.0,Sunny
2025-10-09,Wattala,32.2,82,0.0,Sunny
2025-10-09,Colombo,30.0,81,0.0,Sunny
2025-10-09,Pelawatte,28.9,89,2.4,Drizzle
2025-10-09,Malabe,31.6,75,8.2,Drizzle
2025-10-10,Nugegoda,28.8,85,0.0,Sunny
2025-10-10,Maharagama,29.3,77,10.7,Rainy
2025-10-10,Kandy,25.7,86,35.5,Storm
2025-10-10,Kirulapane,28.6,85,15.5,Rainy
2025-10-10,Wattala,31.6,86,0.0,Cloudy
2025-10-10,Colombo,28.6,88,18.8,Rainy
2025-10-10,Pelawatte,31.0,90,5.2,Drizzle
2025-10-10,Malabe,30.0,86,11.9,Rainy
2025-10-11,Nugegoda,32.1,79,5.0,Drizzle
2025-10-11,Maharagama,29.7,91,0.0,Cloudy
2025-10-11,Kandy,25.3,82,0.0,Sunny
2025-10-11,Kirulapane,30.4,81,18.1,Rainy
2025-10-11,Wattala,31.9,73,6.7,Drizzle
2025-10-11,Colombo,29.7,75,0.0,Sunny
2025-10-11,Pelawatte,32.4,74,0.0,Sunny
2025-10-11,Malabe,29.3,83,0.0,Sunny
2025-10-12,Nugegoda,30.7,79,4.1,Drizzle
2025-10-12,Maharagama,33.1,87,0.0,Cloudy
2025-10-12,Kandy,26.1,80,0.1,Drizzle
2025-10-12,Kirulapane,30.1,73,0.0,Sunny
2025-10-12,Wattala,31.4,78,7.9,Drizzle
2025-10-12,Colombo,29.4,76,3.8,Drizzle
2025-10-12,Pelawatte,30.4,81,0.0,Sunny
2025-10-12,Malabe,28.6,87,0.0,Cloudy
2025-10-13,Nugegoda,26.7,80,0.0,Sunny
2025-10-13,Maharagama,30.6,78,11.3,Rainy
2025-10-13,Kandy,27.3,88,0.0,Cloudy
2025-10-13,Kirulapane,29.7,77,0.0,Sunny
2025-10-13,Wattala,31.8,81,0.0,Sunny
2025-10-13,Colombo,29.8,91,11.4,Rainy
2025-10-13,Pelawatte,29.0,80,35.3,Storm
2025-10-13,Malabe,29.3,86,38.2,Storm
2025-10-14,Nugegoda,29.2,72,16.9,Rainy
2025-10-14,Maharagama,28.4,76,6.3,Drizzle
2025-10-14,Kandy,25.4,81,0.0,Sunny
2025-10-14,Kirulapane,29.7,85,1.3,Drizzle
2025-10-14,Wattala,28.8,87,2.4,Drizzle
2025-10-14,Colombo,30.4,86,0.0,Cloudy
2025-10-14,Pelawatte,29.4,80,11.2,Rainy
2025-10-14,Malabe,30.8,86,2.4,Drizzle
2025-10-15,Nugegoda,30.6,73,0.0,Sunny
2025-10-15,Maharagama,30.3,78,16.0,Rainy
2025-10-15,Kandy,26.2,78,3.6,Drizzle
2025-10-15,Kirulapane,29.8,85,0.0,Sunny
2025-10-15,Wattala,28.8,89,1.3,Drizzle
2025-10-15,Colombo,32.0,88,0.0,Cloudy
2025-10-15,Pelawatte,30.1,80,0.0,Sunny
2025-10-15,Malabe,32.9,83,0.0,Sunny
2025-10-16,Nugegoda,30.8,83,20.2,Rainy
2025-10-16,Maharagama,31.2,78,6.4,Drizzle
2025-10-16,Kandy,25.9,79,28.8,Rainy
2025-10-16,Kirulapane,31.6,80,2.1,Drizzle
2025-10-16,Wattala,29.4,83,0.2,Drizzle
2025-10-16,Colombo,31.6,81,20.5,Rainy
2025-10-16,Pelawatte,33.5,78,11.9,Rainy
2025-10-16,Malabe,29.5,79,4.3,Drizzle
2025-10-17,Nugegoda,27.8,78,0.0,Sunny
2025-10-17,Maharagama,28.1,74,8.0,Drizzle
2025-10-17,Kandy,27.7,79,0.0,Sunny
2025-10-17,Kirulapane,29.2,80,15.4,Rainy
2025-10-17,Wattala,30.7,89,14.5,Rainy
2025-10-17,Colombo,31.1,76,0.0,Sunny
2025-10-17,Pelawatte,28.9,78,13.2,Rainy
2025-10-17,Malabe,30.7,89,0.8,Drizzle
2025-10-18,Nugegoda,28.9,74,0.0,Sunny
2025-10-18,Maharagama,31.4,87,0.0,Cloudy
2025-10-18,Kandy,25.6,82,6.4,Drizzle
2025-10-18,Kirulapane,30.6,86,0.0,Cloudy
2025-10-18,Wattala,30.7,86,7.2,Drizzle
2025-10-18,Colombo,28.6,84,0.0,Sunny
2025-10-18,Pelawatte,31.0,82,0.8,Drizzle
2025-10-18,Malabe,30.9,81,0.0,Sunny
2025-10-19,Nugegoda,29.5,83,5.8,Drizzle
2025-10-19,Maharagama,29.5,79,8.4,Drizzle
2025-10-19,Kandy,25.4,78,6.0,Drizzle
2025-10-19,Kirulapane,29.0,83,0.0,Sunny
2025-10-19,Wattala,28.8,74,20.7,Rainy
2025-10-19,Colombo,32.2,87,0.0,Cloudy
2025-10-19,Pelawatte,29.9,86,48.6,Storm
2025-10-19,Malabe,30.0,84,0.0,Sunny
2025-10-20,Nugegoda,28.3,89,0.0,Cloudy
2025-10-20,Maharagama,29.2,82,23.0,Rainy
2025-10-20,Kandy,26.2,88,10.6,Rainy
2025-10-20,Kirulapane,34.5,81,8.2,Drizzle
2025-10-20,Wattala,30.7,86,6.4,Drizzle
2025-10-20,Colombo,29.7,78,24.5,Rainy
2025-10-20,Pelawatte,30.2,82,0.0,Sunny
2025-10-20,Malabe,30.5,84,20.3,Rainy
2025-10-21,Nugegoda,29.1,82,0.0,Sunny
2025-10-21,Maharagama,31.1,69,0.0,Sunny
2025-10-21,Kandy,24.6,85,11.0,Rainy
2025-10-21,Kirulapane,32.2,79,20.8,Rainy
2025-10-21,Wattala,31.6,82,0.0,Sunny
2025-10-21,Colombo,29.1,82,0.0,Sunny
2025-10-21,Pelawatte,30.7,76,0.0,Sunny
2025-10-21,Malabe,27.8,81,0.0,Sunny
2025-10-22,Nugegoda,28.5,87,14.4,Rainy
2025-10-22,Maharagama,29.2,82,0.0,Sunny
2025-10-22,Kandy,28.2,82,0.0,Sunny
2025-10-22,Kirulapane,32.5,82,0.0,Sunny
2025-10-22,Wattala,30.0,86,0.0,Cloudy
2025-10-22,Colombo,29.3,83,6.5,Drizzle
2025-10-22,Pelawatte,32.2,86,0.0,Cloudy
2025-10-22,Malabe,31.0,83,0.0,Sunny
2025-10-23,Nugegoda,31.4,93,0.5,Drizzle
2025-10-23,Maharagama,28.4,88,32.9,Storm
2025-10-23,Kandy,26.1,77,0.0,Sunny
2025-10-23,Kirulapane,26.3,79,4.5,Drizzle
2025-10-23,Wattala,30.4,80,7.1,Drizzle
2025-10-23,Colombo,32.1,93,10.3,Rainy
2025-10-23,Pelawatte,31.4,89,0.0,Cloudy
2025-10-23,Malabe,27.6,83,0.0,Sunny
2025-10-24,Nugegoda,29.2,81,15.9,Rainy
2025-10-24,Maharagama,30.6,80,4.0,Drizzle
2025-10-24,Kandy,27.0,82,0.0,Sunny
2025-10-24,Kirulapane,28.9,80,6.9,Drizzle
2025-10-24,Wattala,32.1,75,2.6,Drizzle
2025-10-24,Colombo,30.1,86,11.7,Rainy
2025-10-24,Pelawatte,30.1,79,5.5,Drizzle
2025-10-24,Malabe,31.9,85,12.4,Rainy
2025-10-25,Nugegoda,30.8,77,0.1,Drizzle
2025-10-25,Maharagama,30.3,72,4.9,Drizzle
2025-10-25,Kandy,27.3,91,0.0,Cloudy
2025-10-25,Kirulapane,32.0,77,21.7,Rainy
2025-10-25,Wattala,31.3,77,0.0,Sunny
2025-10-25,Colombo,28.9,84,0.6,Drizzle
2025-10-25,Pelawatte,26.7,81,0.0,Sunny
2025-10-25,Malabe,30.8,69,20.9,Rainy
2025-10-26,Nugegoda,31.3,82,2.9,Drizzle
2025-10-26,Maharagama,32.6,87,15.5,Rainy
2025-10-26,Kandy,27.0,83,0.0,Sunny
2025-10-26,Kirulapane,29.6,83,0.5,Drizzle
2025-10-26,Wattala,27.6,80,0.0,Sunny
2025-10-26,Colombo,28.5,86,4.3,Drizzle
2025-10-26,Pelawatte,30.6,74,3.1,Drizzle
2025-10-26,Malabe,31.4,87,6.6,Drizzle
2025-10-27,Nugegoda,31.8,82,11.0,Rainy
2025-10-27,Maharagama,31.5,81,2.6,Drizzle
2025-10-27,Kandy,28.4,72,4.1,Drizzle
2025-10-27,Kirulapane,30.0,82,0.6,Drizzle
2025-10-27,Wattala,30.2,75,9.6,Drizzle
2025-10-27,Colombo,30.1,83,13.2,Rainy
2025-10-27,Pelawatte,29.6,81,11.1,Rainy
2025-10-27,Malabe,30.4,87,7.0,Drizzle
2025-10-28,Nugegoda,28.5,94,0.0,Cloudy
2025-10-28,Maharagama,30.3,90,0.0,Cloudy
2025-10-28,Kandy,24.7,83,6.7,Drizzle
2025-10-28,Kirulapane,28.0,84,16.6,Rainy
2025-10-28,Wattala,31.7,82,22.5,Rainy
2025-10-28,Colombo,27.9,81,16.0,Rainy
2025-10-28,Pelawatte,32.7,74,0.0,Sunny
2025-10-28,Malabe,27.9,89,4.9,Drizzle
2025-10-29,Nugegoda,29.9,83,0.0,Sunny
2025-10-29,Maharagama,28.8,83,0.0,Sunny
2025-10-29,Kandy,28.6,78,0.0,Sunny
2025-10-29,Kirulapane,28.4,75,0.0,Sunny
2025-10-29,Wattala,32.9,84,2.1,Drizzle
2025-10-29,Colombo,29.0,87,0.0,Cloudy
2025-10-29,Pelawatte,29.5,78,12.6,Rainy
2025-10-29,Malabe,30.9,80,13.0,Rainy
2025-10-30,Nugegoda,29.6,86,0.0,Cloudy
2025-10-30,Maharagama,27.2,86,7.1,Drizzle
2025-10-30,Kandy,28.7,87,0.0,Cloudy
2025-10-30,Kirulapane,29.9,89,9.8,Drizzle
2025-10-30,Wattala,29.0,73,14.9,Rainy
2025-10-30,Colombo,29.2,88,14.1,Rainy
2025-10-30,Pelawatte,31.1,79,0.0,Sunny
2025-10-30,Malabe,29.8,89,0.0,Cloudy
2025-10-31,Nugegoda,27.1,76,4.9,Drizzle
2025-10-31,Maharagama,31.0,78,1.1,Drizzle
2025-10-31,Kandy,27.2,81,0.0,Sunny
2025-10-31,Kirulapane,28.8,82,2.1,Drizzle
2025-10-31,Wattala,30.1,89,27.7,Rainy
2025-10-31,Colombo,31.4,80,13.2,Rainy
2025-10-31,Pelawatte,30.4,86,21.5,Rainy
2025-10-31,Malabe,29.0,84,0.0,Sunny
2025-11-01,Nugegoda,28.2,72,22.0,Rainy
2025-11-01,Maharagama,29.9,70,0.0,Sunny
2025-11-01,Kandy,27.5,64,9.6,Drizzle
2025-11-01,Kirulapane,30.0,67,0.0,Sunny
2025-11-01,Wattala,27.5,70,0.0,Sunny
2025-11-01,Colombo,31.0,68,0.0,Sunny
2025-11-01,Pelawatte,28.2,79,0.0,Sunny
2025-11-01,Malabe,27.4,68,0.0,Sunny
2025-11-02,Nugegoda,30.1,77,7.0,Drizzle
2025-11-02,Maharagama,30.3,72,0.0,Sunny
2025-11-02,Kandy,26.2,71,0.0,Sunny
2025-11-02,Kirulapane,26.3,71,3.9,Drizzle
2025-11-02,Wattala,27.5,80,0.0,Sunny
2025-11-02,Colombo,27.6,81,0.1,Drizzle
2025-11-02,Pelawatte,26.7,74,0.0,Sunny
2025-11-02,Malabe,29.6,73,0.0,Sunny
2025-11-03,Nugegoda,28.2,77,0.0,Sunny
2025-11-03,Maharagama,30.1,74,0.0,Sunny
2025-11-03,Kandy,27.8,73,4.4,Drizzle
2025-11-03,Kirulapane,29.3,72,0.0,Sunny
2025-11-03,Wattala,27.7,76,8.5,Drizzle
2025-11-03,Colombo,31.3,72,6.5,Drizzle
2025-11-03,Pelawatte,31.4,84,17.3,Rainy
2025-11-03,Malabe,31.5,77,0.0,Sunny
2025-11-04,Nugegoda,28.0,69,2.1,Drizzle
2025-11-04,Maharagama,29.6,76,8.4,Drizzle
2025-11-04,Kandy,26.9,73,9.5,Drizzle
2025-11-04,Kirulapane,29.2,72,0.0,Sunny
2025-11-04,Wattala,28.8,72,9.8,Drizzle
2025-11-04,Colombo,31.2,67,0.0,Sunny
2025-11-04,Pelawatte,30.7,72,13.8,Rainy
2025-11-04,Malabe,29.9,73,15.5,Rainy
2025-11-05,Nugegoda,30.3,73,0.0,Sunny
2025-11-05,Maharagama,30.8,71,4.4,Drizzle
2025-11-05,Kandy,26.4,80,0.6,Drizzle
2025-11-05,Kirulapane,28.9,76,0.0,Sunny
2025-11-05,Wattala,28.8,73,2.1,Drizzle
2025-11-05,Colombo,29.4,78,0.0,Sunny
2025-11-05,Pelawatte,29.8,67,16.8,Rainy
2025-11-05,Malabe,29.9,72,0.0,Sunny
2025-11-06,Nugegoda,32.4,77,0.0,Sunny
2025-11-06,Maharagama,31.8,74,8.1,Drizzle
2025-11-06,Kandy,25.7,76,22.4,Rainy
2025-11-06,Kirulapane,29.0,77,0.0,Sunny
2025-11-06,Wattala,32.3,68,0.0,Sunny
2025-11-06,Colombo,29.9,70,0.0,Sunny
2025-11-06,Pelawatte,30.7,65,14.4,Rainy
2025-11-06,Malabe,29.4,73,0.0,Sunny
2025-11-07,Nugegoda,27.6,73,0.0,Sunny
2025-11-07,Maharagama,31.2,69,12.3,Rainy
2025-11-07,Kandy,29.7,70,6.8,Drizzle
2025-11-07,Kirulapane,30.9,70,0.0,Sunny
2025-11-07,Wattala,30.3,73,0.0,Sunny
2025-11-07,Colombo,33.1,72,1.6,Drizzle
2025-11-07,Pelawatte,30.4,78,0.0,Sunny
2025-11-07,Malabe,30.2,84,21.5,Rainy
2025-11-08,Nugegoda,30.0,59,1.5,Drizzle
2025-11-08,Maharagama,29.9,73,0.0,Sunny
2025-11-08,Kandy,28.4,69,2.9,Drizzle
2025-11-08,Kirulapane,28.7,77,0.0,Sunny
2025-11-08,Wattala,29.3,79,0.0,Sunny
2025-11-08,Colombo,29.4,69,0.8,Drizzle
2025-11-08,Pelawatte,30.3,72,1.5,Drizzle
2025-11-08,Malabe,28.2,73,0.0,Sunny
2025-11-09,Nugegoda,29.9,71,7.1,Drizzle
2025-11-09,Maharagama,29.8,75,11.6,Rainy
2025-11-09,Kandy,26.7,68,2.0,Drizzle
2025-11-09,Kirulapane,26.0,72,31.2,Storm
2025-11-09,Wattala,30.2,77,1.6,Drizzle
2025-11-09,Colombo,32.1,75,0.0,Sunny
2025-11-09,Pelawatte,29.2,73,2.2,Drizzle
2025-11-09,Malabe,29.6,72,28.6,Rainy
2025-11-10,Nugegoda,32.4,74,0.0,Sunny
2025-11-10,Maharagama,29.7,74,4.2,Drizzle
2025-11-10,Kandy,28.1,88,0.0,Cloudy
2025-11-10,Kirulapane,30.0,81,0.0,Sunny
2025-11-10,Wattala,30.5,72,0.0,Sunny
2025-11-10,Colombo,26.7,72,0.0,Sunny
2025-11-10,Pelawatte,29.7,75,0.0,Sunny
2025-11-10,Malabe,29.9,74,0.0,Sunny
2025-11-11,Nugegoda,31.8,76,1.7,Drizzle
2025-11-11,Maharagama,31.1,74,7.9,Drizzle
2025-11-11,Kandy,27.1,71,0.0,Sunny
2025-11-11,Kirulapane,28.2,68,0.0,Sunny
2025-11-11,Wattala,27.6,74,10.3,Rainy
2025-11-11,Colombo,28.3,82,10.3,Rainy
2025-11-11,Pelawatte,30.4,71,0.0,Sunny
2025-11-11,Malabe,29.1,74,7.7,Drizzle
2025-11-12,Nugegoda,24.8,66,0.0,Sunny
2025-11-12,Maharagama,30.0,73,4.1,Drizzle
2025-11-12,Kandy,29.8,67,0.0,Sunny
2025-11-12,Kirulapane,30.0,65,7.2,Drizzle
2025-11-12,Wattala,31.5,74,11.7,Rainy
2025-11-12,Colombo,30.1,70,0.0,Sunny
2025-11-12,Pelawatte,30.6,73,4.9,Drizzle
2025-11-12,Malabe,29.7,73,1.0,Drizzle
2025-11-13,Nugegoda,31.6,78,1.2,Drizzle
2025-11-13,Maharagama,28.3,75,3.8,Drizzle
2025-11-13,Kandy,28.7,66,0.0,Sunny
2025-11-13,Kirulapane,30.4,69,8.1,Drizzle
2025-11-13,Wattala,28.6,71,17.4,Rainy
2025-11-13,Colombo,30.1,73,1.2,Drizzle
2025-11-13,Pelawatte,32.1,79,0.0,Sunny
2025-11-13,Malabe,29.6,73,0.0,Sunny
2025-11-14,Nugegoda,31.8,73,0.0,Sunny
2025-11-14,Maharagama,30.1,73,0.0,Sunny
2025-11-14,Kandy,28.6,80,0.0,Sunny
2025-11-14,Kirulapane,32.0,75,0.0,Sunny
2025-11-14,Wattala,33.0,70,0.3,Drizzle
2025-11-14,Colombo,31.5,72,8.2,Drizzle
2025-11-14,Pelawatte,28.6,79,0.0,Sunny
2025-11-14,Malabe,29.5,75,1.9,Drizzle
2025-11-15,Nugegoda,31.7,70,7.8,Drizzle
2025-11-15,Maharagama,28.9,71,0.9,Drizzle
2025-11-15,Kandy,26.8,79,0.0,Sunny
2025-11-15,Kirulapane,32.7,80,0.0,Sunny
2025-11-15,Wattala,31.6,79,0.7,Drizzle
2025-11-15,Colombo,30.9,72,7.1,Drizzle
2025-11-15,Pelawatte,31.3,71,0.0,Sunny
2025-11-15,Malabe,27.6,70,16.4,Rainy
2025-11-16,Nugegoda,29.5,82,0.0,Sunny
2025-11-16,Maharagama,30.3,75,17.8,Rainy
2025-11-16,Kandy,28.2,81,0.0,Sunny
2025-11-16,Kirulapane,29.7,73,12.9,Rainy
2025-11-16,Wattala,29.7,69,0.0,Sunny
2025-11-16,Colombo,27.1,71,14.2,Rainy
2025-11-16,Pelawatte,30.3,74,0.0,Sunny
2025-11-16,Malabe,27.5,74,18.3,Rainy
2025-11-17,Nugegoda,30.6,68,12.9,Rainy
2025-11-17,Maharagama,28.9,74,0.0,Sunny
2025-11-17,Kandy,26.0,76,0.0,Sunny
2025-11-17,Kirulapane,29.5,73,4.3,Drizzle
2025-11-17,Wattala,31.1,75,22.3,Rainy
2025-11-17,Colombo,30.4,77,9.2,Drizzle
2025-11-17,Pelawatte,30.4,76,0.0,Sunny
2025-11-17,Malabe,29.6,71,0.0,Sunny
2025-11-18,Nugegoda,30.6,69,2.8,Drizzle
2025-11-18,Maharagama,29.4,71,0.0,Sunny
2025-11-18,Kandy,28.3,74,0.0,Sunny
2025-11-18,Kirulapane,28.6,76,0.0,Sunny
2025-11-18,Wattala,28.2,77,8.9,Drizzle
2025-11-18,Colombo,30.7,67,8.8,Drizzle
2025-11-18,Pelawatte,30.9,75,0.0,Sunny
2025-11-18,Malabe,30.3,74,0.0,Sunny
2025-11-19,Nugegoda,29.4,73,0.0,Sunny
2025-11-19,Maharagama,31.5,72,5.7,Drizzle
2025-11-19,Kandy,25.1,80,0.0,Sunny
2025-11-19,Kirulapane,29.1,78,0.0,Sunny
2025-11-19,Wattala,30.1,71,0.0,Sunny
2025-11-19,Colombo,31.6,84,0.0,Sunny
2025-11-19,Pelawatte,29.7,73,0.0,Sunny
2025-11-19,Malabe,29.3,78,14.5,Rainy
2025-11-20,Nugegoda,29.1,71,11.7,Rainy
2025-11-20,Maharagama,29.3,73,0.0,Sunny
2025-11-20,Kandy,27.0,75,0.0,Sunny
2025-11-20,Kirulapane,32.2,67,0.0,Sunny
2025-11-20,Wattala,30.6,78,4.8,Drizzle
2025-11-20,Colombo,31.7,80,2.0,Drizzle
2025-11-20,Pelawatte,27.8,74,0.0,Sunny
2025-11-20,Malabe,31.5,71,3.8,Drizzle
2025-11-21,Nugegoda,28.9,77,11.5,Rainy
2025-11-21,Maharagama,29.9,67,0.0,Sunny
2025-11-21,Kandy,29.0,74,11.3,Rainy
2025-11-21,Kirulapane,30.0,70,15.3,Rainy
2025-11-21,Wattala,29.2,74,0.0,Sunny
2025-11-21,Colombo,28.1,75,9.2,Drizzle
2025-11-21,Pelawatte,28.2,76,6.4,Drizzle
2025-11-21,Malabe,29.3,79,0.0,Sunny
2025-11-22,Nugegoda,29.4,74,0.0,Sunny
2025-11-22,Maharagama,33.0,68,15.6,Rainy
2025-11-22,Kandy,28.3,72,0.0,Sunny
2025-11-22,Kirulapane,32.9,75,0.0,Sunny
2025-11-22,Wattala,30.1,70,8.4,Drizzle
2025-11-22,Colombo,32.0,78,0.0,Sunny
2025-11-22,Pelawatte,29.9,78,5.8,Drizzle
2025-11-22,Malabe,30.9,76,8.4,Drizzle
2025-11-23,Nugegoda,29.5,69,0.2,Drizzle
2025-11-23,Maharagama,30.9,65,13.1,Rainy
2025-11-23,Kandy,26.2,74,0.0,Sunny
2025-11-23,Kirulapane,32.5,77,0.0,Sunny
2025-11-23,Wattala,32.5,72,0.0,Sunny
2025-11-23,Colombo,29.9,79,0.0,Sunny
2025-11-23,Pelawatte,30.2,75,4.7,Drizzle
2025-11-23,Malabe,31.8,75,0.0,Sunny
2025-11-24,Nugegoda,30.7,74,25.5,Rainy
2025-11-24,Maharagama,33.3,72,0.0,Sunny
2025-11-24,Kandy,28.9,72,0.9,Drizzle
2025-11-24,Kirulapane,26.5,61,9.2,Drizzle
2025-11-24,Wattala,29.6,77,0.0,Sunny
2025-11-24,Colombo,29.3,81,14.3,Rainy
2025-11-24,Pelawatte,32.1,71,0.0,Sunny
2025-11-24,Malabe,29.7,76,0.0,Sunny
2025-11-25,Nugegoda,28.9,78,6.1,Drizzle
2025-11-25,Maharagama,28.3,69,0.0,Sunny
2025-11-25,Kandy,25.8,70,12.6,Rainy
2025-11-25,Kirulapane,26.4,75,14.9,Rainy
2025-11-25,Wattala,28.8,66,0.0,Sunny
2025-11-25,Colombo,30.5,63,0.0,Sunny
2025-11-25,Pelawatte,29.3,71,0.0,Sunny
2025-11-25,Malabe,29.4,71,0.0,Sunny
2025-11-26,Nugegoda,32.2,76,13.7,Rainy
2025-11-26,Maharagama,31.9,79,0.0,Sunny
2025-11-26,Kandy,27.9,75,0.0,Sunny
2025-11-26,Kirulapane,29.3,72,0.0,Sunny
2025-11-26,Wattala,31.3,73,0.0,Sunny
2025-11-26,Colombo,27.3,63,7.6,Drizzle
2025-11-26,Pelawatte,29.0,80,8.0,Drizzle
2025-11-26,Malabe,30.4,66,6.3,Drizzle
2025-11-27,Nugegoda,29.3,73,14.9,Rainy
2025-11-27,Maharagama,30.0,73,0.0,Sunny
2025-11-27,Kandy,28.9,67,3.7,Drizzle
2025-11-27,Kirulapane,30.3,77,8.3,Drizzle
2025-11-27,Wattala,29.4,73,0.0,Sunny
2025-11-27,Colombo,30.4,83,4.3,Drizzle
2025-11-27,Pelawatte,32.5,75,0.0,Sunny
2025-11-27,Malabe,31.1,75,7.5,Drizzle
2025-11-28,Nugegoda,30.0,73,0.0,Sunny
2025-11-28,Maharagama,29.8,70,8.4,Drizzle
2025-11-28,Kandy,27.9,75,0.0,Sunny
2025-11-28,Kirulapane,30.4,69,7.3,Drizzle
2025-11-28,Wattala,28.6,71,1.8,Drizzle
2025-11-28,Colombo,30.7,71,1.3,Drizzle
2025-11-28,Pelawatte,28.7,70,0.0,Sunny
2025-11-28,Malabe,27.8,69,0.0,Sunny
2025-11-29,Nugegoda,32.4,72,5.9,Drizzle
2025-11-29,Maharagama,32.9,81,8.4,Drizzle
2025-11-29,Kandy,27.2,71,10.1,Rainy
2025-11-29,Kirulapane,31.7,80,0.0,Sunny
2025-11-29,Wattala,29.3,79,0.0,Sunny
2025-11-29,Colombo,29.9,70,22.2,Rainy
2025-11-29,Pelawatte,27.3,79,0.0,Sunny
2025-11-29,Malabe,32.7,80,4.6,Drizzle
2025-11-30,Nugegoda,30.3,74,0.0,Sunny
2025-11-30,Maharagama,28.8,76,0.0,Sunny
2025-11-30,Kandy,26.7,78,0.0,Sunny
2025-11-30,Kirulapane,31.7,73,0.3,Drizzle
2025-11-30,Wattala,32.6,71,15.9,Rainy
2025-11-30,Colombo,28.3,75,17.4,Rainy
2025-11-30,Pelawatte,28.6,74,5.0,Drizzle
2025-11-30,Malabe,29.3,83,16.4,Rainy
2025-12-01,Nugegoda,31.2,65,0.0,Sunny
2025-12-01,Maharagama,26.2,74,2.0,Drizzle
2025-12-01,Kandy,25.1,68,0.0,Sunny
2025-12-01,Kirulapane,25.6,66,2.5,Drizzle
2025-12-01,Wattala,32.3,75,0.0,Sunny
2025-12-01,Colombo,30.9,69,23.9,Rainy
2025-12-01,Pelawatte,27.6,84,0.0,Sunny
2025-12-01,Malabe,30.8,76,0.0,Sunny
2025-12-02,Nugegoda,30.1,70,0.0,Sunny
2025-12-02,Maharagama,28.5,83,0.0,Sunny
2025-12-02,Kandy,25.3,75,3.9,Drizzle
2025-12-02,Kirulapane,27.1,73,4.1,Drizzle
2025-12-02,Wattala,29.3,76,17.4,Rainy
2025-12-02,Colombo,26.3,74,0.0,Sunny
2025-12-02,Pelawatte,28.2,79,0.0,Sunny
2025-12-02,Malabe,28.2,86,0.0,Cloudy
2025-12-03,Nugegoda,29.4,87,6.2,Drizzle
2025-12-03,Maharagama,27.8,78,6.4,Drizzle
2025-12-03,Kandy,23.9,77,0.0,Sunny
2025-12-03,Kirulapane,28.0,80,41.4,Storm
2025-12-03,Wattala,28.7,68,0.0,Sunny
2025-12-03,Colombo,29.6,73,0.0,Sunny
2025-12-03,Pelawatte,27.6,79,21.8,Rainy
2025-12-03,Malabe,27.9,73,8.1,Drizzle
2025-12-04,Nugegoda,27.0,71,0.0,Sunny
2025-12-04,Maharagama,29.3,74,0.0,Sunny
2025-12-04,Kandy,23.2,78,9.3,Drizzle
2025-12-04,Kirulapane,27.1,79,6.4,Drizzle
2025-12-04,Wattala,29.6,78,0.0,Sunny
2025-12-04,Colombo,28.8,74,7.5,Drizzle
2025-12-04,Pelawatte,29.6,76,0.0,Sunny
2025-12-04,Malabe,27.9,66,0.0,Sunny
2025-12-05,Nugegoda,27.3,70,8.2,Drizzle
2025-12-05,Maharagama,27.5,59,2.5,Drizzle
2025-12-05,Kandy,23.7,74,3.1,Drizzle
2025-12-05,Kirulapane,29.5,75,0.0,Sunny
2025-12-05,Wattala,28.8,71,18.2,Rainy
2025-12-05,Colombo,23.4,85,38.1,Storm
2025-12-05,Pelawatte,30.2,76,8.3,Drizzle
2025-12-05,Malabe,27.4,69,0.0,Sunny
2025-12-06,Nugegoda,25.1,68,0.2,Drizzle
2025-12-06,Maharagama,31.3,72,1.6,Drizzle
2025-12-06,Kandy,21.2,74,8.6,Drizzle
2025-12-06,Kirulapane,28.2,57,2.8,Drizzle
2025-12-06,Wattala,25.7,71,6.4,Drizzle
2025-12-06,Colombo,26.0,72,0.7,Drizzle
2025-12-06,Pelawatte,28.4,68,15.0,Rainy
2025-12-06,Malabe,28.9,70,0.0,Sunny
2025-12-07,Nugegoda,29.9,67,0.0,Sunny
2025-12-07,Maharagama,29.4,75,4.1,Drizzle
2025-12-07,Kandy,25.9,66,0.5,Drizzle
2025-12-07,Kirulapane,29.7,72,6.1,Drizzle
2025-12-07,Wattala,26.0,71,0.0,Sunny
2025-12-07,Colombo,29.5,71,33.6,Storm
2025-12-07,Pelawatte,27.3,74,0.0,Sunny
2025-12-07,Malabe,28.7,85,0.0,Sunny
2025-12-08,Nugegoda,30.0,78,0.0,Sunny
2025-12-08,Maharagama,30.0,80,0.0,Sunny
2025-12-08,Kandy,25.9,78,0.0,Sunny
2025-12-08,Kirulapane,29.4,72,0.0,Sunny
2025-12-08,Wattala,29.0,74,19.8,Rainy
2025-12-08,Colombo,27.0,76,0.0,Sunny
2025-12-08,Pelawatte,31.4,63,0.8,Drizzle
2025-12-08,Malabe,28.7,67,0.0,Sunny
2025-12-09,Nugegoda,28.2,62,0.0,Sunny
2025-12-09,Maharagama,28.5,77,0.7,Drizzle
2025-12-09,Kandy,25.1,65,0.0,Sunny
2025-12-09,Kirulapane,31.2,77,0.0,Sunny
2025-12-09,Wattala,28.7,79,20.3,Rainy
2025-12-09,Colombo,31.3,71,5.1,Drizzle
2025-12-09,Pelawatte,27.8,70,0.6,Drizzle
2025-12-09,Malabe,31.5,70,0.0,Sunny
2025-12-10,Nugegoda,23.9,70,0.0,Sunny
2025-12-10,Maharagama,28.7,67,3.6,Drizzle
2025-12-10,Kandy,26.5,65,0.0,Sunny
2025-12-10,Kirulapane,26.6,79,0.0,Sunny
2025-12-10,Wattala,26.1,81,2.7,Drizzle
2025-12-10,Colombo,27.8,71,8.5,Drizzle
2025-12-10,Pelawatte,28.1,78,1.0,Drizzle
2025-12-10,Malabe,28.5,73,2.1,Drizzle
2025-12-11,Nugegoda,26.8,70,0.0,Sunny
2025-12-11,Maharagama,29.6,75,0.0,Sunny
2025-12-11,Kandy,26.3,70,0.0,Sunny
2025-12-11,Kirulapane,27.3,74,0.0,Sunny
2025-12-11,Wattala,27.1,73,0.0,Sunny
2025-12-11,Colombo,30.3,70,3.2,Drizzle
2025-12-11,Pelawatte,30.8,73,1.8,Drizzle
2025-12-11,Malabe,29.2,76,36.0,Storm
2025-12-12,Nugegoda,25.4,69,0.0,Sunny
2025-12-12,Maharagama,30.3,69,0.0,Sunny
2025-12-12,Kandy,23.5,78,0.0,Sunny
2025-12-12,Kirulapane,27.0,73,0.0,Sunny
2025-12-12,Wattala,27.7,71,5.1,Drizzle
2025-12-12,Colombo,28.7,75,14.5,Rainy
2025-12-12,Pelawatte,28.5,75,0.0,Sunny
2025-12-12,Malabe,28.8,76,0.0,Sunny
2025-12-13,Nugegoda,30.3,77,17.7,Rainy
2025-12-13,Maharagama,29.1,81,5.1,Drizzle
2025-12-13,Kandy,26.3,77,0.0,Sunny
2025-12-13,Kirulapane,31.9,73,0.0,Sunny
2025-12-13,Wattala,27.3,69,0.0,Sunny
2025-12-13,Colombo,29.3,64,0.0,Sunny
2025-12-13,Pelawatte,27.6,72,23.7,Rainy
2025-12-13,Malabe,27.2,76,13.7,Rainy
2025-12-14,Nugegoda,29.3,76,2.6,Drizzle
2025-12-14,Maharagama,31.3,71,0.0,Sunny
2025-12-14,Kandy,23.0,80,0.0,Sunny
2025-12-14,Kirulapane,27.8,81,3.0,Drizzle
2025-12-14,Wattala,27.9,82,9.5,Drizzle
2025-12-14,Colombo,29.0,74,0.0,Sunny
2025-12-14,Pelawatte,27.1,76,0.0,Sunny
2025-12-14,Malabe,26.9,70,0.0,Sunny
2025-12-15,Nugegoda,27.6,70,0.0,Sunny
2025-12-15,Maharagama,25.7,78,5.8,Drizzle
2025-12-15,Kandy,26.6,67,7.7,Drizzle
2025-12-15,Kirulapane,26.4,73,0.0,Sunny
2025-12-15,Wattala,28.0,78,6.6,Drizzle
2025-12-15,Colombo,28.7,76,0.0,Sunny
2025-12-15,Pelawatte,29.7,68,0.0,Sunny
2025-12-15,Malabe,28.0,73,3.8,Drizzle
2025-12-16,Nugegoda,28.8,73,20.7,Rainy
2025-12-16,Maharagama,27.4,75,3.3,Drizzle
2025-12-16,Kandy,22.5,77,0.0,Sunny
2025-12-16,Kirulapane,27.0,80,8.6,Drizzle
2025-12-16,Wattala,28.6,69,3.8,Drizzle
2025-12-16,Colombo,30.2,74,28.8,Rainy
2025-12-16,Pelawatte,29.7,77,0.0,Sunny
2025-12-16,Malabe,28.9,70,0.0,Sunny
2025-12-17,Nugegoda,29.7,68,8.6,Drizzle
2025-12-17,Maharagama,30.1,70,22.4,Rainy
2025-12-17,Kandy,28.4,76,2.5,Drizzle
2025-12-17,Kirulapane,29.8,77,4.9,Drizzle
2025-12-17,Wattala,28.8,75,3.2,Drizzle
2025-12-17,Colombo,28.6,71,14.7,Rainy
2025-12-17,Pelawatte,28.8,74,0.0,Sunny
2025-12-17,Malabe,31.4,67,0.0,Sunny
2025-12-18,Nugegoda,30.4,68,0.0,Sunny
2025-12-18,Maharagama,31.3,77,7.4,Drizzle
2025-12-18,Kandy,26.7,69,0.0,Sunny
2025-12-18,Kirulapane,29.6,75,0.1,Drizzle
2025-12-18,Wattala,27.6,75,22.2,Rainy
2025-12-18,Colombo,27.4,75,0.0,Sunny
2025-12-18,Pelawatte,25.8,73,0.0,Sunny
2025-12-18,Malabe,29.6,81,0.0,Sunny
2025-12-19,Nugegoda,27.9,76,16.9,Rainy
2025-12-19,Maharagama,26.9,64,28.7,Rainy
2025-12-19,Kandy,24.3,79,8.4,Drizzle
2025-12-19,Kirulapane,27.0,74,17.5,Rainy
2025-12-19,Wattala,29.3,77,6.6,Drizzle
2025-12-19,Colombo,29.1,72,3.5,Drizzle
2025-12-19,Pelawatte,29.0,78,0.0,Sunny
2025-12-19,Malabe,28.1,66,7.9,Drizzle
2025-12-20,Nugegoda,29.9,77,6.5,Drizzle
2025-12-20,Maharagama,30.1,76,10.2,Rainy
2025-12-20,Kandy,26.9,81,0.0,Sunny
2025-12-20,Kirulapane,28.2,79,6.6,Drizzle
2025-12-20,Wattala,28.4,74,0.0,Sunny
2025-12-20,Colombo,26.3,73,0.0,Sunny
2025-12-20,Pelawatte,27.5,75,0.0,Sunny
2025-12-20,Malabe,30.5,72,15.6,Rainy
2025-12-21,Nugegoda,27.4,79,0.0,Sunny
2025-12-21,Maharagama,27.5,76,7.2,Drizzle
2025-12-21,Kandy,26.6,76,0.9,Drizzle
2025-12-21,Kirulapane,29.2,64,9.7,Drizzle
2025-12-21,Wattala,27.1,78,0.0,Sunny
2025-12-21,Colombo,29.4,75,0.0,Sunny
2025-12-21,Pelawatte,28.8,74,0.0,Sunny
2025-12-21,Malabe,28.0,74,23.3,Rainy
2025-12-22,Nugegoda,25.8,80,0.0,Sunny
2025-12-22,Maharagama,29.0,73,1.3,Drizzle
2025-12-22,Kandy,23.5,74,12.2,Rainy
2025-12-22,Kirulapane,26.4,75,16.1,Rainy
2025-12-22,Wattala,29.1,79,10.0,Drizzle
2025-12-22,Colombo,29.9,76,0.0,Sunny
2025-12-22,Pelawatte,27.0,68,0.0,Sunny
2025-12-22,Malabe,29.5,79,0.0,Sunny
2025-12-23,Nugegoda,30.1,73,0.0,Sunny
2025-12-23,Maharagama,27.0,78,0.0,Sunny
2025-12-23,Kandy,25.4,64,14.8,Rainy
2025-12-23,Kirulapane,26.5,74,0.0,Sunny
2025-12-23,Wattala,28.6,77,0.0,Sunny
2025-12-23,Colombo,29.8,76,4.7,Drizzle
2025-12-23,Pelawatte,29.6,70,6.3,Drizzle
2025-12-23,Malabe,28.3,76,0.0,Sunny
2025-12-24,Nugegoda,26.3,79,0.0,Sunny
2025-12-24,Maharagama,30.4,70,0.0,Sunny
2025-12-24,Kandy,24.3,72,0.0,Sunny
2025-12-24,Kirulapane,30.5,75,4.8,Drizzle
2025-12-24,Wattala,25.9,74,10.7,Rainy
2025-12-24,Colombo,27.6,73,0.0,Sunny
2025-12-24,Pelawatte,28.2,68,0.0,Sunny
2025-12-24,Malabe,28.4,65,0.0,Sunny
2025-12-25,Nugegoda,26.7,80,5.6,Drizzle
2025-12-25,Maharagama,27.7,71,0.0,Sunny
2025-12-25,Kandy,25.2,72,0.0,Sunny
2025-12-25,Kirulapane,29.6,84,0.0,Sunny
2025-12-25,Wattala,29.1,72,0.0,Sunny
2025-12-25,Colombo,30.6,81,15.3,Rainy
2025-12-25,Pelawatte,30.8,70,0.0,Sunny
2025-12-25,Malabe,29.5,79,0.0,Sunny
2025-12-26,Nugegoda,29.0,73,2.0,Drizzle
2025-12-26,Maharagama,25.2,71,0.7,Drizzle
2025-12-26,Kandy,24.6,69,5.0,Drizzle
2025-12-26,Kirulapane,28.6,79,8.4,Drizzle
2025-12-26,Wattala,30.1,72,0.0,Sunny
2025-12-26,Colombo,28.4,69,14.0,Rainy
2025-12-26,Pelawatte,29.2,75,0.0,Sunny
2025-12-26,Malabe,28.5,70,0.0,Sunny
2025-12-27,Nugegoda,29.5,75,0.0,Sunny
2025-12-27,Maharagama,29.6,85,40.9,Storm
2025-12-27,Kandy,26.6,74,0.0,Sunny
2025-12-27,Kirulapane,30.1,73,14.5,Rainy
2025-12-27,Wattala,26.8,75,0.9,Drizzle
2025-12-27,Colombo,28.4,76,0.0,Sunny
2025-12-27,Pelawatte,27.7,87,0.0,Cloudy
2025-12-27,Malabe,30.4,66,0.2,Drizzle
2025-12-28,Nugegoda,28.3,76,0.0,Sunny
2025-12-28,Maharagama,27.3,68,4.9,Drizzle
2025-12-28,Kandy,27.2,63,0.0,Sunny
2025-12-28,Kirulapane,28.6,69,0.0,Sunny
2025-12-28,Wattala,26.5,80,2.2,Drizzle
2025-12-28,Colombo,29.2,71,0.0,Sunny
2025-12-28,Pelawatte,25.8,69,0.0,Sunny
2025-12-28,Malabe,28.7,74,2.3,Drizzle
2025-12-29,Nugegoda,30.3,67,2.8,Drizzle
2025-12-29,Maharagama,31.7,76,0.0,Sunny
2025-12-29,Kandy,22.8,68,0.0,Sunny
2025-12-29,Kirulapane,29.8,79,0.0,Sunny
2025-12-29,Wattala,27.3,82,0.0,Sunny
2025-12-29,Colombo,29.9,75,0.0,Sunny
2025-12-29,Pelawatte,29.6,79,0.0,Sunny
2025-12-29,Malabe,27.5,73,4.7,Drizzle
2025-12-30,Nugegoda,27.6,82,0.0,Sunny
2025-12-30,Maharagama,27.6,73,0.0,Sunny
2025-12-30,Kandy,26.4,76,0.2,Drizzle
2025-12-30,Kirulapane,29.0,70,12.7,Rainy
2025-12-30,Wattala,31.3,63,0.0,Sunny
2025-12-30,Colombo,28.2,76,2.0,Drizzle
2025-12-30,Pelawatte,26.4,74,9.3,Drizzle
2025-12-30,Malabe,26.7,74,0.6,Drizzle
2025-12-31,Nugegoda,29.9,71,0.0,Sunny
2025-12-31,Maharagama,27.9,70,0.0,Sunny
2025-12-31,Kandy,25.7,74,0.0,Sunny
2025-12-31,Kirulapane,28.2,72,2.7,Drizzle
2025-12-31,Wattala,29.5,79,0.0,Sunny
2025-12-31,Colombo,28.7,74,0.0,Sunny
2025-12-31,Pelawatte,27.5,71,0.0,Sunny
2025-12-31,Malabe,26.4,64,16.2,Rainy
